#ifndef __WAVDATA_H
#define __WAVDATA_H
// Data intended for PWM hardware option.

const unsigned short wav[] PROGMEM=
{ 0x4D20,0x0002,
0x0,0x6,0xB,0x10,0x15,
0x1A,0x1F,0x24,0x29,0x2E,0x33,
0x38,0x3D,0x42,0x47,0x4C,0x51,
0x56,0x5C,0x61,0x66,0x6B,0x70,
0x75,0x7A,0x7F,0x84,0x89,0x8E,
0x93,0x98,0x9D,0xA2,0xA7,0xAC,
0xB2,0xB7,0xBC,0xC1,0xC6,0xCB,
0xD0,0xD5,0xDA,0xDF,0xE4,0xE9,
0xEE,0xF3,0xF8,0xFD,0x102,0x108,
0x10D,0x112,0x117,0x11C,0x121,0x126,
0x12B,0x130,0x135,0x13A,0x13F,0x144,
0x149,0x14E,0x153,0x158,0x15E,0x163,
0x168,0x16D,0x172,0x177,0x17C,0x181,
0x186,0x18B,0x190,0x195,0x19A,0x19F,
0x1A4,0x1A9,0x1AE,0x1B3,0x1B9,0x1BE,
0x1C3,0x1C8,0x1CD,0x1D2,0x1D7,0x1DC,
0x1E1,0x1E6,0x1EB,0x1F0,0x1F5,0x1FA,
0x1FF,0x204,0x209,0x20F,0x214,0x219,
0x21E,0x223,0x228,0x22D,0x232,0x237,
0x23C,0x241,0x246,0x24B,0x250,0x255,
0x25A,0x25F,0x265,0x26A,0x26F,0x274,
0x279,0x27E,0x283,0x288,0x28D,0x292,
0x297,0x29C,0x2A1,0x2A6,0x2AB,0x2B0,
0x2B5,0x2BB,0x2C0,0x2C5,0x2CA,0x2CF,
0x2D4,0x2D9,0x2DE,0x2E3,0x2E8,0x2ED,
0x2F2,0x2F7,0x2FC,0x301,0x306,0x30B,
0x311,0x316,0x31B,0x320,0x325,0x32A,
0x32F,0x334,0x339,0x33E,0x343,0x348,
0x34D,0x352,0x357,0x35C,0x361,0x366,
0x36C,0x371,0x376,0x37B,0x380,0x385,
0x38A,0x38F,0x394,0x399,0x39E,0x3A3,
0x3A8,0x3AD,0x3B2,0x3B7,0x3BC,0x3C2,
0x3C7,0x3CC,0x3D1,0x3D6,0x3DB,0x3E0,
0x3E5,0x3EA,0x3EF,0x3F4,0x3F9,0x3FE,
0x403,0x408,0x40D,0x412,0x418,0x41D,
0x422,0x427,0x42C,0x431,0x436,0x43B,
0x440,0x445,0x44A,0x44F,0x454,0x459,
0x45E,0x463,0x468,0x46E,0x473,0x478,
0x47D,0x482,0x487,0x48C,0x491,0x496,
0x49B,0x4A0,0x4A5,0x4AA,0x4AF,0x4B4,
0x4B9,0x4BE,0x4C4,0x4C9,0x4CE,0x4D3,
0x4D8,0x4DD,0x4E2,0x4E7,0x4EC,0x4F1,
0x4F6,0x4FB,0x500,0x505,0x50A,0x50F,
0x514,0x519,0x51F,0x524,0x529,0x52E,
0x533,0x538,0x53D,0x542,0x547,0x54C,
0x551,0x556,0x55B,0x560,0x565,0x56A,
0x56F,0x575,0x57A,0x57F,0x584,0x589,
0x58E,0x593,0x598,0x59D,0x5A2,0x5A7,
0x5AC,0x5B1,0x5B6,0x5BB,0x5C0,0x5C5,
0x5CB,0x5D0,0x5D5,0x5DA,0x5DF,0x5E4,
0x5E9,0x5EE,0x5F3,0x5F8,0x5FD,0x602,
0x607,0x60C,0x611,0x616,0x61B,0x621,
0x626,0x62B,0x630,0x635,0x63A,0x63F,
0x644,0x649,0x64E,0x653,0x658,0x65D,
0x662,0x667,0x66C,0x671,0x677,0x67C,
0x681,0x686,0x68B,0x690,0x695,0x69A,
0x69F,0x6A4,0x6A9,0x6AE,0x6B3,0x6B8,
0x6BD,0x6C2,0x6C7,0x6CC,0x6D2,0x6D7,
0x6DC,0x6E1,0x6E6,0x6EB,0x6F0,0x6F5,
0x6FA,0x6FF,0x704,0x709,0x70E,0x713,
0x718,0x71D,0x722,0x728,0x72D,0x732,
0x737,0x73C,0x741,0x746,0x74B,0x750,
0x755,0x75A,0x75F,0x764,0x769,0x76E,
0x773,0x778,0x77E,0x783,0x788,0x78D,
0x792,0x797,0x79C,0x7A1,0x7A6,0x7AB,
0x7B0,0x7B5,0x7BA,0x7BF,0x7C4,0x7C9,
0x7CE,0x7D4,0x7D9,0x7DE,0x7E3,0x7E8,
0x7ED,0x7F2,0x7F7,0x7FC,0x801,0x806,
0x80B,0x810,0x815,0x81A,0x81F,0x824,
0x82A,0x82F,0x834,0x839,0x83E,0x843,
0x848,0x84D,0x852,0x857,0x85C,0x861,
0x866,0x86B,0x870,0x875,0x87A,0x880,
0x885,0x88A,0x88F,0x894,0x899,0x89E,
0x8A3,0x8A8,0x8AD,0x8B2,0x8B7,0x8BC,
0x8C1,0x8C6,0x8CB,0x8D0,0x8D6,0x8DB,
0x8E0,0x8E5,0x8EA,0x8EF,0x8F4,0x8F9,
0x8FE,0x903,0x908,0x90D,0x912,0x917,
0x91C,0x921,0x926,0x92B,0x931,0x936,
0x93B,0x940,0x945,0x94A,0x94F,0x954,
0x959,0x95E,0x963,0x968,0x96D,0x972,
0x977,0x97C,0x981,0x987,0x98C,0x991,
0x996,0x99B,0x9A0,0x9A5,0x9AA,0x9AF,
0x9B4,0x9B9,0x9BE,0x9C3,0x9C8,0x9CD,
0x9D2,0x9D7,0x9DD,0x9E2,0x9E7,0x9EC,
0x9F1,0x9F6,0x9FB,0xA00,0xA05,0xA0A,
0xA0F,0xA14,0xA19,0xA1E,0xA23,0xA28,
0xA2D,0xA33,0xA38,0xA3D,0xA42,0xA47,
0xA4C,0xA51,0xA56,0xA5B,0xA60,0xA65,
0xA6A,0xA6F,0xA74,0xA79,0xA7E,0xA83,
0xA89,0xA8E,0xA93,0xA98,0xA9D,0xAA2,
0xAA7,0xAAC,0xAB1,0xAB6,0xABB,0xAC0,
0xAC5,0xACA,0xACF,0xAD4,0xAD9,0xADF,
0xAE4,0xAE9,0xAEE,0xAF3,0xAF8,0xAFD,
0xB02,0xB07,0xB0C,0xB11,0xB16,0xB1B,
0xB20,0xB25,0xB2A,

0xB2F,0xB45,0xB43,0xB45,0xB43,0xB55,
0xB59,0xB50,0xB52,0xB44,0xB35,0xB30,
0xB26,0xB29,0xB22,0xB1C,0xB17,0xB14,
0xB11,0xB15,0xB15,0xB15,0xB17,0xB1E,
0xB1C,0xB12,0xB10,0xB01,0xB0A,0xB10,
0xB11,0xB0C,0xB10,0xB17,0xB19,0xB0E,
0xB07,0xB18,0xB12,0xB04,0xB03,0xB05,
0xAFE,0xB0B,0xB08,0xAFF,0xB00,0xAFA,
0xAFF,0xB05,0xB08,0xAEF,0xAEE,0xAF2,
0xAEC,0xAF5,0xB03,0xAFD,0xB04,0xB13,
0xB21,0xB22,0xB1F,0xB31,0xB2B,0xB2A,
0xB35,0xB3E,0xB38,0xB3E,0xB48,0xB43,
0xB40,0xB3F,0xB29,0xB39,0xB46,0xB29,
0xB15,0xAFF,0xAFF,0xB08,0xB03,0xB06,
0xB09,0xB00,0xB05,0xAFE,0xAF2,0xAF2,
0xAEE,0xAE4,0xAE8,0xAEB,0xAE5,0xAE5,
0xAEB,0xAF3,0xAF6,0xAF0,0xAF3,0xAEC,
0xAD0,0xACA,0xACB,0xAC7,0xABB,0xAB5,
0xABE,0xAD1,0xAD1,0xACE,0xAD3,0xACF,
0xACC,0xABD,0xAB9,0xAD5,0xAE7,0xADA,
0xAED,0xAF8,0xAF5,0xAF5,0xB03,0xB0E,
0xB10,0xB0B,0xB07,0xB0F,0xB15,0xB1A,
0xB19,0xB21,0xB2A,0xB2E,0xB16,0xB1C,
0xB15,0xB04,0xB10,0xB12,0xB07,0xAFF,
0xB02,0xB05,0xAFE,0xAF8,0xB06,0xB0B,
0xB1A,0xB1D,0xB19,0xB1B,0xB1C,0xB1B,
0xB16,0xB15,0xB15,0xB06,0xAFB,0xB09,
0xB1A,0xB13,0xB05,0xB01,0xAF3,0xAEF,
0xAF5,0xAF2,0xAF6,0xB01,0xAF4,0xAF4,
0xB00,0xB08,0xB11,0xB14,0xB1E,0xB24,
0xB13,0xB01,0xB0F,0xB1C,0xB14,0xB1B,
0xB29,0xB39,0xB49,0xB43,0xB35,0xB48,
0xB5A,0xB4F,0xB4D,0xB4F,0xB4B,0xB45,
0xB4D,0xB55,0xB56,0xB45,0xB40,0xB49,
0xB3A,0xB33,0xB2B,0xB1A,0xB16,0xB1B,
0xB17,0xB1E,0xB1E,0xB1B,0xB12,0xB14,
0xB0F,0xAFB,0xAF9,0xAFF,0xB04,0xAFF,
0xAF5,0xAFF,0xB0A,0xB03,0xB05,0xAFA,
0xAEA,0xAEC,0xAF5,0xAE3,0xAD6,0xAE0,
0xAE1,0xAE3,0xAEC,0xAEC,0xAEF,0xAF5,
0xB00,0xB08,0xB02,0xB02,0xB01,0xB0E,
0xB1F,0xB23,0xB25,0xB36,0xB3F,0xB37,
0xB23,0xB29,0xB35,0xB36,0xB3C,0xB40,
0xB43,0xB40,0xB3C,0xB2F,0xB34,0xB3A,
0xB33,0xB31,0xB2B,0xB1B,0xB16,0xB16,
0xB10,0xB0A,0xB0E,0xB14,0xB1A,0xB15,
0xB08,0xB0A,0xB12,0xB1C,0xB20,0xB21,
0xB23,0xB27,0xB21,0xB1A,0xB08,0xB0E,
0xB19,0xB11,0xB08,0xB00,0xB01,0xAF8,
0xAF8,0xAFF,0xAFA,0xAF7,0xAFD,0xB02,
0xB09,0xAF7,0xAEF,0xAFE,0xAFE,0xAFC,
0xB05,0xB10,0xB00,0xAEE,0xAFF,0xB16,
0xB14,0xB0A,0xB01,0xB07,0xB16,0xB1A,
0xB14,0xB1E,0xB28,0xB1A,0xB16,0xB15,
0xB09,0xB03,0xB08,0xB0E,0xB03,0xB05,
0xB13,0xB0B,0xAFC,0xAF0,0xAE0,0xAE9,
0xAF7,0xAE7,0xAD9,0xAE1,0xAE8,0xAE3,
0xAED,0xAE8,0xAED,0xAFC,0xAFD,0xAF3,
0xAF7,0xAFB,0xB07,0xB0C,0xB0C,0xB1B,
0xB0F,0xB09,0xB18,0xB22,0xB16,0xB1E,
0xB12,0xB1E,0xB2E,0xB1D,0xB15,0xB25,
0xB25,0xB15,0xB1B,0xB1D,0xB2C,0xB2F,
0xB25,0xB2E,0xB3E,0xB2F,0xB24,0xB26,
0xB2E,0xB40,0xB38,0xB32,0xB34,0xB2F,
0xB29,0xB26,0xB24,0xB2E,0xB24,0xB19,
0xB0F,0xB06,0xB05,0xB15,0xB11,0xB11,
0xB1B,0xB14,0xB0E,0xB12,0xB0D,0xB08,
0xB08,0xB0F,0xB29,0xB24,0xB1B,0xB28,
0xB36,0xB34,0xB34,0xB37,0xB48,0xB4C,
0xB3B,0xB3A,0xB4C,0xB43,0xB3A,0xB49,
0xB43,0xB2F,0xB2A,0xB35,0xB32,0xB25,
0xB17,0xB27,0xB28,0xB26,0xB30,0xB3E,
0xB49,0xB4C,0xB3B,0xB34,0xB3F,0xB40,
0xB3B,0xB2E,0xB2C,0xB24,0xB30,0xB2F,
0xB20,0xB1C,0xB19,0xB12,0xB19,0xB14,
0xB0C,0xB12,0xB16,0xB17,0xB09,0xB0D,
0xB09,0xB08,0xB03,0xB06,0xB0A,0xB08,
0xB05,0xB11,0xB03,0xAFE,0xB12,0xB16,
0xB17,0xB0E,0xB0B,0xB02,0xB07,0xB1A,
0xB26,0xB19,0xB12,0xB08,0xB06,0xB0B,
0xB0F,0xB16,0xB0E,0xB03,0xB0D,0xB20,
0xB18,0xB14,0xB16,0xB19,0xB20,0xB29,
0xB2D,0xB30,0xB29,0xB2B,0xB3D,0xB38,
0xB29,0xB33,0xB3F,0xB30,0xB21,0xB15,
0xB27,0xB32,0xB28,0xB20,0xB26,0xB2D,
0xB26,0xB18,0xB20,0xB23,0xB0A,0xB06,
0xB18,0xB12,0xB04,0xB03,0xAF6,0xAEA,
0xAF3,0xAEF,0xAEE,0xAF4,0xAF3,0xAF3,
0xAE9,0xAEA,0xAEA,0xAEC,0xAE7,0xAE7,
0xAE2,0xAEE,0xAEF,0xAE3,0xADF,0xAE7,
0xAEB,0xAEC,0xAF9,0xAF4,0xAF9,0xAFC,
0xB0A,0xB0A,0xB08,0xB13,0xB1C,0xB19,
0xB20,0xB28,0xB1E,0xB1D,0xB18,0xB19,
0xB23,0xB2A,0xB0F,0xB16,0xB21,0xB19,
0xB19,0xB21,0xB2A,0xB32,0xB23,0xB18,
0xB18,0xB05,0xAFC,0xAFD,0xB06,0xB03,
0xAFD,0xAF4,0xAF6,0xAED,0xAE9,0xAF8,
0xAF7,0xAF1,0xAF7,0xAF6,0xAEA,0xAF8,
0xAEE,0xADD,0xAE4,0xAEB,0xADB,0xACB,
0xAC5,0xACB,0xAC4,0xAAA,0xAC1,0xACE,
0xAC1,0xAC0,0xACF,0xACB,0xAC2,0xAC1,
0xAC9,0xACF,0xACD,0xAD1,0xACC,0xACE,
0xAD9,0xAE3,0xADB,0xAD9,0xADD,0xAE1,
0xAE8,0xAE6,0xAE9,0xAEE,0xAE6,0xAE4,
0xAEF,0xAEF,0xAF0,0xAF2,0xAEF,0xAF9,
0xAFD,0xB01,0xB0D,0xB0D,0xB09,0xB1B,
0xB20,0xB1E,0xB31,0xB38,0xB32,0xB31,
0xB42,0xB48,0xB44,0xB38,0xB3E,0xB3F,
0xB49,0xB4A,0xB40,0xB47,0xB50,0xB4B,
0xB3B,0xB3F,0xB35,0xB35,0xB31,0xB2F,
0xB28,0xB2F,0xB2E,0xB2E,0xB2F,0xB28,
0xB31,0xB32,0xB39,0xB32,0xB34,0xB3C,
0xB43,0xB3D,0xB57,0xB58,0xB4D,0xB53,
0xB51,0xB4D,0xB4F,0xB4C,0xB3C,0xB34,
0xB33,0xB3E,0xB31,0xB2D,0xB2B,0xB2E,
0xB26,0xB24,0xB26,0xB28,0xB23,0xB1C,
0xB25,0xB28,0xB1E,0xB1A,0xB2F,0xB2E,
0xB2B,0xB1B,0xB17,0xB21,0xB1E,0xB16,
0xB10,0xB09,0xB0A,0xB08,0xAFF,0xB0B,
0xAFC,0xAE8,0xAE9,0xAE2,0xADE,0xAEA,
0xAED,0xADC,0xADA,0xADF,0xAE8,0xAE7,
0xAE1,0xAE6,0xAF1,0xB00,0xB04,0xB00,
0xAFF,0xB13,0xB1A,0xB21,0xB2C,0xB36,
0xB40,0xB3F,0xB3C,0xB40,0xB43,0xB35,
0xB34,0xB39,0xB36,0xB2C,0xB26,0xB23,
0xB21,0xB15,0xB07,0xB0C,0xB14,0xB0E,
0xB00,0xB07,0xB09,0xAFD,0xAFF,0xB0E,
0xB09,0xAFF,0xAFA,0xAFD,0xB01,0xAFD,
0xAF5,0xAF9,0xB07,0xB00,0xAFB,0xB05,
0xB0C,0xAFA,0xAE6,0xAED,0xAF2,0xAD7,
0xACE,0xAD7,0xAD3,0xACF,0xAC7,0xAC9,
0xAD1,0xACD,0xACA,0xAC9,0xABD,0xABE,
0xAD2,0xAD9,0xAD1,0xACE,0xAE0,0xAEC,
0xAED,0xAED,0xAF1,0xAFD,0xB05,0xB02,
0xB01,0xB0A,0xB13,0xB17,0xB14,0xB13,
0xB09,0xAFE,0xAF8,0xB03,0xB0B,0xB05,
0xAFE,0xB06,0xB0B,0xB03,0xAF3,0xAF8,
0xB11,0xB0C,0xAF9,0xAF7,0xB06,0xB13,
0xB0C,0xB05,0xB1F,0xB2A,0xB1F,0xB25,
0xB30,0xB33,0xB34,0xB2D,0xB37,0xB4B,
0xB41,0xB37,0xB38,0xB3D,0xB41,0xB3E,
0xB30,0xB31,0xB35,0xB2A,0xB2D,0xB33,
0xB31,0xB37,0xB37,0xB3B,0xB45,0xB45,
0xB4C,0xB59,0xB60,0xB65,0xB69,0xB63,
0xB61,0xB52,0xB53,0xB56,0xB4A,0xB4C,
0xB55,0xB41,0xB30,0xB35,0xB32,0xB29,
0xB20,0xB10,0xB11,0xB21,0xB1B,0xB14,
0xB1C,0xB2A,0xB2C,0xB27,0xB2A,0xB36,
0xB30,0xB24,0xB25,0xB24,0xB29,0xB2C,
0xB2A,0xB30,0xB37,0xB36,0xB36,0xB34,
0xB30,0xB26,0xB18,0xB1E,0xB29,0xB1E,
0xB0E,0xB0F,0xB11,0xB0A,0xAFC,0xAEF,
0xAF3,0xAEE,0xAE0,0xAEA,0xAFC,0xAF8,
0xAF2,0xAFD,0xB00,0xAFA,0xAF9,0xB00,
0xB09,0xB0E,0xB0C,0xB0A,0xB1C,0xB27,
0xB16,0xB09,0xB1D,0xB22,0xB12,0xB05,
0xB02,0xB00,0xB00,0xAFE,0xAF1,0xAF5,
0xB00,0xAF6,0xAF2,0xB01,0xB01,0xB04,
0xB08,0xB04,0xB0B,0xB11,0xB1B,0xB2C,
0xB2E,0xB30,0xB3F,0xB44,0xB3B,0xB33,
0xB39,0xB3A,0xB3C,0xB2C,0xB28,0xB2B,
0xB25,0xB15,0xB14,0xB19,0xB14,0xB11,
0xB10,0xB14,0xB01,0xAFC,0xB00,0xB03,
0xB02,0xB01,0xAFD,0xB07,0xB10,0xB0B,
0xB0E,0xB0E,0xB12,0xB12,0xB17,0xB1A,
0xB22,0xB2B,0xB36,0xB2F,0xB2E,0xB33,
0xB39,0xB39,0xB2E,0xB2D,0xB2A,0xB29,
0xB25,0xB28,0xB29,0xB2A,0xB22,0xB20,
0xB1E,0xB22,0xB1F,0xB0E,0xB09,0xB0C,
0xB11,0xB10,0xB14,0xB1E,0xB27,0xB21,
0xB1B,0xB14,0xB09,0xB03,0xAFF,0xAFC,
0xAF7,0xAFA,0xB03,0xB01,0xB01,0xB0A,
0xB03,0xAFD,0xB04,0xB02,0xAF8,0xAF6,
0xB00,0xB0C,0xB0B,0xB09,0xB0C,0xB0E,
0xB0C,0xB09,0xB0E,0xB18,0xB1B,0xB14,
0xB15,0xB24,0xB21,0xB1E,0xB2A,0xB36,
0xB38,0xB33,0xB32,0xB30,0xB2D,0xB35,
0xB2F,0xB23,0xB31,0xB36,0xB2D,0xB2E,
0xB37,0xB36,0xB2D,0xB2D,0xB30,0xB2D,
0xB2C,0xB30,0xB26,0xB25,0xB2D,0xB2A,
0xB27,0xB29,0xB25,0xB23,0xB28,0xB24,
0xB22,0xB18,0xB12,0xB15,0xB12,0xB07,
0xB07,0xB08,0xB04,0xB06,0xB05,0xAFA,
0xAF9,0xAFC,0xAF7,0xAF7,0xB01,0xB0A,
0xB13,0xB20,0xB23,0xB1D,0xB20,0xB25,
0xB2B,0xB30,0xB2D,0xB27,0xB28,0xB2B,
0xB32,0xB3C,0xB3A,0xB29,0xB24,0xB28,
0xB23,0xB13,0xB11,0xB1D,0xB28,0xB29,
0xB23,0xB27,0xB33,0xB28,0xB12,0xB13,
0xB1E,0xB14,0xB0B,0xB0B,0xB04,0xB03,
0xB14,0xB19,0xB16,0xB0F,0xB05,0xAF9,
0xAF7,0xB00,0xB07,0xB09,0xB07,0xAFE,
0xB00,0xB0C,0xAF9,0xAE3,0xADE,0xAD7,
0xAD7,0xAD4,0xACB,0xAD2,0xADF,0xAD3,
0xACC,0xADC,0xAE1,0xAD7,0xAD5,0xAD9,
0xADC,0xAD6,0xACB,0xAC9,0xACD,0xAD1,
0xACA,0xAC5,0xAD6,0xAE1,0xACE,0xAC3,
0xACB,0xAC4,0xABC,0xABD,0xABC,0xAC1,
0xAC9,0xAC4,0xAC1,0xACC,0xACD,0xAC4,
0xAC8,0xACB,0xAC5,0xAC8,0xACB,0xACE,
0xAE0,0xAE9,0xAEA,0xAED,0xAF3,0xAFE,
0xB01,0xB01,0xB02,0xAFF,0xAFE,0xB00,
0xB00,0xB06,0xB08,0xB04,0xB03,0xB07,
0xB06,0xAF4,0xAEB,0xAEB,0xAEF,0xAEE,
0xAE6,0xADE,0xAEA,0xAF1,0xAE8,0xADE,
0xAE0,0xAEB,0xAE8,0xAE1,0xAEA,0xAF8,
0xAFE,0xB04,0xB0B,0xB14,0xB19,0xB1D,
0xB22,0xB26,0xB21,0xB1C,0xB1D,0xB22,
0xB2F,0xB3E,0xB36,0xB31,0xB3B,0xB40,
0xB3A,0xB32,0xB31,0xB31,0xB2F,0xB30,
0xB35,0xB32,0xB35,0xB36,0xB32,0xB2A,
0xB25,0xB28,0xB2E,0xB2C,0xB2D,0xB33,
0xB39,0xB3B,0xB3A,0xB3C,0xB43,0xB49,
0xB45,0xB49,0xB52,0xB4C,0xB42,0xB44,
0xB42,0xB3C,0xB3D,0xB40,0xB3C,0xB33,
0xB32,0xB2F,0xB26,0xB20,0xB1C,0xB18,
0xB1A,0xB1C,0xB20,0xB27,0xB34,0xB40,
0xB47,0xB47,0xB51,0xB5F,0xB68,0xB65,
0xB65,0xB6C,0xB73,0xB75,0xB77,0xB75,
0xB70,0xB71,0xB6C,0xB67,0xB69,0xB59,
0xB40,0xB41,0xB42,0xB37,0xB34,0xB2F,
0xB29,0xB2B,0xB31,0xB2E,0xB25,0xB1D,
0xB1B,0xB1E,0xB1F,0xB1E,0xB20,0xB22,
0xB23,0xB22,0xB20,0xB19,0xB15,0xB1A,
0xB25,0xB20,0xB12,0xB0B,0xB11,0xB15,
0xB0B,0xAFB,0xAF2,0xAF1,0xAF0,0xAE8,
0xAE1,0xAE2,0xADD,0xAD8,0xAD8,0xAD3,
0xAC6,0xAC5,0xAD2,0xADC,0xADC,0xAE2,
0xAF0,0xAFC,0xAFD,0xB01,0xB15,0xB20,
0xB22,0xB29,0xB31,0xB2D,0xB2E,0xB33,
0xB3A,0xB3B,0xB39,0xB2F,0xB23,0xB1A,
0xB15,0xB14,0xB0B,0xAFE,0xAF8,0xAF7,
0xAF5,0xAF0,0xAE1,0xAD8,0xAD6,0xADB,
0xAE0,0xAD6,0xAC7,0xAD2,0xAE2,0xAE7,
0xAEA,0xAE9,0xAE7,0xAE8,0xAED,0xAF3,
0xAF4,0xAEC,0xAEF,0xB01,0xB0F,0xB06,
0xAFF,0xB06,0xB12,0xB13,0xB07,0xAFD,
0xB01,0xB0A,0xB0B,0xB09,0xB0A,0xB0F,
0xB14,0xB1A,0xB16,0xB17,0xB1A,0xB15,
0xB16,0xB1E,0xB1B,0xB15,0xB17,0xB23,
0xB31,0xB2B,0xB2A,0xB33,0xB36,0xB2D,
0xB2A,0xB2D,0xB2F,0xB23,0xB21,0xB28,
0xB26,0xB18,0xB0E,0xB0B,0xB05,0xAFB,
0xAE9,0xADD,0xADE,0xADA,0xAD4,0xADA,
0xADB,0xAE0,0xADF,0xADF,0xAEF,0xAF1,
0xAE4,0xAEA,0xAED,0xAED,0xAF3,0xAED,
0xAE8,0xAEC,0xAFA,0xAF7,0xAF6,0xAF4,
0xAEC,0xAEF,0xAF7,0xAF0,0xAE7,0xAEE,
0xB00,0xB05,0xAF9,0xAFE,0xB03,0xAFE,
0xAFF,0xB0D,0xB11,0xB0F,0xB15,0xB16,
0xB19,0xB1D,0xB1B,0xB21,0xB2A,0xB22,
0xB1F,0xB23,0xB20,0xB1E,0xB1D,0xB19,
0xB1C,0xB1C,0xB19,0xB17,0xB1D,0xB21,
0xB22,0xB24,0xB26,0xB1F,0xB1A,0xB1B,
0xB1B,0xB1B,0xB28,0xB27,0xB22,0xB31,
0xB39,0xB31,0xB2B,0xB2B,0xB2E,0xB36,
0xB35,0xB36,0xB3A,0xB3D,0xB3E,0xB40,
0xB3F,0xB3C,0xB38,0xB39,0xB3E,0xB37,
0xB2B,0xB29,0xB30,0xB33,0xB2D,0xB2A,
0xB33,0xB3B,0xB33,0xB33,0xB3C,0xB3D,
0xB3D,0xB4E,0xB4B,0xB49,0xB59,0xB5F,
0xB5B,0xB5D,0xB5B,0xB56,0xB54,0xB4C,
0xB40,0xB33,0xB28,0xB22,0xB1D,0xB0B,
0xB04,0xAFF,0xAF0,0xAF0,0xAF3,0xAF4,
0xAF4,0xAEE,0xAF4,0xAFD,0xAF6,0xAF7,
0xB01,0xB06,0xB12,0xB1B,0xB15,0xB10,
0xB17,0xB15,0xB13,0xB0F,0xAFF,0xAF9,
0xB05,0xB06,0xAFB,0xAF2,0xAF2,0xAF7,
0xAF6,0xAED,0xAE8,0xAED,0xAF1,0xAF4,
0xAFE,0xB03,0xAFE,0xB09,0xB14,0xB1D,
0xB20,0xB20,0xB26,0xB33,0xB42,0xB4E,
0xB4E,0xB4E,0xB55,0xB56,0xB54,0xB5B,
0xB5E,0xB51,0xB55,0xB60,0xB5A,0xB51,
0xB4A,0xB45,0xB40,0xB35,0xB29,0xB1F,
0xB16,0xB13,0xB10,0xB15,0xB20,0xB21,
0xB1C,0xB1E,0xB1E,0xB1F,0xB22,0xB23,
0xB25,0xB30,0xB3A,0xB3F,0xB46,0xB4C,
0xB4E,0xB49,0xB47,0xB46,0xB3D,0xB2E,
0xB26,0xB22,0xB1B,0xB0A,0xB02,0xAFE,
0xAF4,0xAE8,0xAE1,0xAD9,0xAD9,0xAD6,
0xAD4,0xADB,0xADE,0xADA,0xAE2,0xAF0,
0xAF3,0xAF6,0xAFE,0xAFC,0xAFA,0xB0C,
0xB14,0xB16,0xB1C,0xB19,0xB14,0xB1B,
0xB19,0xB0B,0xB03,0xB00,0xAF9,0xAF4,
0xAFB,0xAF4,0xAE4,0xAE7,0xAEE,0xAE4,
0xAE1,0xAE6,0xAE5,0xAE1,0xAE5,0xAEA,
0xAE5,0xAE8,0xAE8,0xAE8,0xAF0,0xAF6,
0xAF5,0xAF9,0xB00,0xB06,0xB06,0xB08,
0xB10,0xB0D,0xB08,0xB0B,0xB10,0xB0D,
0xB07,0xB05,0xB04,0xAFC,0xAEF,0xAE4,
0xAE4,0xADC,0xADE,0xAE2,0xAE1,0xAEA,
0xAF7,0xAF7,0xAFE,0xB0B,0xB12,0xB1C,
0xB25,0xB31,0xB3C,0xB3F,0xB41,0xB4A,
0xB49,0xB4A,0xB50,0xB46,0xB3D,0xB3D,
0xB37,0xB2C,0xB25,0xB20,0xB17,0xB0B,
0xB05,0xAFE,0xAF5,0xAF7,0xAF5,0xAE6,
0xAE7,0xAF1,0xAEB,0xAE2,0xADE,0xADE,
0xAE5,0xAEC,0xAEA,0xAEA,0xAED,0xAEA,
0xAE8,0xAE8,0xAE7,0xAE9,0xAED,0xAF1,
0xAEF,0xAE6,0xAE2,0xAE5,0xAE5,0xAE6,
0xAE9,0xAEB,0xAE7,0xAE5,0xAE6,0xAE6,
0xAE4,0xAE3,0xAEA,0xAEF,0xAEA,0xAEC,
0xAF9,0xB00,0xB01,0xB06,0xB0E,0xB13,
0xB1E,0xB1F,0xB1A,0xB23,0xB2D,0xB2D,
0xB27,0xB17,0xB13,0xB15,0xB01,0xAF9,
0xB00,0xB03,0xB01,0xAFA,0xAF5,0xAEE,
0xAE6,0xADC,0xAD5,0xADC,0xADC,0xACF,
0xAD4,0xAEA,0xAF6,0xAFB,0xB03,0xB0A,
0xB10,0xB12,0xB11,0xB10,0xB1A,0xB21,
0xB25,0xB31,0xB3F,0xB44,0xB46,0xB4B,
0xB4A,0xB3D,0xB34,0xB34,0xB35,0xB33,
0xB28,0xB20,0xB28,0xB35,0xB3C,0xB38,
0xB34,0xB39,0xB3E,0xB3A,0xB37,0xB3A,
0xB3E,0xB4D,0xB54,0xB51,0xB56,0xB56,
0xB4F,0xB4C,0xB4D,0xB4D,0xB4F,0xB4A,
0xB42,0xB3E,0xB3A,0xB30,0xB2B,0xB23,
0xB16,0xB0E,0xB05,0xAFB,0xAF2,0xAE7,
0xAE1,0xAE4,0xAE0,0xADE,0xAD7,0xAD2,
0xAD9,0xAD9,0xAD6,0xADD,0xAE5,0xAEA,
0xAF0,0xAF3,0xAF0,0xAEF,0xAF0,0xAEE,
0xAF3,0xAFD,0xAF5,0xAEB,0xAF2,0xAF4,
0xAEF,0xAEA,0xAEC,0xAEC,0xAEB,0xAEF,
0xAF9,0xAF6,0xAEE,0xAF1,0xAF8,0xAFF,
0xAFE,0xAFD,0xB01,0xB00,0xB0C,0xB14,
0xB0F,0xB13,0xB13,0xB13,0xB18,0xB1D,
0xB1E,0xB17,0xB12,0xB17,0xB14,0xB0F,
0xB0D,0xB0B,0xB06,0xB00,0xB06,0xB04,
0xAF9,0xAF3,0xAFA,0xAFE,0xB08,0xB0F,
0xB0D,0xB0D,0xB16,0xB1F,0xB2A,0xB35,
0xB32,0xB34,0xB39,0xB3D,0xB3C,0xB3C,
0xB36,0xB33,0xB3B,0xB45,0xB47,0xB39,
0xB2F,0xB35,0xB44,0xB44,0xB38,0xB2E,
0xB2F,0xB2B,0xB27,0xB20,0xB14,0xB17,
0xB21,0xB1F,0xB21,0xB24,0xB21,0xB1C,
0xB1B,0xB1E,0xB1F,0xB1B,0xB20,0xB28,
0xB29,0xB2D,0xB39,0xB42,0xB3E,0xB34,
0xB2E,0xB28,0xB23,0xB1F,0xB1B,0xB13,
0xB0E,0xB1D,0xB23,0xB1C,0xB1C,0xB1E,
0xB22,0xB2A,0xB2B,0xB2B,0xB2F,0xB30,
0xB36,0xB3E,0xB48,0xB52,0xB52,0xB51,
0xB52,0xB51,0xB4E,0xB4A,0xB48,0xB49,
0xB43,0xB3C,0xB38,0xB37,0xB33,0xB2F,
0xB2A,0xB26,0xB22,0xB1D,0xB13,0xB0D,
0xB0B,0xB08,0xB05,0xB02,0xB05,0xB04,
0xB00,0xB01,0xB09,0xB13,0xB16,0xB19,
0xB1F,0xB20,0xB1B,0xB19,0xB1B,0xB21,
0xB1D,0xB15,0xB18,0xB1D,0xB1A,0xB07,
0xAFA,0xAFB,0xAF7,0xAEF,0xAE5,0xADE,
0xAE3,0xAE9,0xAE3,0xADB,0xAD7,0xADF,
0xAE3,0xAE2,0xAE5,0xAEF,0xAF2,0xAF2,
0xAF8,0xB00,0xB0A,0xB10,0xB12,0xB16,
0xB1D,0xB21,0xB28,0xB28,0xB29,0xB31,
0xB2D,0xB23,0xB1F,0xB1E,0xB19,0xB1C,
0xB17,0xB0F,0xB15,0xB1C,0xB17,0xB17,
0xB16,0xB15,0xB16,0xB12,0xB11,0xB10,
0xB12,0xB15,0xB17,0xB22,0xB2A,0xB2B,
0xB2C,0xB34,0xB37,0xB31,0xB2A,0xB23,
0xB27,0xB2D,0xB21,0xB12,0xB0D,0xB10,
0xB10,0xB07,0xAFB,0xAF4,0xAF3,0xAF5,
0xAF0,0xAE8,0xAE6,0xAE6,0xAE7,0xAF5,
0xAFC,0xAF4,0xAF5,0xB04,0xB13,0xB1A,
0xB15,0xB12,0xB13,0xB0E,0xB0A,0xB09,
0xB10,0xB16,0xB15,0xB11,0xB13,0xB14,
0xB0B,0xAFD,0xAFB,0xB01,0xAF4,0xAE4,
0xAE1,0xAEE,0xAF5,0xAEF,0xAEC,0xAFB,
0xB03,0xB01,0xAFD,0xB04,0xB0D,0xB07,
0xB05,0xB16,0xB2A,0xB28,0xB25,0xB22,
0xB2A,0xB30,0xB22,0xB17,0xB23,0xB24,
0xB16,0xB15,0xB16,0xB18,0xB11,0xB0A,
0xB03,0xB02,0xAFE,0xAFA,0xAF1,0xAE8,
0xAEB,0xAF2,0xAF9,0xAFE,0xAFD,0xAF9,
0xB01,0xB08,0xB0D,0xB0A,0xB02,0xB03,
0xB11,0xB1B,0xB1A,0xB15,0xB16,0xB1F,
0xB1F,0xB18,0xB14,0xB10,0xB05,0xB05,
0xB05,0xAFE,0xAF6,0xAF2,0xAF0,0xAFB,
0xB02,0xAFE,0xAF9,0xAFA,0xB08,0xB0D,
0xB09,0xB0E,0xB1B,0xB24,0xB29,0xB2B,
0xB31,0xB39,0xB3B,0xB3A,0xB40,0xB47,
0xB42,0xB38,0xB34,0xB37,0xB3C,0xB39,
0xB2B,0xB25,0xB27,0xB27,0xB1C,0xB1A,
0xB15,0xB0C,0xB0C,0xB10,0xB0E,0xB0B,
0xB10,0xB16,0xB16,0xB0D,0xB17,0xB25,
0xB29,0xB26,0xB29,0xB31,0xB3A,0xB35,
0xB31,0xB39,0xB3F,0xB3E,0xB32,0xB2B,
0xB2D,0xB30,0xB26,0xB22,0xB1C,0xB14,
0xB07,0xAFE,0xAFE,0xB02,0xAF5,0xAE5,
0xAE6,0xAE8,0xAED,0xAE7,0xAE1,0xAE6,
0xAF7,0xAF7,0xAF6,0xAF9,0xAFC,0xAFE,
0xB07,0xB13,0xB18,0xB16,0xB0F,0xB12,
0xB19,0xB1D,0xB11,0xB00,0xAFF,0xB03,
0xAF9,0xAEF,0xAEC,0xAE5,0xAE5,0xAE9,
0xAEB,0xAE4,0xAE2,0xADC,0xADA,0xAE1,
0xAE1,0xAD9,0xADA,0xAE9,0xAF3,0xAF4,
0xAF6,0xAFB,0xAFF,0xAFD,0xAF9,0xB01,
0xB05,0xB03,0xB00,0xAFD,0xAFB,0xAF5,
0xAF1,0xAF0,0xAF0,0xAEC,0xAE8,0xAE6,
0xAE9,0xAEB,0xAE2,0xADF,0xAE4,0xAE3,
0xADD,0xADF,0xADE,0xADE,0xAD7,0xAD7,
0xAE7,0xAEF,0xAE8,0xAE6,0xAED,0xAEF,
0xAED,0xAEE,0xAF2,0xAF9,0xAF8,0xAF6,
0xB02,0xB0B,0xB08,0xB02,0xB00,0xB03,
0xB02,0xB00,0xB02,0xB01,0xB05,0xB06,
0xB06,0xB0B,0xB0E,0xB11,0xB11,0xB0C,
0xB0E,0xB15,0xB15,0xB13,0xB15,0xB24,
0xB2E,0xB36,0xB32,0xB31,0xB36,0xB3B,
0xB3B,0xB36,0xB33,0xB38,0xB3A,0xB34,
0xB32,0xB2B,0xB30,0xB31,0xB2F,0xB27,
0xB20,0xB19,0xB14,0xB14,0xB16,0xB1A,
0xB18,0xB1B,0xB23,0xB2B,0xB2A,0xB2F,
0xB33,0xB39,0xB41,0xB46,0xB44,0xB3F,
0xB4C,0xB5A,0xB59,0xB4B,0xB47,0xB4A,
0xB4A,0xB3E,0xB39,0xB37,0xB36,0xB37,
0xB2F,0xB28,0xB25,0xB2A,0xB34,0xB33,
0xB2B,0xB2F,0xB35,0xB3A,0xB3E,0xB3E,
0xB3F,0xB44,0xB4C,0xB4A,0xB48,0xB4F,
0xB4C,0xB40,0xB42,0xB46,0xB3F,0xB34,
0xB34,0xB37,0xB31,0xB27,0xB22,0xB27,
0xB29,0xB2C,0xB24,0xB1B,0xB1E,0xB1D,
0xB1D,0xB23,0xB22,0xB20,0xB28,0xB2D,
0xB2A,0xB2A,0xB31,0xB37,0xB38,0xB36,
0xB3A,0xB37,0xB31,0xB33,0xB36,0xB38,
0xB3E,0xB42,0xB44,0xB41,0xB39,0xB3A,
0xB3A,0xB3B,0xB3D,0xB39,0xB30,0xB2B,
0xB28,0xB24,0xB1E,0xB19,0xB17,0xB1B,
0xB1A,0xB14,0xB11,0xB0D,0xB0F,0xB11,
0xB15,0xB19,0xB19,0xB15,0xB13,0xB1A,
0xB1D,0xB19,0xB13,0xB11,0xB0F,0xB0F,
0xB0A,0xB04,0xB00,0xB01,0xB00,0xAFF,
0xAFC,0xAF4,0xAEF,0xAF3,0xAF4,0xAF0,
0xAEC,0xAEA,0xAF4,0xAF9,0xAF6,0xAF6,
0xB00,0xB05,0xAFF,0xAFB,0xAFF,0xB07,
0xB06,0xAFD,0xAF7,0xAF7,0xAF5,0xAF0,
0xAED,0xAF1,0xAED,0xADC,0xADA,0xAE2,
0xAE3,0xADF,0xAD9,0xAD5,0xAD5,0xAD6,
0xADB,0xAE0,0xADE,0xAD9,0xADF,0xAEB,
0xAEA,0xAE5,0xAE9,0xAF1,0xAFC,0xB03,
0xB04,0xB02,0xB01,0xB0A,0xB0B,0xB0C,
0xB0E,0xB07,0xAFE,0xAFF,0xB02,0xB02,
0xB01,0xB03,0xB06,0xB09,0xB02,0xAFA,
0xAFE,0xB02,0xAFF,0xB00,0xB06,0xB0C,
0xB10,0xB0D,0xB0B,0xB0C,0xB0E,0xB10,
0xB0F,0xB0E,0xB05,0xB00,0xB03,0xB08,
0xB06,0xB00,0xB00,0xB01,0xAFF,0xAFC,
0xAF4,0xAEC,0xAED,0xAED,0xAED,0xAF2,
0xAF4,0xAF0,0xAF1,0xAF1,0xAEE,0xAF4,
0xAF2,0xAEB,0xAEC,0xAEC,0xAEB,0xAEE,
0xAF3,0xAF7,0xAF8,0xAFD,0xB02,0xB04,
0xB05,0xB06,0xB03,0xB05,0xB0A,0xB0F,
0xB14,0xB17,0xB10,0xB0A,0xB12,0xB19,
0xB17,0xB0C,0xB03,0xB06,0xB0B,0xB06,
0xB00,0xB01,0xB03,0xB00,0xB00,0xB03,
0xB02,0xAFF,0xAFD,0xB0A,0xB19,0xB1B,
0xB1C,0xB1E,0xB22,0xB2E,0xB33,0xB34,
0xB3A,0xB41,0xB40,0xB3E,0xB41,0xB44,
0xB43,0xB3C,0xB38,0xB38,0xB35,0xB34,
0xB31,0xB2B,0xB2B,0xB30,0xB33,0xB35,
0xB37,0xB35,0xB38,0xB43,0xB4D,0xB49,
0xB46,0xB4A,0xB4D,0xB4C,0xB4C,0xB4B,
0xB4A,0xB51,0xB52,0xB50,0xB4C,0xB49,
0xB44,0xB3F,0xB39,0xB30,0xB2C,0xB32,
0xB36,0xB33,0xB33,0xB39,0xB3F,0xB40,
0xB42,0xB43,0xB3D,0xB38,0xB3D,0xB45,
0xB48,0xB45,0xB3F,0xB43,0xB4C,0xB4D,
0xB45,0xB42,0xB3E,0xB3C,0xB39,0xB32,
0xB2C,0xB30,0xB30,0xB30,0xB31,0xB30,
0xB28,0xB23,0xB21,0xB1A,0xB14,0xB07,
0xAFB,0xAFD,0xAFF,0xAF7,0xAF1,0xAEF,
0xAF3,0xAFA,0xAFC,0xAF7,0xAF3,0xAF3,
0xAF5,0xAF8,0xAF9,0xAFC,0xB01,0xB04,
0xAFF,0xAFA,0xAF9,0xAFE,0xAF7,0xAF3,
0xAF7,0xAEE,0xAE4,0xAE6,0xAE7,0xADF,
0xAD9,0xAD9,0xAD8,0xAD5,0xADC,0xAE4,
0xAE7,0xAEB,0xAEE,0xAEE,0xAF4,0xAFA,
0xAFB,0xAFD,0xB05,0xB07,0xAFF,0xAFC,
0xAFD,0xB00,0xB02,0xAFF,0xAF6,0xAF8,
0xAFD,0xAF8,0xAF1,0xAF0,0xAF0,0xAF4,
0xAF7,0xAF3,0xAF3,0xAEE,0xAE8,0xAEF,
0xAF4,0xAF7,0xAF6,0xAEE,0xAEF,0xAFE,
0xB08,0xAFF,0xAF5,0xAF8,0xB03,0xB0C,
0xB08,0xB03,0xB04,0xB03,0xB05,0xB0A,
0xB02,0xAF7,0xAED,0xAEA,0xAF0,0xAF6,
0xAEC,0xAE2,0xAE4,0xAE6,0xAE7,0xAE5,
0xAE0,0xAE1,0xAE8,0xAED,0xAF3,0xAF8,
0xAFC,0xAFD,0xB00,0xB08,0xB0C,0xB07,
0xB01,0xAFF,0xAFF,0xB01,0xAFD,0xAFA,
0xAFD,0xB01,0xAFC,0xAF7,0xAF6,0xAFA,
0xAFE,0xAF5,0xAE6,0xAE2,0xAE5,0xAE9,
0xAEA,0xAE5,0xAE7,0xAED,0xAF7,0xAFD,
0xB00,0xAFE,0xAFE,0xB01,0xB06,0xB0D,
0xB11,0xB0F,0xB12,0xB1A,0xB1A,0xB1A,
0xB1C,0xB1A,0xB1C,0xB24,0xB2C,0xB2F,
0xB2A,0xB27,0xB28,0xB24,0xB21,0xB29,
0xB28,0xB18,0xB10,0xB18,0xB20,0xB22,
0xB22,0xB20,0xB2A,0xB2D,0xB2A,0xB2C,
0xB2E,0xB2D,0xB2C,0xB2E,0xB32,0xB2F,
0xB28,0xB26,0xB23,0xB1D,0xB20,0xB1F,
0xB1A,0xB1B,0xB1F,0xB1C,0xB16,0xB0F,
0xB10,0xB14,0xB11,0xB11,0xB18,0xB14,
0xB0F,0xB0C,0xB07,0xB05,0xB0E,0xB12,
0xB0F,0xB0C,0xB0B,0xB0C,0xB11,0xB16,
0xB18,0xB16,0xB14,0xB1A,0xB1D,0xB1C,
0xB17,0xB11,0xB11,0xB13,0xB0B,0xB07,
0xB0E,0xB09,0xAFE,0xB06,0xB0F,0xB0B,
0xB07,0xB03,0xB04,0xB0A,0xB09,0xB04,
0xB09,0xB0F,0xB13,0xB12,0xB11,0xB15,
0xB1A,0xB1A,0xB1A,0xB1D,0xB22,0xB26,
0xB27,0xB25,0xB25,0xB24,0xB25,0xB2A,
0xB25,0xB20,0xB26,0xB2C,0xB2A,0xB27,
0xB2A,0xB27,0xB22,0xB24,0xB30,0xB37,
0xB30,0xB26,0xB2C,0xB3C,0xB3E,0xB32,
0xB2E,0xB36,0xB42,0xB3F,0xB38,0xB36,
0xB33,0xB2E,0xB28,0xB2B,0xB2E,0xB2C,
0xB27,0xB29,0xB34,0xB39,0xB35,0xB30,
0xB2F,0xB2F,0xB2E,0xB2D,0xB2B,0xB29,
0xB27,0xB28,0xB2A,0xB2D,0xB2F,0xB2B,
0xB29,0xB28,0xB26,0xB25,0xB24,0xB1F,
0xB1B,0xB17,0xB17,0xB1D,0xB1D,0xB15,
0xB0C,0xB0D,0xB12,0xB0E,0xB0A,0xB0D,
0xB0A,0xB00,0xB01,0xB10,0xB17,0xB11,
0xB0D,0xB10,0xB15,0xB1D,0xB1F,0xB1E,
0xB17,0xB14,0xB1B,0xB23,0xB24,0xB1B,
0xB13,0xB16,0xB1D,0xB21,0xB19,0xB11,
0xB10,0xB11,0xB12,0xB10,0xB0D,0xB0D,
0xB0F,0xB15,0xB18,0xB18,0xB17,0xB1A,
0xB1E,0xB25,0xB2B,0xB2D,0xB27,0xB1F,
0xB1D,0xB23,0xB27,0xB21,0xB20,0xB21,
0xB1E,0xB19,0xB16,0xB14,0xB14,0xB16,
0xB1C,0xB1A,0xB11,0xB0E,0xB14,0xB11,
0xB06,0xAFE,0xAFC,0xB02,0xB05,0xB04,
0xB05,0xB08,0xB0A,0xB0E,0xB16,0xB19,
0xB16,0xB15,0xB12,0xB11,0xB19,0xB1C,
0xB1A,0xB1C,0xB1A,0xB14,0xB11,0xB13,
0xB10,0xB09,0xB07,0xB03,0xB03,0xB07,
0xB0B,0xB0C,0xB0A,0xB0B,0xB0C,0xB08,
0xB07,0xB09,0xB04,0xAFB,0xB00,0xB09,
0xB0A,0xB05,0xB07,0xB0D,0xB0E,0xB0B,
0xB08,0xB08,0xB03,0xAFC,0xAFD,0xB01,
0xB01,0xAFA,0xAF4,0xAF9,0xB01,0xAFD,
0xAF3,0xAEF,0xAF1,0xAF2,0xAF3,0xAF6,
0xAF4,0xAEB,0xAEB,0xAF6,0xAFF,0xAFD,
0xAF6,0xAF9,0xB02,0xB0B,0xB04,0xAFB,
0xB01,0xB03,0xB03,0xB0C,0xB12,0xB18,
0xB18,0xB17,0xB18,0xB1C,0xB22,0xB20,
0xB1C,0xB17,0xB0D,0xB0E,0xB14,0xB19,
0xB1A,0xB14,0xB13,0xB14,0xB18,0xB13,
0xB03,0xAFA,0xAFD,0xB03,0xB01,0xAFC,
0xAFE,0xB04,0xB05,0xB02,0xB07,0xB0C,
0xB0B,0xB09,0xB0E,0xB19,0xB22,0xB1B,
0xB16,0xB22,0xB2F,0xB30,0xB2B,0xB24,
0xB1E,0xB1F,0xB1E,0xB1A,0xB1A,0xB1B,
0xB19,0xB18,0xB14,0xB14,0xB17,0xB1D,
0xB20,0xB19,0xB11,0xB0F,0xB14,0xB19,
0xB17,0xB11,0xB12,0xB1B,0xB20,0xB19,
0xB0F,0xB07,0xB0A,0xB14,0xB13,0xB0B,
0xB0D,0xB11,0xB13,0xB16,0xB17,0xB18,
0xB14,0xB12,0xB10,0xB10,0xB0C,0xB01,
0xAF8,0xAFB,0xB0A,0xB13,0xB08,0xAFE,
0xB03,0xB0D,0xB0D,0xB08,0xB0E,0xB12,
0xB0E,0xB0B,0xB0E,0xB16,0xB19,0xB10,
0xB0C,0xB13,0xB1B,0xB1D,0xB1E,0xB1F,
0xB22,0xB26,0xB28,0xB31,0xB36,0xB30,
0xB29,0xB2A,0xB2E,0xB30,0xB29,0xB1E,
0xB1B,0xB1D,0xB1F,0xB20,0xB1E,0xB22,
0xB2A,0xB2B,0xB2E,0xB2D,0xB2D,0xB2D,
0xB31,0xB39,0xB47,0xB4E,0xB4B,0xB49,
0xB4D,0xB52,0xB4F,0xB45,0xB40,0xB3F,
0xB3D,0xB38,0xB39,0xB3E,0xB41,0xB34,
0xB20,0xB22,0xB2A,0xB20,0xB11,0xB08,
0xB0C,0xB13,0xB11,0xB0D,0xB0F,0xB12,
0xB0C,0xB10,0xB18,0xB1B,0xB19,0xB14,
0xB10,0xB18,0xB19,0xB10,0xB0A,0xB0D,
0xB14,0xB10,0xB08,0xB07,0xB0A,0xB0D,
0xB09,0xB01,0xB00,0xB06,0xB06,0xAFD,
0xAFB,0xAFD,0xAFF,0xB03,0xB03,0xB01,
0xAFB,0xAF4,0xAF1,0xAF1,0xAF4,0xAF4,
0xAF0,0xAF2,0xAF3,0xAF0,0xAF4,0xAFC,
0xAFC,0xAF7,0xAF7,0xAF9,0xAFD,0xB01,
0xAFF,0xAFC,0xAFA,0xAF7,0xAF7,0xAF0,
0xAEA,0xAEB,0xAE5,0xAE1,0xADF,0xADB,
0xAD3,0xAD2,0xAD5,0xAD7,0xADC,0xADB,
0xAD7,0xADD,0xAEC,0xAF6,0xAF0,0xAE6,
0xAE8,0xAF2,0xAF7,0xAFA,0xAF5,0xAF3,
0xAFB,0xB02,0xB03,0xB01,0xAFD,0xAF9,
0xAF7,0xAF5,0xAEF,0xAEC,0xAF3,0xAF9,
0xAFC,0xAF1,0xAE5,0xAE7,0xAEB,0xAE9,
0xAE6,0xAE5,0xAE7,0xAEB,0xAF1,0xAF7,
0xAFB,0xAF9,0xAF8,0xAFA,0xB00,0xB08,
0xB0D,0xB0B,0xB08,0xB0A,0xB0B,0xB0A,
0xB09,0xB06,0xB01,0xB00,0xAFE,0xAFC,
0xAF8,0xAFC,0xAFD,0xAF5,0xAEE,0xAF1,
0xAF9,0xAFE,0xB02,0xB07,0xB0D,0xB13,
0xB12,0xB17,0xB20,0xB21,0xB1D,0xB1F,
0xB1F,0xB21,0xB26,0xB2C,0xB2F,0xB28,
0xB23,0xB2A,0xB35,0xB3A,0xB2F,0xB23,
0xB27,0xB2D,0xB2A,0xB27,0xB2C,0xB2F,
0xB2A,0xB27,0xB2F,0xB3C,0xB3E,0xB38,
0xB38,0xB3C,0xB3C,0xB36,0xB35,0xB37,
0xB34,0xB2B,0xB2E,0xB34,0xB36,0xB2E,
0xB29,0xB28,0xB2C,0xB31,0xB35,0xB33,
0xB31,0xB2C,0xB2C,0xB32,0xB34,0xB30,
0xB29,0xB25,0xB24,0xB27,0xB29,0xB29,
0xB25,0xB25,0xB2D,0xB32,0xB31,0xB2F,
0xB32,0xB33,0xB2D,0xB28,0xB31,0xB3A,
0xB37,0xB30,0xB34,0xB3F,0xB42,0xB3C,
0xB35,0xB2F,0xB33,0xB3A,0xB3D,0xB40,
0xB39,0xB31,0xB33,0xB36,0xB34,0xB2F,
0xB2A,0xB2A,0xB2F,0xB30,0xB2C,0xB30,
0xB32,0xB2C,0xB29,0xB28,0xB26,0xB24,
0xB24,0xB24,0xB26,0xB2C,0xB2E,0xB28,
0xB25,0xB22,0xB20,0xB24,0xB27,0xB20,
0xB1D,0xB21,0xB27,0xB24,0xB1F,0xB1E,
0xB17,0xB13,0xB1A,0xB26,0xB27,0xB1A,
0xB0C,0xB10,0xB1C,0xB1C,0xB0D,0xB01,
0xB01,0xB06,0xB0E,0xB12,0xB0B,0xB03,
0xAFB,0xAF5,0xAF9,0xAFD,0xAF4,0xAE7,
0xAE2,0xAE9,0xAF1,0xAEF,0xAE8,0xAE6,
0xAE2,0xAE2,0xAE6,0xAE4,0xAE2,0xAE1,
0xADE,0xADB,0xADA,0xAD5,0xACC,0xAC6,
0xAC9,0xACF,0xACF,0xAC7,0xABF,0xAC9,
0xAD9,0xADB,0xAD0,0xAC9,0xAC5,0xABF,
0xAC0,0xAC6,0xAC9,0xAC7,0xAC1,0xAC0,
0xAC8,0xACE,0xACD,0xAC6,0xABF,0xAC0,
0xAC3,0xAC4,0xAC6,0xAC9,0xAC8,0xAC5,
0xAC5,0xAD1,0xADF,0xAE3,0xADA,0xAD7,
0xAD9,0xAD9,0xADA,0xADF,0xAE6,0xAEB,
0xAEA,0xAE8,0xAEE,0xAF5,0xAF3,0xAEC,
0xAEA,0xAEE,0xAF0,0xAED,0xAF0,0xAFB,
0xAFF,0xAFB,0xAFA,0xB05,0xB12,0xB11,
0xB01,0xAF7,0xAF8,0xAFB,0xAFF,0xB08,
0xB0D,0xB08,0xAFB,0xAF7,0xAFB,0xB00,
0xAFA,0xAF1,0xAF3,0xAF6,0xAF6,0xAF8,
0xAFE,0xAFC,0xAF9,0xAFC,0xB00,0xB05,
0xB09,0xB06,0xB01,0xB05,0xB0F,0xB15,
0xB19,0xB1C,0xB21,0xB27,0xB2E,0xB31,
0xB35,0xB3E,0xB42,0xB3A,0xB36,0xB3B,
0xB43,0xB40,0xB38,0xB38,0xB3B,0xB39,
0xB37,0xB3C,0xB44,0xB48,0xB3F,0xB3E,
0xB45,0xB4A,0xB4D,0xB4D,0xB4A,0xB4D,
0xB50,0xB49,0xB46,0xB47,0xB4B,0xB4D,
0xB4F,0xB51,0xB56,0xB5C,0xB60,0xB5D,
0xB5A,0xB5D,0xB5F,0xB5F,0xB65,0xB6B,
0xB66,0xB5C,0xB5F,0xB65,0xB5F,0xB53,
0xB4C,0xB4D,0xB4B,0xB43,0xB3A,0xB3A,
0xB3C,0xB3A,0xB3A,0xB3F,0xB44,0xB41,
0xB35,0xB38,0xB47,0xB4B,0xB43,0xB3B,
0xB3A,0xB3F,0xB40,0xB38,0xB33,0xB2F,
0xB2A,0xB25,0xB25,0xB29,0xB26,0xB1A,
0xB1B,0xB26,0xB2A,0xB29,0xB28,0xB24,
0xB26,0xB28,0xB22,0xB1D,0xB1B,0xB15,
0xB0B,0xB0A,0xB11,0xB15,0xB0E,0xB09,
0xB10,0xB18,0xB1B,0xB1E,0xB21,0xB22,
0xB22,0xB21,0xB23,0xB27,0xB25,0xB20,
0xB1D,0xB1B,0xB1C,0xB20,0xB1D,0xB14,
0xB0F,0xB0F,0xB10,0xB0D,0xB05,0xAFD,
0xAFF,0xB07,0xB0B,0xB0A,0xB09,0xB0B,
0xB0E,0xB0D,0xB0A,0xB0A,0xB10,0xB16,
0xB16,0xB16,0xB14,0xB17,0xB17,0xB13,
0xB14,0xB13,0xB0E,0xB0D,0xB13,0xB15,
0xB0C,0xB06,0xB0A,0xB10,0xB0D,0xB06,
0xB03,0xB05,0xB05,0xAFD,0xAED,0xAE6,
0xAE9,0xAEC,0xAE9,0xAE3,0xAD9,0xAD7,
0xAE0,0xAEE,0xAEF,0xAE9,0xAE2,0xAE5,
0xAEE,0xAF8,0xAFF,0xB05,0xB06,0xB03,
0xB0D,0xB1C,0xB19,0xB0C,0xB07,0xB07,
0xB08,0xB05,0xAFC,0xAF6,0xAF9,0xAF8,
0xAF2,0xAF7,0xB03,0xB07,0xB00,0xAFB,
0xB00,0xB04,0xB06,0xB05,0xB03,0xB06,
0xB11,0xB18,0xB22,0xB2A,0xB26,0xB1E,
0xB1D,0xB1F,0xB1D,0xB19,0xB16,0xB17,
0xB1A,0xB1A,0xB1E,0xB28,0xB31,0xB2B,
0xB23,0xB28,0xB33,0xB37,0xB2F,0xB26,
0xB29,0xB34,0xB36,0xB2C,0xB27,0xB2A,
0xB24,0xB20,0xB25,0xB30,0xB33,0xB35,
0xB3D,0xB43,0xB44,0xB40,0xB3A,0xB43,
0xB4A,0xB41,0xB31,0xB2C,0xB2A,0xB26,
0xB20,0xB21,0xB23,0xB25,0xB24,0xB21,
0xB1B,0xB1D,0xB1F,0xB17,0xB11,0xB13,
0xB13,0xB13,0xB19,0xB20,0xB20,0xB1B,
0xB16,0xB19,0xB1F,0xB20,0xB1D,0xB1B,
0xB1F,0xB1F,0xB19,0xB16,0xB1A,0xB1D,
0xB18,0xB13,0xB11,0xB11,0xB12,0xB10,
0xB0D,0xB0B,0xB07,0xB04,0xB04,0xB0A,
0xB0F,0xB0A,0xB01,0xAFB,0xAFB,0xB02,
0xB01,0xAF9,0xAF6,0xAFB,0xAFB,0xAF5,
0xAF6,0xAFC,0xAFD,0xB00,0xB0A,0xB12,
0xB12,0xB05,0xAF7,0xAF7,0xB03,0xB04,
0xAF6,0xAF0,0xAF2,0xAEF,0xAE8,0xAE7,
0xAEC,0xAF2,0xAEE,0xAE6,0xAE6,0xAF1,
0xAF8,0xAF1,0xAEE,0xAF8,0xB01,0xB02,
0xB03,0xB0A,0xB0C,0xB04,0xAF9,0xAFB,
0xB08,0xB09,0xAFF,0xAF5,0xAF5,0xAFA,
0xAFB,0xAFB,0xAFD,0xAFD,0xAF2,0xAE8,
0xAE7,0xAF3,0xAFA,0xAF3,0xAE9,0xAEF,
0xAFA,0xAFE,0xAF9,0xAF7,0xAF9,0xAF9,
0xAF3,0xAF2,0xAFB,0xB01,0xAFE,0xAF9,
0xB00,0xB0D,0xB13,0xB0E,0xB0A,0xB0C,
0xB0A,0xB06,0xB09,0xB0F,0xB0F,0xB06,
0xAFC,0xAFC,0xB01,0xAFD,0xAF4,0xAF0,
0xAEE,0xAEF,0xAF5,0xAFC,0xB08,0xB11,
0xB10,0xB10,0xB1A,0xB29,0xB30,0xB30,
0xB2F,0xB30,0xB2F,0xB29,0xB28,0xB2B,
0xB2D,0xB29,0xB23,0xB26,0xB2D,0xB28,
0xB1B,0xB1B,0xB26,0xB28,0xB22,0xB1E,
0xB24,0xB30,0xB35,0xB31,0xB29,0xB25,
0xB22,0xB1E,0xB22,0xB2A,0xB2E,0xB2A,
0xB27,0xB29,0xB2E,0xB29,0xB1F,0xB1C,
0xB22,0xB25,0xB24,0xB27,0xB30,0xB34,
0xB2B,0xB1E,0xB1D,0xB22,0xB20,0xB1A,
0xB11,0xB09,0xB06,0xB05,0xB0C,0xB16,
0xB14,0xB12,0xB10,0xB0D,0xB0F,0xB14,
0xB13,0xB11,0xB12,0xB12,0xB0D,0xB10,
0xB13,0xB12,0xB0B,0xB03,0xB02,0xB0A,
0xB0F,0xB0A,0xB07,0xB08,0xB03,0xAFB,
0xAFF,0xB0A,0xB10,0xB0B,0xB03,0xB01,
0xB06,0xB09,0xB05,0xB04,0xB0C,0xB0E,
0xB0B,0xB0C,0xB12,0xB14,0xB14,0xB0A,
0xB02,0xB06,0xB08,0xB00,0xAFB,0xB04,
0xB09,0xB05,0xB01,0xB07,0xB11,0xB0E,
0xB06,0xB01,0xB07,0xB09,0xB03,0xAFE,
0xB01,0xB02,0xAFE,0xAFC,0xAFF,0xB05,
0xB07,0xB06,0xB0A,0xB0D,0xB06,0xAFC,
0xAFB,0xAFF,0xAFF,0xAFB,0xAF7,0xAFA,
0xAFE,0xAF7,0xAF1,0xAF8,0xB00,0xAFF,
0xAFA,0xAFB,0xB02,0xB03,0xAF9,0xAF6,
0xB06,0xB15,0xB15,0xB0E,0xB09,0xB07,
0xB0A,0xB12,0xB17,0xB11,0xB06,0xB04,
0xB06,0xB09,0xB0C,0xB09,0xB00,0xAF9,
0xAFB,0xB05,0xB0F,0xB11,0xB0B,0xB06,
0xB0A,0xB0F,0xB14,0xB17,0xB1A,0xB17,
0xB12,0xB10,0xB0E,0xB0D,0xB0D,0xB0D,
0xB06,0xAFE,0xB00,0xB0C,0xB19,0xB18,
0xB10,0xB0C,0xB10,0xB16,0xB1E,0xB23,
0xB23,0xB20,0xB21,0xB25,0xB2E,0xB2E,
0xB25,0xB1B,0xB15,0xB14,0xB1A,0xB1E,
0xB18,0xB1B,0xB29,0xB31,0xB30,0xB30,
0xB2F,0xB2D,0xB2C,0xB26,0xB20,0xB21,
0xB1E,0xB1C,0xB27,0xB36,0xB33,0xB29,
0xB29,0xB2D,0xB2D,0xB2D,0xB2C,0xB20,
0xB11,0xB0C,0xB13,0xB19,0xB1A,0xB12,
0xB10,0xB22,0xB32,0xB31,0xB29,0xB27,
0xB22,0xB1E,0xB21,0xB1F,0xB1C,0xB21,
0xB24,0xB28,0xB35,0xB3F,0xB3E,0xB36,
0xB2C,0xB2A,0xB34,0xB3B,0xB33,0xB2C,
0xB37,0xB3E,0xB3A,0xB38,0xB37,0xB39,
0xB40,0xB3D,0xB40,0xB4E,0xB58,0xB50,
0xB45,0xB45,0xB4A,0xB44,0xB3D,0xB41,
0xB4A,0xB55,0xB5A,0xB57,0xB55,0xB50,
0xB4C,0xB47,0xB41,0xB3B,0xB2C,0xB1E,
0xB22,0xB2C,0xB28,0xB1F,0xB2C,0xB3A,
0xB3F,0xB45,0xB49,0xB44,0xB3A,0xB32,
0xB2E,0xB2B,0xB2F,0xB38,0xB3D,0xB45,
0xB48,0xB46,0xB3E,0xB38,0xB37,0xB29,
0xB19,0xB1C,0xB22,0xB27,0xB21,0xB0A,
0xAFA,0xB04,0xB08,0xAFE,0xB0A,0xB1F,
0xB20,0xB25,0xB31,0xB27,0xB0B,0xAEA,
0xAC7,0xAA5,0xA93,0xA95,0xAB7,0xAF9,
0xB24,0xB22,0xB15,0xAFD,0xAD1,0xAAB,
0xA84,0xA5E,0xA4E,0xA64,0xA89,0xAAE,
0xADB,0xAF7,0xB04,0xB11,0xB0E,0xAF7,
0xAE0,0xAD4,0xAC0,0xAAE,0xAA9,0xA9C,
0xA99,0xABC,0xAE0,0xAF2,0xAFE,0xB10,
0xB0F,0xAF7,0xAE0,0xAD9,0xAE7,0xAFA,
0xAFC,0xAE7,0xABF,0xA9F,0xA9A,0xAA2,
0xAAB,0xAD3,0xB08,0xB29,0xB5D,0xB92,
0xB8F,0xB5C,0xB1D,0xADA,0xA9E,0xA89,
0xA9F,0xAB0,0xAC1,0xAFA,0xB2B,0xB41,
0xB61,0xB6C,0xB45,0xB19,0xAF4,0xABF,
0xAB0,0xADF,0xAF3,0xAF2,0xB0D,0xB17,
0xB18,0xB41,0xB5F,0xB5C,0xB65,0xB6A,
0xB38,0xAED,0xAB6,0xA84,0xA95,0xAF1,
0xB3B,0xB7F,0xBCD,0xBF5,0xBE0,0xBAC,
0xB6C,0xB07,0xAA0,0xA4C,0x9FF,0xA04,
0xA40,0xA6E,0xAA8,0xB09,0xB6B,0xBA6,
0xBBA,0xBAD,0xB95,0xB77,0xB2D,0xAC2,
0xA77,0xA5D,0xA55,0xA6F,0xACD,0xB33,
0xB6F,0xB83,0xB92,0xBB1,0xBC4,0xBB4,
0xB7D,0xB3C,0xAF7,0xAA9,0xA68,0xA33,
0xA17,0xA14,0xA1B,0xA65,0xAEC,0xB5D,
0xB9E,0xBBB,0xBB2,0xB68,0xB00,0xAB3,
0xA6D,0xA2B,0xA17,0xA39,0xA82,0xAF7,
0xB6A,0xB99,0xBA4,0xBBB,0xBAA,0xB65,
0xB33,0xB11,0xACF,0xA98,0xA85,0xA7A,
0xA72,0xA8B,0xABD,0xAF0,0xB50,0xBBE,
0xBD8,0xBB8,0xB7D,0xB2B,0xAE9,0xABF,
0xA92,0xA54,0xA31,0xA3D,0xA79,0xAF0,
0xB66,0xBB9,0xBF8,0xC0F,0xBF3,0xBBD,
0xB7C,0xB33,0xAE1,0xAAB,0xAA6,0xAAD,
0xAD3,0xB30,0xB88,0xBB9,0xBD5,0xBF5,
0xC0A,0xBF7,0xBC2,0xB76,0xB29,0xADC,
0xA71,0xA2B,0xA3E,0xA6D,0xA96,0xAC2,
0xAFD,0xB47,0xB93,0xBE2,0xC17,0xC22,
0xC07,0xBBA,0xB5A,0xAFD,0xAA0,0xA63,
0xA6F,0xAB9,0xB1F,0xB90,0xBE4,0xBFE,
0xC0B,0xC16,0xBDE,0xB79,0xB22,0xAB5,
0xA36,0x9DD,0x9BE,0x9E2,0xA44,0xAB1,
0xB0B,0xB73,0xBD1,0xBF9,0xC0A,0xBEB,
0xB91,0xB28,0xAC4,0xA71,0xA55,0xA71,
0xAA5,0xAF8,0xB61,0xBBD,0xC08,0xC34,
0xC0A,0xB91,0xAFC,0xA61,0x9EE,0x9BE,
0x9C5,0x9FB,0xA65,0xADB,0xB48,0xBB1,
0xBF0,0xBF0,0xBCC,0xB85,0xB1C,0xAB9,
0xA8F,0xA7B,0xA67,0xA67,0xA72,0xA96,
0xAD4,0xB1E,0xB59,0xB7D,0xBA4,0xBBA,
0xBA5,0xB85,0xB58,0xB0F,0xABC,0xA77,
0xA48,0xA37,0xA5B,0xAA0,0xADD,0xB26,
0xB77,0xB98,0xB8A,0xB67,0xB28,0xADD,
0xAAA,0xA8D,0xA86,0xAA1,0xACE,0xAF2,
0xB36,0xB98,0xBE3,0xC20,0xC23,0xBCF,
0xB5A,0xAE9,0xA7B,0xA34,0xA3E,0xA72,
0xAA5,0xAEE,0xB38,0xB71,0xBA8,0xBE1,
0xC05,0xBFC,0xBD0,0xB8C,0xB3C,0xB03,
0xAE9,0xADB,0xAE2,0xB03,0xB41,0xBA9,
0xC19,0xC5C,0xC59,0xC18,0xBCC,0xB82,
0xB19,0xAA9,0xA52,0xA0A,0x9E1,0x9F6,
0xA41,0xAB0,0xB31,0xBA4,0xBFA,0xC45,
0xC70,0xC6D,0xC35,0xBDA,0xB6C,0xB08,
0xAD2,0xAB8,0xAAE,0xAC8,0xAFE,0xB3A,
0xB6B,0xB9E,0xBBE,0xBB3,0xB93,0xB4B,
0xAD5,0xA5F,0xA03,0x9C6,0x9BA,0x9EB,
0xA3B,0xA9E,0xB07,0xB69,0xBBB,0xC01,
0xC2C,0xC15,0xBD6,0xB9C,0xB54,0xAF8,
0xAC1,0xABE,0xAD3,0xAED,0xB0C,0xB2A,
0xB52,0xB72,0xB67,0xB4F,0xB46,0xB34,
0xB19,0xB15,0xB1E,0xB0F,0xB0A,0xB17,
0xB02,0xAD7,0xAB5,0xAA8,0xAAE,0xACA,
0xADE,0xADC,0xAD4,0xAC3,0xAB6,0xAB9,
0xAD5,0xAF5,0xB12,0xB3F,0xB5B,0xB65,
0xB63,0xB42,0xB13,0xACC,0xA7A,0xA43,
0xA1C,0xA03,0x9FD,0xA1A,0xA59,0xA9B,
0xAD4,0xAF0,0xAEC,0xAD0,0xAA2,0xA77,
0xA56,0xA46,0xA46,0xA3C,0xA3E,0xA67,
0xAA5,0xAD9,0xAFE,0xB1E,0xB29,0xB0F,
0xAF4,0xADE,0xAB5,0xA9D,0xA9F,0xA9F,
0xAA2,0xAAD,0xAB8,0xAA7,0xA95,0xAA0,
0xA9D,0xA93,0xA98,0xAA4,0xAC6,0xB0A,
0xB43,0xB59,0xB65,0xB68,0xB5A,0xB4E,
0xB55,0xB53,0xB3F,0xB0D,0xACE,0xAAA,
0xAA7,0xAB0,0xAD1,0xB00,0xB23,0xB3C,
0xB40,0xB2F,0xB25,0xB3B,0xB66,0xB81,
0xB8B,0xB8B,0xB85,0xB7C,0xB86,0xB96,
0xB94,0xB90,0xB8B,0xB7F,0xB88,0xBA8,
0xBC7,0xBD6,0xBE1,0xBEE,0xBED,0xBD8,
0xBA9,0xB65,0xB1E,0xAF1,0xAE8,0xB06,
0xB4F,0xB9D,0xBE3,0xC1B,0xC3B,0xC42,
0xC28,0xBE3,0xB8C,0xB46,0xB17,0xAF9,
0xAEF,0xAF3,0xB15,0xB48,0xB6D,0xB90,
0xBBD,0xBDD,0xBE2,0xBD7,0xBB7,0xB72,
0xB30,0xB06,0xAE1,0xAC4,0xAAB,0xA9B,
0xAB9,0xB07,0xB66,0xBB4,0xBF9,0xC2F,
0xC39,0xC26,0xBF5,0xBB2,0xB64,0xB0B,
0xABC,0xA82,0xA6B,0xA77,0xA9B,0xAC2,
0xAE2,0xAFE,0xB0D,0xB01,0xADC,0xAB4,
0xA7C,0xA43,0xA2C,0xA2F,0xA32,0xA55,
0xAA4,0xAE5,0xB05,0xB07,0xAE8,0xAD7,
0xADC,0xAD4,0xAC1,0xABD,0xADB,0xB01,
0xB18,0xB24,0xB1C,0xB1A,0xB19,0xB10,
0xB0D,0xAFE,0xAF0,0xAE1,0xAC7,0xAA3,
0xA78,0xA66,0xA60,0xA62,0xA87,0xABE,
0xAF3,0xB1B,0xB3A,0xB4B,0xB4E,0xB57,
0xB4D,0xB28,0xB13,0xB05,0xAED,0xAD5,
0xAB8,0xAAA,0xAB0,0xAD7,0xB09,0xB28,
0xB41,0xB48,0xB38,0xB13,0xADB,0xAB3,
0xAA7,0xAAD,0xAC9,0xAEE,0xB1D,0xB54,
0xB85,0xB97,0xB86,0xB77,0xB5C,0xB27,
0xAF3,0xADD,0xAEE,0xAFC,0xB0B,0xB1A,
0xB1A,0xB18,0xB01,0xAE9,0xAD3,0xAA6,
0xA6C,0xA47,0xA54,0xA6A,0xA83,0xAAC,
0xAD3,0xB0C,0xB33,0xB2F,0xB2B,0xB31,
0xB32,0xB2A,0xB21,0xB18,0xB18,0xB30,
0xB32,0xB1F,0xB18,0xAFE,0xADA,0xAC7,
0xAB2,0xABE,0xAE8,0xB08,0xB20,0xB26,
0xB1C,0xB17,0xB15,0xAF4,0xABE,0xA8F,
0xA57,0xA38,0xA4A,0xA62,0xA81,0xA9D,
0xAB7,0xAD1,0xAE6,0xB01,0xB10,0xB05,
0xAE1,0xABD,0xAC7,0xAE7,0xB07,0xB28,
0xB3B,0xB48,0xB40,0xB33,0xB3A,0xB45,
0xB42,0xB3A,0xB1E,0xAF1,0xACA,0xAAB,
0xA99,0xA92,0xA92,0xA9F,0xAC8,0xB09,
0xB3C,0xB4C,0xB61,0xB84,0xB97,0xB8A,
0xB6E,0xB4E,0xB2F,0xB1A,0xB0B,0xB09,
0xB17,0xB2C,0xB42,0xB65,0xB91,0xBB0,
0xBB4,0xBB3,0xBA5,0xB83,0xB5A,0xB40,
0xB30,0xB25,0xB29,0xB3F,0xB5C,0xB7F,
0xBA5,0xBC8,0xBE7,0xBE0,0xBB2,0xB7C,
0xB4B,0xB21,0xB0B,0xB13,0xB21,0xB2E,
0xB47,0xB5A,0xB6A,0xB78,0xB6F,0xB43,
0xB06,0xAF0,0xAF2,0xAE8,0xAD7,0xAE0,
0xB15,0xB56,0xB96,0xBC8,0xBD6,0xBE2,
0xBD0,0xB9D,0xB62,0xB02,0xABC,0xA94,
0xA6A,0xA4D,0xA2A,0xA33,0xA80,0xB05,
0xBBE,0xC37,0xC92,0xCF6,0xD01,0xCD3,
0xC5F,0xB94,0xA9A,0x98B,0x8F9,0x8EA,
0x90C,0x96A,0x9D8,0xA8D,0xB5D,0xBDB,
0xC3D,0xC78,0xC76,0xC60,0xC4B,0xC47,
0xC0C,0xBAC,0xB5F,0xAEE,0xA92,0xA4C,
0xA03,0x9E7,0xA04,0xA64,0xAE4,0xB53,
0xBA2,0xB9F,0xB76,0xB3A,0xAE7,0xA87,
0xA1E,0xA00,0xA3F,0xAC5,0xB6A,0xBCF,
0xC12,0xC32,0xC11,0xBD8,0xB8F,0xB40,
0xAE2,0xABA,0xADE,0xB0B,0xB34,0xB29,
0xAF2,0xAB7,0xA5E,0xA2F,0xA25,0xA10,
0xA1D,0xA51,0xAD2,0xB55,0xB93,0xBAA,
0xB8A,0xB52,0xB2A,0xB26,0xB55,0xB72,
0xB95,0xBEC,0xC2B,0xC3A,0xBE1,0xB4D,
0xAD3,0xA5F,0xA19,0x9F9,0x9D8,0x9BC,
0x992,0x994,0x9AA,0x992,0x94C,0x8E6,
0x8B7,0x8D9,0x948,0x9FA,0xAC4,0xB7E,
0xC07,0xC91,0xD15,0xD25,0xCD2,0xC5B,
0xBE6,0xB9F,0xB61,0xB10,0xABC,0xA71,
0xA51,0xA59,0xA76,0xA84,0xA81,0xAA0,
0xAD4,0xB10,0xB3F,0xB59,0xB8E,0xBC0,
0xBCF,0xBD3,0xBC8,0xBD4,0xBFC,0xC27,
0xC3A,0xC0B,0xBD9,0xBB9,0xB94,0xB4E,
0xAF2,0xA9D,0xA5D,0xA3A,0xA24,0xA05,
0xA13,0xA5E,0xAC5,0xB33,0xB97,0xBDD,
0xBFE,0xC14,0xC01,0xBCC,0xB70,0xAF8,
0xA9E,0xA59,0xA20,0x9E5,0x9B7,0x9E0,
0xA4C,0xAD3,0xB6B,0xBAE,0xB9C,0xB85,
0xB64,0xB1C,0xACE,0xAA6,0xA7D,0xA55,
0xA62,0xA6E,0xA80,0xAC2,0xAF4,0xB16,
0xB25,0xB09,0xAF4,0xAE8,0xAE5,0xAF4,
0xB07,0xB22,0xB16,0xB0D,0xAFF,0xAF1,
0xB0C,0xB35,0xB6D,0xBB6,0xC02,0xC54,
0xC74,0xC83,0xC92,0xC83,0xC92,0xC97,
0xC67,0xC0D,0xB9B,0xB33,0xAD3,0xA73,
0xA0D,0x9AF,0x989,0x987,0x995,0x9C2,
0x9EC,0xA16,0xA52,0xAA6,0xAFE,0xB55,
0xBA4,0xBEB,0xC26,0xC48,0xC35,0xBF4,
0xB99,0xB4E,0xB1F,0xB04,0xAF3,0xAF2,
0xB23,0xB62,0xB76,0xB5A,0xB35,0xB1C,
0xB0A,0xAFE,0xB00,0xAF4,0xAF3,0xB26,
0xB8C,0xBFB,0xC49,0xC74,0xC71,0xC40,
0xBF6,0xB96,0xB2A,0xAC5,0xA7D,0xA56,
0xA2A,0x9FC,0x9D5,0x9D1,0xA16,0xA80,
0xAF5,0xB67,0xBC3,0xC08,0xC2A,0xC1D,
0xBCD,0xB38,0xAA8,0xA20,0x99C,0x929,
0x8D3,0x8D5,0x92E,0x9AC,0xA3C,0xABE,
0xB25,0xB65,0xB7E,0xB70,0xB17,0xAAD,
0xA66,0xA39,0xA3B,0xA53,0xA78,0xAC2,
0xB0C,0xB67,0xBC0,0xBF2,0xBEF,0xBB2,
0xB6E,0xB27,0xABE,0xA3E,0x9D1,0x999,
0x9B6,0xA1D,0xAAA,0xB42,0xBD9,0xC65,
0xCC4,0xCD9,0xCA4,0xC23,0xB84,0xB00,
0xA91,0xA50,0xA37,0xA28,0xA52,0xAE2,
0xB9B,0xC30,0xCA3,0xD00,0xD23,0xD08,
0xCAD,0xC16,0xB6C,0xAC9,0xA1E,0x96D,
0x8D6,0x86D,0x85B,0x8B2,0x92F,0x9AF,
0xA29,0xAA7,0xB29,0xB87,0xBAE,0xBA8,
0xB91,0xB70,0xB40,0xB1B,0xB08,0xB08,
0xB25,0xB57,0xB97,0xBCA,0xBE2,0xBE4,
0xBC2,0xB97,0xB82,0xB7C,0xB7E,0xB6B,
0xB4C,0xB52,0xB6D,0xB89,0xB83,0xB54,
0xB15,0xABE,0xA4B,0x9D2,0x967,0x90E,
0x8D8,0x8D9,0x90A,0x953,0x9B1,0xA34,
0xAC0,0xB2D,0xB59,0xB59,0xB69,0xB87,
0xBA6,0xBCA,0xBE0,0xBED,0xC07,0xC28,
0xC2B,0xBED,0xB86,0xB06,0xA89,0xA2C,
0x9E7,0x9D0,0x9CC,0x9D6,0xA0E,0xA60,
0xABD,0xB18,0xB6C,0xBBA,0xBF9,0xC2C,
0xC4D,0xC61,0xC65,0xC4B,0xC1D,0xBD3,
0xB7C,0xB50,0xB66,0xB84,0xB85,0xB89,
0xBAD,0xBEC,0xC2A,0xC33,0xC0B,0xBCF,
0xB9C,0xB83,0xB65,0xB34,0xAF7,0xADC,
0xAF9,0xB29,0xB62,0xB9D,0xBD6,0xBFD,
0xBF9,0xBD5,0xB80,0xB1C,0xAE7,0xAC1,
0xA99,0xA8A,0xAB2,0xB0B,0xB67,0xBB7,
0xBE4,0xBE4,0xBCA,0xB93,0xB50,0xB04,
0xA9B,0xA3B,0xA0B,0x9EF,0x9F6,0xA30,
0xA90,0xAEB,0xB29,0xB50,0xB4E,0xB2C,
0xB02,0xACC,0xA8D,0xA4E,0xA23,0xA23,
0xA56,0xAB4,0xB32,0xBA9,0xC06,0xC5B,
0xCA7,0xCE5,0xD06,0xD15,0xCF9,0xCB7,
0xC6E,0xC00,0xB69,0xAB0,0x9FB,0x96F,
0x90D,0x8D6,0x8C1,0x8C5,0x8F8,0x94C,
0x9A8,0xA01,0xA4F,0xA85,0xA95,0xA8D,
0xA8B,0xAC1,0xB30,0xB93,0xBDD,0xC1A,
0xC51,0xC78,0xC65,0xC17,0xB8F,0xAEB,
0xA79,0xA36,0xA06,0x9D9,0x9C3,0x9FA,
0xA6C,0xAD4,0xB03,0xB00,0xAFE,0xB09,
0xB13,0xB15,0xB01,0xAFA,0xB12,0xB1D,
0xAFC,0xAB6,0xA85,0xA83,0xAA7,0xAE6,
0xB27,0xB61,0xB97,0xBBF,0xBE3,0xC08,
0xC17,0xC0B,0xBEC,0xBDE,0xBE9,0xBEC,
0xBEA,0xBD0,0xBA3,0xB7E,0xB56,0xB1D,
0xACD,0xA7C,0xA57,0xA6B,0xAB0,0xAF1,
0xB07,0xB1E,0xB3B,0xB46,0xB3D,0xB2E,
0xB21,0xB07,0xAEB,0xAC9,0xA8A,0xA4B,
0xA21,0xA07,0x9F7,0x9FD,0xA19,0xA53,
0xAB8,0xB34,0xB8D,0xBA5,0xB93,0xB6B,
0xB2D,0xAD8,0xA6D,0xA20,0x9F7,0x9F2,
0xA2F,0xA88,0xAE3,0xB46,0xBBF,0xC36,
0xC8A,0xCCB,0xCD9,0xCAA,0xC6A,0xC2B,
0xC02,0xBDF,0xBAB,0xB85,0xB74,0xB6A,
0xB6C,0xB75,0xB8A,0xB97,0xB97,0xB8A,
0xB52,0xAF6,0xA95,0xA58,0xA45,0xA34,
0xA2B,0xA35,0xA4F,0xA6A,0xA8C,0xABE,
0xAE6,0xB0B,0xB34,0xB48,0xB3E,0xB23,
0xB04,0xAFA,0xB0F,0xB16,0xB11,0xB21,
0xB43,0xB56,0xB52,0xB4F,0xB3E,0xB15,
0xAED,0xAC9,0xAB7,0xABD,0xACB,0xAF0,
0xB24,0xB67,0xBA3,0xBC9,0xBE1,0xBCC,
0xBA9,0xB91,0xB70,0xB63,0xB77,0xB9F,
0xBC8,0xBE4,0xBEB,0xBDA,0xBC9,0xBB7,
0xB92,0xB78,0xB74,0xB70,0xB68,0xB4E,
0xB25,0xAFF,0xAF2,0xAFC,0xAF9,0xAF5,
0xB22,0xB61,0xB9B,0xBCC,0xBCE,0xBA7,
0xB79,0xB44,0xAF5,0xA86,0xA2E,0xA08,
0xA18,0xA5C,0xA9A,0xAC4,0xAD1,0xAA7,
0xA64,0xA29,0xA01,0x9F6,0xA05,0xA36,
0xA7A,0xAC8,0xB1F,0xB64,0xB92,0xBA0,
0xB91,0xB79,0xB50,0xB1E,0xAFC,0xAF0,
0xAF4,0xAFA,0xAF7,0xAFC,0xB02,0xB15,
0xB45,0xB82,0xBC2,0xBED,0xC0D,0xC3E,
0xC61,0xC58,0xC08,0xB91,0xB20,0xAA4,
0xA2B,0x9B4,0x947,0x918,0x918,0x92B,
0x941,0x959,0x970,0x973,0x972,0x979,
0x99C,0x9D7,0xA15,0xA6E,0xAD4,0xB15,
0xB3D,0xB58,0xB66,0xB6B,0xB78,0xB9D,
0xBB5,0xBAE,0xBAD,0xBC7,0xBE9,0xBEF,
0xBD3,0xBAB,0xB74,0xB25,0xAD8,0xAAA,
0xA88,0xA5B,0xA37,0xA34,0xA33,0xA15,
0x9F4,0x9E9,0x9F8,0xA1F,0xA53,0xA9A,
0xB03,0xB74,0xBD2,0xC33,0xC8B,0xCBA,
0xCC5,0xCAE,0xC84,0xC5D,0xC3D,0xC1B,
0xBFB,0xBEE,0xBE2,0xBDE,0xBE9,0xBD6,
0xBAC,0xB81,0xB45,0xAEE,0xAA6,0xA79,
0xA38,0x9E0,0x98B,0x940,0x90E,0x8F7,
0x8FD,0x919,0x931,0x961,0x9C5,0xA2F,
0xA82,0xAC3,0xAF9,0xB21,0xB40,0xB5D,
0xB5D,0xB48,0xB35,0xB38,0xB52,0xB67,
0xB6F,0xB7E,0xB92,0xBA5,0xBB8,0xBBF,
0xBAC,0xB93,0xB85,0xB7F,0xB88,0xB95,
0xB96,0xB8F,0xB74,0xB49,0xB12,0xAC5,
0xA7B,0xA3A,0xA04,0x9E9,0x9E4,0x9FD,
0xA27,0xA69,0xAD6,0xB4E,0xBA4,0xBD3,
0xBEE,0xBFA,0xBF0,0xBD2,0xB9E,0xB48,
0xAF3,0xABC,0xA9F,0xA87,0xA71,0xA6D,
0xA7D,0xA8F,0xA9A,0xAA5,0xAD1,0xB0D,
0xB41,0xB69,0xB80,0xBA0,0xBC1,0xBCA,
0xBAE,0xB80,0xB60,0xB55,0xB62,0xB7A,
0xB83,0xB82,0xB89,0xBAD,0xBD5,0xBE2,
0xBD7,0xBC1,0xBBA,0xBD0,0xBEA,0xC04,
0xC1A,0xC1E,0xC1F,0xC28,0xC31,0xC2D,
0xC22,0xC1C,0xC14,0xC12,0xC0B,0xBD9,
0xB85,0xB35,0xAE9,0xAA7,0xA7A,0xA51,
0xA2F,0xA33,0xA5C,0xA86,0xA98,0xA99,
0xA8A,0xA70,0xA61,0xA6C,0xA7E,0xA8D,
0xAA1,0xABA,0xAD0,0xAD1,0xAC4,0xABA,
0xAB8,0xAB8,0xABD,0xAD4,0xAD7,0xABA,
0xA96,0xA76,0xA5F,0xA5E,0xA68,0xA74,
0xA93,0xAD3,0xB19,0xB5C,0xB9E,0xBD3,
0xBF1,0xC00,0xBF3,0xBCA,0xB8D,0xB47,
0xB0C,0xAEF,0xAEE,0xAF2,0xAF0,0xAF4,
0xAFF,0xB12,0xB31,0xB51,0xB61,0xB59,
0xB3F,0xB17,0xAE4,0xAB9,0xAA1,0xA8D,
0xA76,0xA5C,0xA4D,0xA57,0xA69,0xA74,
0xA83,0xA9E,0xAC8,0xAFC,0xB25,0xB53,
0xB9B,0xBD2,0xBD4,0xBBE,0xBA6,0xB7B,
0xB53,0xB3C,0xB1E,0xAF5,0xAC6,0xAA5,
0xAA2,0xA9F,0xA91,0xA88,0xA8E,0xAA2,
0xAC7,0xAFE,0xB2D,0xB52,0xB7F,0xBB3,
0xBE6,0xC0C,0xC1A,0xC0F,0xBF8,0xBD5,
0xBA3,0xB6F,0xB3F,0xB13,0xAEA,0xAC8,
0xAB5,0xAB1,0xAB1,0xAB7,0xAC6,0xADC,
0xAE9,0xAF2,0xB00,0xB04,0xAF7,0xAF0,
0xB00,0xB24,0xB3F,0xB4A,0xB4C,0xB3B,
0xB20,0xB0E,0xB08,0xAF9,0xAD8,0xAC2,
0xAC1,0xADE,0xB15,0xB39,0xB47,0xB4C,
0xB47,0xB43,0xB43,0xB4B,0xB64,0xB8B,
0xBB3,0xBCA,0xBD9,0xBDD,0xBD2,0xBBA,
0xB98,0xB70,0xB40,0xB12,0xAEF,0xADE,
0xAEE,0xB1A,0xB37,0xB40,0xB48,0xB55,
0xB59,0xB63,0xB81,0xB9B,0xB9E,0xBA6,
0xBB3,0xBA6,0xB79,0xB40,0xB0B,0xAD7,
0xAAE,0xA93,0xA85,0xA93,0xABE,0xB03,
0xB52,0xB8E,0xBB7,0xBCF,0xBC2,0xB82,
0xB2E,0xAE1,0xA9F,0xA70,0xA63,0xA5F,
0xA53,0xA49,0xA48,0xA55,0xA65,0xA79,
0xA97,0xAC9,0xB0D,0xB47,0xB60,0xB6E,
0xB7C,0xB7B,0xB61,0xB46,0xB33,0xB21,
0xB2A,0xB46,0xB5B,0xB5C,0xB48,0xB25,
0xB19,0xB2A,0xB45,0xB50,0xB4A,0xB37,
0xB21,0xB10,0xAF3,0xACE,0xAAD,0xAA5,
0xAB4,0xABA,0xAAE,0xA9A,0xA79,0xA5F,
0xA4E,0xA3C,0xA22,0xA09,0xA03,0xA1D,
0xA4B,0xA6B,0xA74,0xA6D,0xA5A,0xA49,
0xA3A,0xA24,0xA0D,0x9FF,0xA08,0xA36,
0xA79,0xAB9,0xAE4,0xAF3,0xAEA,0xAE2,
0xAE8,0xAE5,0xADC,0xAD9,0xAD4,0xAD5,
0xADB,0xADE,0xAE5,0xB04,0xB30,0xB54,
0xB7C,0xBAF,0xBD0,0xBD8,0xBC8,0xBA2,
0xB70,0xB2F,0xAE2,0xA90,0xA51,0xA35,
0xA32,0xA4A,0xA7D,0xAB4,0xAF0,0xB33,
0xB6D,0xB97,0xBA8,0xBA1,0xB8C,0xB6D,
0xB48,0xB1E,0xAFA,0xAE2,0xAD9,0xAD7,
0xACE,0xAC9,0xACB,0xAD2,0xAD9,0xAE2,
0xAF8,0xB17,0xB35,0xB56,0xB71,0xB84,
0xB98,0xBB0,0xBB7,0xB97,0xB64,0xB2A,
0xAEF,0xAB1,0xA71,0xA47,0xA36,0xA39,
0xA57,0xA78,0xA9B,0xACA,0xB06,0xB3B,
0xB5C,0xB7C,0xBA4,0xBCB,0xC01,0xC34,
0xC55,0xC6A,0xC69,0xC58,0xC3F,0xC1A,
0xBE0,0xB9B,0xB64,0xB2A,0xAEF,0xAC4,
0xAA3,0xA87,0xA74,0xA63,0xA4E,0xA4B,
0xA71,0xAA7,0xAD9,0xB13,0xB44,0xB5A,
0xB6B,0xB81,0xB8B,0xB7C,0xB6A,0xB6C,
0xB94,0xBD6,0xC0A,0xC29,0xC32,0xC2D,
0xC2B,0xC21,0xC01,0xBC9,0xB89,0xB59,
0xB2C,0xB03,0xAE8,0xAD3,0xACD,0xAE2,
0xB09,0xB35,0xB5C,0xB87,0xBAB,0xBAF,
0xB99,0xB67,0xB20,0xACC,0xA74,0xA30,
0xA08,0xA05,0xA1D,0xA3D,0xA78,0xAC7,
0xB06,0xB36,0xB5C,0xB78,0xB8A,0xB92,
0xB84,0xB5B,0xB32,0xB10,0xAE9,0xAC5,
0xAA9,0xA9A,0xAAA,0xADA,0xB17,0xB4B,
0xB68,0xB60,0xB3D,0xB0E,0xACE,0xA92,
0xA5F,0xA27,0xA03,0xA0C,0xA3C,0xA82,
0xAD4,0xB21,0xB5A,0xB8F,0xBB9,0xBC5,
0xBBC,0xBA0,0xB6B,0xB2B,0xAE7,0xAA7,
0xA6E,0xA44,0xA37,0xA36,0xA41,0xA5D,
0xA84,0xABD,0xB03,0xB57,0xBB2,0xC0F,
0xC68,0xCAC,0xCCC,0xCCD,0xCB9,0xC92,
0xC50,0xBFF,0xBB8,0xB6F,0xB21,0xADF,
0xAAD,0xA83,0xA5A,0xA2A,0x9F1,0x9BE,
0x997,0x98F,0x9AC,0x9DE,0xA17,0xA60,
0xABD,0xB0D,0xB4A,0xB7C,0xB92,0xB8C,
0xB77,0xB61,0xB3E,0xB08,0xAD3,0xAAD,
0xA8F,0xA72,0xA4E,0xA21,0x9F7,0x9EB,
0xA01,0xA25,0xA52,0xA8D,0xAD3,0xB15,
0xB50,0xB8A,0xBBF,0xBE3,0xBFA,0xC02,
0xBFE,0xBE6,0xBC5,0xBAB,0xB99,0xB96,
0xB91,0xB7C,0xB58,0xB3C,0xB34,0xB25,
0xB0B,0xB00,0xB07,0xB12,0xB1F,0xB3F,
0xB61,0xB7B,0xBA2,0xBD8,0xC0A,0xC37,
0xC5B,0xC6D,0xC5A,0xC24,0xBDF,0xB88,
0xB27,0xABD,0xA50,0x9F1,0x9AF,0x991,
0x999,0x9C3,0x9FA,0xA36,0xA7C,0xAC6,
0xB02,0xB35,0xB6F,0xBA5,0xBC3,0xBBC,
0xB9F,0xB71,0xB39,0xB03,0xAD0,0xAA6,
0xA79,0xA50,0xA3D,0xA44,0xA56,0xA64,
0xA70,0xA74,0xA71,0xA7E,0xA9C,0xAB8,
0xADA,0xB0F,0xB53,0xB97,0xBC3,0xBCC,
0xBB9,0xB99,0xB6A,0xB3E,0xB27,0xB09,
0xAE0,0xAC1,0xAAE,0xAA0,0xA94,0xA93,
0xA9B,0xAA8,0xAB0,0xABD,0xADA,0xAF6,
0xB09,0xB23,0xB3C,0xB41,0xB3D,0xB39,
0xB37,0xB42,0xB5A,0xB71,0xB76,0xB60,
0xB38,0xB15,0xB0B,0xB03,0xAE9,0xAD4,
0xAD1,0xAD5,0xAE0,0xAF8,0xB17,0xB2E,
0xB47,0xB6C,0xB93,0xBB6,0xBCA,0xBCA,
0xBC5,0xBC0,0xBAA,0xB7A,0xB36,0xAE8,
0xA9E,0xA70,0xA5C,0xA4B,0xA41,0xA4C,
0xA66,0xA80,0xA99,0xABB,0xAED,0xB2A,
0xB57,0xB6D,0xB7D,0xB88,0xB8C,0xB8C,
0xB85,0xB76,0xB62,0xB53,0xB47,0xB33,
0xB1A,0xAFE,0xAEA,0xAE4,0xAE5,0xAE8,
0xAEA,0xAED,0xAF0,0xAFC,0xB1A,0xB38,
0xB4E,0xB6C,0xB93,0xBB3,0xBCE,0xBE5,
0xBED,0xBEC,0xBE8,0xBE2,0xBDA,0xBD3,
0xBC9,0xBC2,0xBBC,0xBA4,0xB75,0xB39,
0xAFA,0xAC6,0xAAC,0xAA6,0xAA5,0xAA5,
0xAA3,0xAA2,0xAAC,0xABF,0xAD0,0xAEA,
0xB1E,0xB5C,0xB96,0xBCD,0xC02,0xC1B,
0xC09,0xBD9,0xB90,0xB33,0xADA,0xA8A,
0xA4B,0xA24,0xA0A,0xA01,0xA13,0xA33,
0xA56,0xA87,0xAC9,0xB19,0xB5E,0xB92,
0xBA9,0xBA5,0xB8D,0xB65,0xB32,0xB00,
0xAD6,0xAB9,0xAAB,0xAAF,0xABD,0xAC8,
0xADC,0xAF9,0xB1B,0xB42,0xB6A,0xB8E,
0xBB1,0xBD5,0xBF9,0xC0A,0xC02,0xBF6,
0xBE0,0xBC4,0xB9F,0xB7A,0xB58,0xB3E,
0xB2A,0xB20,0xB10,0xAFD,0xAFE,0xB1A,
0xB45,0xB67,0xB7E,0xB8C,0xB9D,0xBA8,
0xBAB,0xBA3,0xB8D,0xB71,0xB4E,0xB20,
0xAEA,0xAAF,0xA71,0xA38,0xA13,0xA06,
0xA0C,0xA1F,0xA3D,0xA5D,0xA7C,0xA91,
0xA95,0xA8F,0xA8B,0xA8B,0xA90,0xAA4,
0xAC2,0xADB,0xAF3,0xB0B,0xB12,0xB0C,
0xAFA,0xAE9,0xADC,0xACB,0xABF,0xABA,
0xAAD,0xA87,0xA53,0xA29,0xA08,0x9EC,
0x9E9,0x9F8,0xA13,0xA3C,0xA71,0xABC,
0xB0E,0xB51,0xB8B,0xBCA,0xC0B,0xC3D,
0xC59,0xC68,0xC64,0xC53,0xC2D,0xBFD,
0xBCB,0xB99,0xB5F,0xB22,0xAE8,0xAB2,
0xA74,0xA44,0xA38,0xA4A,0xA6C,0xA8E,
0xAAE,0xAC8,0xADA,0xADD,0xADB,0xAD9,
0xAD7,0xADE,0xAE8,0xAFD,0xB1C,0xB2D,
0xB3A,0xB4F,0xB5B,0xB60,0xB5E,0xB59,
0xB49,0xB2E,0xB16,0xB05,0xAF5,0xAD8,
0xAB6,0xAA1,0xA95,0xA8B,0xA86,0xA8C,
0xAA3,0xAC6,0xAE9,0xAFF,0xB0F,0xB19,
0xB22,0xB33,0xB3D,0xB38,0xB33,0xB2B,
0xB20,0xB09,0xAE8,0xAD0,0xABE,0xAAF,
0xAA7,0xAAB,0xABD,0xACA,0xAD0,0xADC,
0xAE4,0xAE0,0xAD2,0xABC,0xA98,0xA75,
0xA65,0xA5A,0xA4B,0xA43,0xA45,0xA57,
0xA74,0xA93,0xAB4,0xACA,0xAE3,0xB04,
0xB1D,0xB2B,0xB38,0xB48,0xB54,0xB52,
0xB4C,0xB3E,0xB33,0xB2C,0xB2B,0xB35,
0xB33,0xB24,0xB1D,0xB29,0xB3B,0xB46,
0xB4D,0xB52,0xB52,0xB59,0xB65,0xB69,
0xB60,0xB58,0xB56,0xB57,0xB5C,0xB58,
0xB46,0xB35,0xB2C,0xB23,0xB12,0xB03,
0xB01,0xB00,0xAFB,0xAFC,0xB03,0xB0A,
0xB1C,0xB3C,0xB56,0xB62,0xB6A,0xB75,
0xB7D,0xB7C,0xB81,0xB8B,0xB8E,0xB92,
0xB8C,0xB82,0xB84,0xB92,0xBA1,0xB9F,
0xB8B,0xB71,0xB63,0xB57,0xB3D,0xB21,
0xB0A,0xAEF,0xAD7,0xAC7,0xAC0,0xAC0,
0xAC8,0xAE6,0xB02,0xB0D,0xB1C,0xB2C,
0xB35,0xB4B,0xB63,0xB76,0xB7E,0xB76,
0xB6E,0xB6D,0xB6A,0xB58,0xB39,0xB20,
0xB06,0xAED,0xADB,0xAC2,0xAAB,0xA99,
0xA93,0xA94,0xA95,0xA99,0xAA6,0xABA,
0xACB,0xADB,0xAEA,0xAF4,0xAF6,0xAF6,
0xAF9,0xB00,0xAFE,0xAFC,0xB0C,0xB1E,
0xB32,0xB42,0xB4E,0xB54,0xB59,0xB5D,
0xB69,0xB71,0xB72,0xB75,0xB7B,0xB7E,
0xB81,0xB85,0xB84,0xB7E,0xB7A,0xB7C,
0xB79,0xB6D,0xB63,0xB54,0xB40,0xB3A,
0xB32,0xB23,0xB0C,0xAED,0xAD0,0xAC0,
0xAB8,0xAB5,0xABD,0xAD8,0xB01,0xB29,
0xB4B,0xB5C,0xB76,0xB91,0xBA9,0xBBE,
0xBD2,0xBE3,0xBF1,0xBFE,0xC04,0xBE7,
0xBB9,0xB92,0xB70,0xB53,0xB2E,0xB08,
0xAE6,0xAD1,0xABA,0xAA7,0xA99,0xA88,
0xA6F,0xA59,0xA41,0xA32,0xA2F,0xA28,
0xA30,0xA37,0xA41,0xA4A,0xA66,0xA90,
0xAB3,0xACF,0xAF7,0xB1C,0xB3A,0xB58,
0xB6E,0xB80,0xB81,0xB7F,0xB76,0xB63,
0xB47,0xB27,0xB10,0xB00,0xAF0,0xAE9,
0xAEF,0xB01,0xB1C,0xB2C,0xB37,0xB40,
0xB42,0xB49,0xB50,0xB54,0xB5D,0xB6A,
0xB7E,0xB93,0xB97,0xB8E,0xB7E,0xB63,
0xB40,0xB1D,0xB0B,0xB0B,0xB12,0xB20,
0xB37,0xB4B,0xB55,0xB4E,0xB39,0xB2A,
0xB1D,0xB14,0xAFD,0xAED,0xAE2,0xAD7,
0xAC7,0xABF,0xAC2,0xACB,0xACD,0xACA,
0xACC,0xACC,0xAD8,0xADD,0xAD8,0xAB4,
0xA8F,0xA6C,0xA52,0xA43,0xA2F,0xA26,
0xA36,0xA4D,0xA74,0xAA6,0xAC9,0xAED,
0xB0D,0xB22,0xB34,0xB44,0xB39,0xB33,
0xB41,0xB39,0xB2D,0xB2B,0xB1E,0xB1A,
0xB0F,0xB05,0xB01,0xAFC,0xAEE,0xADD,
0xADA,0xAE0,0xAE4,0xADC,0xADD,0xADC,
0xAE3,0xAE9,0xAF4,0xAF8,0xAF7,0xAFC,
0xB0D,0xB24,0xB2F,0xB33,0xB30,0xB39,
0xB42,0xB3C,0xB24,0xB14,0xB06,0xAF6,
0xAF2,0xAEB,0xAE1,0xADD,0xAD7,0xAE9,
0xB08,0xB21,0xB37,0xB4C,0xB65,0xB87,
0xB95,0xB9C,0xBA5,0xB9F,0xB8C,0xB5A,
0xB20,0xAE0,0xAA1,0xA5F,0xA39,0xA20,
0x9FB,0x9E2,0x9DF,0x9EC,0xA05,0xA21,
0xA3E,0xA63,0xA7B,0xAA2,0xAC5,0xAD9,
0xAEE,0xB0B,0xB1B,0xB2D,0xB47,0xB5F,
0xB7C,0xB93,0xBA5,0xBBC,0xBCD,0xBCB,
0xBCF,0xBC6,0xBBA,0xBBF,0xBB9,0xBA5,
0xB91,0xB76,0xB6A,0xB59,0xB4F,0xB56,
0xB61,0xB70,0xB7A,0xB87,0xB89,0xB82,
0xB7C,0xB79,0xB73,0xB67,0xB60,0xB67,
0xB66,0xB6E,0xB7F,0xB7A,0xB74,0xB73,
0xB7C,0xB8C,0xB88,0xB74,0xB70,0xB62,
0xB4F,0xB3D,0xB10,0xAE8,0xACA,0xAAA,
0xA9C,0xA99,0xA80,0xA69,0xA68,0xA55,
0xA4B,0xA4D,0xA50,0xA58,0xA63,0xA6B,
0xA76,0xA82,0xA81,0xA86,0xA8A,0xA87,
0xA74,0xA68,0xA68,0xA7C,0xA95,0xAAD,
0xAD0,0xAFB,0xB24,0xB42,0xB5C,0xB67,
0xB6C,0xB79,0xB86,0xB80,0xB77,0xB6C,
0xB52,0xB3C,0xB31,0xB1E,0xB09,0xAF8,
0xAE7,0xAE7,0xAF9,0xB0D,0xB28,0xB3E,
0xB50,0xB70,0xB82,0xB86,0xB82,0xB6C,
0xB67,0xB7B,0xB89,0xB95,0xB9C,0xB98,
0xBA1,0xBB7,0xBCD,0xBDD,0xBDA,0xBCA,
0xBB7,0xB9E,0xB83,0xB6A,0xB3D,0xB05,
0xAE1,0xAD9,0xAD7,0xAD7,0xACE,0xAC0,
0xABD,0xAB0,0xA9B,0xA78,0xA50,0xA1B,
0xA06,0x9FD,0x9E2,0x9D1,0x9C7,0x9BB,
0x9C3,0x9D6,0x9D8,0x9E3,0x9FC,0xA2A,
0xA57,0xA80,0xA95,0xAA7,0xAC8,0xAF2,
0xB11,0xB1E,0xB36,0xB46,0xB5B,0xB76,
0xB97,0xB9B,0xB8E,0xB8A,0xB82,0xB7A,
0xB71,0xB63,0xB59,0xB5E,0xB6C,0xB70,
0xB6A,0xB70,0xB79,0xB88,0xB9A,0xB98,
0xB97,0xBA2,0xB97,0xB7D,0xB73,0xB66,
0xB5C,0xB57,0xB5A,0xB66,0xB6D,0xB7B,
0xB91,0xBA4,0xBB2,0xBB3,0xBAB,0xBA1,
0xB94,0xB87,0xB78,0xB75,0xB71,0xB53,
0xB3D,0xB3B,0xB4A,0xB5C,0xB5D,0xB5B,
0xB64,0xB64,0xB66,0xB5A,0xB3D,0xB12,
0xAD4,0xAAB,0xA93,0xA7F,0xA60,0xA41,
0xA2C,0xA2C,0xA41,0xA55,0xA5D,0xA5C,
0xA5B,0xA59,0xA69,0xA77,0xA90,0xAA3,
0xABD,0xAD9,0xAF0,0xB04,0xB1B,0xB26,
0xB2E,0xB35,0xB25,0xB1C,0xB1A,0xB12,
0xB03,0xB03,0xAF1,0xAE1,0xAD4,0xAC1,
0xABE,0xAC0,0xAB9,0xAC0,0xAD5,0xAED,
0xB1F,0xB48,0xB6D,0xB96,0xBC3,0xBD9,
0xBE8,0xBF3,0xBF9,0xBED,0xBD5,0xBB4,
0xB94,0xB8F,0xB8B,0xB74,0xB69,0xB72,
0xB7A,0xB8C,0xB90,0xB81,0xB7C,0xB82,
0xB74,0xB6F,0xB6A,0xB52,0xB3D,0xB20,
0xAFC,0xADD,0xAC2,0xAAE,0xA9A,0xA89,
0xA8B,0xA95,0xA95,0xA91,0xA8C,0xA84,
0xA84,0xA7C,0xA80,0xA90,0xAA2,0xABE,
0xAD6,0xAE7,0xB10,0xB32,0xB42,0xB50,
0xB4A,0xB48,0xB59,0xB5B,0xB41,0xB30,
0xB27,0xB25,0xB27,0xB13,0xAF9,0xB01,
0xB09,0xB0B,0xB26,0xB33,0xB5A,0xB74,
0xB68,0xB5B,0xB48,0xB20,0xB10,0xAED,
0xAC9,0xAC5,0xAA6,0xA95,0xAA0,0xAAF,
0xAB8,0xADB,0xAF9,0xB19,0xB4E,0xB79,
0xB95,0xBAF,0xBC9,0xBD9,0xBF1,0xBEE,
0xBDF,0xBC4,0xBAF,0xB98,0xB73,0xB59,
0xB48,0xB32,0xB27,0xB21,0xB10,0xB03,
0xAE8,0xAC1,0xAAB,0xAA5,0xAAE,0xAAF,
0xAA2,0xAA1,0xA93,0xA8E,0xA8D,0xA9D,
0xAB7,0xAC6,0xAD2,0xAE1,0xAEC,0xAFA,
0xB19,0xB1D,0xB2B,0xB26,0xB14,0xB18,
0xB2E,0xB43,0xB54,0xB54,0xB36,0xB36,
0xB3A,0xB20,0xAF8,0xACB,0xA9B,0xA99,
0xAA8,0xAAD,0xABD,0xAC6,0xAE0,0xB06,
0xB19,0xB17,0xB19,0xB22,0xB3A,0xB50,
0xB57,0xB65,0xB61,0xB56,0xB67,0xB68,
0xB5D,0xB65,0xB5D,0xB52,0xB56,0xB5A,
0xB65,0xB6B,0xB71,0xB7E,0xB72,0xB50,
0xB4F,0xB54,0xB46,0xB52,0xB49,0xB42,
0xB50,0xB39,0xB22,0xB12,0xAE5,0xAD4,
0xADE,0xACE,0xAC8,0xAA5,0xA6B,0xA61,
0xA79,0xA9C,0xABA,0xAD9,0xADA,0xAE4,
0xAFA,0xB09,0xB23,0xB37,0xB44,0xB4A,
0xB48,0xB4B,0xB5E,0xB61,0xB66,0xB6B,
0xB61,0xB4E,0xB3F,0xB34,0xB29,0xB28,
0xB14,0xB0F,0xB04,0xAF7,0xAF7,0xAE9,
0xADF,0xAD6,0xABD,0xABF,0xACA,0xAC0,
0xACD,0xAE7,0xAED,0xAEC,0xAF8,0xB07,
0xB1A,0xB20,0xB16,0xB0F,0xB0C,0xAFE,
0xB06,0xAFE,0xAEE,0xAFA,0xAFA,0xAFD,
0xB15,0xB22,0xB37,0xB42,0xB2D,0xB3A,
0xB44,0xB3D,0xB30,0xB19,0xAFD,0xAFC,
0xAEB,0xAD1,0xAC5,0xAB2,0xAB3,0xAB0,
0xAAA,0xAA9,0xAA8,0xAA3,0xAA1,0xA96,
0xA9F,0xA9E,0xA8B,0xA7A,0xA6D,0xA6C,
0xA73,0xA85,0xA8F,0xA95,0xAAA,0xAC4,
0xAD4,0xAEC,0xB0E,0xB30,0xB4F,0xB72,
0xB88,0xB96,0xBB0,0xBA7,0xB85,0xB8A,
0xB86,0xB62,0xB57,0xB34,0xB0A,0xAF9,
0xADE,0xAD0,0xACF,0xAC9,0xADA,0xAF2,
0xAED,0xB0C,0xB2D,0xB3F,0xB6C,0xB96,
0xB9B,0xBB0,0xBC3,0xBC5,0xBD3,0xBDE,
0xBC8,0xBCA,0xBCD,0xBAA,0xB9C,0xB96,
0xBA3,0xBB1,0xBB2,0xB9E,0xB78,0xB61,
0xB4D,0xB1F,0xB0D,0xAF7,0xADA,0xADE,
0xAAE,0xA81,0xA77,0xA5E,0xA55,0xA5D,
0xA31,0xA2A,0xA36,0xA1A,0xA28,0xA5B,
0xA67,0xA81,0xAA5,0xA9C,0xABB,0xAE0,
0xAEA,0xAFA,0xB00,0xAF5,0xB11,0xB18,
0xAF5,0xAD8,0xAD3,0xAE3,0xAF7,0xB0D,
0xB09,0xB00,0xB06,0xB10,0xB19,0xB3C,
0xB48,0xB23,0xAFD,0xADE,0xACB,0xADD,
0xAD6,0xAB9,0xAC5,0xAD7,0xAD6,0xAE3,
0xAED,0xAED,0xB14,0xB32,0xB49,0xB5B,
0xB5E,0xB72,0xBA0,0xBA2,0xBA2,0xBA9,
0xBAA,0xBAE,0xB9E,0xB9A,0xB88,0xB7C,
0xB70,0xB47,0xB28,0xB14,0xAEA,0xACD,
0xAC0,0xAA5,0xAA2,0xAAE,0xA9E,0xA92,
0xA9F,0xA94,0xA93,0xA97,0xA7F,0xA89,
0xA95,0xA85,0xA98,0xAB1,0xAC7,0xAF0,
0xB09,0xB0B,0xB11,0xB1C,0xB28,0xB29,
0xB1C,0xB03,0xB0D,0xB08,0xAEF,0xAF0,
0xACE,0xAB1,0xAC7,0xADB,0xAE8,0xAF8,
0xAEC,0xAD4,0xAC8,0xAC0,0xACA,0xADF,
0xAF0,0xAE4,0xADC,0xAF0,0xAF7,0xAF4,
0xB00,0xB1B,0xB36,0xB57,0xB5C,0xB53,
0xB64,0xB6A,0xB7C,0xBA4,0xBB3,0xBC0,
0xBDE,0xBC0,0xBBE,0xBEB,0xBDA,0xBCD,
0xBCB,0xB94,0xB6B,0xB59,0xB0D,0xB06,
0xB19,0xB11,0xB3F,0xB5C,0xB48,0xB60,
0xB74,0xB64,0xB6B,0xB5D,0xB47,0xB45,
0xB32,0xAFA,0xAE1,0xAD8,0xAD6,0xAD4,
0xAD0,0xAD8,0xAEB,0xB0D,0xB3E,0xB79,
0xBA8,0xBCE,0xBE6,0xBE3,0xBCB,0xBC7,
0xBC1,0xBBA,0xBB0,0xB9C,0xB74,0xB55,
0xB2B,0xB13,0xB0B,0xB03,0xAFE,0xAEC,
0xAE0,0xACD,0xAD3,0xACC,0xAE5,0xAEF,
0xADB,0xAF0,0xB07,0xB07,0xB20,0xB1E,
0xB12,0xB1D,0xB02,0xAFE,0xB05,0xB10,
0xB0B,0xAFD,0xB03,0xB0E,0xB2C,0xB4A,
0xB4E,0xB5F,0xB5C,0xB53,0xB6C,0xB66,
0xB5F,0xB55,0xB32,0xB1A,0xAFD,0xADE,
0xAE5,0xADE,0xAC4,0xAB2,0xA93,0xA89,
0xA98,0xA92,0xA89,0xA9C,0xAAE,0xAB0,
0xAC5,0xACF,0xAB6,0xAAD,0xA99,0xA75,
0xA7D,0xA7D,0xA82,0xA93,0xA8D,0xAAE,
0xAD3,0xAE4,0xB11,0xB38,0xB5B,0xB77,
0xB7F,0xB82,0xB7A,0xB8B,0xB8F,0xB7C,
0xB5B,0xB23,0xB25,0xB4A,0xB44,0xB41,
0xB4B,0xB50,0xB72,0xB80,0xB83,0xB97,
0xB9D,0xB81,0xB7C,0xB83,0xB84,0xBB0,
0xBCC,0xBBD,0xBBC,0xBB5,0xBB8,0xBC8,
0xBC5,0xBD5,0xBDB,0xBD6,0xBE1,0xBD6,
0xBB1,0xB8F,0xB71,0xB37,0xB1F,0xB21,
0xAF0,0xAD8,0xADB,0xAB3,0xAAA,0xAA7,
0xA81,0xA76,0xA56,0xA40,0xA3F,0xA38,
0xA3E,0xA4A,0xA51,0xA56,0xA53,0xA61,
0xA68,0xA74,0xA78,0xA5D,0xA62,0xA5D,
0xA55,0xA5B,0xA4B,0xA53,0xA6B,0xA56,
0xA64,0xA5B,0xA4C,0xA75,0xA84,0xA92,
0xAA0,0xAA4,0xAB3,0xAC9,0xACE,0xADB,
0xAD4,0xAD5,0xAD5,0xAF0,0xB02,0xB18,
0xB3C,0xB43,0xB52,0xB70,0xB89,0xB88,
0xB87,0xB7E,0xB76,0xB6F,0xB82,0xB71,
0xB75,0xB78,0xB64,0xB57,0xB4B,0xB4F,
0xB61,0xB7B,0xB97,0xBB4,0xBB7,0xBCC,
0xBDA,0xBD9,0xBBA,0xBA9,0xB8E,0xB7E,
0xB76,0xB62,0xB4F,0xB3C,0xB29,0xB1D,
0xB18,0xB11,0xB0B,0xAEA,0xADA,0xABA,
0xABD,0xAC4,0xACA,0xAD2,0xAC9,0xAC6,
0xAD7,0xABF,0xAAA,0xAAF,0xAAE,0xABF,
0xAB6,0xAB4,0xAC9,0xAE2,0xAEA,0xAF6,
0xAF6,0xB17,0xB20,0xB23,0xB2D,0xB12,
0xB07,0xB26,0xB21,0xB15,0xB23,0xB09,
0xB21,0xB3B,0xB26,0xB14,0xB0A,0xAD3,
0xACB,0xAD9,0xAC8,0xABE,0xACC,0xAD2,
0xAE9,0xB0E,0xB0E,0xB0A,0xB02,0xAFC,
0xB1E,0xB42,0xB37,0xB41,0xB33,0xB23,
0xB2E,0xB2A,0xB1C,0xB2D,0xB20,0xB02,
0xAF9,0xAEB,0xAE1,0xAE6,0xAF7,0xB04,
0xB13,0xB0B,0xB1A,0xB26,0xB1F,0xB1E,
0xB2B,0xB23,0xB37,0xB3C,0xB2C,0xB20,
0xB0C,0xB0E,0xB13,0xB03,0xAE7,0xAD4,
0xAC1,0xADD,0xAF6,0xAF3,0xAD5,0xAED,
0xB06,0xB08,0xB2B,0xB31,0xB0C,0xB27,
0xB3E,0xB21,0xB22,0xB0A,0xAFE,0xB05,
0xB10,0xAFB,0xAED,0xAE2,0xADA,0xADA,
0xAE9,0xAD9,0xAE0,0xAED,0xAD9,0xAE2,
0xACA,0xAB9,0xAC5,0xAEA,0xB05,0xAFB,
0xAE3,0xAFA,0xAE9,0xAF4,0xB0A,0xAF1,
0xAF7,0xB25,0xB33,0xB33,0xB5C,0xB3B,
0xB1A,0xB31,0xB49,0xB41,0xB44,0xB1F,
0xB1B,0xB17,0xB0A,0xB07,0xAFD,0xB15,
0xB2A,0xB2E,0xB1E,0xB0B,0xAFE,0xB10,
0xB09,0xAFC,0xAD9,0xAC6,0xAA4,0xA90,
0xA84,0xA79,0xA83,0xA90,0xAA3,0xAB5,
0xAB9,0xAAA,0xAB3,0xABE,0xAD1,0xADA,
0xAF2,0xADC,0xACD,0xACB,0xAD0,0xADF,
0xAE7,0xAF3,0xAFA,0xAF2,0xAF1,0xAFC,
0xB05,0xB33,0xB3F,0xB4E,0xB57,0xB4D,
0xB4E,0xB66,0xB6C,0xB7B,0xB65,0xB41,
0xB4D,0xB3D,0xB3C,0xB5C,0xB4A,0xB40,
0xB6A,0xB73,0xB97,0xBB0,0xBC2,0xBDE,
0xBE3,0xBE5,0xBE4,0xBE2,0xBEF,0xBE1,
0xBC7,0xBAF,0xB81,0xB65,0xB5C,0xB63,
0xB59,0xB4E,0xB42,0xB42,0xB66,0xB67,
0xB4B,0xB51,0xB37,0xB11,0xB33,0xB4B,
0xB20,0xB0B,0xAFB,0xABF,0xABA,0xAC3,
0xAAB,0xAD4,0xAFC,0xAF5,0xB27,0xB4A,
0xB45,0xB6D,0xB89,0xB82,0xB8E,0xB88,
0xB78,0xB73,0xB5F,0xB49,0xB4C,0xB5B,
0xB54,0xB4E,0xB4C,0xB44,0xB55,0xB70,
0xB68,0xB61,0xB59,0xB43,0xB3A,0xB3B,
0xB29,0xB20,0xB30,0xB34,0xB30,0xB40,
0xB32,0xB0D,0xB1F,0xB14,0xB08,0xB2E,
0xB36,0xB1D,0xB13,0xAF7,0xAEC,0xB06,
0xAF5,0xAD5,0xAD2,0xAB7,0xAB6,0xADE,
0xAD4,0xAB5,0xAC8,0xAD0,0xAC6,0xAC9,
0xABD,0xAAF,0xABA,0xAC2,0xAD1,0xB12,
0xB10,0xB1C,0xB2B,0xAFC,0xB0B,0xB30,
0xB15,0xB29,0xB44,0xB05,0xB1F,0xB3E,
0xB1E,0xB3B,0xB5B,0xB59,0xB6D,0xB66,
0xB65,0xB98,0xBAE,0xBAD,0xBB3,0xBBA,
0xBA9,0xBA5,0xBA9,0xB84,0xB8A,0xB98,
0xB80,0xB83,0xB77,0xB56,0xB5C,0xB64,
0xB39,0xB42,0xB3E,0xB1B,0xB2D,0xB14,
0xAF0,0xB16,0xB03,0xAE0,0xB07,0xAE1,
0xAC2,0xACD,0xAAE,0xA9B,0xAB0,0xAB8,
0xABF,0xAD4,0xAE3,0xADB,0xACF,0xAE1,
0xADA,0xAD3,0xAE6,0xADC,0xAC7,0xAC6,
0xAD4,0xADF,0xAD4,0xACF,0xAD5,0xAE5,
0xAF6,0xAF6,0xAEE,0xAE8,0xACC,0xAC7,
0xADF,0xAD0,0xABE,0xAD3,0xABB,0xAB7,
0xAD5,0xAC3,0xAD9,0xAF9,0xAE9,0xAE6,
0xB01,0xAF3,0xAF0,0xAFA,0xAF2,0xAED,
0xAE0,0xACA,0xAC5,0xAC0,0xAAC,0xACA,
0xACC,0xAB7,0xACA,0xABA,0xA98,0xAC4,
0xAD6,0xACB,0xAE8,0xAD2,0xACE,0xAEC,
0xAF7,0xB10,0xB19,0xB0B,0xB13,0xB41,
0xB58,0xB3B,0xB20,0xB05,0xAF8,0xB10,
0xB0E,0xAF1,0xB09,0xB0F,0xAF3,0xAF0,
0xAF2,0xAF1,0xB0D,0xB22,0xB12,0xB24,
0xB1E,0xB18,0xB37,0xB2D,0xB34,0xB61,
0xB69,0xB66,0xB63,0xB3B,0xB27,0xB39,
0xB3A,0xB3B,0xB42,0xB3C,0xB2B,0xB27,
0xB08,0xAEA,0xAFB,0xAE6,0xAC5,0xAD1,
0xACB,0xAB8,0xABB,0xA9A,0xA9C,0xAD5,
0xAD5,0xAD0,0xAEF,0xB04,0xB1C,0xB53,
0xB70,0xB6F,0xB92,0xBAE,0xB96,0xB85,
0xB94,0xBA3,0xBA9,0xBA5,0xB8B,0xB70,
0xB62,0xB52,0xB36,0xB03,0xADD,0xAF0,
0xB01,0xAF4,0xB00,0xB03,0xB03,0xB15,
0xB22,0xB10,0xB03,0xB11,0xAEC,0xACD,
0xAE3,0xADE,0xAEE,0xB05,0xAF9,0xAFE,
0xAEE,0xACB,0xAD0,0xAC8,0xAC3,0xACA,
0xABF,0xABA,0xAC6,0xAC8,0xAA6,0xA83,
0xA6B,0xA5E,0xA65,0xA7B,0xA8C,0xA94,
0xA98,0xAA7,0xA9E,0xA8F,0xAAB,0xAB8,
0xABA,0xAC7,0xAC8,0xAD8,0xAF6,0xB08,
0xB14,0xB01,0xAF6,0xB0C,0xB12,0xAFF,
0xAFF,0xAFE,0xB10,0xB5C,0xB6C,0xB4F,
0xB5C,0xB79,0xB77,0xB7E,0xB85,0xB85,
0xB9C,0xB96,0xB7E,0xB7A,0xB70,0xB6C,
0xB6F,0xB58,0xB40,0xB52,0xB57,0xB48,
0xB44,0xB39,0xB2B,0xB36,0xB17,0xAE4,
0xAEA,0xAE0,0xAE5,0xAF3,0xAE6,0xAF2,
0xB09,0xAF0,0xAD1,0xADD,0xACD,0xAC5,
0xADF,0xAD4,0xAD3,0xB08,0xB2E,0xB26,
0xB13,0xAFA,0xADC,0xAEA,0xAFD,0xAD3,
0xAD0,0xAE6,0xAB7,0xABC,0xAB2,0xA93,
0xAD3,0xAF8,0xAF1,0xAFF,0xAFC,0xAF0,
0xB16,0xB1C,0xAFF,0xB0E,0xB27,0xB1F,
0xB0C,0xAFA,0xB01,0xB36,0xB58,0xB5A,
0xB57,0xB59,0xB5B,0xB5E,0xB57,0xB50,
0xB50,0xB46,0xB44,0xB41,0xB38,0xB4A,
0xB50,0xB2E,0xB13,0xB24,0xB2E,0xB1F,
0xB17,0xB22,0xB3A,0xB4B,0xB4D,0xB43,
0xB28,0xB2E,0xB45,0xB22,0xB09,0xB18,
0xB12,0xB05,0xAF7,0xAD9,0xAD4,0xADE,
0xADB,0xACE,0xAC6,0xAE2,0xB13,0xB36,
0xB41,0xB4A,0xB4C,0xB5E,0xB71,0xB6F,
0xB6C,0xB63,0xB5A,0xB65,0xB5C,0xB53,
0xB6D,0xB60,0xB3A,0xB44,0xB65,0xB6A,
0xB74,0xB76,0xB68,0xB67,0xB53,0xB33,
0xB27,0xB2B,0xB44,0xB4E,0xB2B,0xB23,
0xB35,0xB35,0xB28,0xB0C,0xAF8,0xB01,
0xB19,0xB16,0xAF7,0xB02,0xB14,0xB15,
0xB2C,0xB30,0xB27,0xB2B,0xB13,0xB04,
0xAF8,0xAE4,0xAE4,0xADD,0xADD,0xAEF,
0xAE1,0xAC3,0xAB8,0xAB3,0xAB9,0xADE,
0xAD8,0xAAE,0xAB7,0xAC2,0xAC9,0xAD1,
0xAB1,0xAC9,0xADE,0xAB7,0xABE,0xADC,
0xAD5,0xAF1,0xB16,0xB06,0xB19,0xB45,
0xB44,0xB57,0xB79,0xB56,0xB59,0xB73,
0xB54,0xB57,0xB4B,0xB43,0xB6B,0xB7A,
0xB70,0xB60,0xB59,0xB4E,0xB63,0xB6F,
0xB4F,0xB60,0xB63,0xB4E,0xB63,0xB60,
0xB50,0xB78,0xB7F,0xB60,0xB66,0xB5F,
0xB4B,0xB66,0xB67,0xB58,0xB80,0xB7A,
0xB6F,0xB7E,0xB6C,0xB6B,0xB7B,0xB60,
0xB58,0xB44,0xB20,0xB33,0xB3E,0xB36,
0xB34,0xB28,0xB19,0xB26,0xB16,0xB00,
0xB1B,0xB32,0xB2C,0xB19,0xAF7,0xAE5,
0xAE9,0xAED,0xAE7,0xAD1,0xAD0,0xADE,
0xAE5,0xAF4,0xAED,0xAC6,0xAC2,0xAEE,
0xAEE,0xAE1,0xAF3,0xAE3,0xADF,0xAEC,
0xABE,0xAC6,0xAF6,0xAEF,0xB08,0xB0D,
0xAE5,0xB03,0xB17,0xAF9,0xB12,0xB11,
0xAEF,0xB1C,0xB1D,0xAEC,0xB02,0xB14,
0xB18,0xB4D,0xB3C,0xB0C,0xB23,0xB2F,
0xB31,0xB48,0xB3C,0xB18,0xB25,0xB27,
0xB1A,0xB24,0xB1B,0xB34,0xB55,0xB3A,
0xB2C,0xB3F,0xB37,0xB4A,0xB47,0xB1B,
0xB1A,0xB27,0xB20,0xB14,0xB1B,0xB10,
0xB03,0xB10,0xAF9,0xACE,0xACC,0xACC,
0xACC,0xAE5,0xACB,0xAA7,0xAB2,0xAA3,
0xAA7,0xAC8,0xAC1,0xAC3,0xAC9,0xAA1,
0xAA0,0xA9E,0xA7F,0xAA6,0xAB0,0xAA4,
0xAB8,0xA94,0xA82,0xABA,0xAC6,0xABE,
0xAC0,0xAB5,0xAD8,0xB05,0xAE0,0xABC,
0xABE,0xAC0,0xAD9,0xAE0,0xAC7,0xAB5,
0xAD8,0xADF,0xAC4,0xADA,0xAD9,0xAD2,
0xAD4,0xABB,0xABC,0xAC3,0xAC7,0xADC,
0xAEA,0xADD,0xADD,0xAE9,0xADF,0xAEA,
0xAF6,0xAEA,0xB0F,0xB38,0xB28,0xB1D,
0xB1A,0xB0C,0xB03,0xB11,0xB28,0xB2D,
0xB33,0xB26,0xB22,0xB47,0xB42,0xB3A,
0xB47,0xB34,0xB29,0xB2E,0xB17,0xB05,
0xB21,0xB39,0xB28,0xB31,0xB2D,0xAF7,
0xB03,0xB18,0xB02,0xB12,0xB28,0xB1F,
0xB26,0xB3E,0xB48,0xB50,0xB55,0xB4D,
0xB54,0xB66,0xB80,0xB8F,0xB76,0xB71,
0xB85,0xB79,0xB77,0xB73,0xB60,0xB70,
0xB59,0xB2E,0xB35,0xB3B,0xB28,0xB2D,
0xB14,0xAF6,0xB05,0xAF3,0xAD5,0xAE0,
0xAC5,0xAB9,0xAEC,0xAEC,0xB02,0xB16,
0xAEC,0xAFB,0xB0C,0xAE9,0xAFB,0xB03,
0xAE4,0xAFA,0xB0D,0xB02,0xAF9,0xAF2,
0xAEF,0xAF9,0xB08,0xB13,0xB1B,0xB10,
0xAF8,0xAED,0xAEB,0xAF1,0xAF9,0xAEE,
0xAD4,0xADB,0xAE9,0xAE1,0xAEC,0xAF5,
0xAF0,0xAFD,0xAFF,0xAEB,0xAF2,0xB01,
0xB09,0xB0B,0xB12,0xB32,0xB34,0xB34,
0xB38,0xB16,0xB25,0xB4B,0xB53,0xB53,
0xB44,0xB4B,0xB53,0xB59,0xB7F,0xB76,
0xB65,0xB7C,0xB6E,0xB59,0xB83,0xB7D,
0xB51,0xB71,0xB42,0xB1E,0xB48,0xB39,
0xB2F,0xB3C,0xB10,0xAFC,0xB17,0xB0A,
0xB11,0xB31,0xB31,0xB3D,0xB5B,0xB48,
0xB2E,0xB34,0xB37,0xB37,0xB40,0xB38,
0xB2B,0xB35,0xB42,0xB22,0xB0F,0xB18,
0xB21,0xB23,0xAF4,0xAC8,0xABC,0xAB5,
0xAC3,0xAD0,0xABA,0xAB4,0xAC4,0xABF,
0xAA2,0xA96,0xA90,0xAA7,0xADF,0xAE2,
0xADE,0xADE,0xAC0,0xAC0,0xAC6,0xAB7,
0xABB,0xABA,0xABC,0xAB2,0xA9E,0xAA7,
0xAB0,0xAB2,0xAC1,0xAC4,0xABD,0xAC0,
0xAC5,0xAC9,0xAE5,0xAE8,0xADD,0xB16,
0xB2E,0xB1F,0xB2B,0xAFE,0xAF8,0xB3D,
0xB3B,0xB40,0xB55,0xB35,0xB2D,0xB38,
0xB33,0xB3A,0xB4F,0xB47,0xB42,0xB56,
0xB4D,0xB41,0xB47,0xB2F,0xB30,0xB4B,
0xB4F,0xB53,0xB4F,0xB45,0xB45,0xB5B,
0xB71,0xB6D,0xB67,0xB60,0xB57,0xB56,
0xB49,0xB46,0xB42,0xB3A,0xB44,0xB3F,
0xB2F,0xB22,0xB0C,0xAFF,0xAFB,0xB0D,
0xB05,0xAF0,0xB02,0xB01,0xAEC,0xAFA,
0xB00,0xAF2,0xAF5,0xAF7,0xAEE,0xAE7,
0xAFF,0xB16,0xB11,0xB13,0xB09,0xAF6,
0xB14,0xB20,0xAFA,0xAF9,0xB01,0xB15,
0xB49,0xB43,0xB14,0xB21,0xB1F,0xB15,
0xB3B,0xB2D,0xB1E,0xB41,0xB35,0xB2C,
0xB36,0xB29,0xB40,0xB59,0xB51,0xB52,
0xB3A,0xB2C,0xB45,0xB4A,0xB45,0xB3F,
0xB28,0xB25,0xB37,0xB30,0xB29,0xB33,
0xB2F,0xB3D,0xB48,0xB27,0xB21,0xB30,
0xB38,0xB43,0xB2A,0xB1C,0xB2C,0xB22,
0xB18,0xB19,0xB0F,0xAFD,0xAF3,0xAF2,
0xAFA,0xB12,0xB06,0xAF1,0xAF3,0xAE9,
0xAF1,0xAF3,0xADA,0xAE1,0xAEE,0xAE8,
0xAF4,0xAEF,0xAF4,0xB13,0xB25,0xB37,
0xB38,0xB22,0xB2B,0xB45,0xB34,0xB45,
0xB61,0xB52,0xB6E,0xB73,0xB41,0xB3A,
0xB3B,0xB2E,0xB49,0xB4E,0xB28,0xB11,
0xB11,0xB1D,0xB38,0xB3A,0xB17,0xB14,
0xB1B,0xB1D,0xB28,0xB09,0xAF4,0xB1D,
0xB33,0xB1C,0xB04,0xAF6,0xAF6,0xB0A,
0xB1A,0xB14,0xB15,0xB17,0xB0E,0xB0B,
0xAFE,0xAF3,0xAED,0xAEC,0xAFE,0xB00,
0xAF4,0xADB,0xACD,0xAE6,0xAF1,0xAEC,
0xAF6,0xB08,0xB1E,0xB1F,0xAFA,0xADF,
0xAE0,0xAF3,0xB06,0xB00,0xAF5,0xAFB,
0xAF3,0xAEA,0xAFE,0xAEA,0xADA,0xAFE,
0xAFC,0xAF7,0xB1A,0xAFC,0xAD9,0xAF2,
0xAEF,0xAE7,0xAF1,0xAEB,0xAEC,0xADE,
0xAC0,0xAD3,0xAEB,0xAE0,0xAF4,0xAF0,
0xAC5,0xAD2,0xAE2,0xAD9,0xB05,0xB0C,
0xAEB,0xB06,0xB1B,0xB10,0xB06,0xAFD,
0xB07,0xB1F,0xB26,0xB1F,0xB20,0xB1D,
0xB30,0xB45,0xB38,0xB30,0xB3E,0xB46,
0xB47,0xB4E,0xB5E,0xB6C,0xB59,0xB4B,
0xB47,0xB38,0xB45,0xB5A,0xB4A,0xB4A,
0xB64,0xB4D,0xB3A,0xB41,0xB25,0xB1C,
0xB35,0xB2E,0xB2E,0xB3C,0xB2B,0xB13,
0xB0E,0xB00,0xAF3,0xB05,0xB10,0xB0D,
0xB08,0xB0A,0xB08,0xAFC,0xAF7,0xAF6,
0xAF1,0xAF2,0xAF9,0xAFD,0xAF2,0xAE5,
0xAED,0xAF5,0xAF9,0xB04,0xB02,0xAFE,
0xAFE,0xAFD,0xAFE,0xB0F,0xB16,0xB0B,
0xB26,0xB28,0xB0D,0xB25,0xB3C,0xB1A,
0xB1A,0xB2A,0xB0A,0xB19,0xB37,0xB24,
0xB2F,0xB3A,0xB0A,0xB14,0xB2A,0xB13,
0xB28,0xB3E,0xB26,0xB32,0xB34,0xB0F,
0xB0F,0xB24,0xB32,0xB4E,0xB4E,0xB32,
0xB2B,0xB32,0xB35,0xB4A,0xB54,0xB3F,
0xB51,0xB4F,0xB28,0xB25,0xB24,0xB0B,
0xB1B,0xB25,0xB00,0xAF9,0xB03,0xAE1,
0xADB,0xAE3,0xACC,0xAE7,0xAED,0xAC5,
0xABA,0xAB6,0xA9C,0xAAD,0xACA,0xAC0,
0xAC7,0xAC1,0xA9A,0xAB4,0xACD,0xABC,
0xAD1,0xAD5,0xAC2,0xAD9,0xAEB,0xAD8,
0xACF,0xAD4,0xADE,0xAF5,0xB0A,0xB05,
0xAFB,0xAF3,0xAFF,0xB09,0xB02,0xB04,
0xB0C,0xB0C,0xB13,0xB1A,0xB1D,0xB15,
0xB00,0xB10,0xAFF,0xAFE,0xB21,0xB19,
0xB17,0xB26,0xB1B,0xB15,0xB23,0xB1C,
0xB20,0xB37,0xB1A,0xB13,0xB2E,0xB24,
0xB22,0xB1C,0xB08,0xB06,0xB1D,0xB22,
0xB0B,0xAF8,0xADE,0xADA,0xAF2,0xAE8,
0xAE8,0xAF0,0xAE0,0xAF2,0xB04,0xAF1,
0xAD8,0xACF,0xAC6,0xAD4,0xADA,0xAD1,
0xAD8,0xAE0,0xACD,0xACF,0xADA,0xADC,
0xAEA,0xAEF,0xADD,0xACD,0xAE7,0xAF5,
0xB02,0xB0F,0xB14,0xB1A,0xB12,0xB1B,
0xB1C,0xB09,0xB04,0xAFC,0xB07,0xB21,
0xB2A,0xB3A,0xB2E,0xB16,0xB21,0xB22,
0xB1A,0xB1D,0xB14,0xB25,0xB3E,0xB45,
0xB51,0xB48,0xB39,0xB4A,0xB56,0xB65,
0xB6F,0xB68,0xB6D,0xB65,0xB56,0xB52,
0xB51,0xB60,0xB71,0xB5E,0xB53,0xB5F,
0xB5F,0xB5A,0xB58,0xB3C,0xB3F,0xB51,
0xB5A,0xB6E,0xB65,0xB4E,0xB4E,0xB4D,
0xB45,0xB43,0xB29,0xB29,0xB3C,0xB48,
0xB36,0xB21,0xB10,0xB01,0xB06,0xB1F,
0xB20,0xB13,0xB1C,0xB07,0xAF3,0xB00,
0xB13,0xB1B,0xB1F,0xB05,0xB05,0xB0A,
0xB07,0xB16,0xAF7,0xAE7,0xAF6,0xAE6,
0xAEE,0xAFD,0xAF7,0xAF7,0xAE3,0xAED,
0xAFC,0xAF2,0xAF2,0xAF7,0xAD9,0xAD3,
0xADD,0xAE3,0xAE7,0xAE2,0xAEB,0xAF2,
0xAFE,0xAF7,0xAEB,0xADE,0xADF,0xAF3,
0xB00,0xB09,0xB08,0xAFF,0xB0E,0xB22,
0xB30,0xB26,0xB0F,0xB15,0xB1B,0xB0E,
0xB0B,0xB08,0xB08,0xB0F,0xB19,0xB21,
0xB15,0xB14,0xB06,0xB00,0xB08,0xB12,
0xB22,0xB34,0xB33,0xB1D,0xB0E,0xB07,
0xB08,0xB09,0xB08,0xB04,0xB0F,0xB10,
0xB17,0xB22,0xB14,0xB02,0xB0F,0xB17,
0xB0E,0xB14,0xB21,0xB1D,0xB12,0xB06,
0xAF6,0xB05,0xB0E,0xB0B,0xB10,0xB18,
0xB20,0xB38,0xB46,0xB4C,0xB4E,0xB46,
0xB2B,0xB28,0xB2B,0xB15,0xB2A,0xB35,
0xB27,0xB3D,0xB5B,0xB52,0xB4C,0xB44,
0xB3D,0xB48,0xB41,0xB3C,0xB3E,0xB3F,
0xB34,0xB39,0xB30,0xB15,0xB23,0xB21,
0xB0B,0xB13,0xB0E,0xB14,0xB22,0xB1F,
0xB1F,0xB23,0xB14,0xB09,0xB13,0xAF6,
0xAE0,0xB04,0xB0A,0xB19,0xB2C,0xB00,
0xAF4,0xB09,0xAF9,0xAF6,0xAFC,0xAEA,
0xAF5,0xB0C,0xB0D,0xB0B,0xB06,0xAF9,
0xAFE,0xB07,0xB0E,0xB1E,0xB21,0xB29,
0xB30,0xB32,0xB2C,0xB23,0xB24,0xB1D,
0xB18,0xB2F,0xB35,0xB2D,0xB36,0xB36,
0xB29,0xB38,0xB43,0xB2D,0xB23,0xB27,
0xB22,0xB32,0xB39,0xB34,0xB49,0xB56,
0xB67,0xB60,0xB49,0xB3E,0xB3C,0xB43,
0xB40,0xB33,0xB34,0xB43,0xB41,0xB31,
0xB15,0xAF9,0xB00,0xB14,0xB12,0xB0E,
0xB01,0xAF0,0xAF7,0xAF9,0xAE8,0xAE1,
0xAE7,0xAE4,0xAEA,0xAE2,0xAC9,0xAC7,
0xACF,0xADF,0xAE5,0xAE2,0xAE0,0xAD0,
0xABF,0xACD,0xAD2,0xAC2,0xACC,0xAD4,
0xACD,0xABD,0xAC3,0xACC,0xAC7,0xAC7,
0xAB9,0xAC0,0xACF,0xAB5,0xAC0,0xAC9,
0xAB7,0xAD6,0xAEF,0xAF4,0xB05,0xAF0,
0xAE6,0xAF9,0xAEF,0xB04,0xB15,0xB12,
0xB0A,0xAF7,0xAF7,0xB0E,0xB22,0xB27,
0xB27,0xB15,0xB19,0xB21,0xB20,0xB22,
0xB1E,0xB1D,0xB3E,0xB49,0xB39,0xB36,
0xB22,0xB2E,0xB49,0xB3E,0xB42,0xB5C,
0xB52,0xB47,0xB58,0xB4E,0xB3E,0xB52,
0xB51,0xB47,0xB49,0xB48,0xB40,0xB2F,
0xB2C,0xB33,0xB2F,0xB21,0xB1A,0xB16,
0xB10,0xB08,0xB01,0xAF7,0xB02,0xB0A,
0xAF3,0xAE5,0xAF2,0xB05,0xB0F,0xAFF,
0xAEF,0xADC,0xACB,0xADB,0xADF,0xACF,
0xAD3,0xADD,0xAE7,0xAEE,0xAFB,0xAF3,
0xAE4,0xAF2,0xAE6,0xADD,0xAE5,0xAE3,
0xADA,0xADE,0xADC,0xADF,0xAFB,0xB02,
0xAFA,0xAED,0xADC,0xAE0,0xB00,0xB09,
0xB1D,0xB39,0xB38,0xB32,0xB33,0xB32,
0xB2C,0xB36,0xB39,0xB1F,0xB31,0xB42,
0xB21,0xB1A,0xB0F,0xB01,0xB12,0xB15,
0xB02,0xAFC,0xB02,0xB0A,0xB18,0xB29,
0xB2C,0xB28,0xB1C,0xB04,0xAFC,0xAFC,
0xB09,0xB0E,0xB1A,0xB21,0xB11,0xB09,
0xAFA,0xAE7,0xAFC,0xB0D,0xB08,0xB12,
0xB18,0xB20,0xB29,0xB10,0xAF4,0xAFF,
0xB0D,0xB12,0xB12,0xB09,0xB0D,0xB24,
0xB22,0xB1A,0xB1A,0xB0C,0xB0E,0xB11,
0xAFF,0xAF8,0xAF2,0xAF9,0xB19,0xB29,
0xB2C,0xB28,0xB1A,0xB0C,0xB07,0xB0A,
0xB1F,0xB36,0xB3E,0xB46,0xB4C,0xB2B,
0xB1D,0xB14,0xB02,0xB14,0xB1B,0xB20,
0xB19,0xAFF,0xAF6,0xAF8,0xAFC,0xB01,
0xB07,0xB14,0xB0F,0xAF4,0xAEE,0xB02,
0xB0E,0xB12,0xB11,0xAF9,0xAFC,0xAF9,
0xAD5,0xAC5,0xAB2,0xAA7,0xAC4,0xAD6,
0xADC,0xADF,0xAD9,0xAE3,0xAE1,0xADC,
0xAF1,0xB00,0xB09,0xB11,0xB0A,0xB10,
0xB0B,0xAFA,0xAF0,0xAE4,0xAEF,0xB0F,
0xB1E,0xB24,0xB25,0xB16,0xB22,0xB3B,
0xB44,0xB45,0xB44,0xB44,0xB3E,0xB2E,
0xB3D,0xB3E,0xB45,0xB51,0xB3E,0xB42,
0xB46,0xB3F,0xB45,0xB43,0xB40,0xB59,
0xB6E,0xB69,0xB50,0xB49,0xB49,0xB42,
0xB42,0xB39,0xB3B,0xB41,0xB30,0xB23,
0xB26,0xB28,0xB27,0xB23,0xB1A,0xB0D,
0xB12,0xB0B,0xAF4,0xAF6,0xAF0,0xAF8,
0xB18,0xB14,0xB0C,0xB0D,0xAFB,0xB07,
0xB18,0xB0C,0xB19,0xB1F,0xB0C,0xB1F,
0xB20,0xB11,0xB27,0xB27,0xB18,0xB20,
0xB1F,0xB31,0xB3E,0xB39,0xB39,0xB38,
0xB43,0xB39,0xB2B,0xB24,0xB19,0xB19,
0xB28,0xB29,0xB2A,0xB29,0xB15,0xB05,
0xB0C,0xB17,0xB22,0xB34,0xB2F,0xB28,
0xB3F,0xB49,0xB39,0xB2E,0xB24,0xB2E,
0xB3F,0xB37,0xB44,0xB5B,0xB55,0xB4E,
0xB3B,0xB24,0xB3C,0xB5E,0xB5A,0xB51,
0xB41,0xB2A,0xB35,0xB30,0xB1A,0xB22,
0xB34,0xB3C,0xB34,0xB27,0xB21,0xB1C,
0xB10,0xB04,0xB13,0xB21,0xB24,0xB1B,
0xAFD,0xAF0,0xAE2,0xADF,0xAF7,0xAFB,
0xAFB,0xAF8,0xAF6,0xAFC,0xAF7,0xAF4,
0xB07,0xB11,0xB0D,0xB08,0xAFD,0xAF2,
0xAE4,0xAD1,0xAD3,0xADC,0xADA,0xAE6,
0xADE,0xABF,0xAAE,0xAA5,0xAA8,0xABC,
0xACF,0xACF,0xAD7,0xAD9,0xACE,0xAD5,
0xADE,0xADA,0xAE4,0xAF3,0xAF6,0xAEF,
0xAE7,0xADB,0xAD7,0xADF,0xAEE,0xAF6,
0xAFB,0xB05,0xB01,0xAF9,0xAFB,0xAFB,
0xAF9,0xB0A,0xB21,0xB27,0xB23,0xB29,
0xB41,0xB4C,0xB3A,0xB25,0xB16,0xB1A,
0xB2C,0xB32,0xB24,0xB1C,0xB27,0xB3A,
0xB3F,0xB2B,0xB21,0xB21,0xB25,0xB2F,
0xB43,0xB47,0xB43,0xB4D,0xB49,0xB3D,
0xB37,0xB29,0xB17,0xB12,0xB12,0xB23,
0xB26,0xB18,0xB14,0xB05,0xAFC,0xB01,
0xB06,0xB18,0xB13,0xB03,0xB14,0xB12,
0xB05,0xB0C,0xB10,0xB0C,0xB14,0xB0B,
0xB03,0xB0A,0xB01,0xAFC,0xB0A,0xB14,
0xB1F,0xB2D,0xB2A,0xB2A,0xB22,0xB05,
0xB05,0xB15,0xB16,0xB26,0xB29,0xB0E,
0xB04,0xB12,0xB14,0xB1E,0xB19,0xB03,
0xB09,0xB10,0xB00,0xAFC,0xB08,0xB0E,
0xB0F,0xB04,0xAFD,0xB05,0xB10,0xB0A,
0xB09,0xB0A,0xB12,0xB2A,0xB2A,0xB1D,
0xB17,0xB11,0xB19,0xB23,0xB1F,0xB21,
0xB31,0xB40,0xB3D,0xB3F,0xB3A,0xB27,
0xB17,0xB18,0xB1D,0xB20,0xB36,0xB44,
0xB34,0xB24,0xB1E,0xB2F,0xB39,0xB29,
0xB26,0xB24,0xB16,0xB19,0xB24,0xB19,
0xB16,0xB0F,0xB05,0xB0F,0xB22,0xB24,
0xB23,0xB17,0xB01,0xAFC,0xAFB,0xAF7,
0xAF4,0xAEF,0xAEA,0xAE1,0xADA,0xADD,
0xAE5,0xAED,0xAD8,0xAC8,0xADE,0xAE0,
0xAE6,0xAEA,0xAC7,0xAB7,0xAC1,0xAB7,
0xABE,0xACC,0xAC0,0xAC4,0xAD7,0xAD6,
0xADC,0xAD8,0xAC4,0xAC1,0xAC5,0xADC,
0xAF8,0xAF1,0xACC,0xAC3,0xADE,0xAEF,
0xAFE,0xB04,0xAFF,0xB0A,0xB1B,0xB1F,
0xB21,0xB14,0xB0A,0xB0A,0xB0B,0xB12,
0xB10,0xB00,0xAFC,0xAFE,0xAFA,0xB04,
0xB10,0xB0B,0xB09,0xB08,0xAFD,0xAFB,
0xAFC,0xB04,0xB0C,0xB02,0xB04,0xB0C,
0xB0B,0xB11,0xB0F,0xB00,0xB03,0xB11,
0xB23,0xB32,0xB29,0xB0D,0xB05,0xB10,
0xB24,0xB37,0xB37,0xB31,0xB27,0xB16,
0xB11,0xB17,0xB0F,0xB0F,0xB1C,0xB25,
0xB28,0xB29,0xB29,0xB23,0xB1D,0xB1F,
0xB20,0xB25,0xB35,0xB42,0xB41,0xB3B,
0xB3A,0xB39,0xB3C,0xB3A,0xB30,0xB2A,
0xB30,0xB45,0xB5D,0xB5B,0xB43,0xB39,
0xB39,0xB3D,0xB4E,0xB58,0xB4E,0xB46,
0xB3D,0xB40,0xB50,0xB4A,0xB40,0xB3F,
0xB3F,0xB52,0xB5E,0xB5F,0xB66,0xB5A,
0xB51,0xB59,0xB57,0xB54,0xB52,0xB4A,
0xB46,0xB44,0xB43,0xB43,0xB40,0xB32,
0xB23,0xB22,0xB27,0xB2B,0xB2E,0xB35,
0xB35,0xB31,0xB3A,0xB3B,0xB29,0xB27,
0xB25,0xB1B,0xB1E,0xB11,0xB09,0xB1A,
0xB1A,0xB17,0xB15,0xB0B,0xB03,0xAF5,
0xAE7,0xAF0,0xAF8,0xAFD,0xB11,0xB18,
0xB0A,0xB00,0xB03,0xB0C,0xB11,0xB0F,
0xB05,0xAFA,0xAFE,0xB0B,0xB11,0xB07,
0xAFE,0xAFB,0xAFF,0xB0D,0xB1B,0xB0F,
0xB07,0xB09,0xB0B,0xB0D,0xB07,0xB06,
0xB00,0xAF9,0xB0B,0xB0D,0xB00,0xB0E,
0xB18,0xB0D,0xB03,0xAFA,0xAFC,0xB05,
0xB02,0xB02,0xB0A,0xAFB,0xAF4,0xAFE,
0xAF4,0xAF5,0xAFD,0xAE8,0xAE7,0xAFE,
0xAF5,0xAE9,0xAEB,0xAEA,0xAF0,0xAFC,
0xB02,0xAF6,0xADA,0xAD2,0xAD1,0xAD3,
0xAE4,0xAEA,0xADD,0xADC,0xAD3,0xAC3,
0xAC3,0xAC3,0xACB,0xADA,0xAD0,0xAC8,
0xAD1,0xACE,0xAD0,0xAE0,0xAD8,0xAC9,
0xAC9,0xAC1,0xAC3,0xAC8,0xAB9,0xABE,
0xAD4,0xAD5,0xACA,0xAC3,0xAB7,0xAAF,
0xAB8,0xAC9,0xAD3,0xAD9,0xAD9,0xADF,
0xAF0,0xAFD,0xAFD,0xAF9,0xAFC,0xAFA,
0xAFA,0xB04,0xB04,0xAF9,0xAFD,0xAFE,
0xB06,0xB13,0xB13,0xB14,0xB15,0xB13,
0xB18,0xB14,0xB0A,0xB0C,0xB0E,0xB14,
0xB26,0xB2B,0xB2F,0xB40,0xB3E,0xB37,
0xB42,0xB50,0xB55,0xB4E,0xB41,0xB42,
0xB43,0xB35,0xB34,0xB3E,0xB40,0xB42,
0xB36,0xB21,0xB23,0xB2B,0xB22,0xB17,
0xB10,0xB16,0xB28,0xB2D,0xB2E,0xB2C,
0xB2A,0xB33,0xB36,0xB2E,0xB2D,0xB32,
0xB34,0xB2C,0xB21,0xB1E,0xB26,0xB24,
0xB1A,0xB12,0xB0C,0xB18,0xB27,0xB1D,
0xB12,0xB1B,0xB2A,0xB34,0xB2E,0xB22,
0xB25,0xB21,0xB1B,0xB24,0xB2E,0xB3C,
0xB45,0xB3C,0xB39,0xB3F,0xB3B,0xB38,
0xB37,0xB31,0xB3B,0xB4A,0xB49,0xB45,
0xB42,0xB40,0xB38,0xB32,0xB3B,0xB3F,
0xB44,0xB49,0xB3A,0xB2E,0xB37,0xB42,
0xB3E,0xB33,0xB2E,0xB35,0xB3C,0xB3E,
0xB3C,0xB37,0xB2F,0xB31,0xB3D,0xB37,
0xB36,0xB3E,0xB35,0xB30,0xB33,0xB2A,
0xB28,0xB32,0xB31,0xB31,0xB3D,0xB3D,
0xB32,0xB2F,0xB2C,0xB27,0xB28,0xB25,
0xB1C,0xB1A,0xB1B,0xB1B,0xB1C,0xB18,
0xB0D,0xB0A,0xB09,0xB0C,0xB1B,0xB2B,
0xB28,0xB1C,0xB16,0xB12,0xB0E,0xB11,
0xB13,0xB15,0xB13,0xB01,0xB00,0xB04,
0xAF2,0xAE8,0xAE8,0xAE8,0xAEE,0xAEF,
0xAEC,0xAEF,0xAF0,0xAF3,0xAFE,0xB05,
0xAF7,0xAF3,0xAFD,0xAFE,0xAFE,0xAFF,
0xB09,0xB13,0xB12,0xB12,0xB11,0xB04,
0xB00,0xB05,0xB0D,0xB1C,0xB1C,0xB13,
0xB0E,0xB09,0xB05,0xB10,0xB16,0xB10,
0xB0B,0xB16,0xB27,0xB2A,0xB25,0xB25,
0xB29,0xB29,0xB2C,0xB2C,0xB2D,0xB2E,
0xB32,0xB39,0xB30,0xB27,0xB24,0xB1D,
0xB11,0xB02,0xAFE,0xB08,0xB0D,0xB0A,
0xB04,0xB01,0xB03,0xAFE,0xB02,0xB0B,
0xB0B,0xB0D,0xB07,0xB0C,0xB1A,0xB1C,
0xB1E,0xB21,0xB26,0xB27,0xB1F,0xB12,
0xAFD,0xAF1,0xAF3,0xAEC,0xAEF,0xAF1,
0xAE4,0xAE2,0xAE9,0xAD7,0xACE,0xAD1,
0xABD,0xAB7,0xABF,0xABC,0xACC,0xADB,
0xAD7,0xACE,0xABB,0xAB3,0xAB9,0xABE,
0xABE,0xABD,0xAC9,0xACF,0xABE,0xAB3,
0xAB0,0xAB8,0xAC0,0xAB8,0xAB5,0xAB6,
0xABC,0xAC3,0xAC6,0xAC4,0xABC,0xAC1,
0xACE,0xAD2,0xAD7,0xADB,0xAE1,0xAE4,
0xAEB,0xAF4,0xAF9,0xB03,0xB03,0xAFA,
0xAFC,0xAFA,0xAF5,0xAF6,0xAF9,0xB06,
0xB15,0xB17,0xB19,0xB16,0xB0E,0xB15,
0xB1B,0xB15,0xB1D,0xB2A,0xB2B,0xB28,
0xB25,0xB22,0xB27,0xB2F,0xB2E,0xB31,
0xB3D,0xB46,0xB49,0xB45,0xB3C,0xB34,
0xB32,0xB3C,0xB46,0xB45,0xB40,0xB3E,
0xB3E,0xB39,0xB34,0xB3E,0xB38,0xB2E,
0xB2E,0xB29,0xB2B,0xB20,0xB0C,0xB18,
0xB28,0xB29,0xB2E,0xB26,0xB1B,0xB1D,
0xB21,0xB24,0xB28,0xB22,0xB20,0xB27,
0xB20,0xB1B,0xB2B,0xB39,0xB39,0xB3D,
0xB3C,0xB38,0xB3C,0xB35,0xB27,0xB26,
0xB30,0xB2B,0xB24,0xB2B,0xB27,0xB1D,
0xB1F,0xB1C,0xB0D,0xB0C,0xB17,0xB1E,
0xB1D,0xB1B,0xB17,0xB1B,0xB16,0xB11,
0xB19,0xB1A,0xB22,0xB2F,0xB1E,0xB1C,
0xB26,0xB1D,0xB21,0xB1D,0xB13,0xB1B,
0xB20,0xB1F,0xB18,0xB10,0xB12,0xB1F,
0xB27,0xB16,0xB11,0xB17,0xB13,0xB1D,
0xB21,0xB21,0xB25,0xB24,0xB24,0xB1E,
0xB17,0xB1B,0xB19,0xB1A,0xB17,0xB16,
0xB1B,0xB19,0xB18,0xB1A,0xB0F,0xB08,
0xB0A,0xB09,0xB10,0xB13,0xB0A,0xB11,
0xB1A,0xB0F,0xB0A,0xB0F,0xB12,0xB19,
0xB18,0xB16,0xB13,0xB13,0xB1A,0xB20,
0xB21,0xB23,0xB29,0xB29,0xB16,0xB12,
0xB1C,0xB1C,0xB26,0xB17,0xB03,0xB0F,
0xB1B,0xB1D,0xB1D,0xB19,0xB1E,0xB28,
0xB2D,0xB25,0xB22,0xB22,0xB1E,0xB20,
0xB1F,0xB1C,0xB23,0xB25,0xB1E,0xB16,
0xB11,0xB19,0xB1D,0xB1B,0xB1A,0xB12,
0xB12,0xB16,0xB19,0xB16,0xB11,0xB18,
0xB13,0xB0E,0xB12,0xB15,0xB17,0xB14,
0xB12,0xB12,0xB0D,0xB0F,0xB0D,0xB0D,
0xB12,0xB1B,0xB22,0xB13,0xB01,0xB05,
0xB08,0xB08,0xB0A,0xB0E,0xB14,0xB0F,
0xAFD,0xAF2,0xAEC,0xAF1,0xB02,0xB09,
0xB08,0xB0A,0xB0E,0xB10,0xB10,0xB09,
0xB07,0xB0B,0xB10,0xB11,0xB12,0xB10,
0xB0D,0xB0F,0xB13,0xB19,0xB20,0xB20,
0xB2C,0xB35,0xB36,0xB38,0xB3B,0xB3F,
0xB40,0xB47,0xB4F,0xB4B,0xB47,0xB4A,
0xB44,0xB3E,0xB41,0xB41,0xB37,0xB36,
0xB36,0xB2F,0xB37,0xB41,0xB37,0xB2A,
0xB26,0xB29,0xB31,0xB2C,0xB25,0xB1F,
0xB18,0xB14,0xB09,0xB00,0xB0E,0xB1C,
0xB1E,0xB1A,0xB14,0xB0C,0xB07,0xB0C,
0xB0C,0xB0A,0xB05,0xB07,0xB09,0xAFF,
0xAF7,0xAF5,0xAF1,0xAEE,0xAF1,0xAED,
0xAEB,0xAE5,0xADA,0xADE,0xAEB,0xAEB,
0xAF1,0xAF4,0xAED,0xAE1,0xAD9,0xADB,
0xAE9,0xAF1,0xAEA,0xAF1,0xAF7,0xAF8,
0xB03,0xB0B,0xB06,0xB0A,0xB17,0xB1F,
0xB19,0xB13,0xB0A,0xB09,0xB19,0xB20,
0xB22,0xB29,0xB22,0xB1A,0xB18,0xB16,
0xB20,0xB26,0xB22,0xB2A,0xB2C,0xB24,
0xB2C,0xB3C,0xB3C,0xB3C,0xB3A,0xB2F,
0xB2C,0xB28,0xB20,0xB29,0xB2C,0xB25,
0xB2E,0xB32,0xB25,0xB25,0xB20,0xB1D,
0xB20,0xB1C,0xB1B,0xB1D,0xB1C,0xB26,
0xB2A,0xB20,0xB11,0xB03,0xB07,0xB0F,
0xB10,0xB16,0xB1A,0xB1D,0xB18,0xB05,
0xAF9,0xB01,0xB05,0xB08,0xB08,0xB01,
0xAFC,0xAF9,0xAF2,0xAF2,0xAF6,0xAFA,
0xB03,0xB02,0xAF6,0xAF6,0xAF6,0xAF6,
0xAFA,0xAF9,0xAFB,0xB01,0xAFB,0xAF7,
0xAF2,0xAEB,0xAEE,0xAF7,0xAFD,0xB03,
0xB04,0xB02,0xB00,0xAFC,0xB00,0xB0E,
0xB14,0xB11,0xB0E,0xB09,0xB06,0xB04,
0xAF7,0xAF2,0xB01,0xB0A,0xB06,0xB05,
0xB02,0xB05,0xB09,0xB0A,0xB10,0xB14,
0xB16,0xB17,0xB11,0xB0D,0xB10,0xB10,
0xB0E,0xB06,0xAF3,0xAF0,0xB00,0xB03,
0xAF9,0xAF5,0xAF4,0xAF2,0xAEE,0xAEC,
0xAED,0xAF2,0xAEF,0xAE4,0xAE2,0xAE7,
0xAEC,0xAE9,0xADF,0xADA,0xAE0,0xAE5,
0xAE7,0xAE0,0xAD9,0xADA,0xAE0,0xAE9,
0xAED,0xAEA,0xAF1,0xAF8,0xAF7,0xAF3,
0xAEE,0xAEE,0xAE9,0xAE5,0xAEA,0xAF0,
0xAF7,0xAFC,0xAF5,0xAEA,0xAE8,0xAEF,
0xAF5,0xAF6,0xAFF,0xB0D,0xB10,0xB08,
0xAFE,0xAFD,0xB07,0xB13,0xB17,0xB13,
0xB18,0xB1F,0xB1A,0xB17,0xB19,0xB22,
0xB37,0xB45,0xB3C,0xB34,0xB2F,0xB2B,
0xB31,0xB3D,0xB41,0xB41,0xB3B,0xB37,
0xB36,0xB2F,0xB30,0xB3C,0xB44,0xB4D,
0xB4E,0xB3F,0xB3D,0xB38,0xB27,0xB24,
0xB2D,0xB37,0xB3F,0xB34,0xB26,0xB1A,
0xB14,0xB1F,0xB25,0xB24,0xB27,0xB1B,
0xB14,0xB1E,0xB1B,0xB1E,0xB24,0xB26,
0xB2C,0xB2F,0xB29,0xB20,0xB19,0xB1A,
0xB22,0xB2B,0xB2E,0xB25,0xB19,0xB1A,
0xB25,0xB30,0xB37,0xB37,0xB30,0xB2E,
0xB31,0xB2B,0xB20,0xB1F,0xB27,0xB2F,
0xB2A,0xB22,0xB21,0xB25,0xB2C,0xB28,
0xB1C,0xB1F,0xB2A,0xB2C,0xB31,0xB2F,
0xB26,0xB25,0xB2B,0xB28,0xB1C,0xB12,
0xB16,0xB26,0xB26,0xB1C,0xB22,0xB27,
0xB25,0xB28,0xB24,0xB1C,0xB22,0xB20,
0xB1B,0xB20,0xB1A,0xB0E,0xB18,0xB20,
0xB15,0xB13,0xB10,0xB00,0xAF1,0xAE6,
0xAE6,0xAF2,0xAF4,0xAED,0xAED,0xAE4,
0xAD4,0xAD5,0xADB,0xAE0,0xAE4,0xAEB,
0xAF1,0xAEE,0xAEA,0xAEF,0xAF5,0xAF9,
0xAF9,0xAF9,0xAEF,0xAEA,0xAF3,0xAF0,
0xAE3,0xAE0,0xAE2,0xAE7,0xAEA,0xAE3,
0xAE2,0xAEB,0xAF1,0xAF2,0xAF0,0xAEC,
0xAE8,0xAE8,0xAE9,0xAE7,0xAE7,0xAED,
0xAF2,0xAF3,0xAF1,0xAED,0xAEC,0xAEF,
0xAED,0xAEF,0xAF7,0xAFC,0xB01,0xB03,
0xB0A,0xB10,0xB0E,0xB0D,0xB10,0xB13,
0xB13,0xB17,0xB1A,0xB1B,0xB24,0xB32,
0xB38,0xB2F,0xB23,0xB22,0xB31,0xB3F,
0xB43,0xB40,0xB3C,0xB3E,0xB3C,0xB34,
0xB2C,0xB2D,0xB37,0xB3E,0xB3A,0xB31,
0xB2F,0xB30,0xB2B,0xB28,0xB2B,0xB35,
0xB37,0xB2D,0xB31,0xB38,0xB35,0xB36,
0xB35,0xB2A,0xB27,0xB2A,0xB35,0xB42,
0xB3C,0xB30,0xB2B,0xB27,0xB23,0xB22,
0xB24,0xB29,0xB2B,0xB25,0xB1F,0xB19,
0xB1B,0xB1A,0xB1B,0xB18,0xB1B,0xB23,
0xB1D,0xB18,0xB1F,0xB18,0xB12,0xB15,
0xB14,0xB17,0xB1C,0xB17,0xB1B,0xB26,
0xB26,0xB20,0xB17,0xB11,0xB19,0xB24,
0xB2B,0xB32,0xB32,0xB2A,0xB2C,0xB2C,
0xB20,0xB1B,0xB17,0xB0E,0xB10,0xB13,
0xB15,0xB18,0xB18,0xB15,0xB17,0xB20,
0xB24,0xB27,0xB2C,0xB31,0xB37,0xB34,
0xB24,0xB1E,0xB27,0xB32,0xB36,0xB33,
0xB2C,0xB29,0xB29,0xB28,0xB23,0xB22,
0xB2C,0xB34,0xB34,0xB33,0xB31,0xB32,
0xB34,0xB2C,0xB24,0xB22,0xB22,0xB25,
0xB20,0xB1D,0xB1E,0xB1B,0xB1A,0xB16,
0xB0C,0xB0C,0xB16,0xB1C,0xB21,0xB21,
0xB17,0xB12,0xB0F,0xB0E,0xB0D,0xAFF,
0xAF5,0xAF0,0xAEA,0xAF4,0xAFD,0xAF7,
0xAF8,0xB00,0xAFD,0xAF6,0xAF2,0xAF9,
0xB02,0xAFF,0xAFC,0xB05,0xB0B,0xB07,
0xB03,0xAF9,0xAF7,0xAFA,0xAF5,0xAF7,
0xAF9,0xAF3,0xAF0,0xAED,0xAE1,0xADA,
0xADC,0xAEA,0xAF2,0xAED,0xAF2,0xAFF,
0xAFA,0xAF0,0xAEF,0xAF6,0xAFF,0xB02,
0xB05,0xB00,0xAFB,0xB01,0xB0C,0xB0D,
0xB0B,0xB0D,0xB12,0xB0E,0xB0A,0xB0B,
0xB10,0xB18,0xB17,0xB14,0xB1C,0xB1E,
0xB17,0xB0C,0xB11,0xB15,0xB11,0xB11,
0xB0E,0xB06,0xB09,0xB0C,0xB08,0xB05,
0xB08,0xB0A,0xB13,0xB13,0xB08,0xB04,
0xB0A,0xB09,0xB00,0xAFB,0xAFE,0xB03,
0xB01,0xAFB,0xB01,0xB02,0xB01,0xB09,
0xB0D,0xB0B,0xB0D,0xB0E,0xB08,0xAFE,
0xB03,0xB0F,0xB0D,0xB09,0xB08,0xB0A,
0xB0B,0xB06,0xB06,0xB0F,0xB13,0xB18,
0xB18,0xB13,0xB15,0xB15,0xB13,0xB17,
0xB1D,0xB16,0xB14,0xB14,0xB0D,0xB09,
0xB12,0xB15,0xB13,0xB0D,0xB06,0xB0D,
0xB0E,0xAFE,0xAF5,0xAFD,0xB06,0xB0F,
0xB11,0xB09,0xAFF,0xAFB,0xAFD,0xB08,
0xB10,0xB10,0xB0C,0xB0C,0xB06,0xAFB,
0xAFB,0xB03,0xB01,0xAF9,0xAF3,0xAF3,
0xAF1,0xAF1,0xAF2,0xAF1,0xAF5,0xAF6,
0xAF3,0xAF6,0xAF6,0xAF5,0xAFC,0xAFF,
0xAFE,0xAFB,0xB00,0xB01,0xAF2,0xAE6,
0xAF0,0xAF9,0xAFA,0xAF8,0xAF0,0xAEF,
0xAF3,0xAF3,0xAF7,0xAF7,0xAF7,0xB00,
0xB08,0xB07,0xB00,0xAF6,0xAF8,0xB06,
0xB11,0xB17,0xB1E,0xB1E,0xB17,0xB16,
0xB13,0xB16,0xB16,0xB11,0xB1B,0xB25,
0xB1F,0xB18,0xB13,0xB18,0xB21,0xB1F,
0xB1F,0xB1C,0xB0C,0xB03,0xB05,0xB08,
0xB11,0xB16,0xB14,0xB16,0xB14,0xB19,
0xB1D,0xB15,0xB1C,0xB23,0xB22,0xB24,
0xB1E,0xB1C,0xB28,0xB2B,0xB25,0xB24,
0xB27,0xB2C,0xB29,0xB21,0xB1F,0xB29,
0xB2B,0xB28,0xB2E,0xB30,0xB34,0xB3A,
0xB2D,0xB21,0xB23,0xB29,0xB33,0xB3B,
0xB31,0xB2C,0xB2D,0xB25,0xB1B,0xB18,
0xB1E,0xB28,0xB22,0xB1B,0xB16,0xB11,
0xB0E,0xB0E,0xB10,0xB0E,0xB0C,0xB0E,
0xB11,0xB15,0xB17,0xB1A,0xB15,0xB12,
0xB1B,0xB1D,0xB17,0xB12,0xB0C,0xB13,
0xB19,0xB11,0xB0D,0xB07,0xB07,0xB15,
0xB15,0xB11,0xB15,0xB17,0xB1F,0xB28,
0xB21,0xB16,0xB1C,0xB27,0xB27,0xB28,
0xB2E,0xB2F,0xB27,0xB22,0xB21,0xB1B,
0xB14,0xB13,0xB1A,0xB1D,0xB1B,0xB16,
0xB17,0xB16,0xB15,0xB17,0xB15,0xB10,
0xB11,0xB17,0xB19,0xB22,0xB20,0xB16,
0xB1B,0xB1E,0xB16,0xB15,0xB1D,0xB21,
0xB22,0xB28,0xB28,0xB29,0xB29,0xB27,
0xB24,0xB1D,0xB1A,0xB20,0xB27,0xB2C,
0xB2E,0xB2C,0xB2D,0xB2E,0xB32,0xB37,
0xB3A,0xB35,0xB32,0xB34,0xB33,0xB2F,
0xB27,0xB25,0xB2B,0xB2A,0xB2D,0xB30,
0xB2E,0xB2E,0xB31,0xB37,0xB39,0xB38,
0xB38,0xB39,0xB30,0xB22,0xB1D,0xB22,
0xB2A,0xB2C,0xB18,0xB0A,0xB11,0xB15,
0xB0F,0xB0A,0xB0B,0xB0E,0xB0B,0xB09,
0xB08,0xAFE,0xAFC,0xB03,0xB07,0xB07,
0xB00,0xAFC,0xAF9,0xAF1,0xAEE,0xAF1,
0xAF7,0xAFB,0xAF7,0xAF1,0xAF5,0xAF8,
0xAED,0xAE9,0xAEC,0xAEC,0xAE7,0xAE3,
0xAE4,0xADF,0xADF,0xAE7,0xAE9,0xAE9,
0xAF1,0xAF6,0xAF3,0xAEE,0xAE9,0xAEE,
0xAF9,0xAFA,0xAF7,0xAFC,0xB01,0xB05,
0xB07,0xB03,0xB06,0xB0A,0xB0E,0xB10,
0xB10,0xB0D,0xB0B,0xB0E,0xB12,0xB17,
0xB20,0xB28,0xB22,0xB15,0xB12,0xB1A,
0xB1F,0xB1E,0xB1B,0xB18,0xB16,0xB13,
0xB14,0xB17,0xB19,0xB1C,0xB1E,0xB19,
0xB19,0xB21,0xB23,0xB23,0xB21,0xB1E,
0xB23,0xB22,0xB1C,0xB1E,0xB21,0xB23,
0xB24,0xB1F,0xB1B,0xB1A,0xB17,0xB11,
0xB14,0xB17,0xB13,0xB13,0xB10,0xB06,
0xB03,0xB0A,0xB15,0xB11,0xB0B,0xB0F,
0xB0D,0xB05,0xB03,0xB05,0xB0B,0xB0F,
0xB0E,0xB0D,0xB0B,0xB06,0xB03,0xB03,
0xB06,0xB0B,0xB09,0xB00,0xAF9,0xAF6,
0xAF9,0xAFD,0xAF9,0xAF6,0xAFF,0xB06,
0xB04,0xB01,0xAFE,0xAFF,0xAFF,0xAFD,
0xB04,0xB0B,0xB0A,0xB0C,0xB0B,0xB07,
0xB0A,0xB0C,0xB0E,0xB11,0xB09,0xB06,
0xB02,0xAFE,0xB04,0xB07,0xB0F,0xB20,
0xB28,0xB25,0xB20,0xB1D,0xB21,0xB30,
0xB3B,0xB40,0xB44,0xB43,0xB3A,0xB37,
0xB3A,0xB3C,0xB3E,0xB46,0xB4C,0xB41,
0xB37,0xB3D,0xB47,0xB53,0xB62,0xB67,
0xB66,0xB5C,0xB51,0xB53,0xB5A,0xB57,
0xB55,0xB52,0xB50,0xB4C,0xB45,0xB3C,
0xB3F,0xB46,0xB3C,0xB2A,0xB1F,0xB13,
0xB11,0xB19,0xB13,0xB03,0xB04,0xB10,
0xB0F,0xB07,0xB01,0xAF5,0xAEF,0xAF5,
0xAF5,0xAEF,0xAEA,0xAE3,0xADB,0xAD9,
0xAD8,0xAD7,0xAD5,0xAD0,0xACA,0xAC4,
0xAC1,0xAC3,0xAC8,0xACA,0xACE,0xACF,
0xACB,0xAD6,0xAE1,0xADC,0xADD,0xADD,
0xAD8,0xAD1,0xACE,0xAD4,0xADE,0xAE3,
0xAE9,0xAED,0xAEC,0xAEE,0xAEF,0xAEC,
0xAEB,0xAF3,0xAFA,0xAFD,0xB04,0xB06,
0xB06,0xB0A,0xB0E,0xB0D,0xB0A,0xB05,
0xB07,0xB0A,0xB10,0xB17,0xB19,0xB13,
0xB0F,0xB0F,0xB12,0xB15,0xB18,0xB1A,
0xB21,0xB28,0xB2A,0xB26,0xB22,0xB28,
0xB2B,0xB2A,0xB2A,0xB26,0xB1A,0xB15,
0xB14,0xB12,0xB14,0xB18,0xB19,0xB19,
0xB13,0xB0D,0xB0E,0xB0C,0xB0A,0xB12,
0xB1D,0xB24,0xB25,0xB1F,0xB1E,0xB20,
0xB1E,0xB1F,0xB21,0xB20,0xB1C,0xB16,
0xB10,0xB08,0xB01,0xB0E,0xB15,0xB11,
0xB16,0xB14,0xB13,0xB13,0xB0E,0xB0D,
0xB0F,0xB0F,0xB09,0xB03,0xAFE,0xAFC,
0xAFC,0xAFB,0xB00,0xB09,0xB0C,0xB11,
0xB15,0xB12,0xB0E,0xB0D,0xB0F,0xB0F,
0xB0E,0xB0F,0xB13,0xB10,0xB04,0xAFD,
0xAFD,0xB03,0xB08,0xB03,0xB05,0xB08,
0xB07,0xB0D,0xB13,0xB14,0xB17,0xB1B,
0xB16,0xB14,0xB12,0xB0A,0xB02,0xAF9,
0xAF9,0xB00,0xB04,0xB02,0xB03,0xB01,
0xAFE,0xAFE,0xB01,0xB06,0xB08,0xB09,
0xB00,0xAFC,0xB03,0xB07,0xB02,0xAFC,
0xB01,0xB04,0xB00,0xB00,0xB04,0xB02,
0xB04,0xB05,0xB04,0xB00,0xAFF,0xB01,
0xB01,0xAFE,0xAFC,0xAFE,0xB07,0xB0C,
0xB02,0xAFD,0xB05,0xB0A,0xB01,0xAF8,
0xAFC,0xAFF,0xAFA,0xAF7,0xAF2,0xAF1,
0xAFA,0xAF7,0xAE8,0xAE8,0xAF4,0xAF5,
0xAF0,0xAEE,0xAE7,0xAE1,0xAE4,0xAE8,
0xAE3,0xADA,0xADF,0xAE9,0xAE6,0xADC,
0xADE,0xAE5,0xAEF,0xAF2,0xAEE,0xAE3,
0xAE1,0xAE5,0xAE3,0xADE,0xAE1,0xAE4,
0xAE5,0xAE5,0xADE,0xAD2,0xAD3,0xADE,
0xAEA,0xAF0,0xAEB,0xAE5,0xAE1,0xAEA,
0xAF5,0xB01,0xB10,0xB15,0xB10,0xB0C,
0xB0A,0xB05,0xAFF,0xB07,0xB21,0xB31,
0xB2E,0xB28,0xB25,0xB27,0xB34,0xB41,
0xB3E,0xB3F,0xB4F,0xB5C,0xB51,0xB43,
0xB42,0xB4C,0xB5A,0xB5A,0xB50,0xB4B,
0xB4C,0xB56,0xB5F,0xB59,0xB53,0xB54,
0xB59,0xB5F,0xB5D,0xB5A,0xB62,0xB6E,
0xB72,0xB6F,0xB6B,0xB67,0xB5D,0xB5C,
0xB5D,0xB5D,0xB63,0xB64,0xB5E,0xB5F,
0xB66,0xB6B,0xB6E,0xB72,0xB6D,0xB5E,
0xB53,0xB4D,0xB46,0xB3E,0xB3D,0xB43,
0xB44,0xB45,0xB4F,0xB56,0xB55,0xB4D,
0xB46,0xB40,0xB3C,0xB3B,0xB3C,0xB3B,
0xB3A,0xB34,0xB31,0xB2F,0xB26,0xB1D,
0xB18,0xB1A,0xB24,0xB32,0xB3C,0xB3A,
0xB2B,0xB24,0xB22,0xB20,0xB1E,0xB1B,
0xB1A,0xB25,0xB3A,0xB47,0xB3F,0xB37,
0xB31,0xB32,0xB39,0xB30,0xB22,0xB21,
0xB29,0xB2E,0xB2E,0xB32,0xB39,0xB36,
0xB33,0xB31,0xB32,0xB2F,0xB2A,0xB27,
0xB26,0xB27,0xB2B,0xB2F,0xB3A,0xB47,
0xB48,0xB3D,0xB31,0xB2D,0xB2B,0xB2F,
0xB2E,0xB26,0xB1A,0xB1A,0xB1E,0xB18,
0xB0F,0xB10,0xB17,0xB1D,0xB1C,0xB17,
0xB0E,0xB01,0xAF7,0xAF1,0xAF0,0xAF3,
0xAF5,0xAF7,0xAFB,0xAF9,0xAF3,0xAEB,
0xAE9,0xADF,0xADC,0xAE6,0xAF6,0xAF5,
0xAE9,0xADC,0xADA,0xADB,0xAD5,0xAD6,
0xAD8,0xAD7,0xAD3,0xAD5,0xAC6,0xAB8,
0xABA,0xAD0,0xAC6,0xABC,0xABA,0xAC2,
0xAC8,0xAD4,0xAD0,0xAC8,0xB0F,0xB13,
0xB10,0xB13,0xB10,0xB13,0xB10,0xB13,
0xB10,0xB13,0xB10,0xB13,0xB10,0xB13,
0xB11,0xB12,0xB11,0xB12,0xB11,0xB12,
0xB12,0xB11,0xB12,0xB11,0xB12,0xB11,
0xB12,0xB11,0xB12,0xB11,0xB12,0xB11,
0xB12,0xB11,0xB12,0xB12,0xB11,0xB12,
0xB11,0xB12,0xB11,0xB12,0xB11,0xB12,
0xB11,0xB12,0xB11,0xB12,0xB11,0xB12,
0xB11,0xB12,0xB12,0xB11,0xB12,0xB11,
0xB12,0xB11,0xB12,0xB12,0xB12,0xB12,
0xB12,0xB11,0xB12,0xB11,0xB12,0xB11,
0xB12,0xB11,0xB12,0xB11,0xB12,0xB12,
0xB11,0xB12,0xB11,0xB12,0xB12,0xB12,
0xB11,0xB12,0xB11,0xB12,0xB11,0xB12,
0xB11,0xB12,0xB11,0xB12,0xB11,0xB12,
0xB11,0xB12,0xB12,0xB12,0xB12,0xB11,
0xB12,0xB12,0xB12,0xB12,0xB12,0xB12,
0xB11,0xB12,0xB11,0xB12,0xB12,0xB11,
0xB12,0xB12,0xB11,0xB12,0xB11,0xB12,
0xB11,0xB12,0xB11,0xB12,0xB11,0xB12,
0xB11,0xB12,0xB11,0xB12,0xB11,0xB12,
0xB11,0xB12,0xB12,0xB12,0xB12,0xB12,
0xB12,0xB11,0xB12,0xB11,0xB12,0xB11,
0xB12,0xB11,0xB12,0xB11,0xB12,0xB12,
0xB11,0xB12,0xB11,0xB12,0xB11,0xB12,
0xB11,0xB12,0xB11,0xB12,0xB12,0xB11,
0xB12,0xB12,0xB11,0xB12,0xB11,0xB12,
0xB11,0xB12,0xB11,0xB12,0xB12,0xB11,
0xB12,0xB11,0xB12,0xB12,0xB12,0xB11,
0xB12,0xB11,0xB12,0xB11,0xB12,0xB12,
0xB12,0xB12,0xB12,0xB12,0xB12,0xB11,
0xB12,0xB12,0xB11,0xB12,0xB11,0xB12,
0xB12,0xB11,0xB12,0xB11,0xB12,0xB12,
0xB11,0xB12,0xB11,0xB12,0xB12,0xB11,
0xB12,0xB11,0xB12,0xB12,0xB11,0xB12,
0xB11,0xB12,0xB12,0xB12,0xB12,0xB12,
0xB12,0xB12,0xB12,0xB11,0xB12,0xB11,
0xB12,0xB11,0xB11,0xB12,0xB11,0xB12,
0xB11,0xB12,0xB11,0xB12,0xB11,0xB11,
0xB12,0xB11,0xB11,0xB12,0xB11,0xB12,
0xB12,0xB11,0xB12,0xB11,0xB12,0xB11,
0xB12,0xB11,0xB12,0xB11,0xB12,0xB12,
0xB12,0xB12,0xB12,0xB12,0xB12,0xB12,
0xB12,0xB12,0xB12,0xB12,0xB12,0xB11,
0xB12,0xB11,0xB12,0xB12,0xB11,0xB12,
0xB12,0xB12,0xB12,0xB12,0xB12,0xB12,
0xB11,0xB12,0xB11,0xB12,0xB11,0xB12,
0xB11,0xB12,0xB11,0xB12,0xB11,0xB12,
0xB11,0xB12,0xB11,0xB12,0xB12,0xB12,
0xB12,0xB11,0xB12,0xB11,0xB12,0xB12,
0xB11,0xB12,0xB11,0xB12,0xB11,0xB12,
0xB11,0xB12,0xB12,0xB11,0xB12,0xB12,
0xB11,0xB12,0xB11,0xB12,0xB12,0xB12,
0xB11,0xB12,0xB11,0xB12,0xB11,0xB12,
0xB11,0xB12,0xB12,0xB11,0xB12,0xB11,
0xB12,0xB11,0xB12,0xB11,0xB12,0xB11,
0xB12,0xB12,0xB11,0xB12,0xB11,0xB12,
0xB12,0xB11,0xB12,0xB11,0xB12,0xB11,
0xB12,0xB12,0xB11,0xB12,0xB11,0xB12,
0xB11,0xB11,0xB12,0xB11,0xB12,0xB11,
0xB12,0xB12,0xB12,0xB11,0xB12,0xB11,
0xB12,0xB11,0xB12,0xB12,0xB11,0xB12,
0xB12,0xB11,0xB12,0xB11,0xB12,0xB11,
0xB12,0xB11,0xB12,0xB12,0xB11,0xB12,
0xB11,0xB12,0xB11,0xB12,0xB11,0xB12,
0xB11,0xB12,0xB11,0xB12,0xB11,0xB12,
0xB11,0xB12,0xB11,0xB12,0xB11,0xB12,
0xB11,0xB12,0xB12,0xB11,0xB12,0xB11,
0xB12,0xB12,0xB11,0xB12,0xB11,0xB12,
0xB11,0xB11,0xB12,0xB12,0xB11,0xB12,
0xB11,0xB12,0xB12,0xB11,0xB12,0xB11,
0xB12,0xB11,0xB12,0xB11,0xB12,0xB12,
0xB11,0xB12,0xB11,0xB12,0xB11,0xB12,
0xB12,0xB11,0xB12,0xB11,0xB12,0xB12,
0xB11,0xB12,0xB12,0xB11,0xB12,0xB11,
0xB11,0xB12,0xB11,0xB12,0xB11,0xB12,
0xB12,0xB12,0xB12,0xB12,0xB11,0xB12,
0xB12,0xB11,0xB12,0xB11,0xB12,0xB11,
0xB12,0xB11,0xB12,0xB12,0xB12,0xB11,
0xB12,0xB12,0xB12,0xB12,0xB12,0xB12,
0xB11,0xB12,0xB12,0xB11,0xB12,0xB11,
0xB12,0xB12,0xB11,0xB12,0xB11,0xB12,
0xB11,0xB12,0xB11,0xB12,0xB11,0xB12,
0xB11,0xB12,0xB11,0xB12,0xB11,0xB12,
0xB11,0xB12,0xB11,0xB12,0xB12,0xB11,
0xB12,0xB12,0xB11,0xB12,0xB12,0xB11,
0xB12,0xB12,0xB11,0xB12,0xB12,0xB11,
0xB12,0xB11,0xB12,0xB12,0xB11,0xB12,
0xB12,0xB11,0xB12,0xB12,0xB11,0xB12,
0xB11,0xB12,0xB12,0xB11,0xB12,0xB11,
0xB12,0xB12,0xB12,0xB11,0xB12,0xB11,
0xB12,0xB11,0xB12,0xB12,0xB11,0xB12,
0xB11,0xB12,0xB12,0xB11,0xB12,0xB11,
0xB12,0xB11,0xB12,0xB11,0xB12,0xB11,
0xB12,0xB11,0xB12,0xB11,0xB12,0xB11,
0xB12,0xB11,0xB12,0xB12,0xB12,0xB11,
0xB12,0xB11,0xB12,0xB11,0xB12,0xB11,
0xB12,0xB11,0xB12,0xB11,0xB12,0xB11,
0xB12,0xB11,0xB12,0xB12,0xB11,0xB12,
0xB12,0xB12,0xB11,0xB12,0xB11,0xB12,
0xB12,0xB11,0xB12,0xB11,0xB12,0xB11,
0xB12,0xB11,0xB12,0xB11,0xB12,0xB11,
0xB12,0xB11,0xB12,0xB11,0xB11,0xB12,
0xB12,0xB11,0xB12,0xB12,0xB11,0xB12,
0xB11,0xB12,0xB11,0xB12,0xB12,0xB11,
0xB12,0xB12,0xB12,0xB12,0xB12,0xB12,
0xB12,0xB12,0xB11,0xB12,0xB11,0xB12,
0xB11,0xB12,0xB11,0xB12,0xB11,0xB12,
0xB11,0xB12,0xB12,0xB11,0xB12,0xB11,
0xB12,0xB11,0xB12,0xB11,0xB12,0xB11,
0xB12,0xB11,0xB12,0xB11,0xB12,0xB11,
0xB12,0xB11,0xB12,0xB11,0xB12,0xB12,
0xB11,0xB12,0xB12,0xB11,0xB12,0xB11,
0xB12,0xB11,0xB11,0xB12,0xB11,0xB12,
0xB11,0xB12,0xB11,0xB12,0xB11,0xB12,
0xB11,0xB11,0xB12,0xB11,0xB12,0xB12,
0xB11,0xB12,0xB11,0xB12,0xB11,0xB12,
0xB12,0xB11,0xB12,0xB11,0xB12,0xB11,
0xB12,0xB11,0xB12,0xB11,0xB12,0xB11,
0xB12,0xB11,0xB12,0xB11,0xB12,0xB11,
0xB12,0xB11,0xB12,0xB11,0xB12,0xB11,
0xB12,0xB11,0xB12,0xB12,0xB12,0xB11,
0xB12,0xB11,0xB12,0xB11,0xB12,0xB12,
0xB12,0xB11,0xB12,0xB11,0xB12,0xB11,
0xB12,0xB11,0xB12,0xB12,0xB11,0xB12,
0xB11,0xB12,0xB12,0xB11,0xB12,0xB12,
0xB11,0xB12,0xB11,0xB12,0xB12,0xB12,
0xB12,0xB12,0xB11,0xB12,0xB11,0xB12,
0xB11,0xB12,0xB11,0xB12,0xB12,0xB11,
0xB12,0xB11,0xB12,0xB12,0xB11,0xB12,
0xB11,0xB12,0xB12,0xB11,0xB12,0xB11,
0xB12,0xB12,0xB12,0xB12,0xB11,0xB12,
0xB12,0xB12,0xB12,0xB11,0xB12,0xB12,
0xB12,0xB12,0xB12,0xB12,0xB12,0xB12,
0xB12,0xB12,0xB12,0xB12,0xB11,0xB12,
0xB11,0xB12,0xB11,0xB12,0xB12,0xB11,
0xB12,0xB11,0xB12,0xB12,0xB11,0xB12,
0xB11,0xB12,0xB11,0xB12,0xB11,0xB12,
0xB11,0xB12,0xB11,0xB12,0xB11,0xB12,
0xB11,0xB12,0xB11,0xB12,0xB11,0xB12,
0xB11,0xB12,0xB11,0xB12,0xB11,0xB12,
0xB12,0xB11,0xB12,0xB11,0xB12,0xB11,
0xB12,0xB11,0xB12,0xB11,0xB12,0xB11,
0xB12,0xB11,0xB12,0xB11,0xB12,0xB11,
0xB12,0xB11,0xB12,0xB12,0xB11,0xB12,
0xB11,0xB12,0xB11,0xB12,0xB11,0xB12,
0xB11,0xB12,0xB12,0xB11,0xB12,0xB11,
0xB12,0xB12,0xB11,0xB12,0xB12,0xB12,
0xB12,0xB12,0xB12,0xB11,0xB12,0xB12,
0xB11,0xB12,0xB11,0xB12,0xB12,0xB11,
0xB12,0xB11,0xB12,0xB11,0xB11,0xB12,
0xB11,0xB12,0xB12,0xB12,0xB11,0xB12,
0xB11,0xB12,0xB11,0xB12,0xB12,0xB11,
0xB12,0xB11,0xB12,0xB11,0xB12,0xB12,
0xB11,0xB12,0xB12,0xB11,0xB12,0xB11,
0xB12,0xB11,0xB12,0xB11,0xB12,0xB12,
0xB11,0xB12,0xB11,0xB12,0xB12,0xB11,
0xB12,0xB11,0xB12,0xB11,0xB12,0xB12,
0xB11,0xB12,0xB11,0xB12,0xB11,0xB12,
0xB12,0xB12,0xB11,0xB12,0xB11,0xB12,
0xB11,0xB12,0xB12,0xB12,0xB12,0xB12,
0xB12,0xB11,0xB12,0xB11,0xB12,0xB11,
0xB12,0xB12,0xB12,0xB12,0xB12,0xB12,
0xB11,0xB12,0xB11,0xB12,0xB12,0xB11,
0xB12,0xB12,0xB11,0xB12,0xB11,0xB12,
0xB11,0xB12,0xB11,0xB12,0xB11,0xB12,
0xB12,0xB11,0xB12,0xB11,0xB12,0xB11,
0xB12,0xB11,0xB11,0xB12,0xB11,0xB12,
0xB11,0xB12,0xB12,0xB11,0xB12,0xB11,
0xB12,0xB11,0xB12,0xB11,0xB12,0xB11,
0xB11,0xB12,0xB11,0xB12,0xB11,0xB12,
0xB11,0xB12,0xB12,0xB11,0xB12,0xB11,
0xB12,0xB12,0xB11,0xB12,0xB12,0xB12,
0xB12,0xB11,0xB12,0xB11,0xB12,0xB11,
0xB12,0xB12,0xB11,0xB12,0xB12,0xB11,
0xB12,0xB11,0xB12,0xB11,0xB12,0xB11,
0xB12,0xB12,0xB12,0xB12,0xB11,0xB12,
0xB11,0xB12,0xB11,0xB12,0xB12,0xB12,
0xB11,0xB12,0xB11,0xB12,0xB11,0xB12,
0xB12,0xB11,0xB12,0xB11,0xB12,0xB11,
0xB12,0xB11,0xB12,0xB11,0xB12,0xB11,
0xB12,0xB11,0xB12,0xB11,0xB12,0xB12,
0xB12,0xB11,0xB12,0xB11,0xB12,0xB11,
0xB12,0xB12,0xB11,0xB12,0xB11,0xB12,
0xB12,0xB11,0xB12,0xB12,0xB11,0xB12,
0xB12,0xB11,0xB12,0xB11,0xB12,0xB12,
0xB11,0xB12,0xB11,0xB12,0xB11,0xB12,
0xB12,0xB12,0xB12,0xB12,0xB12,0xB11,
0xB12,0xB11,0xB12,0xB11,0xB12,0xB11,
0xB12,0xB11,0xB12,0xB12,0xB12,0xB12,
0xB12,0xB11,0xB12,0xB11,0xB12,0xB11,
0xB12,0xB11,0xB12,0xB12,0xB11,0xB12,
0xB11,0xB12,0xB12,0xB11,0xB12,0xB12,
0xB11,0xB12,0xB11,0xB12,0xB11,0xB12,
0xB11,0xB12,0xB11,0xB12,0xB11,0xB12,
0xB12,0xB12,0xB11,0xB12,0xB11,0xB12,
0xB12,0xB11,0xB12,0xB11,0xB12,0xB11,
0xB12,0xB11,0xB12,0xB12,0xB11,0xB12,
0xB11,0xB12,0xB11,0xB12,0xB11,0xB12,
0xB12,0xB12,0xB12,0xB12,0xB11,0xB12,
0xB12,0xB11,0xB12,0xB11,0xB12,0xB11,
0xB12,0xB12,0xB11,0xB12,0xB11,0xB12,
0xB11,0xB12,0xB11,0xB12,0xB12,0xB11,
0xB12,0xB11,0xB12,0xB11,0xB12,0xB11,
0xB12,0xB11,0xB12,0xB12,0xB11,0xB12,
0xB11,0xB12,0xB12,0xB11,0xB12,0xB11,
0xB12,0xB11,0xB12,0xB12,0xB11,0xB12,
0xB11,0xB12,0xB11,0xB12,0xB11,0xB12,
0xB11,0xB12,0xB11,0xB12,0xB11,0xB12,
0xB12,0xB11,0xB12,0xB11,0xB12,0xB11,
0xB12,0xB11,0xB12,0xB12,0xB12,0xB12,
0xB12,0xB11,0xB12,0xB11,0xB12,0xB11,
0xB12,0xB12,0xB12,0xB11,0xB12,0xB11,
0xB12,0xB12,0xB11,0xB12,0xB11,0xB12,
0xB11,0xB12,0xB12,0xB11,0xB12,0xB11,
0xB12,0xB11,0xB12,0xB11,0xB11,0xB12,
0xB11,0xB12,0xB11,0xB11,0xB12,0xB11,
0xB12,0xB11,0xB12,0xB12,0xB12,0xB12,
0xB12,0xB12,0xB12,0xB12,0xB12,0xB11,
0xB12,0xB11,0xB12,0xB12,0xB11,0xB12,
0xB11,0xB12,0xB11,0xB12,0xB11,0xB12,
0xB11,0xB12,0xB11,0xB12,0xB11,0xB12,
0xB11,0xB12,0xB12,0xB11,0xB12,0xB11,
0xB12,0xB11,0xB12,0xB12,0xB11,0xB12,
0xB11,0xB12,0xB12,0xB11,0xB12,0xB11,
0xB12,0xB12,0xB12,0xB11,0xB12,0xB11,
0xB12,0xB12,0xB11,0xB12,0xB11,0xB12,
0xB11,0xB11,0xB12,0xB11,0xB12,0xB11,
0xB12,0xB12,0xB11,0xB12,0xB12,0xB12,
0xB11,0xB12,0xB11,0xB12,0xB11,0xB12,
0xB11,0xB12,0xB12,0xB11,0xB12,0xB11,
0xB12,0xB11,0xB12,0xB12,0xB11,0xB12,
0xB11,0xB12,0xB11,0xB12,0xB11,0xB12,
0xB12,0xB11,0xB12,0xB11,0xB12,0xB12,
0xB12,0xB12,0xB11,0xB12,0xB11,0xB12,
0xB11,0xB12,0xB11,0xB12,0xB11,0xB11,
0xB12,0xB11,0xB12,0xB11,0xB12,0xB12,
0xB12,0xB12,0xB11,0xB12,0xB11,0xB12,
0xB11,0xB12,0xB12,0xB11,0xB12,0xB12,
0xB11,0xB12,0xB11,0xB12,0xB11,0xB12,
0xB11,0xB12,0xB11,0xB12,0xB11,0xB12,
0xB11,0xB12,0xB11,0xB12,0xB11,0xB12,
0xB11,0xB12,0xB12,0xB11,0xB12,0xB11,
0xB12,0xB11,0xB12,0xB11,0xB12,0xB11,
0xB12,0xB11,0xB12,0xB11,0xB12,0xB11,
0xB12,0xB11,0xB12,0xB12,0xB11,0xB12,
0xB11,0xB11,0xB12,0xB11,0xB12,0xB11,
0xB12,0xB12,0xB12,0xB12,0xB12,0xB12,
0xB11,0xB12,0xB12,0xB11,0xB12,0xB11,
0xB12,0xB11,0xB12,0xB11,0xB12,0xB12,
0xB11,0xB12,0xB12,0xB11,0xB12,0xB11,
0xB12,0xB11,0xB12,0xB11,0xB12,0xB11,
0xB12,0xB11,0xB12,0xB11,0xB12,0xB11,
0xB12,0xB11,0xB12,0xB11,0xB12,0xB11,
0xB12,0xB11,0xB12,0xB12,0xB12,0xB11,
0xB12,0xB11,0xB12,0xB11,0xB12,0xB12,
0xB11,0xB12,0xB11,0xB12,0xB11,0xB12,
0xB12,0xB11,0xB12,0xB12,0xB11,0xB12,
0xB11,0xB12,0xB11,0xB12,0xB11,0xB12,
0xB11,0xB12,0xB11,0xB12,0xB12,0xB11,
0xB12,0xB11,0xB11,0xB12,0xB11,0xB12,
0xB11,0xB12,0xB12,0xB11,0xB12,0xB11,
0xB12,0xB12,0xB11,0xB12,0xB12,0xB11,
0xB12,0xB11,0xB12,0xB11,0xB12,0xB11,
0xB12,0xB11,0xB12,0xB11,0xB12,0xB11,
0xB12,0xB11,0xB12,0xB11,0xB12,0xB11,
0xB12,0xB12,0xB11,0xB12,0xB11,0xB12,
0xB11,0xB12,0xB11,0xB12,0xB11,0xB11,
0xB12,0xB11,0xB12,0xB11,0xB12,0xB11,
0xB12,0xB11,0xB12,0xB12,0xB11,0xB12,
0xB12,0xB11,0xB12,0xB12,0xB11,0xB12,
0xB12,0xB12,0xB12,0xB12,0xB11,0xB12,
0xB11,0xB12,0xB12,0xB11,0xB12,0xB12,
0xB11,0xB12,0xB11,0xB12,0xB12,0xB12,
0xB11,0xB12,0xB12,0xB11,0xB12,0xB11,
0xB12,0xB11,0xB12,0xB12,0xB11,0xB12,
0xB12,0xB11,0xB12,0xB11,0xB12,0xB12,
0xB11,0xB12,0xB11,0xB12,0xB11,0xB11,
0xB12,0xB11,0xB12,0xB12,0xB11,0xB12,
0xB11,0xB12,0xB12,0xB12,0xB12,0xB11,
0xB12,0xB12,0xB12,0xB12,0xB12,0xB11,
0xB12,0xB12,0xB12,0xB12,0xB11,0xB12,
0xB12,0xB11,0xB12,0xB11,0xB12,0xB11,
0xB12,0xB11,0xB12,0xB12,0xB11,0xB12,
0xB11,0xB12,0xB11,0xB12,0xB12,0xB11,
0xB12,0xB11,0xB12,0xB11,0xB12,0xB11,
0xB12,0xB12,0xB12,0xB11,0xB12,0xB12,
0xB11,0xB12,0xB11,0xB12,0xB11,0xB12,
0xB11,0xB12,0xB12,0xB12,0xB12,0xB11,
0xB12,0xB11,0xB12,0xB11,0xB12,0xB12,
0xB11,0xB12,0xB11,0xB12,0xB12,0xB11,
0xB12,0xB11,0xB12,0xB12,0xB11,0xB12,
0xB11,0xB12,0xB11,0xB12,0xB12,0xB11,
0xB12,0xB12,0xB11,0xB12,0xB11,0xB12,
0xB12,0xB11,0xB12,0xB11,0xB12,0xB11,
0xB12,0xB11,0xB12,0xB11,0xB12,0xB11,
0xB12,0xB12,0xB12,0xB11,0xB12,0xB11,
0xB12,0xB11,0xB12,0xB11,0xB12,0xB11,
0xB12,0xB11,0xB12,0xB12,0xB11,0xB12,
0xB11,0xB12,0xB12,0xB11,0xB12,0xB12,
0xB11,0xB12,0xB11,0xB12,0xB11,0xB12,
0xB11,0xB12,0xB11,0xB12,0xB11,0xB12,
0xB11,0xB12,0xB11,0xB12,0xB12,0xB11,
0xB12,0xB12,0xB12,0xB12,0xB11,0xB12,
0xB12,0xB12,0xB12,0xB12,0xB12,0xB12,
0xB11,0xB12,0xB11,0xB12,0xB11,0xB12,
0xB11,0xB12,0xB12,0xB11,0xB12,0xB11,
0xB12,0xB11,0xB12,0xB11,0xB12,0xB12,
0xB12,0xB12,0xB11,0xB12,0xB11,0xB12,
0xB12,0xB11,0xB12,0xB11,0xB12,0xB11,
0xB12,0xB11,0xB12,0xB11,0xB12,0xB12,
0xB12,0xB11,0xB12,0xB11,0xB12,0xB11,
0xB12,0xB11,0xB12,0xB11,0xB12,0xB11,
0xB12,0xB11,0xB12,0xB12,0xB12,0xB12,
0xB12,0xB12,0xB11,0xB12,0xB11,0xB12,
0xB12,0xB11,0xB12,0xB11,0xB12,0xB11,
0xB12,0xB11,0xB12,0xB11,0xB12,0xB11,
0xB12,0xB12,0xB11,0xB12,0xB11,0xB12,
0xB12,0xB11,0xB12,0xB11,0xB12,0xB12,
0xB11,0xB12,0xB11,0xB12,0xB11,0xB12,
0xB11,0xB12,0xB11,0xB12,0xB11,0xB12,
0xB11,0xB11,0xB12,0xB11,0xB12,0xB11,
0xB11,0xB12,0xB11,0xB12,0xB11,0xB12,
0xB12,0xB11,0xB12,0xB11,0xB12,0xB11,
0xB12,0xB11,0xB12,0xB11,0xB12,0xB11,
0xB12,0xB11,0xB12,0xB11,0xB12,0xB11,
0xB12,0xB12,0xB11,0xB12,0xB11,0xB12,
0xB11,0xB12,0xB11,0xB12,0xB12,0xB11,
0xB12,0xB12,0xB11,0xB12,0xB11,0xB12,
0xB12,0xB11,0xB12,0xB12,0xB12,0xB12,
0xB12,0xB12,0xB12,0xB12,0xB12,0xB12,
0xB12,0xB12,0xB12,0xB12,0xB12,0xB12,
0xB11,0xB12,0xB11,0xB12,0xB11,0xB12,
0xB11,0xB12,0xB12,0xB11,0xB12,0xB11,
0xB12,0xB12,0xB11,0xB12,0xB11,0xB12,
0xB12,0xB11,0xB12,0xB11,0xB12,0xB12,
0xB11,0xB12,0xB11,0xB12,0xB11,0xB12,
0xB11,0xB12,0xB11,0xB12,0xB11,0xB12,
0xB11,0xB12,0xB11,0xB12,0xB11,0xB12,
0xB12,0xB12,0xB11,0xB12,0xB11,0xB12,
0xB11,0xB12,0xB12,0xB12,0xB12,0xB11,
0xB12,0xB11,0xB12,0xB12,0xB11,0xB12,
0xB12,0xB11,0xB12,0xB11,0xB11,0xB12,
0xB11,0xB12,0xB11,0xB12,0xB11,0xB12,
0xB11,0xB12,0xB12,0xB12,0xB12,0xB11,
0xB12,0xB11,0xB12,0xB11,0xB12,0xB11,
0xB12,0xB11,0xB12,0xB11,0xB12,0xB11,
0xB12,0xB12,0xB11,0xB12,0xB11,0xB12,
0xB11,0xB12,0xB11,0xB12,0xB12,0xB11,
0xB12,0xB11,0xB12,0xB11,0xB12,0xB12,
0xB12,0xB11,0xB12,0xB12,0xB11,0xB12,
0xB11,0xB12,0xB11,0xB12,0xB11,0xB12,
0xB11,0xB11,0xB12,0xB12,0xB12,0xB12,
0xB11,0xB12,0xB12,0xB11,0xB12,0xB11,
0xB12,0xB11,0xB12,0xB11,0xB12,0xB11,
0xB12,0xB11,0xB12,0xB11,0xB12,0xB12,
0xB12,0xB12,0xB12,0xB11,0xB12,0xB11,
0xB12,0xB12,0xB11,0xB12,0xB12,0xB11,
0xB12,0xB11,0xB12,0xB11,0xB12,0xB11,
0xB12,0xB11,0xB12,0xB11,0xB12,0xB11,
0xB12,0xB11,0xB12,0xB11,0xB12,0xB11,
0xB12,0xB12,0xB11,0xB12,0xB11,0xB12,
0xB11,0xB12,0xB11,0xB12,0xB11,0xB12,
0xB11,0xB12,0xB12,0xB11,0xB12,0xB12,
0xB11,0xB12,0xB11,0xB12,0xB11,0xB12,
0xB11,0xB12,0xB11,0xB12,0xB11,0xB12,
0xB11,0xB12,0xB11,0xB12,0xB11,0xB12,
0xB11,0xB12,0xB12,0xB11,0xB12,0xB11,
0xB12,0xB12,0xB11,0xB12,0xB11,0xB12,
0xB12,0xB12,0xB12,0xB12,0xB12,0xB12,
0xB12,0xB12,0xB12,0xB12,0xB12,0xB11,
0xB12,0xB11,0xB12,0xB11,0xB12,0xB12,
0xB12,0xB12,0xB12,0xB12,0xB12,0xB12,
0xB12,0xB12,0xB11,0xB12,0xB11,0xB12,
0xB11,0xB12,0xB11,0xB12,0xB11,0xB12,
0xB12,0xB11,0xB12,0xB11,0xB12,0xB11,
0xB12,0xB11,0xB12,0xB11,0xB12,0xB11,
0xB12,0xB12,0xB12,0xB12,0xB11,0xB12,
0xB11,0xB12,0xB11,0xB12,0xB11,0xB12,
0xB11,0xB12,0xB12,0xB11,0xB12,0xB11,
0xB12,0xB11,0xB12,0xB11,0xB12,0xB11,
0xB12,0xB11,0xB12,0xB12,0xB12,0xB11,
0xB12,0xB11,0xB12,0xB11,0xB12,0xB11,
0xB12,0xB12,0xB12,0xB11,0xB12,0xB11,
0xB12,0xB12,0xB11,0xB12,0xB11,0xB12,
0xB11,0xB12,0xB11,0xB12,0xB12,0xB11,
0xB12,0xB11,0xB12,0xB11,0xB12,0xB11,
0xB12,0xB11,0xB12,0xB11,0xB12,0xB11,
0xB12,0xB12,0xB11,0xB12,0xB11,0xB12,
0xB11,0xB12,0xB11,0xB12,0xB11,0xB12,
0xB12,0xB12,0xB11,0xB12,0xB11,0xB12,
0xB11,0xB12,0xB12,0xB11,0xB12,0xB11,
0xB12,0xB11,0xB12,0xB11,0xB12,0xB11,
0xB12,0xB11,0xB12,0xB11,0xB12,0xB11,
0xB12,0xB12,0xB12,0xB12,0xB11,0xB12,
0xB11,0xB12,0xB11,0xB12,0xB12,0xB12,
0xB12,0xB11,0xB12,0xB11,0xB12,0xB12,
0xB12,0xB12,0xB12,0xB11,0xB12,0xB12,
0xB11,0xB12,0xB11,0xB12,0xB11,0xB12,
0xB12,0xB11,0xB12,0xB12,0xB11,0xB12,
0xB11,0xB12,0xB12,0xB11,0xB12,0xB12,
0xB11,0xB12,0xB11,0xB12,0xB12,0xB11,
0xB12,0xB11,0xB12,0xB12,0xB11,0xB12,
0xB11,0xB12,0xB11,0xB12,0xB11,0xB12,
0xB11,0xB12,0xB12,0xB12,0xB12,0xB12,
0xB12,0xB12,0xB11,0xB12,0xB11,0xB12,
0xB11,0xB12,0xB11,0xB12,0xB12,0xB12,
0xB12,0xB12,0xB12,0xB11,0xB12,0xB11,
0xB12,0xB12,0xB11,0xB11,0xB12,0xB11,
0xB12,0xB11,0xB12,0xB11,0xB12,0xB11,
0xB12,0xB11,0xB12,0xB12,0xB12,0xB11,
0xB12,0xB11,0xB12,0xB11,0xB12,0xB11,
0xB12,0xB11,0xB12,0xB11,0xB12,0xB11,
0xB12,0xB11,0xB12,0xB11,0xB12,0xB12,
0xB12,0xB12,0xB11,0xB12,0xB11,0xB12,
0xB12,0xB11,0xB12,0xB11,0xB12,0xB12,
0xB12,0xB12,0xB12,0xB12,0xB11,0xB12,
0xB11,0xB12,0xB11,0xB12,0xB12,0xB11,
0xB12,0xB11,0xB12,0xB11,0xB12,0xB11,
0xB12,0xB12,0xB11,0xB12,0xB11,0xB12,
0xB12,0xB11,0xB12,0xB11,0xB12,0xB11,
0xB12,0xB11,0xB12,0xB12,0xB12,0xB12,
0xB12,0xB11,0xB12,0xB11,0xB12,0xB11,
0xB11,0xB12,0xB11,0xB12,0xB11,0xB12,
0xB11,0xB12,0xB11,0xB11,0xB12,0xB11,
0xB12,0xB11,0xB12,0xB12,0xB12,0xB12,
0xB11,0xB12,0xB11,0xB12,0xB12,0xB11,
0xB12,0xB11,0xB12,0xB12,0xB11,0xB12,
0xB11,0xB12,0xB12,0xB11,0xB12,0xB11,
0xB12,0xB11,0xB12,0xB11,0xB12,0xB12,
0xB11,0xB12,0xB11,0xB12,0xB11,0xB12,
0xB11,0xB11,0xB12,0xB11,0xB12,0xB11,
0xB12,0xB11,0xB12,0xB12,0xB12,0xB11,
0xB12,0xB11,0xB12,0xB12,0xB11,0xB12,
0xB11,0xB12,0xB11,0xB12,0xB11,0xB12,
0xB11,0xB12,0xB11,0xB12,0xB11,0xB12,
0xB11,0xB12,0xB11,0xB12,0xB11,0xB12,
0xB11,0xB12,0xB11,0xB11,0xB12,0xB11,
0xB12,0xB11,0xB11,0xB12,0xB11,0xB12,
0xB11,0xB12,0xB11,0xB12,0xB12,0xB11,
0xB12,0xB12,0xB11,0xB12,0xB11,0xB12,
0xB12,0xB11,0xB12,0xB11,0xB12,0xB11,
0xB12,0xB12,0xB11,0xB12,0xB11,0xB12,
0xB11,0xB12,0xB12,0xB12,0xB12,0xB12,
0xB11,0xB12,0xB11,0xB12,0xB12,0xB11,
0xB12,0xB11,0xB12,0xB11,0xB12,0xB12,
0xB11,0xB12,0xB11,0xB12,0xB11,0xB12,
0xB11,0xB12,0xB11,0xB12,0xB12,0xB11,
0xB12,0xB12,0xB12,0xB11,0xB12,0xB11,
0xB11,0xB12,0xB11,0xB11,0xB12,0xB11,
0xB12,0xB11,0xB12,0xB11,0xB12,0xB11,
0xB12,0xB11,0xB12,0xB11,0xB12,0xB12,
0xB11,0xB12,0xB11,0xB12,0xB11,0xB12,
0xB11,0xB12,0xB11,0xB12,0xB11,0xB12,
0xB11,0xB12,0xB12,0xB12,0xB12,0xB12,
0xB11,0xB12,0xB11,0xB12,0xB11,0xB12,
0xB11,0xB12,0xB11,0xB12,0xB12,0xB11,
0xB12,0xB11,0xB12,0xB12,0xB12,0xB11,
0xB12,0xB11,0xB12,0xB11,0xB12,0xB11,
0xB12,0xB11,0xB12,0xB11,0xB12,0xB11,
0xB12,0xB12,0xB12,0xB12,0xB12,0xB12,
0xB12,0xB12,0xB12,0xB12,0xB11,0xB12,
0xB11,0xB12,0xB11,0xB12,0xB11,0xB12,
0xB11,0xB12,0xB12,0xB12,0xB11,0xB12,
0xB11,0xB12,0xB11,0xB12,0xB11,0xB12,
0xB11,0xB12,0xB12,0xB12,0xB11,0xB12,
0xB11,0xB12,0xB12,0xB11,0xB12,0xB11,
0xB12,0xB11,0xB12,0xB11,0xB12,0xB11,
0xB12,0xB11,0xB12,0xB11,0xB12,0xB11,
0xB12,0xB11,0xB12,0xB12,0xB11,0xB12,
0xB11,0xB12,0xB12,0xB11,0xB12,0xB12,
0xB11,0xB12,0xB12,0xB11,0xB12,0xB11,
0xB12,0xB12,0xB11,0xB12,0xB11,0xB12,
0xB11,0xB12,0xB11,0xB12,0xB12,0xB11,
0xB12,0xB11,0xB12,0xB11,0xB12,0xB11,
0xB12,0xB12,0xB12,0xB12,0xB12,0xB12,
0xB11,0xB12,0xB11,0xB12,0xB11,0xB12,
0xB11,0xB12,0xB12,0xB11,0xB12,0xB11,
0xB12,0xB11,0xB12,0xB11,0xB11,0xB12,
0xB11,0xB12,0xB11,0xB12,0xB12,0xB11,
0xB12,0xB11,0xB12,0xB12,0xB11,0xB12,
0xB11,0xB12,0xB11,0xB11,0xB12,0xB12,
0xB11,0xB12,0xB11,0xB12,0xB12,0xB11,
0xB12,0xB12,0xB11,0xB12,0xB11,0xB12,
0xB11,0xB12,0xB11,0xB12,0xB12,0xB11,
0xB12,0xB11,0xB12,0xB12,0xB11,0xB12,
0xB12,0xB11,0xB12,0xB11,0xB12,0xB12,
0xB12,0xB12,0xB12,0xB12,0xB12,0xB11,
0xB12,0xB11,0xB12,0xB12,0xB11,0xB12,
0xB11,0xB12,0xB11,0xB12,0xB11,0xB12,
0xB11,0xB12,0xB11,0xB12,0xB11,0xB12,
0xB11,0xB12,0xB11,0xB12,0xB12,0xB11,
0xB12,0xB11,0xB12,0xB11,0xB11,0xB12,
0xB11,0xB12,0xB12,0xB11,0xB12,0xB11,
0xB12,0xB12,0xB11,0xB12,0xB11,0xB12,
0xB12,0xB11,0xB12,0xB11,0xB12,0xB12,
0xB11,0xB12,0xB11,0xB12,0xB11,0xB12,
0xB11,0xB12,0xB11,0xB12,0xB12,0xB11,
0xB12,0xB11,0xB12,0xB11,0xB12,0xB11,
0xB12,0xB12,0xB11,0xB12,0xB12,0xB11,
0xB12,0xB11,0xB12,0xB12,0xB11,0xB12,
0xB11,0xB12,0xB11,0xB12,0xB11,0xB12,
0xB12,0xB11,0xB12,0xB12,0xB11,0xB12,
0xB11,0xB12,0xB12,0xB11,0xB12,0xB11,
0xB12,0xB12,0xB11,0xB12,0xB11,0xB12,
0xB12,0xB11,0xB12,0xB12,0xB12,0xB12,
0xB11,0xB12,0xB11,0xB12,0xB11,0xB12,
0xB11,0xB12,0xB11,0xB12,0xB11,0xB12,
0xB11,0xB12,0xB11,0xB12,0xB11,0xB12,
0xB12,0xB12,0xB11,0xB12,0xB11,0xB12,
0xB12,0xB11,0xB12,0xB11,0xB12,0xB11,
0xB12,0xB11,0xB12,0xB12,0xB11,0xB12,
0xB11,0xB12,0xB11,0xB12,0xB11,0xB12,
0xB12,0xB11,0xB12,0xB11,0xB12,0xB11,
0xB11,0xB12,0xB11,0xB12,0xB11,0xB12,
0xB12,0xB12,0xB11,0xB12,0xB12,0xB11,
0xB12,0xB11,0xB12,0xB12,0xB12,0xB11,
0xB12,0xB11,0xB12,0xB11,0xB12,0xB12,
0xB11,0xB12,0xB11,0xB12,0xB11,0xB12,
0xB11,0xB12,0xB11,0xB12,0xB12,0xB11,
0xB12,0xB11,0xB12,0xB11,0xB12,0xB12,
0xB11,0xB12,0xB11,0xB12,0xB11,0xB12,
0xB12,0xB11,0xB12,0xB11,0xB12,0xB12,
0xB11,0xB12,0xB12,0xB11,0xB12,0xB11,
0xB12,0xB11,0xB12,0xB11,0xB12,0xB12,
0xB12,0xB11,0xB12,0xB11,0xB12,0xB12,
0xB11,0xB12,0xB11,0xB12,0xB11,0xB12,
0xB11,0xB12,0xB11,0xB12,0xB11,0xB12,
0xB12,0xB12,0xB11,0xB12,0xB11,0xB12,
0xB11,0xB12,0xB11,0xB12,0xB11,0xB12,
0xB12,0xB11,0xB11,0xB12,0xB11,0xB12,
0xB12,0xB11,0xB12,0xB11,0xB12,0xB11,
0xB12,0xB11,0xB11,0xB12,0xB11,0xB12,
0xB11,0xB12,0xB12,0xB11,0xB12,0xB11,
0xB12,0xB12,0xB11,0xB12,0xB11,0xB12,
0xB12,0xB11,0xB12,0xB12,0xB11,0xB12,
0xB11,0xB12,0xB11,0xB12,0xB11,0xB12,
0xB11,0xB12,0xB11,0xB12,0xB12,0xB11,
0xB12,0xB11,0xB12,0xB11,0xB11,0xB12,
0xB11,0xB12,0xB11,0xB12,0xB11,0xB12,
0xB11,0xB12,0xB11,0xB12,0xB11,0xB12,
0xB11,0xB12,0xB11,0xB12,0xB12,0xB11,
0xB12,0xB11,0xB12,0xB11,0xB12,0xB11,
0xB12,0xB12,0xB11,0xB12,0xB12,0xB12,
0xB11,0xB12,0xB11,0xB12,0xB11,0xB12,
0xB11,0xB12,0xB11,0xB12,0xB11,0xB12,
0xB12,0xB12,0xB12,0xB12,0xB12,0xB12,
0xB12,0xB12,0xB11,0xB12,0xB11,0xB12,
0xB11,0xB11,0xB12,0xB11,0xB12,0xB11,
0xB12,0xB11,0xB12,0xB11,0xB12,0xB12,
0xB11,0xB12,0xB11,0xB12,0xB11,0xB12,
0xB11,0xB13,0xB11,0xB12,0xB11,0xB12,
0xB11,0xB12,0xB11,0xB12,0xB11,0xB12,
0xB11,0xB12,0xB12,0xB11,0xB12,0xB11,
0xB12,0xB10,0xC6A,0xCCF,0xBA3,0xAE7,
0x9C5,0x8E8,0x8FB,0x992,0xA4C,0xB8E,
0xCEE,0xD9B,0xDCF,0xDBE,0xCD6,0xBA7,
0xAE7,0xA5D,0xA43,0xAF6,0xBFC,0xCB1,
0xD4C,0xDB2,0xD4F,0xC71,0xB86,0xA4E,
0x992,0x979,0x9EC,0xAD4,0xBB0,0xC2C,
0xC23,0xBAC,0xACD,0xA24,0x9E2,0x9D8,
0xA75,0xB5D,0xBF2,0xCB0,0xD59,0xD34,
0xC92,0xB70,0x9B4,0x830,0x75F,0x791,
0x855,0x9C9,0xBE4,0xD83,0xE0D,0xDF0,
0xDE9,0xD5C,0xC48,0xBEE,0xBE1,0xB2D,
0xAE6,0xAAF,0xA07,0x9D2,0x9ED,0x9FB,
0xA1D,0xA8B,0xAB7,0xA67,0xA50,0xA4E,
0x9EB,0x987,0x90A,0x88E,0x86E,0x84D,
0x80B,0x82A,0x8DB,0x9A4,0xA53,0xB84,
0xC97,0xCF9,0xD1D,0xCCE,0xC1E,0xB53,
0xAB6,0xA42,0x9E3,0x9BA,0x9DE,0x9DE,
0xA17,0xB09,0xBF6,0xC25,0xC57,0xCAA,
0xBF3,0xB1A,0xA82,0x9B1,0x91B,0x8EF,
0x8A8,0x899,0x92C,0x9E4,0xABC,0xBB6,
0xC9E,0xD6B,0xD88,0xC82,0xB51,0xA67,
0x955,0x8D3,0x957,0xA30,0xB57,0xCC7,
0xDF9,0xE89,0xEC1,0xE31,0xCB9,0xB66,
0xA86,0x9E8,0x9FD,0xAF2,0xBD7,0xCAA,
0xDA4,0xE06,0xD65,0xCC6,0xBF1,0xAF5,
0xA9B,0xAC2,0xB57,0xC11,0xC9F,0xC90,
0xBF3,0xADE,0x999,0x8D3,0x896,0x8FF,
0xA53,0xBB4,0xCCC,0xDCD,0xE2A,0xDCE,
0xCFB,0xB69,0x99F,0x826,0x76B,0x7BE,
0x8B7,0xA9D,0xCB4,0xE16,0xE9D,0xEE9,
0xECA,0xDC7,0xCCE,0xC7C,0xBD4,0xB05,
0xAC7,0xA1A,0x9B2,0x9BA,0x9B6,0x9B2,
0x9FA,0xA6A,0xA68,0xA39,0xA4C,0xA18,
0x9A3,0x93D,0x8BD,0x88E,0x881,0x85F,
0x879,0x90E,0x9D8,0xA63,0xB08,0xC11,
0xCA9,0xCEC,0xCE4,0xC6A,0xBBB,0xB0B,
0xABA,0xA7D,0xA28,0xA00,0xA1B,0xA13,
0xA8E,0xB8C,0xC43,0xC86,0xCF5,0xCD4,
0xBCC,0xB02,0xA10,0x915,0x88D,0x815,
0x7B0,0x835,0x93F,0xA3B,0xB4B,0xC4B,
0xD27,0xDBA,0xD4B,0xBF7,0xAB1,0x976,
0x886,0x895,0x954,0xA5C,0xBE0,0xD83,
0xE94,0xEF0,0xEAF,0xD75,0xBEC,0xAD7,
0xA33,0xA0C,0xAD5,0xC33,0xD2D,0xE13,
0xEBA,0xE55,0xD52,0xC6F,0xB46,0xA6B,
0xA37,0xA92,0xB50,0xC1A,0xC90,0xC3B,
0xB81,0xA65,0x955,0x8CB,0x8E8,0x9DA,
0xB53,0xC61,0xD27,0xDD2,0xDDD,0xD46,
0xBF7,0xA60,0x90A,0x818,0x80E,0x8C1,
0xA0B,0xBEB,0xD71,0xE33,0xE6C,0xE9C,
0xE39,0xD39,0xC9A,0xC1E,0xB26,0xA91,
0xA1D,0x97E,0x967,0x95C,0x94B,0x97B,
0xA04,0xA3A,0xA09,0xA15,0xA5F,0xA29,
0x983,0x8D1,0x861,0x851,0x82A,0x847,
0x8A8,0x94A,0x9E7,0xA51,0xAEF,0xB8A,
0xBD1,0xC09,0xBF6,0xB8E,0xB02,0xA82,
0xA3B,0x9FC,0x9B7,0x99D,0x9AE,0xA0A,
0xB12,0xC45,0xCE4,0xCFB,0xD07,0xC4C,
0xB2A,0xA10,0x8EB,0x83B,0x810,0x800,
0x852,0x95E,0xA45,0xB1C,0xBDC,0xC85,
0xCDF,0xC97,0xB67,0x9F2,0x8D0,0x7E4,
0x7C0,0x889,0x9E7,0xB7E,0xD4D,0xEB3,
0xF6A,0xF8C,0xED0,0xD40,0xBD5,0xB08,
0xA88,0xA83,0xB43,0xC2E,0xCDC,0xD9D,
0xDD7,0xD30,0xC82,0xBE4,0xB39,0xB08,
0xB25,0xB93,0xC21,0xC95,0xC4F,0xB7B,
0xA92,0x99D,0x905,0x906,0x9AA,0xAE2,
0xC2F,0xCE6,0xD71,0xD86,0xD30,0xC40,
0xAC1,0x964,0x865,0x812,0x8AB,0x9D8,
0xB69,0xD2F,0xE50,0xEA4,0xE8D,0xE7B,
0xDB7,0xC8F,0xC0B,0xB6C,0xA7F,0x9F0,
0x969,0x909,0x93B,0x981,0x9BF,0xA31,
0xAB0,0xAB3,0xA83,0xAB4,0xAB6,0xA09,
0x941,0x88B,0x82D,0x801,0x7D9,0x7DC,
0x830,0x8D7,0x974,0xA2E,0xB22,0xBC9,
0xC2D,0xC96,0xC5C,0xBAC,0xAF4,0xA41,
0x9BE,0x967,0x931,0x959,0x9C8,0xA9F,
0xBE8,0xCF0,0xD3D,0xD20,0xCA4,0xB89,
0xA60,0x94C,0x879,0x83A,0x86D,0x88E,
0x91F,0x9F4,0xAA3,0xB39,0xB9E,0xBE8,
0xBD8,0xB2C,0x9EC,0x8F5,0x85C,0x832,
0x8BB,0xA0F,0xB8B,0xD31,0xECF,0xF82,
0xF8D,0xF1F,0xDEC,0xC4A,0xB3B,0xAAE,
0xA7C,0xAEE,0xBC5,0xC39,0xCCD,0xD6A,
0xD07,0xC2D,0xBAA,0xB48,0xB2C,0xB64,
0xBC5,0xC56,0xCED,0xD0B,0xC4C,0xB5C,
0xA1D,0x8E6,0x875,0x8D3,0x9C5,0xB31,
0xC59,0xD2A,0xDC6,0xDD4,0xD73,0xC37,
0xA88,0x917,0x83C,0x80E,0x89E,0x9B2,
0xB54,0xCF9,0xDE5,0xE14,0xE52,0xE84,
0xDAA,0xCDF,0xCAC,0xBF1,0xB14,0xA9D,
0x9FB,0x99F,0x9BA,0x9D6,0x9F0,0xA43,
0xA88,0xA6E,0xA6C,0xAB7,0xA7D,0x9E5,
0x951,0x8C0,0x87B,0x839,0x81C,0x82F,
0x889,0x90F,0x9A0,0xA85,0xB91,0xC1C,
0xC9A,0xCED,0xC6D,0xBBB,0xB1E,0xA94,
0xA32,0x9DE,0x9B4,0x9E5,0xA7A,0xBA6,
0xCF2,0xDAC,0xDB2,0xD60,0xC95,0xB61,
0xA40,0x92F,0x851,0x825,0x83C,0x880,
0x954,0xA29,0xAD7,0xB60,0xBCC,0xC11,
0xBF4,0xB09,0x9F7,0x97C,0x949,0x951,
0xA2A,0xB5F,0xC5A,0xD9C,0xE7C,0xE7C,
0xE58,0xDE9,0xCA5,0xBA3,0xB59,0xB35,
0xB59,0xC1A,0xC93,0xCCE,0xD7D,0xDAA,
0xCD9,0xC11,0xB8C,0xB28,0xB32,0xB5E,
0xBBB,0xC44,0xCB9,0xC8D,0xBE1,0xAEE,
0x9B2,0x8D6,0x8DC,0x97C,0xAA5,0xBF4,
0xCB5,0xD55,0xDBC,0xDB8,0xD0F,0xB7D,
0x9B5,0x87D,0x7D6,0x805,0x8D2,0xA2C,
0xC04,0xD84,0xE19,0xE2F,0xEAA,0xE87,
0xD79,0xD10,0xCD3,0xBDB,0xB39,0xA95,
0x9B9,0x955,0x91F,0x8FB,0x924,0x998,
0x9DA,0x9E2,0xA52,0xABA,0xA6A,0x9F3,
0x966,0x8EA,0x88A,0x833,0x821,0x838,
0x8A4,0x92E,0x9C2,0xADC,0xBAF,0xBFC,
0xC6D,0xC66,0xBC7,0xB2A,0xAA9,0xA5D,
0xA32,0x9E3,0x9C4,0x9FF,0xAD9,0xC0B,
0xCF2,0xD27,0xCEC,0xC82,0xB96,0xA7F,
0x998,0x8A2,0x805,0x816,0x821,0x87F,
0x931,0x9C3,0xA65,0xB34,0xBEA,0xC5D,
0xC20,0xB01,0x9F8,0x969,0x8DA,0x8B3,
0x9A3,0xAAC,0xBB0,0xD0F,0xDE0,0xE07,
0xE33,0xD95,0xC52,0xBA7,0xB71,0xB3F,
0xB9D,0xC6B,0xCBC,0xD23,0xDCE,0xDB9,
0xCE9,0xC48,0xBBB,0xB87,0xB77,0xB54,
0xB6B,0xBA9,0xBB9,0xB51,0xAAD,0x9DF,
0x91A,0x8E9,0x96C,0xA3E,0xB89,0xC98,
0xD28,0xD87,0xD88,0xD2D,0xC32,0xA7F,
0x926,0x87E,0x857,0x8DC,0x9E9,0xB8D,
0xD32,0xE34,0xE4A,0xE54,0xE98,0xDEC,
0xCF5,0xCE6,0xC6C,0xB9D,0xB2F,0xA5F,
0x9B1,0x960,0x90D,0x900,0x961,0x9D2,
0x9FE,0xA26,0xAB0,0xAB7,0xA3A,0x9AC,
0x902,0x891,0x847,0x82D,0x864,0x8E5,
0x999,0xA09,0xA99,0xB7B,0xBAD,0xBB8,
0xBD6,0xB5E,0xAD7,0xA7D,0xA32,0xA63,
0xA86,0xA81,0xAA6,0xB0B,0xBE4,0xCC9,
0xD3F,0xD0C,0xCA4,0xC09,0xB00,0xA03,
0x929,0x826,0x7D4,0x801,0x829,0x8D6,
0x9AB,0xA37,0xAED,0xBBE,0xC28,0xC2E,
0xB6A,0xA18,0x930,0x8C4,0x86A,0x8E0,
0xA3F,0xB75,0xC89,0xDB9,0xE29,0xE3B,
0xE2E,0xD1C,0xBE8,0xB9C,0xBA1,0xB9C,
0xC20,0xCBD,0xCEC,0xD31,0xD84,0xD09,
0xC61,0xBFA,0xB9C,0xB69,0xB42,0xB23,
0xB35,0xB6C,0xB4D,0xAE2,0xA38,0x983,
0x903,0x942,0x9F3,0xAD7,0xC04,0xCC0,
0xD17,0xD39,0xCFD,0xC7A,0xB5C,0x9EA,
0x8FE,0x887,0x881,0x918,0xA75,0xC2B,
0xDA3,0xE6A,0xE9E,0xEF7,0xEE3,0xDC0,
0xCEB,0xC8D,0xBB4,0xB11,0xA82,0x9B8,
0x961,0x948,0x92F,0x94D,0x9A0,0x9E3,
0x9CA,0x9FE,0xA49,0x9E2,0x95E,0x8EF,
0x87A,0x849,0x83D,0x84C,0x89F,0x93F,
0x9E3,0xA16,0xAB4,0xB6A,0xB90,0xBEC,
0xBFA,0xB66,0xB08,0xAAB,0xA98,0xADF,
0xADC,0xAD8,0xB01,0xB8A,0xC5C,0xD0B,
0xD1B,0xC9B,0xC01,0xB4F,0xA55,0x995,
0x8BC,0x808,0x84C,0x893,0x8EE,0x9DA,
0xA63,0xAA8,0xB5D,0xBCA,0xBE2,0xBB0,
0xAAF,0x96A,0x8D7,0x8A9,0x8B8,0x9BA,
0xB2C,0xC21,0xD49,0xE5A,0xE73,0xE84,
0xE17,0xCA1,0xBAD,0xBB8,0xBB0,0xBD8,
0xC8C,0xD12,0xD48,0xDC9,0xDEB,0xD40,
0xCC6,0xC4A,0xBB1,0xB6E,0xB35,0xAF8,
0xB3A,0xB71,0xB46,0xAE1,0xA57,0x9A0,
0x93E,0x9A3,0xA3F,0xB37,0xC36,0xCAB,
0xCF1,0xD13,0xCE9,0xC54,0xB11,0x9AF,
0x8DF,0x879,0x891,0x986,0xB26,0xCE0,
0xE31,0xEE2,0xF48,0xF92,0xED6,0xD81,
0xCD5,0xC00,0xAE3,0xA51,0x9BB,0x93E,
0x964,0x983,0x982,0x9B8,0xA25,0xA35,
0xA13,0xA4C,0xA31,0x9A7,0x94E,0x8E5,
0x85D,0x814,0x803,0x84A,0x8E0,0x9B4,
0xA43,0xAB2,0xB88,0xBF6,0xC17,0xC6F,
0xC21,0xB79,0xB10,0xAA8,0xAB7,0xAC8,
0xAA2,0xAA4,0xAD8,0xB85,0xC75,0xCF5,
0xCC2,0xC26,0xB7C,0xA8F,0x99C,0x8ED,
0x824,0x809,0x873,0x8A5,0x959,0xA3F,
0xA8A,0xB1B,0xBE3,0xC32,0xC4E,0xBAE,
0xA2C,0x8EE,0x867,0x823,0x883,0x9E1,
0xB54,0xCA5,0xE32,0xEEB,0xEF0,0xEDE,
0xDC7,0xC48,0xBC3,0xBA5,0xB6C,0xBB4,
0xC41,0xC78,0xCBC,0xD38,0xCE4,0xC48,
0xC0D,0xBC1,0xB96,0xB8B,0xB3C,0xB13,
0xB49,0xB24,0xA9A,0x9E9,0x936,0x8B1,
0x8DF,0x98E,0xA5D,0xB89,0xC68,0xCC7,
0xD10,0xD16,0xCCD,0xBFE,0xA8F,0x946,
0x87E,0x826,0x87C,0x9A4,0xB64,0xD0D,
0xE36,0xEE9,0xF80,0xF81,0xE44,0xD1E,
0xC5E,0xB2F,0xA44,0x9AD,0x8DB,0x892,
0x8C4,0x8DE,0x938,0x9E6,0xA77,0xA93,
0xAAB,0xABC,0xA4C,0x991,0x8EE,0x855,
0x7EA,0x7B6,0x7E6,0x8A0,0x980,0xA51,
0xAAA,0xB21,0xBD8,0xC04,0xC2E,0xC41,
0xBAC,0xB25,0xABE,0xAA3,0xAC9,0xAA7,
0xA95,0xAA0,0xB03,0xBF1,0xCCD,0xCEB,
0xC8A,0xC17,0xB6A,0xA5A,0x96F,0x89C,
0x7F0,0x80E,0x84E,0x8B1,0x9A7,0xA5B,
0xACE,0xB98,0xC49,0xCB1,0xC96,0xB81,
0xA01,0x90B,0x876,0x82C,0x8D6,0xA2C,
0xB87,0xD13,0xE67,0xEE5,0xF21,0xEC6,
0xD7A,0xC60,0xBFF,0xBAE,0xB9B,0xC13,
0xC5A,0xC3F,0xC78,0xC97,0xC29,0xBDC,
0xBB1,0xB8B,0xB99,0xB9E,0xB7B,0xBAB,
0xBC9,0xB68,0xABD,0xA16,0x987,0x943,
0x9A7,0xA28,0xAEF,0xBDA,0xC40,0xC93,
0xCDD,0xCE1,0xCA7,0xBE6,0xACE,0xA09,
0x9A2,0x978,0x9C4,0xAB5,0xC17,0xD5E,
0xE2F,0xE8F,0xEC0,0xE2F,0xD07,0xC52,
0xB9A,0xAA9,0xA28,0x9BA,0x952,0x97E,
0x9B0,0x9D9,0xA2E,0xA9C,0xAE5,0xAFD,
0xB19,0xB07,0xA77,0x9BC,0x927,0x8B5,
0x87F,0x889,0x8FF,0x992,0xA34,0xAC2,
0xB10,0xB98,0xBE4,0xBCF,0xBCC,0xB7D,
0xAFF,0xAAE,0xA79,0xAA3,0xABC,0xAB2,
0xACD,0xAD2,0xB0E,0xBBF,0xC27,0xBE3,
0xB91,0xB6F,0xAE8,0xA2B,0x9C8,0x958,
0x929,0x958,0x955,0x99F,0xA24,0xA57,
0xAB7,0xB5B,0xBD4,0xC08,0xBA5,0xAAB,
0x9CB,0x95D,0x90F,0x91A,0x9E0,0xAD3,
0xBC6,0xCEA,0xDA1,0xDE9,0xDF3,0xD5F,
0xC65,0xBDC,0xB9A,0xB56,0xB65,0xBA0,
0xBBB,0xBDE,0xC47,0xC55,0xC00,0xBD1,
0xBB6,0xBA6,0xB8B,0xB47,0xB2F,0xB60,
0xB52,0xAD2,0xA2B,0x9B6,0x963,0x995,
0xA2E,0xAD6,0xBBD,0xC4B,0xC83,0xCBD,
0xCBE,0xCA0,0xC40,0xB48,0xA34,0x988,
0x92D,0x938,0x9E5,0xB27,0xC7D,0xD85,
0xE05,0xE38,0xE34,0xD6A,0xC6D,0xBC2,
0xAFD,0xA72,0xA3D,0x9D5,0x99E,0x9BA,
0x9D9,0xA0E,0xA62,0xAC8,0xAEE,0xAF7,
0xB27,0xB07,0xA77,0x9E6,0x95F,0x8FF,
0x8DB,0x90C,0x98E,0xA1E,0xABE,0xB1D,
0xB72,0xBF0,0xC06,0xBDA,0xB92,0xB02,
0xAA9,0xA80,0xA9E,0xB06,0xB15,0xB0F,
0xB19,0xB0B,0xB63,0xC14,0xC38,0xBDB,
0xBA6,0xB66,0xAA8,0xA0B,0x9B8,0x959,
0x95A,0x97C,0x99F,0x9FC,0xA3B,0xA86,
0xB35,0xBD9,0xC38,0xC42,0xB98,0xA8E,
0x9CA,0x947,0x8EC,0x93C,0xA36,0xB49,
0xC7A,0xD8E,0xDFE,0xDF6,0xD9E,0xCBB,
0xBD3,0xB71,0xB19,0xAEA,0xB29,0xB6D,
0xB8B,0xBE3,0xC3E,0xC22,0xC07,0xC14,
0xBF5,0xBBD,0xB6A,0xB09,0xAF5,0xB10,
0xAF1,0xA81,0xA01,0x99C,0x970,0x9CE,
0xA5F,0xB09,0xBC5,0xC25,0xC67,0xCAB,
0xCAD,0xC70,0xBA2,0xA65,0x981,0x909,
0x8F3,0x958,0xA5F,0xBDA,0xD23,0xDEC,
0xE0B,0xDFD,0xD96,0xC99,0xBF3,0xB76,
0xAC8,0xA78,0xA2D,0x99D,0x96D,0x973,
0x97D,0x9BF,0xA59,0xAE0,0xB03,0xB3B,
0xB5C,0xAE7,0xA31,0x989,0x906,0x8D5,
0x8E2,0x93E,0x9C2,0xA55,0xAD1,0xB16,
0xB6C,0xBA3,0xBA1,0xBAE,0xB70,0xAFA,
0xABC,0xA9C,0xAD0,0xB10,0xAFC,0xAE4,
0xADB,0xAED,0xB70,0xC03,0xC02,0xBB8,
0xB85,0xB19,0xA76,0xA1A,0x9C5,0x97E,
0x97B,0x977,0x99C,0x9D9,0xA03,0xA78,
0xB1E,0xB9C,0xC09,0xC00,0xB32,0xA40,
0x99A,0x919,0x8F3,0x99D,0xAA7,0xBAB,
0xCC6,0xD8E,0xDBF,0xDA2,0xD0F,0xC09,
0xB77,0xB52,0xB23,0xB4B,0xBBE,0xBE0,
0xBEB,0xC4E,0xC5A,0xBFB,0xBDE,0xBD0,
0xB9F,0xB71,0xB26,0xAFA,0xB22,0xB38,
0xAFC,0xA89,0xA24,0x9D4,0x9C7,0xA1C,
0xA85,0xB2D,0xBDA,0xC1A,0xC48,0xC6E,
0xC62,0xC0F,0xB2D,0xA23,0x96C,0x90A,
0x922,0x9BD,0xAEC,0xC44,0xD4F,0xDD7,
0xDF1,0xDF3,0xD58,0xC63,0xBDC,0xB56,
0xAC6,0xA9C,0xA3B,0x9C2,0x9A3,0x993,
0x99B,0x9F0,0xA93,0xAF9,0xB25,0xB5E,
0xB38,0xAA1,0xA01,0x975,0x91C,0x90E,
0x950,0x9C5,0xA35,0xAA4,0xAD8,0xAFD,
0xB41,0xB63,0xB90,0xBC4,0xB84,0xB3B,
0xB2F,0xB2E,0xB47,0xB3C,0xAFB,0xAC4,
0xABA,0xAF7,0xB80,0xBE0,0xBD0,0xBA8,
0xB78,0xB07,0xA9A,0xA53,0x9E7,0x9AA,
0x9A1,0x99E,0x9D4,0xA06,0xA32,0xAB4,
0xB4B,0xBC0,0xC08,0xBA4,0xAC1,0xA15,
0x995,0x921,0x944,0xA2B,0xB1E,0xC10,
0xD14,0xDA1,0xDB8,0xD75,0xCA5,0xBCD,
0xB84,0xB63,0xB5F,0xBB3,0xC09,0xC01,
0xC22,0xC70,0xC22,0xBB0,0xB8F,0xB74,
0xB64,0xB38,0xB06,0xB30,0xB67,0xB66,
0xB1A,0xAAA,0xA34,0x9CB,0x9CD,0xA1D,
0xA96,0xB4C,0xBC4,0xBF9,0xC44,0xC7F,
0xC6E,0xBDD,0xAF1,0xA1D,0x98F,0x95F,
0x9A8,0xA74,0xBA5,0xCDB,0xDB6,0xDDF,
0xDC3,0xD96,0xCD2,0xC04,0xB94,0xB08,
0xAAD,0xA8D,0xA30,0x9E8,0x9CD,0x9CA,
0x9EE,0xA56,0xADF,0xB1E,0xB38,0xB3E,
0xADA,0xA48,0x9CA,0x95F,0x92F,0x950,
0x9AD,0x9F7,0xA50,0xAA9,0xAAA,0xAC9,
0xB34,0xB75,0xBD3,0xC13,0xBD2,0xBA3,
0xB83,0xB70,0xB67,0xB28,0xAD6,0xA91,
0xA88,0xB08,0xB9C,0xBC0,0xB99,0xB6D,
0xB39,0xACF,0xA89,0xA44,0x9D2,0x9B3,
0x9AE,0x9A5,0x9D2,0x9E8,0xA1E,0xAAB,
0xB27,0xB94,0xBAC,0xAFD,0xA27,0x99E,
0x943,0x928,0x9C4,0xABF,0xB8A,0xC81,
0xD5D,0xDA1,0xD77,0xD09,0xC3A,0xB8B,
0xB64,0xB65,0xB7D,0xBD7,0xC0B,0xC17,
0xC65,0xC6F,0xBEE,0xB73,0xB3C,0xB19,
0xAE7,0xAAE,0xABC,0xB0C,0xB53,0xB66,
0xB26,0xAAE,0xA1B,0x9BC,0x9CA,0xA02,
0xA80,0xB1B,0xB6B,0xBBB,0xC20,0xC69,
0xC59,0xBB7,0xAE2,0xA29,0x99F,0x99F,
0xA25,0xB0B,0xC2B,0xD27,0xDAE,0xD9D,
0xD74,0xD16,0xC30,0xB94,0xB4A,0xAE3,
0xABE,0xA81,0xA0D,0x9DF,0x9CE,0x9D3,
0xA13,0xA7C,0xAD4,0xAE5,0xAFB,0xAF1,
0xA6B,0x9DF,0x96A,0x912,0x911,0x966,
0x9CC,0xA23,0xAA4,0xADA,0xAA6,0xAE1,
0xB53,0xB8A,0xBE0,0xBED,0xBBC,0xBB2,
0xBB3,0xBB9,0xB6D,0xAE9,0xA84,0xA3F,
0xA7A,0xB1C,0xB8F,0xBB3,0xB94,0xB76,
0xB1C,0xA9B,0xA6D,0xA17,0x9CA,0x9D4,
0x9B7,0x9A6,0x9AC,0x9A8,0xA0D,0xAAB,
0xB37,0xBA7,0xB79,0xAC0,0xA1E,0x9AE,
0x966,0x986,0xA47,0xB1E,0xBF0,0xD07,
0xDA7,0xD9D,0xD61,0xCBA,0xBD7,0xB60,
0xB4D,0xB64,0xBA9,0xC1C,0xC60,0xC78,
0xC9C,0xC4D,0xB99,0xB36,0xB1C,0xB00,
0xAC6,0xAA4,0xAD6,0xB34,0xB80,0xB71,
0xB0E,0xA87,0xA0C,0x9E5,0xA05,0xA41,
0xAAE,0xB0C,0xB4E,0xBAE,0xC15,0xC59,
0xC17,0xB4D,0xA96,0xA12,0x9CB,0xA02,
0xAA0,0xB9D,0xCAF,0xD7B,0xDA5,0xD63,
0xD33,0xCA0,0xBDE,0xB88,0xB2B,0xADF,
0xAC4,0xA59,0x9F9,0x9E4,0x9E6,0x9FC,
0xA42,0xAA8,0xACE,0xAE2,0xB0B,0xAB1,
0xA16,0x9A5,0x943,0x916,0x93C,0x9B4,
0xA1B,0xA71,0xAD5,0xAC2,0xA9A,0xAEE,
0xB35,0xB81,0xBD7,0xBDC,0xBCA,0xBBF,
0xBCD,0xBC6,0xB6C,0xAFB,0xA96,0xA66,
0xAAE,0xB2D,0xB86,0xB87,0xB6D,0xB51,
0xAE7,0xA9B,0xA6A,0x9F9,0x9CD,0x9CA,
0x9AF,0x9BE,0x9CD,0x9FD,0xA80,0xB1F,
0xB9C,0xBBD,0xB46,0xA8F,0xA0D,0x9B5,
0x983,0x9F4,0xACE,0xB81,0xC5A,0xD3D,
0xD99,0xD90,0xD43,0xC7A,0xBBC,0xB7C,
0xB6E,0xB8F,0xBFB,0xC68,0xC83,0xC83,
0xC7E,0xBEC,0xB48,0xB14,0xAF9,0xAEB,
0xADD,0xAE8,0xB2C,0xB7D,0xB8E,0xB37,
0xAB9,0xA4B,0xA01,0xA1A,0xA67,0xAC2,
0xB3F,0xB7A,0xB97,0xBD8,0xC02,0xBEB,
0xB66,0xABB,0xA4C,0x9FC,0xA03,0xA7A,
0xB43,0xC45,0xD21,0xD8E,0xD5E,0xD0F,
0xCCB,0xC16,0xB93,0xB45,0xAC4,0xAAA,
0xA92,0xA19,0x9D9,0x9E2,0x9F1,0xA0C,
0xA73,0xAD3,0xAE3,0xB1B,0xB1A,0xA85,
0xA03,0x985,0x914,0x8E9,0x90E,0x98E,
0xA02,0xA82,0xAEC,0xAD3,0xAF7,0xB50,
0xB6C,0xBAC,0xBC0,0xB94,0xB7A,0xB7A,
0xB94,0xB69,0xB04,0xAA2,0xA4F,0xA59,
0xAC0,0xB36,0xB65,0xB53,0xB55,0xB1E,
0xAAA,0xA75,0xA2F,0x9EE,0x9FE,0x9F6,
0x9DC,0x9D6,0x9CE,0x9F2,0xA6E,0xB06,
0xB6F,0xB68,0xAD8,0xA3B,0x9D2,0x968,
0x960,0xA10,0xAE4,0xBB5,0xCC3,0xD92,
0xDAE,0xD6C,0xCD6,0xBEA,0xB5A,0xB32,
0xB20,0xB53,0xBD7,0xC45,0xC6A,0xC87,
0xC55,0xB8F,0xB11,0xAFF,0xAE6,0xAD5,
0xAC9,0xADF,0xB3C,0xB97,0xB8B,0xB1C,
0xA93,0xA19,0x9F1,0xA2F,0xA78,0xAE8,
0xB5A,0xB7D,0xBB4,0xC09,0xC22,0xBE7,
0xB56,0xABC,0xA42,0x9FB,0xA29,0xABE,
0xBA9,0xCA5,0xD6A,0xDA6,0xD5F,0xD1D,
0xC8A,0xBBE,0xB75,0xB23,0xAD7,0xAED,
0xAA8,0xA37,0xA13,0xA10,0xA1C,0xA5E,
0xACC,0xAFB,0xB1E,0xB5A,0xAFD,0xA47,
0x9B8,0x939,0x8FE,0x8FF,0x962,0x9FA,
0xA6B,0xAF3,0xB26,0xB1C,0xB70,0xB98,
0xB9C,0xBBD,0xB9B,0xB5A,0xB45,0xB63,
0xB75,0xB4A,0xB06,0xAB2,0xA7E,0xAB2,
0xB1D,0xB69,0xB5D,0xB4C,0xB42,0xAD7,
0xA71,0xA3B,0x9F0,0x9ED,0xA11,0x9F4,
0x9D6,0x9C9,0x9BA,0xA02,0xAA4,0xB43,
0xBA8,0xB7F,0xADF,0xA5E,0x9F1,0x977,
0x992,0xA40,0xAFD,0xBEA,0xCF6,0xD82,
0xD82,0xD45,0xC94,0xBBB,0xB5A,0xB3C,
0xB42,0xBA6,0xC2A,0xC65,0xC82,0xC91,
0xC10,0xB61,0xB3E,0xB3A,0xB17,0xAFE,
0xADF,0xAEE,0xB48,0xB6E,0xB19,0xAA6,
0xA32,0x9DD,0xA02,0xA65,0xAD5,0xB5D,
0xB98,0xB95,0xBBE,0xBEC,0xBDC,0xB65,
0xACB,0xA68,0xA1E,0xA10,0xA6E,0xB34,
0xC2C,0xD06,0xD7F,0xD68,0xD2B,0xCE2,
0xC2D,0xBA4,0xB5E,0xAE9,0xACC,0xABF,
0xA54,0xA0E,0xA01,0xA07,0xA30,0xA88,
0xAD6,0xAF5,0xB3D,0xB5D,0xADF,0xA3A,
0x99E,0x923,0x8F2,0x912,0x99D,0xA29,
0xAA2,0xB0E,0xAFE,0xB06,0xB52,0xB5A,
0xB6C,0xB78,0xB4A,0xB39,0xB52,0xB74,
0xB78,0xB3E,0xAE4,0xA8E,0xA7E,0xAD2,
0xB3E,0xB69,0xB59,0xB6B,0xB48,0xAC8,
0xA7A,0xA34,0x9ED,0xA03,0xA05,0x9D7,
0x9CB,0x9C0,0x9DA,0xA59,0xAEE,0xB72,
0xBA5,0xB3B,0xA92,0xA15,0x997,0x952,
0x9B9,0xA71,0xB44,0xC5F,0xD53,0xDA6,
0xD8F,0xD12,0xC22,0xB55,0xB01,0xAF8,
0xB4C,0xC01,0xC82,0xCB3,0xCD7,0xC88,
0xBA8,0xB07,0xAE4,0xADD,0xADE,0xADA,
0xAE9,0xB4A,0xBB1,0xB88,0xAFF,0xA7C,
0xA12,0x9FB,0xA38,0xA9E,0xB29,0xB8D,
0xB93,0xB8D,0xBBA,0xBF1,0xBCE,0xB40,
0xAB2,0xA40,0x9FD,0xA19,0xA9E,0xB80,
0xC80,0xD43,0xD7B,0xD4B,0xD0F,0xC7E,
0xBC6,0xB6E,0xB16,0xAD3,0xAED,0xABB,
0xA50,0xA27,0xA1E,0xA1E,0xA44,0xA97,
0xAD0,0xB08,0xB65,0xB45,0xAA0,0xA10,
0x98A,0x917,0x8F1,0x940,0x9CF,0xA48,
0xACD,0xB04,0xAE8,0xB20,0xB4E,0xB59,
0xB8C,0xB78,0xB4A,0xB63,0xB91,0xBBA,
0xB9D,0xB28,0xAB0,0xA6A,0xA83,0xAF3,
0xB62,0xB7E,0xB75,0xB76,0xB1C,0xAA4,
0xA5E,0xA03,0x9ED,0xA1F,0xA0B,0x9EF,
0x9E5,0x9C9,0x9F6,0xA6D,0xB00,0xB88,
0xB86,0xAF1,0xA53,0x9D2,0x959,0x963,
0xA04,0xAC7,0xBB2,0xCB3,0xD51,0xD76,
0xD46,0xC99,0xBB0,0xB30,0xB1F,0xB41,
0xBBD,0xC50,0xC81,0xC94,0xC90,0xC08,
0xB4A,0xAF2,0xAE7,0xAEC,0xAF5,0xB01,
0xB30,0xB8D,0xBB4,0xB5B,0xACC,0xA42,
0x9F0,0x9FB,0xA40,0xAB7,0xB46,0xB8D,
0xB86,0xB88,0xBB7,0xBD5,0xB99,0xB1E,
0xA91,0xA24,0xA1E,0xA63,0xAF6,0xBEA,
0xCDA,0xD63,0xD76,0xD57,0xD07,0xC4F,
0xBB0,0xB54,0xAE6,0xAC9,0xAD2,0xA77,
0xA22,0xA15,0xA0D,0xA28,0xA8B,0xAEE,
0xB0C,0xB4F,0xB7E,0xB03,0xA4E,0x9B8,
0x92B,0x8DD,0x902,0x96F,0x9E6,0xA6B,
0xAE8,0xB00,0xB23,0xB6A,0xB71,0xB8A,
0xB94,0xB50,0xB31,0xB49,0xB64,0xB87,
0xB60,0xAF7,0xA9E,0xA7C,0xAC1,0xB49,
0xB90,0xB87,0xB82,0xB62,0xAFA,0xAA0,
0xA4B,0x9F4,0x9EF,0x9F0,0x9D4,0x9D6,
0x9CC,0x9D1,0xA43,0xAD5,0xB7B,0xBE1,
0xB85,0xACF,0xA2F,0x984,0x912,0x95F,
0xA1E,0xAF4,0xC03,0xD13,0xD8A,0xD90,
0xD41,0xC72,0xBA2,0xB49,0xB45,0xB85,
0xC0F,0xC70,0xC79,0xC7D,0xC5D,0xBBB,
0xB2C,0xB15,0xB1F,0xB1C,0xB20,0xB43,
0xB79,0xBAC,0xB97,0xB09,0xA71,0xA14,
0x9ED,0xA1F,0xA8A,0xB1C,0xB9C,0xBBF,
0xBB4,0xBC8,0xBD6,0xBBB,0xB61,0xAD8,
0xA4C,0xA01,0xA22,0xA8B,0xB57,0xC47,
0xD06,0xD62,0xD52,0xD21,0xCB6,0xC00,
0xB99,0xB45,0xAEA,0xAF3,0xAD1,0xA64,
0xA3A,0xA29,0xA07,0xA2B,0xA92,0xAEC,
0xB1B,0xB5B,0xB3D,0xAA6,0xA08,0x95E,
0x8C9,0x8A7,0x903,0x98B,0xA18,0xABD,
0xB15,0xB03,0xB26,0xB3D,0xB3E,0xB6A,
0xB4C,0xB25,0xB60,0xB84,0xB8A,0xB82,
0xB20,0xAB5,0xA6E,0xA5C,0xAC3,0xB52,
0xB7E,0xB73,0xB60,0xB21,0xACA,0xA78,
0xA14,0x9E1,0x9E2,0x9C3,0x9B5,0x9B4,
0x9A1,0x9DD,0xA5A,0xAE7,0xB99,0xBB6,
0xB11,0xA72,0x9F8,0x979,0x965,0x9EC,
0xAAC,0xB8D,0xC90,0xD42,0xD55,0xD2B,
0xCB2,0xBEC,0xB6B,0xB62,0xB7D,0xBD7,
0xC67,0xC8D,0xC58,0xC3B,0xBE8,0xB3C,
0xAE4,0xAEC,0xB0F,0xB31,0xB55,0xB7A,
0xBA7,0xBCF,0xB75,0xABE,0xA43,0x9FC,
0x9EB,0xA30,0xAAF,0xB4C,0xBAE,0xBB9,
0xBB8,0xBCE,0xBDC,0xBA2,0xB20,0xAA0,
0xA3E,0xA2B,0xA68,0xAF2,0xBDA,0xCBD,
0xD5C,0xD69,0xD17,0xCE0,0xC5C,0xBB0,
0xB74,0xB44,0xB23,0xB37,0xAEA,0xA79,
0xA3D,0xA07,0x9D6,0xA10,0xA95,0xAF5,
0xB3E,0xB73,0xB30,0xA8B,0x9CE,0x91A,
0x8C1,0x8CB,0x94C,0x9F1,0xA89,0xB06,
0xB0C,0xAEC,0xB13,0xB18,0xB28,0xB62,
0xB5A,0xB5C,0xB80,0xB88,0xB84,0xB47,
0xAB7,0xA5D,0xA48,0xA7C,0xB02,0xB73,
0xB8A,0xB81,0xB5A,0xB04,0xAAE,0xA44,
0x9E7,0x9D7,0x9D6,0x9B2,0x9AD,0x991,
0x9A0,0xA17,0xA9A,0xB36,0xBC3,0xB85,
0xACD,0xA48,0x9C9,0x96A,0x999,0xA47,
0xB0D,0xC01,0xD04,0xD82,0xD67,0xD26,
0xC80,0xBAD,0xB64,0xB78,0xB9F,0xC23,
0xCA1,0xC86,0xC62,0xC49,0xBCB,0xB40,
0xB21,0xB2D,0xB41,0xB3E,0xB50,0xB77,
0xBA8,0xBA7,0xB27,0xAA1,0xA46,0xA11,
0xA27,0xA87,0xAF9,0xB71,0xBAE,0xBC5,
0xBD2,0xBF2,0xBFA,0xB9D,0xB12,0xA7C,
0xA13,0xA23,0xA85,0xB37,0xC3A,0xD19,
0xD82,0xD3A,0xCEB,0xCA5,0xBF1,0xB71,
0xB67,0xB47,0xB59,0xB50,0xAC1,0xA4D,
0xA0E,0x9CC,0x9B9,0xA22,0xA9E,0xAF1,
0xB3B,0xB4F,0xAD9,0xA2E,0x97D,0x8FB,
0x8E0,0x921,0x9C1,0xA54,0xAE2,0xB2B,
0xB01,0xAF8,0xB21,0xB1E,0xB4E,0xB81,
0xB7D,0xB8F,0xB9D,0xB85,0xB5A,0xAF9,
0xA8A,0xA4B,0xA3F,0xAA7,0xB33,0xB75,
0xB6C,0xB6A,0xB45,0xAF4,0xA96,0xA32,
0x9FF,0x9FD,0x9CA,0x984,0x96C,0x951,
0x999,0xA3B,0xAE8,0xBA0,0xBEB,0xB56,
0xAA9,0xA26,0x98C,0x943,0x9AC,0xA6F,
0xB45,0xC60,0xD45,0xD76,0xD4B,0xCEE,
0xC1E,0xB84,0xB6D,0xB81,0xBC2,0xC4A,
0xC80,0xC56,0xC49,0xC1A,0xB8B,0xB31,
0xB2F,0xB32,0xB40,0xB45,0xB5C,0xB89,
0xBB0,0xB72,0xAF2,0xA79,0xA24,0xA12,
0xA48,0xAA6,0xB1B,0xB7D,0xBAC,0xBCD,
0xBF2,0xC20,0xBFA,0xB8E,0xB03,0xA75,
0xA3A,0xA65,0xAC4,0xB93,0xC75,0xD02,
0xD12,0xCB9,0xC85,0xC2D,0xBB0,0xB9F,
0xBA7,0xB87,0xB93,0xB28,0xA74,0xA03,
0x9A9,0x96D,0x9AE,0xA3F,0xAB0,0xB1A,
0xB69,0xB3E,0xAAA,0xA04,0x949,0x8F5,
0x8FA,0x95D,0x9EE,0xA69,0xADA,0xAFB,
0xAE2,0xB10,0xB2A,0xB2A,0xB67,0xB72,
0xB7B,0xBA0,0xBA6,0xB96,0xB59,0xAD3,
0xA6B,0xA37,0xA4F,0xAC6,0xB38,0xB57,
0xB60,0xB7F,0xB51,0xB01,0xAAB,0xA46,
0xA01,0x9DF,0x98C,0x952,0x92D,0x935,
0x9BA,0xA6A,0xB27,0xBCC,0xBC6,0xB2A,
0xAA1,0xA0A,0x988,0x999,0xA34,0xAEA,
0xBCD,0xCC9,0xD45,0xD39,0xD01,0xC72,
0xBB3,0xB66,0xB72,0xBA8,0xC0F,0xC7F,
0xC80,0xC54,0xC3F,0xBD6,0xB35,0xB0C,
0xB0E,0xB0C,0xB22,0xB24,0xB4F,0xB9F,
0xBBC,0xB6F,0xAF2,0xA72,0xA29,0xA27,
0xA66,0xAD5,0xB42,0xB7F,0xB98,0xBB4,
0xBD9,0xBDA,0xB85,0xB0A,0xA9A,0xA43,
0xA2F,0xA65,0xAED,0xBD5,0xC9A,0xCFD,
0xCD3,0xC82,0xC56,0xBE8,0xB92,0xBAE,
0xBAB,0xB9A,0xB83,0xAE5,0xA4D,0x9E8,
0x97B,0x94A,0x9B2,0xA42,0xAB2,0xB2F,
0xB68,0xB19,0xA9F,0x9F4,0x94A,0x90E,
0x911,0x972,0x9F3,0xA75,0xAE0,0xADD,
0xAE1,0xB2A,0xB38,0xB69,0xBAC,0xB99,
0xBA0,0xBBD,0xBB9,0xBA3,0xB50,0xABA,
0xA4A,0xA1D,0xA57,0xAD2,0xB2D,0xB54,
0xB90,0xB98,0xB47,0xAE7,0xA75,0xA1F,
0xA0A,0x9D6,0x97E,0x961,0x947,0x97B,
0xA21,0xAEC,0xBB0,0xC06,0xB9D,0xAF8,
0xA72,0x9DF,0x997,0x9DF,0xA88,0xB46,
0xC27,0xCE1,0xD15,0xD04,0xCC5,0xC12,
0xB7F,0xB6A,0xB94,0xBF3,0xC6E,0xCB3,
0xC91,0xC61,0xC1F,0xB83,0xB13,0xB27,
0xB21,0xB23,0xB3E,0xB65,0xBB1,0xBF2,
0xBD7,0xB57,0xACC,0xA5B,0xA1E,0xA2E,
0xA93,0xB07,0xB68,0xB9D,0xBB4,0xBC5,
0xBCD,0xBBA,0xB62,0xAF8,0xAAA,0xA6A,
0xA6B,0xAC6,0xB73,0xC34,0xCC3,0xCD8,
0xC7B,0xC4D,0xC1A,0xBB1,0xBA6,0xBC7,
0xBA3,0xB9E,0xB47,0xA87,0x9FE,0x9A5,
0x969,0x97E,0x9F1,0xA57,0xABC,0xB39,
0xB4F,0xAEA,0xA5F,0x9B0,0x938,0x919,
0x94F,0x9D6,0xA54,0xAC9,0xAFE,0xAE8,
0xB15,0xB46,0xB43,0xB7F,0xB98,0xB85,
0xB9A,0xBB0,0xBB5,0xBAE,0xB4D,0xABE,
0xA65,0xA58,0xAAF,0xB1B,0xB44,0xB68,
0xBA5,0xB80,0xB3D,0xAFA,0xA91,0xA53,
0xA28,0x9B8,0x976,0x975,0x974,0x9DC,
0xA99,0xB56,0xBE4,0xBDC,0xB2E,0xA89,
0x9FB,0x983,0x979,0x9FD,0xAC5,0xB98,
0xC79,0xD0D,0xD13,0xCE6,0xC70,0xBA7,
0xB43,0xB56,0xB8C,0xBE2,0xC49,0xC64,
0xC4C,0xC36,0xBD7,0xB2D,0xAF7,0xB0A,
0xB06,0xB14,0xB24,0xB46,0xB73,0xB90,
0xB53,0xAD5,0xA6E,0xA3C,0xA3C,0xA85,
0xAFA,0xB5D,0xB9C,0xBA3,0xB9F,0xB9C,
0xB9A,0xB70,0xB0A,0xAAE,0xA7A,0xA74,
0xAB1,0xB39,0xBF1,0xC98,0xCF1,0xCAE,
0xC58,0xC43,0xBE9,0xBA0,0xBD1,0xBCD,
0xBB3,0xBB3,0xB22,0xA65,0x9E9,0x994,
0x95F,0x992,0xA12,0xA83,0xB02,0xB74,
0xB50,0xAC7,0xA2A,0x980,0x91A,0x913,
0x96F,0x9F5,0xA77,0xAE8,0xB04,0xAFF,
0xB2A,0xB2B,0xB30,0xB59,0xB50,0xB4E,
0xB74,0xB85,0xB89,0xB66,0xAED,0xA7F,
0xA44,0xA58,0xAB1,0xB02,0xB27,0xB63,
0xB80,0xB48,0xB0C,0xAB3,0xA44,0xA0C,
0x9CF,0x96C,0x94D,0x94C,0x977,0xA13,
0xAD4,0xB7C,0xBE7,0xB8D,0xAC3,0xA28,
0x99E,0x958,0x99E,0xA55,0xB32,0xC17,
0xCEC,0xD41,0xD11,0xCBE,0xC06,0xB42,
0xB27,0xB6D,0xBCC,0xC4F,0xCA8,0xCA5,
0xC80,0xC46,0xBA3,0xB0A,0xB03,0xB12,
0xB0E,0xB1B,0xB3E,0xB72,0xBA2,0xBA0,
0xB3D,0xAB5,0xA5B,0xA38,0xA55,0xAB9,
0xB2C,0xB80,0xB8B,0xB7F,0xB85,0xB82,
0xB7E,0xB44,0xAD3,0xA7F,0xA66,0xA89,
0xAE8,0xB91,0xC50,0xCDA,0xCF0,0xC88,
0xC36,0xBF9,0xB83,0xB7D,0xBB9,0xB9D,
0xBB7,0xBA6,0xB00,0xA69,0xA06,0x9B7,
0x99D,0x9E3,0xA4A,0xAAB,0xB2A,0xB6B,
0xB0B,0xA72,0x9CF,0x944,0x903,0x92A,
0x9B7,0xA49,0xAD4,0xB2C,0xB1A,0xB1D,
0xB46,0xB41,0xB50,0xB60,0xB5C,0xB8B,
0xBBE,0xBDB,0xBEA,0xB9F,0xB15,0xAA3,
0xA65,0xA89,0xAED,0xB15,0xB2A,0xB60,
0xB57,0xB24,0xB0B,0xAD1,0xA99,0xA89,
0xA30,0x9BD,0x98D,0x977,0x9A7,0xA44,
0xAE5,0xB75,0xBA4,0xB15,0xA74,0xA00,
0x991,0x982,0xA04,0xADE,0xBC9,0xCBB,
0xD69,0xD5B,0xCF3,0xC5F,0xB6D,0xAE0,
0xB00,0xB4A,0xBC6,0xC58,0xC9D,0xC99,
0xC97,0xC4F,0xB96,0xB2B,0xB24,0xB0B,
0xAFC,0xB0B,0xB2A,0xB5C,0xB86,0xB61,
0xAE7,0xA6A,0xA28,0xA25,0xA73,0xAF3,
0xB6E,0xBA8,0xB99,0xB85,0xB71,0xB6C,
0xB61,0xB0C,0xA99,0xA52,0xA61,0xAB0,
0xB2A,0xBE5,0xC93,0xCEB,0xCC8,0xC4F,
0xBFF,0xBA0,0xB40,0xB6F,0xB9A,0xBAB,
0xBEA,0xB8F,0xAC6,0xA32,0x9CA,0x999,
0x9B7,0xA0F,0xA82,0xAF4,0xB5C,0xB51,
0xAC2,0xA1D,0x97D,0x90D,0x8F0,0x94E,
0x9F0,0xA69,0xAD1,0xAF1,0xACF,0xAF0,
0xB0A,0xAFB,0xB23,0xB29,0xB37,0xB79,
0xB9F,0xBD5,0xBD4,0xB48,0xAB5,0xA50,
0xA26,0xA72,0xACD,0xAF5,0xB31,0xB65,
0xB45,0xB0A,0xADA,0xA7B,0xA34,0xA06,
0x99B,0x952,0x946,0x952,0x9CE,0xA90,
0xB41,0xBCF,0xBA7,0xAF7,0xA5D,0x9CE,
0x96C,0x990,0xA51,0xB44,0xC1D,0xCFA,
0xD5E,0xD15,0xCB7,0xC11,0xB3B,0xB05,
0xB40,0xB9F,0xC3A,0xCB0,0xCBD,0xC99,
0xC70,0xBE7,0xB3B,0xB06,0xB08,0xAF5,
0xAFB,0xB28,0xB6A,0xBBE,0xBD8,0xB84,
0xAF8,0xA7D,0xA30,0xA36,0xA8A,0xAFD,
0xB6A,0xB99,0xB96,0xB89,0xB79,0xB6E,
0xB3E,0xAE1,0xA93,0xA7A,0xAA3,0xAEC,
0xB72,0xC2E,0xCC2,0xCFC,0xCB5,0xC48,
0xC08,0xB8A,0xB4C,0xBA0,0xBBB,0xBEA,
0xC00,0xB62,0xAAA,0xA2D,0x9D7,0x9CD,
0x9F6,0xA50,0xAC2,0xB2D,0xB7A,0xB32,
0xA8E,0x9E6,0x95A,0x926,0x952,0x9E8,
0xA7A,0xAD2,0xB1E,0xB12,0xAEA,0xB08,
0xB05,0xB25,0xB6B,0xB67,0xB88,0xBAB,
0xBC0,0xBEB,0xBA0,0xAFB,0xA87,0xA35,
0xA33,0xA93,0xADB,0xB1A,0xB6D,0xB80,
0xB33,0xAF5,0xAAE,0xA52,0xA3E,0xA13,
0x9AF,0x97A,0x95C,0x97E,0xA23,0xADA,
0xB7F,0xBC6,0xB5B,0xAC0,0xA3C,0x9AC,
0x958,0x9A7,0xA7C,0xB63,0xC47,0xD0A,
0xD21,0xCC9,0xC60,0xB96,0xAF1,0xAFD,
0xB47,0xBB0,0xC40,0xC88,0xC75,0xC65,
0xC31,0xB8B,0xB06,0xAF3,0xAE1,0xAC1,
0xAC9,0xAE4,0xB20,0xB6D,0xB6A,0xB14,
0xAAF,0xA4E,0xA18,0xA3D,0xA97,0xB06,
0xB5C,0xB6B,0xB62,0xB5D,0xB5C,0xB60,
0xB2F,0xAD7,0xA95,0xA88,0xAAD,0xB0D,
0xBBB,0xC72,0xCEF,0xD01,0xC9E,0xC59,
0xC10,0xB7F,0xB74,0xBAE,0xBB6,0xBF2,
0xBC1,0xAF7,0xA4A,0x9DC,0x9AF,0x9CF,
0xA1F,0xA8B,0xAE8,0xB4B,0xB6D,0xAEF,
0xA41,0x99A,0x922,0x90D,0x967,0x9FE,
0xA63,0xAB3,0xAEE,0xAC9,0xAB9,0xAD8,
0xAE4,0xB21,0xB4C,0xB4E,0xB8B,0xBBE,
0xBED,0xBF7,0xB77,0xAE2,0xA6C,0xA17,
0xA49,0xAAE,0xAED,0xB36,0xB75,0xB54,
0xAFE,0xAC8,0xA79,0xA45,0xA46,0x9F9,
0x990,0x961,0x956,0x9BE,0xA7E,0xB31,
0xBCC,0xBDC,0xB54,0xABE,0xA29,0x9A1,
0x994,0xA31,0xB15,0xBF4,0xCE0,0xD68,
0xD3D,0xCE8,0xC60,0xB86,0xB1C,0xB45,
0xB92,0xC11,0xC95,0xCA7,0xC95,0xC9D,
0xC49,0xBA2,0xB40,0xB28,0xB03,0xAEC,
0xAF8,0xB25,0xB7D,0xBB0,0xB77,0xB06,
0xA97,0xA47,0xA43,0xA8A,0xAFB,0xB75,
0xBB0,0xB9B,0xB7F,0xB6A,0xB6A,0xB5D,
0xB0B,0xAB8,0xA94,0xA9A,0xAD2,0xB52,
0xC16,0xCCB,0xD1C,0xCDA,0xC52,0xBFE,
0xB87,0xB1C,0xB4A,0xB77,0xBA2,0xBD7,
0xB6A,0xAB6,0xA3C,0x9E9,0x9C2,0x9DB,
0xA3C,0xAA3,0xAF6,0xB4A,0xB20,0xA82,
0x9F5,0x97A,0x930,0x94F,0x9CB,0xA4C,
0xA91,0xAE9,0xB0E,0xAE1,0xAFA,0xB1A,
0xB27,0xB55,0xB4E,0xB59,0xBA1,0xBE4,
0xC1E,0xBF1,0xB56,0xAC6,0xA45,0xA16,
0xA6F,0xAC1,0xAF3,0xB43,0xB68,0xB28,
0xAE2,0xAB1,0xA54,0xA23,0xA09,0x9A2,
0x94E,0x92A,0x938,0x9CC,0xA86,0xB2A,
0xB98,0xB58,0xABC,0xA30,0x9A7,0x957,
0x998,0xA70,0xB55,0xC2B,0xD04,0xD2B,
0xCCC,0xC74,0xBBF,0xAFF,0xAE7,0xB2A,
0xB8C,0xC29,0xC81,0xC6D,0xC6C,0xC4D,
0xBC7,0xB43,0xB17,0xB0B,0xAF5,0xAF4,
0xB19,0xB69,0xBB5,0xBA9,0xB3A,0xAB5,
0xA59,0xA34,0xA59,0xAB0,0xB2B,0xBA0,
0xBB7,0xB92,0xB6A,0xB4C,0xB43,0xB10,
0xABD,0xA9B,0xAA5,0xACB,0xB17,0xBA0,
0xC53,0xCCA,0xCB3,0xC31,0xBD1,0xBA0,
0xB42,0xB37,0xB7E,0xB95,0xBC5,0xBAE,
0xB01,0xA62,0x9FE,0x9B7,0x9AE,0xA06,
0xA80,0xACF,0xB30,0xB5C,0xAE3,0xA41,
0x9BB,0x93F,0x918,0x96D,0xA07,0xA82,
0xAD9,0xB2B,0xB22,0xB0A,0xB21,0xB14,
0xB23,0xB3F,0xB45,0xB86,0xBD2,0xC18,
0xC29,0xBB4,0xB21,0xA96,0xA18,0xA29,
0xA94,0xAD5,0xB1F,0xB85,0xB96,0xB56,
0xB2E,0xAF0,0xA83,0xA3D,0x9E5,0x980,
0x95D,0x95B,0x9B2,0xA6E,0xB24,0xBB9,
0xBE3,0xB69,0xAC0,0xA2A,0x9AB,0x98D,
0xA23,0xB1B,0xBE9,0xCC8,0xD6D,0xD44,
0xCE5,0xC65,0xB86,0xB04,0xB26,0xB72,
0xBEF,0xC7E,0xC9B,0xC87,0xC87,0xC3C,
0xBA1,0xB27,0xB02,0xAEC,0xAD3,0xAE2,
0xB1D,0xB6F,0xBAB,0xB94,0xB1A,0xAA3,
0xA5B,0xA37,0xA59,0xAA9,0xB1B,0xB6E,
0xB69,0xB53,0xB4A,0xB54,0xB4B,0xAEB,
0xA88,0xA5F,0xA68,0xAA5,0xB0C,0xBBE,
0xC84,0xCD3,0xC8B,0xC09,0xBBC,0xB77,
0xB35,0xB67,0xBA0,0xBC3,0xBF3,0xB9B,
0xADD,0xA52,0x9F3,0x9AC,0x9B7,0xA1D,
0xA78,0xAD3,0xB4B,0xB32,0xA94,0xA1C,
0x99F,0x936,0x93E,0x9AA,0xA42,0xAAF,
0xAFF,0xB1F,0xAFC,0xB05,0xB06,0xAF6,
0xB18,0xB22,0xB42,0xB87,0xBBF,0xC01,
0xBDA,0xB3A,0xAA9,0xA17,0x9D3,0xA2A,
0xA93,0xAD1,0xB32,0xB89,0xB65,0xB1F,
0xAEF,0xA8E,0xA35,0x9F3,0x98E,0x948,
0x933,0x949,0x9D4,0xA9B,0xB4E,0xBC7,
0xBA2,0xB02,0xA68,0x9E5,0x989,0x9AC,
0xA7F,0xB6D,0xC37,0xD10,0xD55,0xCFD,
0xC9C,0xBE6,0xB18,0xAF1,0xB2B,0xB8E,
0xC3B,0xCB5,0xCC1,0xCBF,0xC9D,0xC14,
0xB63,0xB09,0xAF8,0xAE2,0xADB,0xB0A,
0xB5C,0xBAC,0xBD1,0xB8E,0xAFE,0xA8E,
0xA49,0xA36,0xA74,0xAE3,0xB5A,0xB8C,
0xB72,0xB51,0xB4C,0xB50,0xB22,0xACF,
0xA80,0xA4D,0xA69,0xABE,0xB48,0xC1E,
0xCC9,0xCE3,0xC94,0xC42,0xC09,0xBA9,
0xB79,0xBA6,0xBC6,0xBF8,0xC02,0xB76,
0xAD5,0xA70,0xA1D,0x9FC,0xA38,0xA88,
0xAB4,0xB1A,0xB74,0xB1B,0xA95,0xA2F,
0x9B0,0x976,0x9A9,0xA1E,0xA97,0xAED,
0xB30,0xB30,0xB2C,0xB49,0xB35,0xB3F,
0xB5B,0xB60,0xBA2,0xBDD,0xC0A,0xC2C,
0xBBF,0xB1D,0xA95,0xA0F,0xA12,0xA82,
0xACA,0xB0E,0xB6F,0xB81,0xB37,0xAF4,
0xAAE,0xA50,0xA12,0x9BC,0x94D,0x91B,
0x90C,0x955,0xA0F,0xACE,0xB7D,0xBCE,
0xB61,0xAB2,0xA11,0x984,0x950,0x9C4,
0xAB8,0xB97,0xC68,0xD14,0xD07,0xCA0,
0xC20,0xB4F,0xACE,0xAE9,0xB39,0xBD0,
0xC79,0xCAF,0xC9E,0xC91,0xC3E,0xB79,
0xADF,0xABF,0xABE,0xAC1,0xAED,0xB41,
0xB9D,0xBDB,0xBD3,0xB5A,0xABB,0xA58,
0xA2C,0xA4B,0xAB3,0xB26,0xB6E,0xB6D,
0xB4E,0xB4D,0xB66,0xB64,0xB24,0xAC8,
0xA70,0xA4C,0xA7D,0xAE0,0xB8A,0xC5A,
0xCD5,0xCCB,0xC6A,0xC1C,0xBD7,0xB7A,
0xB75,0xBA5,0xBC4,0xBEF,0xBB0,0xB04,
0xA82,0xA15,0x9B8,0x9BD,0xA0C,0xA4F,
0xAA2,0xB2C,0xB41,0xAC5,0xA5A,0x9DF,
0x963,0x94D,0x987,0x9EF,0xA52,0xA9F,
0xAC9,0xAD0,0xAFF,0xB18,0xB13,0xB46,
0xB51,0xB62,0xBBC,0xBF3,0xC16,0xBEC,
0xB38,0xA90,0xA07,0x9C3,0xA27,0xAAB,
0xB09,0xB79,0xBC5,0xBA7,0xB59,0xB11,
0xAA3,0xA3F,0xA01,0x993,0x933,0x916,
0x927,0x9BF,0xAA1,0xB65,0xC08,0xC06,
0xB65,0xAB5,0xA0B,0x98B,0x984,0xA23,
0xB14,0xBF5,0xCDE,0xD56,0xD14,0xCAC,
0xC0A,0xB4A,0xB13,0xB3D,0xB9E,0xC4E,
0xCD0,0xCC2,0xC8B,0xC64,0xBD9,0xB0D,
0xAB3,0xAB1,0xAB8,0xAE0,0xB2E,0xB9E,
0xBF4,0xC04,0xBB0,0xAFA,0xA5C,0xA0D,
0x9F8,0xA38,0xAB2,0xB29,0xB64,0xB54,
0xB3B,0xB3F,0xB51,0xB3B,0xAED,0xA9B,
0xA6B,0xA79,0xAC3,0xB47,0xBFC,0xC9C,
0xCD0,0xC79,0xC05,0xBDA,0xB95,0xB5D,
0xB9C,0xBDB,0xC0B,0xC21,0xBA5,0xB08,
0xAA0,0xA28,0x9D6,0x9EC,0xA31,0xA7C,
0xAF9,0xB68,0xB3B,0xAC6,0xA5A,0x9DA,
0x989,0x991,0x9ED,0xA5D,0xAB0,0xAF4,
0xAFB,0xAFA,0xB1A,0xB0A,0xB2A,0xB72,
0xB74,0xBB7,0xC19,0xC33,0xC2E,0xBB1,
0xADE,0xA31,0x9B0,0x9BA,0xA39,0xAB1,
0xB2B,0xB9E,0xBB7,0xB77,0xB2A,0xAD3,
0xA4F,0x9FF,0x9BC,0x952,0x923,0x910,
0x93D,0x9EC,0xA9A,0xB41,0xBAE,0xB5E,
0xAC3,0xA39,0x9BC,0x981,0x9C9,0xA9A,
0xB70,0xC3C,0xD03,0xD1D,0xCB8,0xC38,
0xB6A,0xADA,0xAE3,0xB27,0xBB2,0xC66,
0xCB7,0xC96,0xC7A,0xC45,0xB95,0xAF7,
0xACB,0xAC0,0xAD0,0xAF5,0xB33,0xB90,
0xBCE,0xBCB,0xB64,0xAC0,0xA52,0xA2D,
0xA49,0xAA5,0xB15,0xB72,0xB99,0xB7E,
0xB5F,0xB65,0xB5D,0xB26,0xAE3,0xAAF,
0xA9C,0xAC0,0xB1A,0xBAE,0xC58,0xCD0,
0xCC0,0xC39,0xBEC,0xBC4,0xB5C,0xB57,
0xBB4,0xBEA,0xC21,0xC13,0xB7E,0xAED,
0xA82,0xA0C,0x9CB,0x9EB,0xA29,0xA73,
0xAF1,0xB2F,0xAE7,0xA7D,0xA0E,0x9AC,
0x98D,0x9C7,0xA3D,0xA94,0xAD9,0xAF7,
0xAB8,0xA9F,0xAAB,0xABB,0xB22,0xB67,
0xB84,0xBEE,0xC25,0xC26,0xBEC,0xB37,
0xA88,0xA01,0x9B4,0x9FC,0xA71,0xACC,
0xB31,0xB81,0xB7A,0xB32,0xAF2,0xA9A,
0xA46,0xA39,0x9FB,0x9AA,0x988,0x962,
0x9B0,0xA51,0xAEA,0xB9D,0xBC6,0xB3D,
0xAA9,0xA1C,0x9B3,0x9AF,0xA47,0xB42,
0xC15,0xCE0,0xD65,0xD34,0xCBB,0xC05,
0xB2A,0xAC7,0xAED,0xB61,0xC10,0xCAF,
0xCD5,0xCAE,0xC99,0xC26,0xB52,0xACE,
0xA9F,0xA9A,0xAB5,0xAD9,0xB26,0xB80,
0xBAF,0xB9D,0xB17,0xA6C,0xA10,0x9F6,
0xA2E,0xAA1,0xB19,0xB6E,0xB79,0xB47,
0xB25,0xB22,0xAF5,0xAA6,0xA70,0xA56,
0xA65,0xAAE,0xB26,0xBD8,0xC8C,0xCD2,
0xC6C,0xBE6,0xBBF,0xB68,0xB0D,0xB5A,
0xBBC,0xC00,0xC44,0xBE2,0xB20,0xAA3,
0xA41,0x9EC,0x9FF,0xA58,0xA95,0xAE4,
0xB4F,0xB3B,0xAB5,0xA3A,0x9D2,0x9A6,
0x9CF,0xA48,0xAC3,0xB05,0xB2D,0xB0D,
0xAB4,0xAA5,0xAA6,0xAD6,0xB48,0xB81,
0xBE0,0xC4F,0xC75,0xC7B,0xC07,0xB2B,
0xA69,0x9B7,0x985,0x9E7,0xA5A,0xAC7,
0xB3C,0xB8C,0xB78,0xB2B,0xAD8,0xA63,
0xA14,0x9E8,0x97A,0x938,0x91C,0x93A,
0x9DB,0xA8D,0xB4A,0xBD5,0xB7E,0xABF,
0xA18,0x978,0x92D,0x97A,0xA71,0xB7F,
0xC65,0xD26,0xD49,0xCD4,0xC34,0xB56,
0xAA1,0xA90,0xAF1,0xB8D,0xC51,0xCDD,
0xCE5,0xCD9,0xCBB,0xC0E,0xB4F,0xAF1,
0xAB4,0xAA9,0xAA5,0xAD1,0xB45,0xBA5,
0xBDD,0xBC2,0xB33,0xA9C,0xA5A,0xA5F,
0xABD,0xB3B,0xBA4,0xBD3,0xBBF,0xB8D,
0xB73,0xB67,0xB2E,0xAE4,0xAB9,0xAB0,
0xADA,0xB38,0xBCB,0xC8C,0xD13,0xD06,
0xC72,0xC08,0xBBE,0xB30,0xB1C,0xBA1,
0xBF9,0xC53,0xC67,0xBA9,0xAEE,0xA6D,
0x9E0,0x98D,0x9BE,0xA15,0xA61,0xAE1,
0xB3D,0xAE9,0xA5D,0x9DF,0x974,0x95B,
0x99B,0xA28,0xA90,0xAD1,0xAEA,0xAAE,
0xA80,0xA8D,0xA8F,0xAD6,0xB23,0xB42,
0xB9D,0xBED,0xC25,0xC2B,0xB9D,0xAE1,
0xA37,0x9AC,0x9C3,0xA38,0xAA9,0xB0C,
0xB72,0xBA2,0xB68,0xB2A,0xAE3,0xA70,
0xA35,0x9E2,0x964,0x945,0x94E,0x9B0,
0xA66,0xB29,0xBEB,0xC18,0xB77,0xAC6,
0xA21,0x99B,0x996,0xA31,0xB3F,0xC2D,
0xD09,0xD9C,0xD75,0xCD3,0xC04,0xB17,
0xAA2,0xACC,0xB3A,0xBE5,0xCAA,0xD03,
0xCFA,0xCF1,0xC90,0xBB2,0xB0F,0xAC4,
0xA95,0xA89,0xA85,0xAD2,0xB49,0xB9E,
0xBAF,0xB5D,0xAC3,0xA4E,0xA27,0xA51,
0xABB,0xB1A,0xB53,0xB4E,0xB39,0xB1E,
0xB1C,0xB1A,0xAF3,0xAB4,0xA8F,0xA90,
0xAC1,0xB2D,0xBDA,0xC81,0xCCB,0xC88,
0xC09,0xBCB,0xB5F,0xB06,0xB53,0xBCC,
0xC22,0xC75,0xC1C,0xB4C,0xAB9,0xA3F,
0x9DB,0x9C8,0xA1A,0xA70,0xAC3,0xB3E,
0xB4C,0xAC4,0xA5B,0x9F4,0x996,0x992,
0x9F8,0xA76,0xACB,0xB0F,0xB0A,0xAD4,
0xAD4,0xAD0,0xAC8,0xB16,0xB44,0xB75,
0xBD4,0xC28,0xC55,0xC0F,0xB5D,0xAA9,
0x9FB,0x9AF,0x9F9,0xA62,0xAC6,0xB2D,
0xB8B,0xB80,0xB27,0xAF4,0xAA6,0xA4B,
0xA2A,0x9B7,0x94F,0x947,0x95D,0x9CD,
0xA76,0xB31,0xBC1,0xB93,0xAEC,0xA5E,
0x9C5,0x96D,0x9A6,0xA87,0xB9C,0xC7E,
0xD43,0xD7E,0xCFE,0xC4A,0xB7B,0xAC1,
0xAAF,0xAFF,0xB7B,0xC36,0xCD8,0xCF8,
0xCEC,0xCDD,0xC4C,0xB78,0xB12,0xAE4,
0xAC9,0xABE,0xAD4,0xB30,0xB9F,0xBD5,
0xBA2,0xB29,0xAB4,0xA83,0xA95,0xAE6,
0xB38,0xB78,0xB89,0xB68,0xB34,0xB02,
0xAED,0xADE,0xABF,0xAAB,0xABD,0xAE5,
0xB21,0xB81,0xC0F,0xC7C,0xC7C,0xC0C,
0xBB5,0xB86,0xB31,0xB26,0xB7E,0xBBF,
0xC0A,0xC23,0xB90,0xAD9,0xA4F,0x9E6,
0x9A8,0x9CC,0xA39,0xA8E,0xAE8,0xB3E,
0xAE7,0xA51,0x9FB,0x99E,0x965,0x994,
0xA1B,0xA95,0xAED,0xB1C,0xAF3,0xAC0,
0xAC5,0xAA6,0xAC7,0xB21,0xB3D,0xB86,
0xBF2,0xC39,0xC42,0xBD3,0xB25,0xA74,
0x9D6,0x9C2,0xA0B,0xA55,0xAB6,0xB3B,
0xB95,0xB83,0xB55,0xB1D,0xAA4,0xA52,
0xA03,0x96E,0x936,0x941,0x97D,0xA0D,
0xAB5,0xB55,0xB90,0xB1F,0xA9B,0xA20,
0x9A4,0x98C,0x9FD,0xAE5,0xBD2,0xC8B,
0xD1D,0xD19,0xC7E,0xBD3,0xB0A,0xA87,
0xAA9,0xB08,0xB8D,0xC37,0xC95,0xC92,
0xC98,0xC6C,0xBB1,0xB09,0xACF,0xAB9,
0xAB4,0xABC,0xAEF,0xB4F,0xBAC,0xBB4,
0xB48,0xABF,0xA78,0xA6F,0xA9B,0xAF5,
0xB4A,0xB88,0xB95,0xB69,0xB31,0xB22,
0xB06,0xAD0,0xAB5,0xAB8,0xAE4,0xB3E,
0xB98,0xC23,0xCAD,0xCCD,0xC7B,0xBEB,
0xB91,0xB4F,0xB23,0xB63,0xBC7,0xC0D,
0xC64,0xC3E,0xB86,0xAD5,0xA4D,0x9E8,
0x9C9,0xA09,0xA60,0xAB2,0xB33,0xB5A,
0xAD0,0xA51,0x9F4,0x99C,0x980,0x9CE,
0xA4F,0xAA5,0xAE4,0xB01,0xAC9,0xAB9,
0xAC6,0xAA3,0xADD,0xB1F,0xB42,0xBB4,
0xC20,0xC4E,0xC26,0xB75,0xAB4,0x9FD,
0x988,0x9BE,0xA28,0xA87,0xB0B,0xB8B,
0xB9A,0xB6F,0xB4D,0xAF7,0xAA0,0xA75,
0x9F8,0x983,0x968,0x968,0x9DB,0xA92,
0xB3A,0xBD7,0xBD1,0xB34,0xAA7,0xA0E,
0x999,0x9BC,0xA8B,0xB9E,0xC7F,0xD3A,
0xD96,0xD30,0xC80,0xBAD,0xAC6,0xA8A,
0xAF1,0xB7E,0xC33,0xCC1,0xCD2,0xCC1,
0xCAE,0xC27,0xB64,0xAF9,0xAD2,0xACC,
0xAC8,0xADC,0xB38,0xBA1,0xBCC,0xB84,
0xAE2,0xA54,0xA24,0xA40,0xA99,0xB1E,
0xB8D,0xBB1,0xB83,0xB2A,0xAEC,0xAD7,
0xAAF,0xA87,0xA7A,0xA7D,0xABB,0xB18,
0xB93,0xC44,0xCAE,0xC92,0xC19,0xB9B,
0xB45,0xAF2,0xAED,0xB59,0xBB7,0xC22,
0xC72,0xBFE,0xB3E,0xAA3,0xA0E,0x9AB,
0x9B3,0xA0F,0xA7F,0xB0D,0xB93,0xB55,
0xAAA,0xA2C,0x9B6,0x960,0x974,0xA0F,
0xAB0,0xB02,0xB2C,0xB08,0xAC9,0xAE2,
0xAD0,0xACD,0xB1D,0xB39,0xB77,0xBFA,
0xC44,0xC56,0xBF7,0xB28,0xA67,0x9A7,
0x96C,0x9DF,0xA54,0xAC9,0xB69,0xBBF,
0xBA3,0xB7E,0xB3E,0xAD1,0xA89,0xA35,
0x99F,0x935,0x90C,0x942,0x9F6,0xABE,
0xB81,0xBEB,0xB8B,0xAED,0xA58,0x9BA,
0x974,0x9CD,0xABC,0xBC2,0xCA7,0xD64,
0xD79,0xCE9,0xC2D,0xB2C,0xA6B,0xA82,
0xB09,0xBC2,0xC84,0xCD4,0xCD0,0xCCB,
0xC7D,0xBC9,0xB25,0xADC,0xAD1,0xAD2,
0xADB,0xB20,0xB7B,0xBD0,0xBE9,0xB74,
0xACC,0xA61,0xA4D,0xA7E,0xAE5,0xB61,
0xBAC,0xB9C,0xB5C,0xB2C,0xB21,0xB19,
0xAF1,0xAD2,0xAC1,0xAD0,0xB0A,0xB5A,
0xBEF,0xC95,0xCCD,0xC75,0xBDA,0xB63,
0xB0C,0xAD3,0xB21,0xBA4,0xC01,0xC71,
0xC5B,0xB9E,0xAF9,0xA60,0x9C8,0x98A,
0x9A7,0xA02,0xA84,0xB2E,0xB6B,0xAE6,
0xA58,0x9EB,0x973,0x937,0x974,0xA04,
0xA80,0xACD,0xAF5,0xABF,0xAB4,0xACF,
0xAA6,0xABE,0xAEF,0xB12,0xB8D,0xC06,
0xC3E,0xC28,0xB7E,0xAB9,0x9F9,0x956,
0x97B,0x9FF,0xA5E,0xAFA,0xB99,0xBB4,
0xBA6,0xB8F,0xB29,0xAC1,0xA7E,0x9EE,
0x95C,0x922,0x902,0x968,0xA44,0xB10,
0xBCF,0xC0B,0xB7A,0xAC0,0xA1D,0x98A,
0x974,0xA1F,0xB16,0xC00,0xCFE,0xD8B,
0xD38,0xCA7,0xBDE,0xAD1,0xA69,0xAAA,
0xB0F,0xBC6,0xC77,0xCA1,0xCAF,0xCBA,
0xC41,0xB86,0xB02,0xAA3,0xA71,0xA74,
0xA9D,0xAF3,0xB63,0xBBE,0xBA8,0xB32,
0xAA1,0xA2E,0xA21,0xA5A,0xAB6,0xB30,
0xB65,0xB3F,0xB21,0xB21,0xB2E,0xB30,
0xB08,0xAC6,0xAA7,0xACA,0xAF3,0xB41,
0xBE4,0xC62,0xC64,0xC1A,0xBC2,0xB76,
0xB36,0xB40,0xBA1,0xBEF,0xC47,0xC90,
0xC25,0xB6B,0xADB,0xA3A,0x9C5,0x9D1,
0xA2E,0xA9F,0xB31,0xBC3,0xBA8,0xB04,
0xA77,0x9ED,0x983,0x982,0x9D8,0xA5E,
0xAC9,0xB0E,0xB1C,0xAFC,0xB08,0xAF7,
0xAD9,0xB07,0xB28,0xB74,0xBFA,0xC41,
0xC54,0xBF1,0xB2E,0xA7E,0x9B5,0x95B,
0x9C2,0xA3B,0xAB8,0xB79,0xBF9,0xBEB,
0xBB6,0xB6A,0xADA,0xA6C,0xA1B,0x98F,
0x935,0x919,0x946,0xA01,0xAD3,0xB8F,
0xC11,0xBD9,0xB21,0xA7F,0x9EF,0x98B,
0x9BC,0xA82,0xB71,0xC47,0xD0F,0xD53,
0xCE6,0xC4C,0xB7F,0xACA,0xAB6,0xB10,
0xB9B,0xC3E,0xCA0,0xCAD,0xCAF,0xC85,
0xBE7,0xB44,0xADA,0xA95,0xA8A,0xAAA,
0xAFD,0xB75,0xBD3,0xBF6,0xBA1,0xAF1,
0xA6F,0xA48,0xA5E,0xAA3,0xB03,0xB56,
0xB6A,0xB47,0xB25,0xB34,0xB44,0xB1E,
0xAF7,0xABA,0xA95,0xACC,0xAFB,0xB4E,
0xBFF,0xC60,0xC42,0xC07,0xBB8,0xB5D,
0xB2E,0xB58,0xBA2,0xBE6,0xC2C,0xC00,
0xB60,0xAC8,0xA33,0x9BC,0x9B4,0xA0B,
0xA83,0xB02,0xB83,0xBA4,0xB21,0xA7D,
0x9EC,0x96A,0x94D,0x993,0xA07,0xA8A,
0xAEA,0xB0D,0xAEE,0xAFA,0xB1A,0xAEB,
0xAF9,0xB21,0xB25,0xB91,0xC02,0xC30,
0xC2E,0xB92,0xAC1,0x9F3,0x92A,0x92B,
0x9CE,0xA66,0xB2E,0xC02,0xC27,0xBDC,
0xB96,0xB02,0xA60,0xA21,0x9BB,0x950,
0x93B,0x936,0x9AB,0xA85,0xB48,0xBF7,
0xC19,0xB7F,0xACA,0xA24,0x989,0x968,
0x9DE,0xAC4,0xBD3,0xCC8,0xD64,0xD48,
0xCC1,0xC12,0xB1F,0xA92,0xAB6,0xAFF,
0xB8A,0xC39,0xC6E,0xC87,0xCAD,0xC4C,
0xBA9,0xB30,0xAC1,0xA8F,0xAA0,0xAB4,
0xB09,0xB8A,0xBDA,0xBD9,0xB59,0xAA7,
0xA4F,0xA49,0xA7B,0xAD4,0xB39,0xB6A,
0xB49,0xB10,0xAF4,0xAFC,0xAFA,0xAF6,
0xAD4,0xA97,0xAB0,0xAD0,0xADD,0xB79,
0xC2A,0xC4F,0xC37,0xC01,0xBA1,0xB53,
0xB5D,0xBAD,0xBE8,0xC30,0xC55,0xBDF,
0xB3A,0xAB2,0xA2C,0x9DE,0x9F1,0xA64,
0xAFE,0xB82,0xBE0,0xBAC,0xAE2,0xA35,
0x9B3,0x95B,0x983,0x9F6,0xA77,0xB02,
0xB48,0xB2F,0xB25,0xB3E,0xB10,0xAFB,
0xB21,0xB19,0xB5D,0xBF0,0xC3D,0xC7D,
0xC36,0xB50,0xA83,0x995,0x8FB,0x964,
0xA0B,0xAA9,0xB9F,0xC47,0xC2A,0xBE3,
0xB80,0xAB3,0xA10,0x9AC,0x921,0x8DF,
0x8EB,0x937,0xA02,0xAE9,0xBB0,0xC24,
0xBD4,0xAF8,0xA24,0x986,0x92C,0x960,
0xA40,0xB65,0xC6D,0xD44,0xD7E,0xD0E,
0xC72,0xB90,0xAB0,0xA7E,0xABA,0xB2D,
0xBF5,0xC71,0xC8F,0xCCB,0xCAA,0xBF9,
0xB5F,0xAE1,0xA75,0xA6D,0xA88,0xAB9,
0xB3A,0xBB3,0xBE4,0xB96,0xAD7,0xA53,
0xA46,0xA70,0xACA,0xB42,0xB90,0xB87,
0xB4D,0xB0A,0xAF3,0xB17,0xB17,0xAE7,
0xAAE,0xA9A,0xACA,0xAFE,0xB57,0xBFF,
0xC62,0xC3F,0xBF2,0xB96,0xB30,0xB0A,
0xB60,0xBA8,0xBD4,0xC20,0xBE3,0xB36,
0xAA9,0xA11,0x99C,0x990,0x9CE,0xA57,
0xAE4,0xB41,0xB51,0xAC3,0xA1A,0x9BB,
0x95A,0x94E,0x9B2,0xA12,0xA79,0xAE2,
0xAF6,0xAD8,0xAF5,0xB03,0xAD7,0xAF0,
0xB22,0xB3A,0xBA2,0xC18,0xC63,0xC6B,
0xBD3,0xB02,0xA1C,0x937,0x91F,0x9B0,
0xA43,0xB01,0xBE4,0xC3C,0xC04,0xBC8,
0xB53,0xA9B,0xA2A,0x9B0,0x91F,0x901,
0x92D,0x9B9,0xAA2,0xB7F,0xC2F,0xC59,
0xBB3,0xACE,0xA1D,0x98B,0x95C,0x9E5,
0xADA,0xBE1,0xCED,0xD7E,0xD48,0xCD1,
0xC1F,0xB21,0xA93,0xAAE,0xB01,0xB8A,
0xC26,0xC5F,0xC78,0xC9D,0xC4C,0xBB1,
0xB3E,0xAC5,0xA78,0xA83,0xA94,0xAE9,
0xB80,0xBD2,0xBB5,0xB33,0xA7D,0xA1D,
0xA41,0xA87,0xAD8,0xB47,0xB75,0xB54,
0xB2E,0xAF9,0xAED,0xB06,0xAE8,0xAB9,
0xA9C,0xABC,0xB05,0xB44,0xBC3,0xC58,
0xC6A,0xC28,0xBE3,0xB92,0xB56,0xB7B,
0xBEF,0xC2E,0xC54,0xC6E,0xBF7,0xB42,
0xABB,0xA47,0x9F7,0x9FF,0xA70,0xB01,
0xB70,0xBC9,0xBA6,0xB00,0xA6D,0x9F0,
0x9A6,0x9B9,0x9FD,0xA73,0xADC,0xB11,
0xB15,0xB04,0xB26,0xB36,0xB2D,0xB56,
0xB5E,0xB74,0xBDA,0xC26,0xC4F,0xC10,
0xB58,0xA8F,0x9AE,0x92E,0x97F,0xA0A,
0xA90,0xB51,0xBEA,0xBEC,0xBC0,0xB87,
0xAE5,0xA47,0x9CA,0x91E,0x8D4,0x8E4,
0x927,0x9F5,0xAD4,0xB82,0xC06,0xBC1,
0xAD9,0xA1E,0x99A,0x939,0x95E,0xA26,
0xB2E,0xC3C,0xD29,0xD5E,0xCF7,0xC78,
0xBAE,0xAD2,0xA8C,0xAC1,0xB28,0xBD6,
0xC64,0xC93,0xCCD,0xCCF,0xC3D,0xB9D,
0xB15,0xA95,0xA86,0xAAE,0xADD,0xB60,
0xBE5,0xC07,0xBC3,0xB24,0xA7E,0xA4F,
0xA7F,0xAC3,0xB2E,0xB8E,0xB98,0xB86,
0xB5A,0xB1D,0xB1E,0xB15,0xADF,0xAB5,
0xAAC,0xAD1,0xB01,0xB56,0xBE5,0xC36,
0xC12,0xBC1,0xB77,0xB35,0xB13,0xB78,
0xBF7,0xC05,0xC14,0xBE2,0xB22,0xA86,
0xA2D,0x9D5,0x9B9,0xA15,0xAAF,0xB2C,
0xB99,0xBBB,0xB2A,0xA65,0x9DA,0x969,
0x94F,0x98B,0xA0A,0xA9E,0xB06,0xB2E,
0xB02,0xAEC,0xB06,0xAED,0xB02,0xB48,
0xB6E,0xBC6,0xC28,0xC5E,0xC53,0xBB4,
0xAF4,0xA23,0x953,0x957,0x9EF,0xA6E,
0xB1A,0xBE4,0xC33,0xC19,0xBE6,0xB66,
0xAAE,0xA33,0x9B6,0x94D,0x944,0x954,
0x9CE,0xAA9,0xB5C,0xC07,0xC3C,0xB82,
0xA93,0x9DF,0x951,0x92E,0x9BF,0xAC0,
0xBC9,0xCD0,0xD62,0xD27,0xCB5,0xC18,
0xB24,0xA84,0xA7E,0xAC2,0xB4C,0xBF6,
0xC52,0xC7F,0xCAB,0xC72,0xBD1,0xB40,
0xACF,0xA8C,0xA8C,0xA98,0xAD0,0xB44,
0xB9F,0xB99,0xB37,0xA9D,0xA33,0xA4D,
0xA9D,0xAEB,0xB5F,0xB9A,0xB78,0xB55,
0xB1A,0xAEE,0xAFE,0xAD2,0xA8A,0xA87,
0xAB5,0xAF0,0xB3F,0xBBD,0xC40,0xC67,
0xC1E,0xBBD,0xB70,0xB22,0xB31,0xBBA,
0xC00,0xC14,0xC29,0xBB4,0xB03,0xA8C,
0xA29,0x9E3,0x9F9,0xA85,0xB29,0xB90,
0xBD7,0xBA0,0xACA,0xA11,0x99A,0x950,
0x963,0x9C3,0xA54,0xADC,0xB30,0xB35,
0xB12,0xB12,0xB01,0xAEE,0xB28,0xB5B,
0xB87,0xBE4,0xC26,0xC3D,0xBF1,0xB35,
0xA64,0x984,0x909,0x95A,0xA02,0xAB5,
0xB8C,0xC2B,0xC3A,0xC07,0xBB1,0xB07,
0xA70,0xA07,0x97B,0x92A,0x919,0x936,
0x9E7,0xAC9,0xB8E,0xC31,0xC03,0xB07,
0xA2B,0x984,0x90F,0x945,0xA1D,0xB28,
0xC46,0xD3C,0xD72,0xD09,0xC6D,0xB90,
0xAB9,0xA67,0xA9E,0xB21,0xBD3,0xC5B,
0xC8F,0xCBF,0xCBD,0xC2F,0xB88,0xB01,
0xA7D,0xA52,0xA6A,0xA86,0xAEB,0xB72,
0xBAE,0xB88,0xB1B,0xA92,0xA51,0xA79,
0xAC1,0xB20,0xB77,0xB7E,0xB61,0xB35,
0xB08,0xB12,0xAFB,0xABB,0xAAC,0xAB8,
0xAE3,0xB23,0xB7A,0xC13,0xC90,0xC8A,
0xC29,0xBC0,0xB5B,0xB09,0xB3B,0xBC8,
0xC18,0xC61,0xC60,0xBC6,0xB28,0xAAC,
0xA26,0x9E0,0xA1C,0xAAC,0xB2D,0xB93,
0xBC2,0xB54,0xA89,0x9DC,0x978,0x96E,
0x9AD,0xA30,0xABE,0xB27,0xB64,0xB3A,
0xB10,0xB16,0xAEA,0xAF6,0xB3A,0xB47,
0xB92,0xC0E,0xC48,0xC4E,0xBDA,0xB0B,
0xA2B,0x951,0x914,0x985,0xA18,0xACA,
0xB84,0xBCB,0xBC4,0xBB1,0xB53,0xABC,
0xA4D,0x9CB,0x940,0x904,0x8DF,0x92F,
0xA1F,0xB08,0xBCF,0xC3A,0xBAD,0xAA8,
0x9D7,0x92B,0x8E7,0x971,0xA83,0xBAF,
0xCD5,0xD7C,0xD49,0xCC3,0xC1D,0xB27,
0xA78,0xA86,0xAE5,0xB6B,0xC1B,0xC7D,
0xC99,0xCBF,0xC8D,0xBF9,0xB65,0xAD5,
0xA8C,0xA9A,0xAA4,0xAE0,0xB57,0xBAE,
0xBC7,0xB86,0xB03,0xA99,0xA91,0xAD4,
0xB24,0xB74,0xBA2,0xB8F,0xB5F,0xB27,
0xB0B,0xB17,0xAFE,0xAC8,0xAC1,0xAEF,
0xB10,0xB47,0xBCA,0xC53,0xC83,0xC38,
0xBC1,0xB7A,0xB24,0xAFE,0xB7B,0xBDD,
0xC0E,0xC46,0xBE0,0xB29,0xAB3,0xA38,
0x9D8,0x9D3,0xA43,0xAE8,0xB4F,0xB9C,
0xB91,0xAC2,0x9DD,0x969,0x932,0x938,
0x9A2,0xA42,0xABE,0xB19,0xB2C,0xAEA,
0xAD6,0xAC4,0xA9C,0xABE,0xAF0,0xB29,
0xB9A,0xBFD,0xC38,0xBFD,0xB4F,0xA99,
0x9BC,0x91E,0x950,0x9D3,0xA52,0xB0D,
0xBBA,0xBEF,0xBF8,0xBE7,0xB5F,0xABF,
0xA58,0x9C8,0x950,0x934,0x942,0x9D5,
0xACD,0xBAB,0xC4A,0xC38,0xB5A,0xA5C,
0x9A3,0x922,0x93F,0xA41,0xB79,0xC8B,
0xD82,0xDB1,0xD1C,0xC86,0xBB0,0xABA,
0xA6E,0xABB,0xB4A,0xC01,0xC85,0xCB8,
0xCD3,0xCCB,0xC67,0xBB9,0xB1F,0xAB9,
0xA92,0xA9B,0xAC2,0xB18,0xB92,0xBE1,
0xBC8,0xB49,0xA98,0xA47,0xA77,0xAAB,
0xAFB,0xB84,0xBAA,0xB80,0xB5C,0xB1E,
0xAEC,0xABF,0xA5F,0xA34,0xA75,0xAC7,
0xB0A,0xB84,0xC2F,0xCA6,0xC83,0xBEB,
0xB7D,0xB2C,0xACF,0xB14,0xBB4,0xBFE,
0xC53,0xC54,0xBA0,0xB01,0xA90,0xA03,
0x9C9,0xA0B,0xA99,0xB1D,0xB73,0xB93,
0xB1D,0xA3A,0x995,0x951,0x938,0x965,
0x9F1,0xA8C,0xAF9,0xB31,0xB0A,0xAE1,
0xADC,0xAAE,0xAA4,0xACE,0xAFC,0xB62,
0xBE9,0xC58,0xC70,0xBED,0xB28,0xA3D,
0x950,0x90D,0x968,0x9E9,0xA93,0xB67,
0xBFD,0xC18,0xC15,0xBD1,0xB12,0xA6E,
0x9E1,0x948,0x912,0x906,0x957,0xA5C,
0xB53,0xC01,0xC56,0xBC9,0xAB9,0x9D6,
0x936,0x909,0x9AF,0xAD1,0xBE1,0xCE3,
0xD83,0xD3C,0xCAC,0xC0E,0xB0C,0xA6A,
0xA95,0xB02,0xB91,0xC43,0xC9E,0xCA7,
0xCBB,0xC92,0xBFA,0xB5C,0xAE1,0xA9C,
0xAB1,0xACF,0xAF8,0xB66,0xBD3,0xBDF,
0xB75,0xAC8,0xA3C,0xA36,0xA86,0xADC,
0xB56,0xBC3,0xBB5,0xB6E,0xB2C,0xAE2,
0xAAE,0xA79,0xA45,0xA6A,0xAD0,0xB0E,
0xB54,0xBE3,0xC7D,0xCA9,0xC35,0xB9D,
0xB53,0xAF7,0xAD8,0xB70,0xBE7,0xC1B,
0xC5C,0xBFC,0xB25,0xAA1,0xA36,0x9D8,
0x9F0,0xA80,0xB11,0xB6E,0xBBC,0xBA4,
0xAF1,0xA1D,0x996,0x969,0x969,0x9BA,
0xA6A,0xB01,0xB68,0xB82,0xB3C,0xB2D,
0xB15,0xAC0,0xACA,0xAED,0xB1F,0xBB0,
0xC33,0xC80,0xC82,0xBE1,0xAEE,0x9E8,
0x931,0x94F,0x9D9,0xA68,0xB3A,0xC07,
0xC2E,0xC23,0xC12,0xB80,0xAE5,0xA82,
0x9DC,0x95D,0x923,0x917,0x9C3,0xABD,
0xB91,0xC4A,0xC45,0xB5A,0xA40,0x96D,
0x902,0x929,0xA21,0xB67,0xC5F,0xD4D,
0xDB3,0xD35,0xC96,0xBC5,0xAB9,0xA5E,
0xA9A,0xAF4,0xBA2,0xC49,0xC70,0xC8D,
0xCAF,0xC46,0xB99,0xB16,0xAA3,0xA76,
0xA92,0xAA9,0xB01,0xB89,0xBCB,0xB90,
0xAEB,0xA41,0xA03,0xA32,0xA8D,0xB04,
0xB7D,0xBAE,0xB7C,0xB2E,0xAF0,0xACC,
0xAB2,0xA7E,0xA4E,0xA74,0xAB5,0xAD7,
0xB3E,0xBF3,0xC71,0xC64,0xBDE,0xB6F,
0xB36,0xAD5,0xAF1,0xB8A,0xBDB,0xC2E,
0xC4C,0xBA9,0xB06,0xAB0,0xA3E,0xA09,
0xA54,0xAD9,0xB42,0xB90,0xBC0,0xB6C,
0xA99,0x9DD,0x987,0x968,0x985,0xA08,
0xAAD,0xB29,0xB79,0xB6C,0xB45,0xB37,
0xAE3,0xAB8,0xAEB,0xB1B,0xB71,0xBF8,
0xC6A,0xCA1,0xC4F,0xB7E,0xA70,0x95B,
0x8EF,0x94A,0x9DE,0xA89,0xB76,0xC14,
0xC1F,0xC1D,0xBC6,0xB10,0xA8D,0x9F1,
0x947,0x90D,0x8DF,0x91C,0xA0C,0xAFF,
0xBDA,0xC51,0xBD8,0xAD5,0x9DB,0x918,
0x8D1,0x946,0xA61,0xB81,0xC92,0xD72,
0xD7A,0xCF0,0xC46,0xB40,0xA68,0xA51,
0xA98,0xB1A,0xBD9,0xC4E,0xC5F,0xC85,
0xC72,0xBE8,0xB78,0xB11,0xAA3,0xA98,
0xAB2,0xAD3,0xB4C,0xBC1,0xBD9,0xB83,
0xAC4,0xA33,0xA27,0xA64,0xAC7,0xB47,
0xBA5,0xBB4,0xB85,0xB3E,0xB13,0xB16,
0xAF2,0xAA3,0xA88,0xAA8,0xAC2,0xAF9,
0xB8D,0xC3A,0xC81,0xC46,0xBE4,0xB9F,
0xB37,0xADD,0xB31,0xBA6,0xBE5,0xC3F,
0xC14,0xB56,0xADE,0xA7F,0xA07,0xA05,
0xA81,0xAF3,0xB4D,0xBB2,0xB9E,0xAE5,
0xA08,0x977,0x93E,0x947,0x9A8,0xA59,
0xAF5,0xB5B,0xB75,0xB30,0xB03,0xAC5,
0xA74,0xAA1,0xAEB,0xB37,0xBCB,0xC49,
0xC92,0xC8E,0xBE3,0xAF6,0x9E8,0x90F,
0x91B,0x9A4,0xA33,0xB15,0xBF7,0xC3A,
0xC41,0xC28,0xB90,0xAE2,0xA5C,0x9B4,
0x945,0x924,0x923,0x9BE,0xAB8,0xB8E,
0xC3C,0xC4E,0xB7E,0xA68,0x993,0x911,
0x8FD,0x9C5,0xAFB,0xC05,0xD25,0xDBD,
0xD53,0xCC2,0xBFB,0xAD8,0xA53,0xA7B,
0xADF,0xB97,0xC4D,0xC80,0xC83,0xC8E,
0xC22,0xB89,0xB30,0xACA,0xA89,0xAB6,
0xAD0,0xAFA,0xB70,0xBBD,0xBA9,0xB1F,
0xA61,0xA0E,0xA34,0xA84,0xB08,0xB94,
0xBC1,0xB9A,0xB4C,0xB01,0xAE4,0xAD8,
0xAA6,0xA70,0xA80,0xAC0,0xAE4,0xB23,
0xBBA,0xC37,0xC44,0xBFE,0xBAA,0xB5A,
0xB06,0xB13,0xB7C,0xBC0,0xC10,0xC3B,
0xBBC,0xB13,0xAA6,0xA40,0x9FF,0xA3D,
0xAD2,0xB38,0xB8C,0xBD0,0xB69,0xA81,
0x9B6,0x946,0x92B,0x95B,0x9F6,0xAC1,
0xB3B,0xB78,0xB63,0xB1F,0xB05,0xA9E,
0xA5D,0xAB5,0xB04,0xB6B,0xC0A,0xC67,
0xC90,0xC3B,0xB4B,0xA3E,0x931,0x8BA,
0x920,0x9CA,0xA8A,0xB75,0xC18,0xC30,
0xC10,0xBAE,0xB06,0xA89,0xA21,0x998,
0x949,0x922,0x949,0xA02,0xADA,0xBA6,
0xC2B,0xBD5,0xAF2,0xA0C,0x94F,0x8EC,
0x934,0xA3C,0xB66,0xC75,0xD64,0xD82,
0xCFE,0xC69,0xB6B,0xA74,0xA45,0xA7E,
0xAFD,0xBC3,0xC3A,0xC5D,0xC9C,0xC8C,
0xBED,0xB56,0xAF7,0xAB0,0xAB2,0xADE,
0xAF5,0xB40,0xBAC,0xBCF,0xB7C,0xABC,
0xA23,0xA31,0xA98,0xB16,0xB9F,0xBE3,
0xBD8,0xB8F,0xB1D,0xADD,0xAD7,0xAD7,
0xACC,0xACC,0xAF9,0xB20,0xB27,0xB79,
0xC10,0xC5C,0xC2F,0xBD3,0xB93,0xB3D,
0xAF3,0xB34,0xB90,0xBD8,0xC43,0xC23,
0xB76,0xAF6,0xA94,0xA2B,0xA0A,0xA69,
0xAED,0xB4D,0xBB9,0xBC0,0xAFD,0xA0C,
0x969,0x920,0x92F,0x99D,0xA75,0xB3A,
0xB92,0xBA7,0xB6C,0xB26,0xACE,0xA63,
0xA69,0xAB3,0xB14,0xBB6,0xC4B,0xCAE,
0xCA3,0xBED,0xAFD,0x9DF,0x8EC,0x8E5,
0x96E,0xA17,0xAFD,0xBE7,0xC4D,0xC42,
0xC1C,0xBAB,0xB09,0xA8B,0x9F3,0x96F,
0x949,0x92D,0x975,0xA56,0xB3C,0xC03,
0xC44,0xB99,0xA99,0x9CE,0x925,0x8F6,
0x9A9,0xAC5,0xBCE,0xCEC,0xD99,0xD57,
0xCC2,0xBF7,0xAE4,0xA53,0xA63,0xAAE,
0xB49,0xBEC,0xC27,0xC48,0xC7D,0xC2F,
0xB93,0xB49,0xB0A,0xAD0,0xAE6,0xAE4,
0xAD8,0xB33,0xB75,0xB64,0xB04,0xA5E,
0xA31,0xA99,0xB01,0xB79,0xBF0,0xC00,
0xBB9,0xB40,0xAD2,0xAB4,0xAC0,0xAB6,
0xAB0,0xAE4,0xB36,0xB4E,0xB75,0xBFA,
0xC66,0xC52,0xBE3,0xB76,0xB2E,0xAE6,
0xAFE,0xB93,0xBFC,0xC56,0xC92,0xC11,
0xB3E,0xAB8,0xA58,0xA0A,0xA22,0xAB1,
0xB38,0xB98,0xBD9,0xB64,0xA63,0x996,
0x929,0x913,0x958,0xA04,0xAD6,0xB55,
0xB97,0xB82,0xB2E,0xB02,0xAA4,0xA59,
0xA80,0xAC0,0xB39,0xBE5,0xC5D,0xCA5,
0xC68,0xB94,0xA88,0x951,0x8A5,0x8DC,
0x96F,0xA38,0xB35,0xBEA,0xC24,0xC2B,
0xBF8,0xB6C,0xACA,0xA35,0x99B,0x93E,
0x915,0x916,0x9AB,0xAAB,0xB96,0xC29,
0xBF1,0xB02,0xA12,0x962,0x8E2,0x904,
0x9F9,0xB1E,0xC22,0xD1C,0xD79,0xD16,
0xC80,0xB98,0xAB0,0xA75,0xA98,0xAEA,
0xB7C,0xBF3,0xC2C,0xC69,0xC89,0xC24,
0xB9C,0xB52,0xB02,0xAC9,0xAC9,0xAB8,
0xAF1,0xB70,0xB9A,0xB66,0xAD0,0xA49,
0xA62,0xAD6,0xB3E,0xBB6,0xC13,0xBF7,
0xB8A,0xB11,0xABD,0xAB1,0xABB,0xAAC,
0xAC4,0xB16,0xB4E,0xB63,0xBAF,0xC37,
0xC62,0xC03,0xB84,0xB35,0xAF2,0xACD,
0xB30,0xBAE,0xC05,0xC7A,0xC5F,0xB93,
0xAE4,0xA70,0xA1D,0xA03,0xA55,0xAEF,
0xB55,0xBAA,0xBAD,0xAE6,0x9FD,0x966,
0x92C,0x955,0x9BB,0xA7A,0xB25,0xB78,
0xBA3,0xB63,0xB1B,0xAF7,0xAA0,0xA91,
0xAD4,0xB2E,0xBC4,0xC4F,0xCA3,0xCA4,
0xC02,0xB16,0xA00,0x908,0x8D6,0x941,
0x9EC,0xAD4,0xBAD,0xC06,0xC1C,0xC14,
0xBB2,0xB27,0xA9E,0x9FA,0x97B,0x949,
0x91F,0x95D,0xA3F,0xB3A,0xBFE,0xC31,
0xB72,0xA68,0x9AE,0x914,0x8D3,0x979,
0xAB8,0xBDF,0xCD8,0xD83,0xD55,0xCA3,
0xBDF,0xAE4,0xA5B,0xA79,0xAC2,0xB58,
0xC01,0xC3F,0xC51,0xC7E,0xC51,0xBC4,
0xB5F,0xB20,0xADE,0xADE,0xAE1,0xAEB,
0xB47,0xB8B,0xB98,0xB4B,0xA9F,0xA58,
0xA9A,0xAEF,0xB4C,0xBAC,0xBE2,0xBC8,
0xB76,0xB2B,0xB02,0xAE8,0xAB9,0xA90,
0xAB9,0xB0F,0xB3D,0xB84,0xC20,0xCA0,
0xC85,0xBEA,0xB3E,0xADE,0xA9E,0xAB9,
0xB59,0xBDA,0xC59,0xCC3,0xC46,0xB4E,
0xA9B,0xA13,0x9BF,0x9DC,0xA89,0xB3B,
0xBAC,0xBFD,0xBA3,0xAA9,0x9BE,0x917,
0x8E9,0x92A,0x9C8,0xAA9,0xB42,0xB9B,
0xB9E,0xB4E,0xB13,0xAAF,0xA63,0xA8E,
0xAD8,0xB4A,0xBDB,0xC4B,0xCAE,0xC83,
0xBB1,0xAB6,0x990,0x8D5,0x8EC,0x960,
0xA07,0xB0F,0xBF4,0xC49,0xC5B,0xC2B,
0xBA8,0xB16,0xA72,0x9AE,0x93F,0x922,
0x933,0x9DE,0xAE8,0xBD1,0xC66,0xC23,
0xB14,0xA1F,0x973,0x8E2,0x908,0xA28,
0xB7B,0xC83,0xD62,0xDAA,0xD22,0xC71,
0xB89,0xAA4,0xA7F,0xAC1,0xB2B,0xBD2,
0xC37,0xC3A,0xC5E,0xC70,0xC06,0xB9A,
0xB7A,0xB3D,0xB02,0xAED,0xAB9,0xADF,
0xB36,0xB55,0xB54,0xAF8,0xA8D,0xAA3,
0xAF3,0xB3E,0xB93,0xBDA,0xBDF,0xB83,
0xB14,0xADC,0xACC,0xACB,0xAC0,0xAC3,
0xAF3,0xB1B,0xB31,0xB87,0xC1A,0xC5C,
0xC0F,0xB87,0xB2C,0xAE6,0xAA0,0xAD7,
0xB6C,0xBF2,0xC76,0xC7C,0xBC5,0xB03,
0xA7A,0xA03,0x9B9,0xA08,0xAD1,0xB62,
0xBCA,0xBE2,0xB27,0xA24,0x95A,0x8E4,
0x8E1,0x945,0xA23,0xB0A,0xB97,0xBCB,
0xB7F,0xB1F,0xAC9,0xA5E,0xA50,0xA81,
0xAC2,0xB57,0xBE9,0xC58,0xC87,0xBFE,
0xB31,0xA43,0x934,0x8BC,0x905,0x99C,
0xA6A,0xB64,0xBF7,0xC25,0xC30,0xBE0,
0xB4B,0xACA,0xA2E,0x98B,0x939,0x90F,
0x93B,0xA14,0xB21,0xBF7,0xC4C,0xBC8,
0xAD4,0x9FA,0x92C,0x8C1,0x956,0xA97,
0xBC3,0xCC3,0xD7A,0xD60,0xCC1,0xC0A,
0xB0C,0xA65,0xA73,0xAC8,0xB62,0xBFC,
0xC2D,0xC40,0xC83,0xC71,0xBEB,0xB89,
0xB57,0xB1E,0xB07,0xADB,0xAB5,0xAF0,
0xB36,0xB62,0xB34,0xAA9,0xA7A,0xAC0,
0xB11,0xB54,0xB9C,0xBCD,0xBAB,0xB38,
0xAD9,0xAC0,0xAC1,0xAA9,0xA8F,0xAB9,
0xB05,0xB1E,0xB39,0xBA9,0xC30,0xC41,
0xBCA,0xB2D,0xAD5,0xAA0,0xA97,0xB06,
0xB97,0xC24,0xC8E,0xC50,0xB80,0xABB,
0xA34,0x9DE,0x9E3,0xA6A,0xAFC,0xB58,
0xBBD,0xB8A,0xAA4,0x9CC,0x931,0x8FB,
0x92A,0x9B6,0xA7E,0xB16,0xB7C,0xB8D,
0xB47,0xB08,0xA9A,0xA4D,0xA7F,0xAB7,
0xB14,0xBB4,0xC23,0xC81,0xC72,0xBC5,
0xAE9,0x9D8,0x8F9,0x8DF,0x94E,0x9EE,
0xAD6,0xBB9,0xC1F,0xC4B,0xC56,0xBDD,
0xB36,0xAAD,0x9FF,0x974,0x92A,0x908,
0x989,0xA9C,0xBAA,0xC5B,0xC52,0xB7E,
0xA70,0x982,0x8D1,0x8DD,0x9DD,0xB2B,
0xC59,0xD63,0xDC2,0xD3F,0xC83,0xB9C,
0xAA6,0xA5E,0xAA0,0xB1B,0xBD4,0xC58,
0xC71,0xC99,0xCB9,0xC4D,0xBB5,0xB64,
0xB20,0xAEE,0xAEB,0xADC,0xAFF,0xB5C,
0xB9F,0xBA6,0xB32,0xAA6,0xA90,0xAE2,
0xB49,0xBA2,0xBEF,0xBFF,0xBA8,0xB2B,
0xAE5,0xAD3,0xAC9,0xAA9,0xAB0,0xB05,
0xB4B,0xB72,0xBC8,0xC4D,0xC93,0xC4D,
0xB9F,0xB00,0xAB9,0xA80,0xAAB,0xB5C,
0xC18,0xCAC,0xCD8,0xC4E,0xB5D,0xA9A,
0xA11,0x9C9,0xA00,0xAAD,0xB47,0xBCA,
0xC1A,0xB8B,0xA87,0x9AC,0x91A,0x8F6,
0x949,0x9FD,0xAB9,0xB48,0xB98,0xB83,
0xB50,0xB0D,0xA97,0xA6C,0xA93,0xAD0,
0xB5B,0xBE2,0xC45,0xC93,0xC4A,0xB81,
0xA6C,0x93F,0x8B8,0x8EF,0x95C,0xA14,
0xB16,0xBC7,0xC0F,0xC43,0xC23,0xB8C,
0xAFE,0xA63,0x9A8,0x929,0x8D3,0x8EC,
0x9C2,0xAD3,0xBCA,0xC63,0xC1A,0xB19,
0xA05,0x922,0x8A7,0x911,0xA3E,0xB75,
0xC9C,0xD7B,0xD6F,0xCCE,0xC15,0xB14,
0xA5B,0xA5C,0xAA8,0xB39,0xBE0,0xC1A,
0xC1E,0xC5B,0xC46,0xBBC,0xB67,0xB43,
0xB0F,0xAFD,0xAE9,0xAC1,0xAEC,0xB2B,
0xB4B,0xB2D,0xAB2,0xA5B,0xA88,0xAF9,
0xB65,0xBBE,0xBE5,0xBAA,0xB28,0xAC1,
0xAA0,0xAA7,0xAA3,0xA91,0xAC9,0xB33,
0xB65,0xB89,0xBE4,0xC55,0xC61,0xBE6,
0xB27,0xABB,0xA90,0xA6F,0xAD9,0xB99,
0xC42,0xCBE,0xCB9,0xBF2,0xB17,0xA82,
0xA09,0x9E2,0xA4C,0xAFF,0xB91,0xC1A,
0xC02,0xB1E,0xA24,0x962,0x8FF,0x911,
0x99D,0xA70,0xB24,0xB96,0xBB1,0xB7A,
0xB3C,0xAF1,0xA9B,0xA92,0xAB4,0xB11,
0xBAB,0xC1C,0xC73,0xC79,0xBFA,0xB25,
0x9FD,0x90A,0x8EA,0x93A,0x9B6,0xA95,
0xB74,0xBE9,0xC3A,0xC70,0xC22,0xB87,
0xAF6,0xA37,0x995,0x928,0x8E7,0x957,
0xA51,0xB55,0xC37,0xC6F,0xBB4,0xAB3,
0x9D5,0x91A,0x8E7,0x9B6,0xAFB,0xC12,
0xD0A,0xD77,0xD13,0xC7A,0xBB9,0xAC8,
0xA71,0xAB0,0xB18,0xBB6,0xC33,0xC30,
0xC36,0xC5D,0xC06,0xB87,0xB62,0xB55,
0xB4B,0xB4C,0xB1C,0xB07,0xB29,0xB3D,
0xB33,0xAE3,0xA6F,0xA62,0xAC7,0xB35,
0xB98,0xBE0,0xBD3,0xB77,0xB01,0xABE,
0xAB7,0xAB9,0xA97,0xA83,0xACF,0xB30,
0xB5B,0xB8D,0xC07,0xC5C,0xC25,0xB85,
0xAF1,0xAA1,0xA5E,0xA94,0xB46,0xBE4,
0xC66,0xCB5,0xC3C,0xB49,0xAA2,0xA1A,
0x9C1,0xA03,0xAC5,0xB60,0xBDC,0xC21,
0xB89,0xA85,0x9A6,0x908,0x8E0,0x92C,
0x9E4,0xAB9,0xB42,0xB8C,0xB7F,0xB2C,
0xAE6,0xA92,0xA53,0xA69,0xAB0,0xB47,
0xBF3,0xC60,0xC85,0xC32,0xB78,0xA76,
0x94C,0x8B9,0x8EB,0x959,0xA13,0xAFE,
0xBA3,0xBFF,0xC44,0xC3E,0xBB9,0xB19,
0xA6E,0x9B4,0x947,0x8FE,0x90B,0x9D6,
0xADD,0xBD0,0xC77,0xC1D,0xB14,0xA22,
0x94D,0x8BA,0x903,0xA38,0xB83,0xC94,
0xD65,0xD66,0xCC1,0xC0E,0xB2B,0xA6C,
0xA61,0xAB4,0xB37,0xBED,0xC41,0xC2D,
0xC48,0xC42,0xBC8,0xB66,0xB42,0xB25,
0xB2B,0xB24,0xAFA,0xB03,0xB27,0xB38,
0xB10,0xA96,0xA48,0xA89,0xB01,0xB64,
0xBC2,0xBE8,0xBAC,0xB39,0xAD5,0xAB0,
0xAC0,0xACC,0xAB8,0xACD,0xB21,0xB5D,
0xB69,0xBB5,0xC47,0xC63,0xBE9,0xB56,
0xAE9,0xA7D,0xA5C,0xAE6,0xBA5,0xC38,
0xCBF,0xCC3,0xBEE,0xB12,0xA75,0x9E2,
0x9BC,0xA4C,0xB0F,0xB9F,0xC1E,0xC07,
0xB15,0xA1A,0x971,0x8F7,0x8E5,0x975,
0xA60,0xB19,0xB7F,0xBA1,0xB60,0xB1B,
0xAEC,0xA94,0xA7D,0xABB,0xB1E,0xBC2,
0xC57,0xCA0,0xC8C,0xBF6,0xB0A,0x9E3,
0x8E8,0x8D4,0x953,0x9F3,0xADB,0xBB0,
0xC21,0xC4F,0xC52,0xBF9,0xB65,0xAE3,
0xA46,0x9AF,0x958,0x922,0x982,0xA84,
0xB7F,0xC5F,0xCA8,0xBD9,0xAB9,0x9C4,
0x8E9,0x8A2,0x96E,0xAD3,0xC0F,0xD28,
0xDBE,0xD54,0xC93,0xBC7,0xACF,0xA5E,
0xA8F,0xAEA,0xB8B,0xC32,0xC57,0xC5F,
0xC85,0xC35,0xBA2,0xB5C,0xB27,0xAF2,
0xAEF,0xADA,0xAD4,0xB17,0xB55,0xB52,
0xAF0,0xA6D,0xA5E,0xAC4,0xB3C,0xBB2,
0xC11,0xC0A,0xB8D,0xAFA,0xA9C,0xA82,
0xAA6,0xAC7,0xAD6,0xB12,0xB66,0xB75,
0xB69,0xBD7,0xC4E,0xC12,0xB83,0xB18,
0xAAC,0xA56,0xA88,0xB25,0xBCC,0xC72,
0xCE0,0xC7D,0xB92,0xAD6,0xA2E,0x9BF,
0x9F5,0xAA2,0xB41,0xBCD,0xC30,0xBBA,
0xA9E,0x9C4,0x930,0x8CD,0x8FC,0x9BA,
0xA9A,0xB3B,0xB8B,0xB83,0xB3F,0xB1B,
0xADD,0xA87,0xA8A,0xABB,0xB31,0xBF1,
0xC7E,0xCBC,0xC72,0xB91,0xA6C,0x929,
0x86E,0x8A1,0x941,0xA2E,0xB42,0xC06,
0xC4E,0xC4B,0xC1A,0xB84,0xACE,0xA42,
0x9AD,0x947,0x912,0x90F,0x9D1,0xAF3,
0xBD5,0xC6D,0xC20,0xB11,0xA1A,0x92B,
0x875,0x8AD,0x9DF,0xB39,0xC72,0xD7E,
0xD96,0xCE5,0xC2D,0xB2D,0xA49,0xA3A,
0xA8A,0xB15,0xBD9,0xC34,0xC32,0xC5C,
0xC5A,0xBD2,0xB64,0xB48,0xB15,0xAF0,
0xAE9,0xAC2,0xAD1,0xB23,0xB4D,0xB1A,
0xA91,0xA31,0xA6C,0xAEF,0xB5F,0xBD0,
0xC1E,0xBEB,0xB60,0xAE3,0xA90,0xA82,
0xAAF,0xABE,0xACC,0xB22,0xB6F,0xB76,
0xBAA,0xC2D,0xC3B,0xBBE,0xB49,0xAEF,
0xA9A,0xA91,0xAFF,0xBA3,0xC3F,0xCC7,
0xCDA,0xC33,0xB69,0xAC5,0xA2D,0x9FC,
0xA6F,0xB21,0xBA2,0xC14,0xC2E,0xB60,
0xA51,0x9A3,0x91C,0x8F5,0x972,0xA4D,
0xB1D,0xB9F,0xBD0,0xBB3,0xB7C,0xB3D,
0xAC5,0xA85,0xAA5,0xAEB,0xB8B,0xC3C,
0xCAF,0xCCB,0xC24,0xB0E,0x9EA,0x8D5,
0x882,0x8F0,0x9A9,0xAA8,0xBAB,0xC47,
0xC59,0xC4B,0xC07,0xB4F,0xAAD,0xA16,
0x975,0x931,0x915,0x95A,0xA55,0xB4D,
0xC08,0xC4E,0xBA2,0xAA7,0x9D3,0x906,
0x8B9,0x954,0xA7C,0xBAB,0xCE1,0xD9A,
0xD4E,0xCAF,0xBE7,0xACC,0xA3B,0xA4F,
0xAAD,0xB70,0xC1B,0xC4C,0xC67,0xC86,
0xC35,0xB9F,0xB58,0xB39,0xB04,0xAF4,
0xAE5,0xAD3,0xB09,0xB47,0xB44,0xAF0,
0xA75,0xA5F,0xABD,0xB26,0xB8F,0xBF1,
0xBFF,0xBA8,0xB3A,0xAE8,0xAB3,0xAB8,
0xAC3,0xAAC,0xAC8,0xB15,0xB3C,0xB60,
0xBDC,0xC52,0xC20,0xB8D,0xB15,0xAC5,
0xA83,0xA8D,0xB15,0xBB5,0xC42,0xCBA,
0xC80,0xBB1,0xB09,0xA81,0xA0D,0xA1C,
0xABE,0xB64,0xBD5,0xC28,0xBD6,0xAC5,
0x9E1,0x94F,0x8E7,0x90A,0x9C1,0xAA0,
0xB4D,0xBAE,0xBB8,0xB75,0xB39,0xADD,
0xA6F,0xA70,0xAAD,0xB25,0xBE8,0xC82,
0xCD2,0xC90,0xB9F,0xA9A,0x974,0x87C,
0x886,0x924,0x9EC,0xAF8,0xBE7,0xC4B,
0xC5E,0xC55,0xBD3,0xB20,0xAA1,0x9F6,
0x974,0x945,0x924,0x9B0,0xAC5,0xBA1,
0xC47,0xC3B,0xB5F,0xA64,0x976,0x8BB,
0x8C1,0x9AA,0xAF5,0xC3A,0xD5A,0xDB2,
0xD33,0xC7D,0xB7D,0xA86,0xA3F,0xA7C,
0xB08,0xBBF,0xC24,0xC35,0xC53,0xC51,
0xBE4,0xB81,0xB6F,0xB4F,0xB22,0xB12,
0xAE9,0xADA,0xB13,0xB3C,0xB13,0xA9E,
0xA54,0xA8D,0xAFE,0xB64,0xBCC,0xC15,
0xBF7,0xB81,0xB01,0xAB0,0xA9D,0xAAE,
0xAB4,0xAC2,0xAF9,0xB39,0xB5E,0xB8E,
0xBF7,0xC28,0xBBC,0xB14,0xAA9,0xA63,
0xA31,0xA91,0xB5A,0xBEB,0xC7C,0xCC6,
0xC26,0xB43,0xAA1,0xA13,0x9D2,0xA3A,
0xAFB,0xB87,0xBE7,0xBEE,0xB23,0xA05,
0x947,0x8DE,0x8DD,0x961,0xA39,0xB0F,
0xB8B,0xBB5,0xB83,0xB2B,0xAF1,0xA90,
0xA61,0xA9B,0xAE7,0xB7E,0xC33,0xCAC,
0xCBF,0xC17,0xB1C,0xA11,0x8D4,0x842,
0x89C,0x93E,0xA2C,0xB4A,0xC18,0xC74,
0xC90,0xC53,0xBA7,0xAF5,0xA32,0x96B,
0x918,0x8F4,0x925,0xA1D,0xB37,0xC1A,
0xC8F,0xBFE,0xAE5,0x9E5,0x901,0x894,
0x915,0xA58,0xBA8,0xCD6,0xDAC,0xD73,
0xC9F,0xBCB,0xAC9,0xA1B,0xA2C,0xAB0,
0xB72,0xC15,0xC42,0xC3F,0xC50,0xC19,
0xB9E,0xB78,0xB78,0xB4A,0xB2F,0xB09,
0xAC5,0xABA,0xAE6,0xB06,0xAD3,0xA6D,
0xA77,0xAF1,0xB5C,0xBB0,0xBFB,0xC0A,
0xBBB,0xB32,0xACC,0xAB9,0xAD6,0xAF1,
0xB06,0xB28,0xB4C,0xB68,0xB7D,0xBB4,
0xC11,0xC06,0xB70,0xAE0,0xA96,0xA53,
0xA62,0xB19,0xBD8,0xC75,0xD0C,0xCD2,
0xBDC,0xB12,0xA77,0x9F0,0x9F0,0xAA6,
0xB80,0xC15,0xC5F,0xBFC,0xADF,0x9CD,
0x917,0x8BE,0x8FC,0x9B9,0xAB0,0xB77,
0xBE2,0xBE4,0xB84,0xB32,0xAD6,0xA5D,
0xA60,0xAAE,0xB25,0xBE9,0xC90,0xCF3,
0xCC3,0xBEA,0xAE5,0x99F,0x88C,0x871,
0x8E1,0x998,0xA9E,0xB91,0xC40,0xCA6,
0xCB1,0xC52,0xBB2,0xAEC,0x9FA,0x947,
0x8F2,0x8CA,0x950,0xA79,0xBA0,0xC7D,
0xC7E,0xB9A,0xA91,0x995,0x8C4,0x8AA,
0x999,0xAEF,0xC1B,0xD37,0xDA8,0xD10,
0xC3E,0xB5A,0xA64,0xA0F,0xA54,0xAF0,
0xBC2,0xC3E,0xC4B,0xC62,0xC66,0xBF5,
0xB81,0xB6A,0xB44,0xB1A,0xB0F,0xADD,
0xACB,0xAE9,0xB05,0xB08,0xAA3,0xA4C,
0xA9B,0xB21,0xB87,0xBE3,0xC1E,0xBFC,
0xB80,0xB02,0xAC4,0xAC6,0xAE4,0xAED,
0xB00,0xB2E,0xB40,0xB5A,0xBA2,0xC0E,
0xC58,0xC0C,0xB5D,0xAD5,0xA67,0xA25,
0xA96,0xB65,0xC0E,0xCC8,0xD15,0xC70,
0xB88,0xADA,0xA34,0x9CD,0xA19,0xAE2,
0xB9D,0xC18,0xC24,0xB62,0xA3A,0x95F,
0x8D3,0x8B7,0x934,0xA17,0xAFA,0xB91,
0xBD1,0xB92,0xB1D,0xACA,0xA57,0xA0E,
0xA3E,0xAAF,0xB65,0xC35,0xCCE,0xCF3,
0xC54,0xB4D,0xA19,0x8CB,0x83C,0x87C,
0x915,0xA10,0xB25,0xBF1,0xC78,0xCAD,
0xC6D,0xBE1,0xB3E,0xA6E,0x992,0x916,
0x8EC,0x924,0xA07,0xB29,0xC25,0xC9B,
0xC11,0xB03,0xA10,0x936,0x8AF,0x921,
0xA6A,0xBAB,0xCC7,0xD97,0xD5F,0xC94,
0xBCB,0xAD3,0xA39,0xA49,0xAAF,0xB65,
0xC15,0xC4A,0xC4D,0xC76,0xC57,0xBD2,
0xB94,0xB85,0xB42,0xB24,0xB03,0xAD2,
0xAEE,0xB0C,0xB0E,0xADE,0xA6B,0xA5E,
0xAD0,0xB47,0xBB2,0xC1D,0xC4B,0xBF7,
0xB53,0xACC,0xA94,0xAB3,0xAD8,0xADC,
0xB23,0xB6E,0xB81,0xBA7,0xBF0,0xC3A,
0xC1D,0xB71,0xAD2,0xA79,0xA2C,0xA57,
0xB28,0xBF6,0xCA1,0xD2D,0xCEF,0xBF7,
0xB1A,0xA74,0x9EB,0x9EE,0xAA3,0xB84,
0xC25,0xC70,0xC12,0xAEE,0x9CF,0x91E,
0x8C0,0x8F1,0x9B3,0xAAA,0xB6A,0xBC3,
0xBC6,0xB7A,0xB23,0xAC9,0xA65,0xA4A,
0xA92,0xB1C,0xBCE,0xC6C,0xCCF,0xC9C,
0xBC7,0xABD,0x973,0x865,0x846,0x8B1,
0x975,0xA9C,0xB8C,0xC0C,0xC66,0xC74,
0xC06,0xB6D,0xACD,0xA01,0x95F,0x918,
0x901,0x97E,0xA8A,0xB8F,0xC55,0xC52,
0xB6F,0xA78,0x9A3,0x8D2,0x89F,0x97B,
0xAC7,0xBF4,0xD0D,0xD74,0xCF4,0xC49,
0xB6C,0xA7E,0xA23,0xA40,0xABE,0xB84,
0xC09,0xC20,0xC3D,0xC6F,0xC23,0xBA3,
0xB87,0xB58,0xB0D,0xB00,0xAC3,0xA88,
0xAAD,0xAD4,0xACE,0xA85,0xA4A,0xA8C,
0xB09,0xB71,0xBCB,0xC0A,0xBE8,0xB5D,
0xAC5,0xA62,0xA63,0xAB0,0xAD4,0xAED,
0xB3D,0xB64,0xB5F,0xB7B,0xBCE,0xC05,
0xBA9,0xB01,0xA98,0xA5C,0xA41,0xAAB,
0xB69,0xC0C,0xCBA,0xD08,0xC60,0xB69,
0xABF,0xA2E,0x9DB,0xA32,0xB0A,0xBC4,
0xC37,0xC5F,0xBA6,0xA55,0x95E,0x8CF,
0x8A7,0x91F,0xA17,0xB24,0xBCA,0xBFE,
0xBCA,0xB58,0xAFE,0xA91,0xA40,0xA6C,
0xADF,0xB90,0xC50,0xCCA,0xCF1,0xC70,
0xB77,0xA4B,0x8F1,0x82F,0x85B,0x8F2,
0x9F6,0xB32,0xC02,0xC70,0xCB8,0xCA3,
0xC1E,0xB77,0xAA4,0x9C2,0x94E,0x90C,
0x910,0x9DF,0xAFC,0xBFC,0xCA3,0xC3E,
0xB39,0xA50,0x957,0x8A5,0x8F2,0xA0A,
0xB4E,0xC96,0xD86,0xD83,0xCE8,0xC17,
0xB07,0xA50,0xA41,0xA8E,0xB37,0xBFD,
0xC4D,0xC43,0xC5B,0xC49,0xBD2,0xB8E,
0xB86,0xB56,0xB47,0xB32,0xAD9,0xABC,
0xADC,0xAEB,0xACA,0xA77,0xA6A,0xAD0,
0xB45,0xBAC,0xC10,0xC27,0xBD3,0xB40,
0xAB7,0xA7D,0xAA5,0xADF,0xAF7,0xB2C,
0xB74,0xB85,0xB79,0xBA5,0xBF8,0xBF9,
0xB7A,0xAE3,0xA80,0xA33,0xA41,0xAEA,
0xB9D,0xC40,0xCFA,0xCFB,0xC29,0xB60,
0xAC9,0xA39,0xA1C,0xAB4,0xB76,0xBE3,
0xC2E,0xBFA,0xAE7,0x9C5,0x91A,0x8C1,
0x8E3,0x9A2,0xAB5,0xB80,0xBDC,0xBDD,
0xB73,0xB14,0xAC9,0xA53,0xA4A,0xAA9,
0xB26,0xBEA,0xC8B,0xCDF,0xCC1,0xBE5,
0xABE,0x96D,0x835,0x7EE,0x872,0x94F,
0xA90,0xBB3,0xC4E,0xC97,0xCA6,0xC3D,
0xB91,0xAE6,0xA08,0x953,0x8FF,0x8C5,
0x92D,0xA3F,0xB50,0xC3C,0xC7A,0xBB2,
0xAAD,0x9B5,0x8CA,0x880,0x938,0xA8A,
0xBE0,0xD06,0xD7A,0xD19,0xC74,0xB8A,
0xA8C,0xA26,0xA47,0xABB,0xB79,0xC02,
0xC1E,0xC3C,0xC6D,0xC3F,0xBDC,0xBB4,
0xB78,0xB2A,0xB16,0xAE3,0xAB6,0xAD9,
0xB08,0xB05,0xA9E,0xA31,0xA62,0xAEA,
0xB5D,0xBD8,0xC2D,0xC1A,0xBAE,0xB11,
0xA9A,0xA94,0xAE1,0xB11,0xB1E,0xB54,
0xB7E,0xB73,0xB82,0xBD2,0xC13,0xBE1,
0xB39,0xA9F,0xA39,0x9F2,0xA42,0xB15,
0xBDB,0xCB3,0xD49,0xCE0,0xBEC,0xB30,
0xA85,0x9F8,0xA25,0xAF5,0xB98,0xC05,
0xC3E,0xBA0,0xA70,0x97D,0x8EA,0x8C1,
0x923,0x9FD,0xAEE,0xB8C,0xBE0,0xBC2,
0xB68,0xB34,0xAC8,0xA63,0xA72,0xABE,
0xB5E,0xC1D,0xCA2,0xCFA,0xC9F,0xB96,
0xA5A,0x8F5,0x805,0x820,0x8C9,0x9C1,
0xB00,0xBED,0xC66,0xCB2,0xCAB,0xC24,
0xB82,0xAC5,0x9E0,0x94C,0x8FC,0x8F6,
0x9C9,0xB01,0xC0D,0xCC5,0xC7F,0xB65,
0xA3E,0x937,0x881,0x8B0,0x9DE,0xB4E,
0xC9A,0xD9F,0xDAE,0xCFF,0xC39,0xB2D,
0xA58,0xA2A,0xA63,0xAFD,0xBC0,0xC1D,
0xC38,0xC80,0xC99,0xC3A,0xBF2,0xBC9,
0xB5C,0xB16,0xAF9,0xABD,0xAC4,0xB05,
0xB26,0xAF1,0xA75,0xA45,0xAAE,0xB32,
0xBAC,0xC23,0xC4A,0xBF9,0xB62,0xAC6,
0xA73,0xAA2,0xAFE,0xB0D,0xB1A,0xB66,
0xB82,0xB74,0xB9F,0xBE9,0xC00,0xB8F,
0xAD1,0xA55,0xA08,0xA03,0xAAC,0xB82,
0xC36,0xCF9,0xD1A,0xC41,0xB55,0xAB3,
0xA16,0x9D1,0xA69,0xB4D,0xBD5,0xC37,
0xC1B,0xB25,0x9FA,0x922,0x8AB,0x8C4,
0x963,0xA49,0xB14,0xB8F,0xBAC,0xB56,
0xB11,0xAD2,0xA6A,0xA54,0xA93,0xB0A,
0xBBE,0xC48,0xCAF,0xCCE,0xC15,0xAF9,
0x9BD,0x881,0x80C,0x86D,0x927,0xA34,
0xB51,0xBF7,0xC4C,0xC89,0xC53,0xBC3,
0xB35,0xA6B,0x999,0x928,0x8DE,0x914,
0xA25,0xB52,0xC43,0xCAC,0xC0E,0xAE0,
0x9D3,0x8E9,0x877,0x923,0xA7D,0xBBE,
0xCE7,0xD9F,0xD48,0xC90,0xBCB,0xACA,
0xA3D,0xA51,0xAAC,0xB57,0xBF3,0xC14,
0xC35,0xC6E,0xC3A,0xBD9,0xBC2,0xB90,
0xB3B,0xB27,0xAF0,0xAAF,0xACF,0xB03,
0xAFE,0xAB4,0xA49,0xA51,0xAD0,0xB45,
0xBB9,0xC23,0xC32,0xBC1,0xB1C,0xA8C,
0xA59,0xA9B,0xAE7,0xAF8,0xB3F,0xBA9,
0xBB2,0xBB3,0xBE7,0xC13,0xBE1,0xB2E,
0xA6D,0x9FC,0x9BE,0xA0E,0xAF7,0xBDA,
0xCB7,0xD61,0xD16,0xC1D,0xB49,0xA9A,
0xA00,0xA09,0xAD1,0xB90,0xC06,0xC40,
0xBCB,0xAAD,0x99D,0x8ED,0x8C2,0x92C,
0x9FE,0xAF2,0xB96,0xBE9,0xBC4,0xB55,
0xB08,0xAA8,0xA5B,0xA7B,0xACC,0xB50,
0xBFB,0xC77,0xCDC,0xCB8,0xBCC,0xA9E,
0x952,0x84C,0x822,0x898,0x970,0xAAA,
0xBB4,0xC48,0xCAC,0xCC8,0xC56,0xBB1,
0xAFD,0xA0B,0x956,0x901,0x8DB,0x97A,
0xAB7,0xBD3,0xCA0,0xC9D,0xBA4,0xA77,
0x971,0x89C,0x8A5,0x9BF,0xB20,0xC55,
0xD77,0xDBB,0xCF7,0xC20,0xB21,0xA2D,
0x9F5,0xA3D,0xAD2,0xBC3,0xC54,0xC64,
0xC92,0xCA1,0xC2C,0xBBC,0xBA6,0xB5C,
0xB20,0xB11,0xAC2,0xA94,0xAC8,0xADE,
0xABC,0xA66,0xA35,0xA9C,0xB30,0xBA4,
0xC06,0xC3E,0xC00,0xB53,0xAA7,0xA56,
0xA67,0xABD,0xB05,0xB2D,0xB8A,0xBBC,
0xBA9,0xBB5,0xBEB,0xBFB,0xB8F,0xAB5,
0xA17,0x9D0,0x9BF,0xA61,0xB5C,0xC37,
0xD18,0xD6D,0xCC3,0xBCB,0xB0A,0xA53,
0x9D2,0xA26,0xAF9,0xB9B,0xC1F,0xC3E,
0xB7C,0xA55,0x96C,0x8E1,0x8D6,0x969,
0xA64,0xB3D,0xBD7,0xC02,0xB97,0xB1D,
0xABC,0xA4C,0xA2D,0xA75,0xB00,0xBD5,
0xC83,0xCF2,0xD15,0xC7E,0xB48,0x9E2,
0x88F,0x7DA,0x817,0x8C2,0x9DB,0xB26,
0xC0D,0xC94,0xCE8,0xCBE,0xC1C,0xB6C,
0xA91,0x9A7,0x920,0x8D9,0x8F8,0x9F3,
0xB2F,0xC30,0xCAF,0xC2A,0xB08,0x9F7,
0x8FE,0x881,0x918,0xA72,0xBB8,0xCED,
0xDC9,0xD69,0xC6F,0xB7E,0xA63,0x9B6,
0x9DC,0xA5C,0xB39,0xC33,0xCA3,0xCB2,
0xCCA,0xC84,0xBC5,0xB51,0xB19,0xACC,
0xABF,0xABD,0xA9A,0xAC8,0xB14,0xB20,
0xAD8,0xA5F,0xA4C,0xAB4,0xB28,0xB8B,
0xBEF,0xC12,0xBAA,0xB03,0xA85,0xA63,
0xA8D,0xAD0,0xB0A,0xB63,0xBC1,0xBD4,
0xBC3,0xBD7,0xBE9,0xBAA,0xAF3,0xA09,
0x9A3,0x992,0x9D8,0xAC8,0xBCF,0xCBD,
0xD74,0xD38,0xC47,0xB5E,0xAA6,0xA0F,
0x9F1,0xAAB,0xB8A,0xC0D,0xC5C,0xBFE,
0xAD9,0x9B0,0x8F0,0x8B0,0x8FF,0x9E0,
0xAEA,0xBB3,0xC25,0xBFD,0xB70,0xAF6,
0xA70,0xA1A,0xA38,0xA90,0xB42,0xC24,
0xCC1,0xD15,0xCFE,0xC28,0xACC,0x94C,
0x821,0x7C4,0x81C,0x8F3,0xA3D,0xB71,
0xC3B,0xCDF,0xD1D,0xCB6,0xC0B,0xB49,
0xA41,0x95A,0x8D9,0x89B,0x910,0xA4B,
0xB8A,0xC78,0xCAB,0xBDA,0xAC2,0x9C2,
0x8DF,0x8B9,0x9A7,0xAF5,0xC1E,0xD3F,
0xDA6,0xCE7,0xC02,0xB1C,0xA23,0x9E5,
0xA3B,0xAC0,0xB9C,0xC3F,0xC66,0xC82,
0xC99,0xC33,0xBA4,0xB7A,0xB50,0xB16,
0xB08,0xAE6,0xAD5,0xB00,0xB20,0xB12,
0xA9E,0xA39,0xA72,0xAE8,0xB55,0xBC8,
0xC29,0xC14,0xB7F,0xADC,0xA84,0xA89,
0xABD,0xAED,0xB34,0xBAB,0xBFF,0xC00,
0xBF8,0xC1C,0xC09,0xB81,0xA95,0x9C3,
0x983,0x98F,0xA28,0xB47,0xC50,0xD4D,
0xDBB,0xD0E,0xC07,0xB2F,0xA71,0x9F0,
0xA21,0xB07,0xBBE,0xC19,0xC3E,0xB8C,
0xA59,0x97C,0x905,0x8F8,0x970,0xA70,
0xB52,0xBD6,0xC11,0xBAA,0xB11,0xAB4,
0xA4D,0xA27,0xA6E,0xAEC,0xBAA,0xC71,
0xCFB,0xD2F,0xCB1,0xB94,0xA2A,0x8C8,
0x803,0x805,0x88F,0x994,0xAD8,0xBCD,
0xC74,0xCE9,0xCE4,0xC4D,0xBA9,0xAE3,
0x9DE,0x93E,0x8E7,0x8D9,0x9A8,0xAF1,
0xBFB,0xC96,0xC3E,0xB33,0xA32,0x95D,
0x8DE,0x934,0xA61,0xB8E,0xC80,0xD4A,
0xD1C,0xC2C,0xB70,0xAA9,0xA12,0xA33,
0xAB2,0xB73,0xC27,0xC5B,0xC55,0xC5B,
0xC2F,0xBAB,0xB5C,0xB56,0xB2E,0xB19,
0xB12,0xAE2,0xADA,0xAE6,0xAEA,0xAB8,
0xA39,0xA2D,0xAA2,0xB2B,0xBA1,0xC02,
0xC2D,0xBD4,0xB0C,0xA79,0xA6D,0xA9B,
0xAC2,0xAE0,0xB42,0xBB3,0xBD3,0xBDB,
0xC00,0xC18,0xBDA,0xB39,0xA2A,0x969,
0x947,0x97B,0xA59,0xB8F,0xCAC,0xD93,
0xD99,0xCAF,0xBAC,0xAD1,0xA1C,0x9BA,
0xA1A,0xAFA,0xB8F,0xBF0,0xBEB,0xB1E,
0xA20,0x974,0x931,0x941,0x9D4,0xADD,
0xB9E,0xBFD,0xBEF,0xB46,0xAAF,0xA55,
0x9F5,0xA0B,0xA8A,0xB34,0xC06,0xCB6,
0xD39,0xD2C,0xC59,0xB18,0x9A9,0x87E,
0x80B,0x83E,0x8E3,0x9EC,0xB00,0xBDE,
0xC7B,0xCEB,0xCD0,0xC46,0xBAF,0xABE,
0x9C7,0x934,0x8CE,0x8FA,0xA0B,0xB41,
0xC45,0xC9A,0xBE8,0xAE2,0x9FD,0x93D,
0x8FD,0x9B3,0xAF2,0xBF1,0xCD9,0xD71,
0xCDD,0xBF2,0xB3D,0xA61,0x9F4,0xA40,
0xAE8,0xBBE,0xC53,0xC94,0xCA5,0xC8E,
0xC41,0xBB0,0xB61,0xB4F,0xB1F,0xAF7,
0xAD3,0xAB7,0xAC2,0xAD3,0xAEF,0xAB2,
0xA57,0xA94,0xB19,0xB74,0xBCA,0xC21,
0xC24,0xB8D,0xAD1,0xA8F,0xA90,0xAB6,
0xADE,0xB05,0xB84,0xBF1,0xBF1,0xBFA,
0xC1D,0xC08,0xBAB,0xAC6,0x9C5,0x952,
0x93D,0x9A2,0xAC0,0xBEE,0xCEB,0xDB2,
0xD6F,0xC5D,0xB70,0xAAB,0x9F1,0x9C5,
0xA7A,0xB48,0xBB5,0xBF9,0xBB0,0xABA,
0x9C7,0x93F,0x90D,0x934,0xA0D,0xB25,
0xBC7,0xC13,0xBE7,0xB40,0xAB9,0xA37,
0x9D7,0xA06,0xA6A,0xB0C,0xBF3,0xCBB,
0xD47,0xD2E,0xC3E,0xADC,0x96C,0x85A,
0x7E0,0x80B,0x8D8,0x9FB,0xB1E,0xC04,
0xCAF,0xD04,0xCAB,0xC10,0xB56,0xA4D,
0x986,0x908,0x8B5,0x935,0xA67,0xB96,
0xC73,0xC65,0xB85,0xA83,0x98E,0x8E2,
0x8F6,0xA00,0xB4F,0xC5F,0xD59,0xD90,
0xCBC,0xBB6,0xAB2,0x9E0,0x9C0,0xA27,
0xB07,0xBFA,0xC7E,0xCCB,0xCE0,0xCA6,
0xC17,0xB87,0xB59,0xB2A,0xAEB,0xAD6,
0xAA1,0xA96,0xAC7,0xAEA,0xAF2,0xAB7,
0xAAA,0xB11,0xB6F,0xBAF,0xBF4,0xC14,
0xBC4,0xAF8,0xA65,0xA52,0xA71,0xAB6,
0xAEC,0xB4C,0xBF4,0xC29,0xC24,0xC4A,
0xC4C,0xC0C,0xB72,0xA5F,0x989,0x94A,
0x951,0xA02,0xB35,0xC52,0xD65,0xDFC,
0xD62,0xC4E,0xB71,0xA8A,0x9C8,0x9E0,
0xAA8,0xB44,0xBCC,0xC10,0xB8F,0xA92,
0x9D2,0x968,0x933,0x996,0xA92,0xB62,
0xBCB,0xBFF,0xBAC,0xB14,0xAAB,0xA46,
0xA21,0xA6E,0xADC,0xB8C,0xC54,0xCF3,
0xD4D,0xCDA,0xBC0,0xA74,0x92D,0x854,
0x811,0x860,0x924,0xA32,0xB42,0xC22,
0xCF1,0xD48,0xCDE,0xC31,0xB42,0xA27,
0x955,0x8C1,0x8B2,0x98E,0xAC3,0xBEC,
0xC7B,0xC02,0xB17,0xA28,0x94F,0x8F1,
0x97C,0xAB3,0xBDF,0xCF7,0xDBF,0xD5D,
0xC3A,0xB1C,0xA11,0x989,0x9C1,0xA7D,
0xB9D,0xC87,0xCE9,0xCFD,0xCD7,0xC5D,
0xB98,0xB27,0xB24,0xB02,0xAEA,0xADE,
0xAAC,0xAAF,0xAD1,0xAD2,0xAA4,0xA6D,
0xAA7,0xB31,0xB91,0xBDD,0xC1C,0xC09,
0xB6E,0xA9E,0xA46,0xA48,0xA77,0xABB,
0xAE9,0xB63,0xBEF,0xC14,0xC2F,0xC6D,
0xC5B,0xBD7,0xADE,0x9AF,0x907,0x8E6,
0x941,0xA54,0xB9C,0xCC6,0xDD5,0xDE8,
0xCE6,0xBCE,0xADF,0x9EF,0x97E,0xA01,
0xACC,0xB74,0xC13,0xC1F,0xB45,0xA43,
0x984,0x8FF,0x8E7,0x989,0xA8B,0xB4D,
0xBD2,0xBF7,0xB97,0xB1B,0xAAC,0xA34,
0xA1C,0xA62,0xAE7,0xBB6,0xC7C,0xD14,
0xD2C,0xC6A,0xB18,0x9B1,0x894,0x80E,
0x810,0x8A3,0x9A8,0xAB9,0xB9F,0xC6E,
0xD13,0xD0E,0xC7A,0xBBD,0xAAA,0x99E,
0x902,0x8AD,0x911,0xA30,0xB68,0xC4D,
0xC5A,0xB94,0xA8A,0x999,0x8FA,0x8FA,
0x9DF,0xB2C,0xC50,0xD54,0xDAB,0xCE5,
0xBBB,0xAA9,0x9C7,0x98C,0x9F2,0xADF,
0xC01,0xC9E,0xCC8,0xCE0,0xCBD,0xC1A,
0xB78,0xB55,0xB43,0xB02,0xADF,0xAAA,
0xA67,0xA88,0xABE,0xAB5,0xA86,0xA89,
0xAFB,0xB7D,0xBE5,0xC36,0xC48,0xBF6,
0xB2D,0xA71,0xA3D,0xA5C,0xA9E,0xADC,
0xB20,0xBA6,0xC0F,0xC16,0xC31,0xC72,
0xC3D,0xB70,0xA4B,0x952,0x8F7,0x90E,
0x9CC,0xB1D,0xC51,0xD7E,0xE39,0xD9D,
0xC67,0xB60,0xA56,0x989,0x996,0xA68,
0xB38,0xBEF,0xC70,0xC08,0xB03,0xA18,
0x95D,0x8F3,0x932,0xA18,0xB13,0xBB9,
0xC13,0xBE7,0xB57,0xAE4,0xA5B,0x9EC,
0xA0C,0xA7F,0xB4B,0xC39,0xCEA,0xD62,
0xD27,0xC05,0xA90,0x942,0x866,0x817,
0x84F,0x91E,0xA38,0xB2A,0xBEE,0xCA0,
0xD08,0xCCA,0xC2C,0xB4E,0xA24,0x942,
0x8C6,0x8BA,0x984,0xAC1,0xBF8,0xCB0,
0xC64,0xB64,0xA4E,0x95E,0x8C8,0x90C,
0xA38,0xB79,0xC85,0xD4A,0xD18,0xC11,
0xAFA,0xA00,0x971,0x9A7,0xA68,0xB82,
0xC6A,0xCAA,0xCB4,0xCB8,0xC47,0xB96,
0xB43,0xB40,0xB1C,0xAF6,0xAE9,0xA9E,
0xA72,0xA9F,0xAA7,0xA65,0xA2E,0xA76,
0xB0D,0xB9B,0xC23,0xC6E,0xC5A,0xBCE,
0xAE0,0xA2F,0xA0D,0xA41,0xA8E,0xAC9,
0xB31,0xBD0,0xC0F,0xC00,0xC36,0xC63,
0xBE8,0xAED,0x9DB,0x922,0x8EE,0x945,
0xA56,0xBA1,0xCC5,0xDD6,0xDE2,0xCC8,
0xB9F,0xA95,0x99D,0x944,0x9E6,0xAEB,
0xBC1,0xC70,0xC88,0xBB0,0xA91,0x9A8,
0x8FC,0x8E6,0x98B,0xA92,0xB73,0xBF9,
0xC0A,0xB88,0xAEA,0xA63,0x9D8,0x9B1,
0xA05,0xAC1,0xBD1,0xCBA,0xD64,0xDA9,
0xCEE,0xB6A,0x9E4,0x8B1,0x802,0x7F3,
0x894,0x9B7,0xADC,0xBBA,0xC6E,0xCF9,
0xD00,0xC7F,0xBC2,0xAB1,0x9A4,0x903,
0x8BC,0x930,0xA5E,0xBA3,0xCA7,0xCE8,
0xC25,0xAFF,0x9F6,0x919,0x8CB,0x991,
0xAE8,0xBFD,0xCE2,0xD58,0xCCC,0xBC6,
0xAD8,0xA0F,0x9CC,0xA2B,0xB04,0xC0A,
0xC98,0xCA6,0xCAB,0xC90,0xC15,0xB9B,
0xB87,0xB7E,0xB3E,0xB21,0xAFC,0xAA7,
0xA9A,0xAC6,0xAC4,0xA74,0xA51,0xABD,
0xB62,0xBF3,0xC5C,0xC94,0xC71,0xBBA,
0xACC,0xA40,0xA31,0xA75,0xAB9,0xAF5,
0xB81,0xC08,0xC1A,0xC16,0xC4F,0xC33,
0xB6C,0xA6D,0x992,0x90B,0x90D,0x9C4,
0xAFD,0xC24,0xD40,0xDFF,0xD7E,0xC4C,
0xB40,0xA40,0x987,0x9AC,0xA81,0xB67,
0xC2E,0xCA5,0xC3E,0xB1E,0xA0F,0x94C,
0x8F3,0x949,0xA21,0xB15,0xBC3,0xC0B,
0xBCE,0xB2D,0xAAA,0xA3F,0x9F3,0xA02,
0xA76,0xB5A,0xC4B,0xCEA,0xD69,0xD4F,
0xC22,0xA85,0x90E,0x7F6,0x78F,0x7F1,
0x8EC,0xA30,0xB59,0xC32,0xCCA,0xCFB,
0xC99,0xBEB,0xB07,0x9FC,0x94C,0x8F4,
0x904,0x9E8,0xB1E,0xC1E,0xCBB,0xC7A,
0xB6D,0xA4E,0x968,0x8C4,0x8F2,0xA24,
0xB73,0xC65,0xD22,0xD22,0xC49,0xB58,
0xA86,0x9F1,0x9EF,0xA81,0xB74,0xC4A,
0xC9B,0xCA2,0xCA9,0xC6A,0xBE4,0xB95,
0xB88,0xB3A,0xADC,0xABD,0xA91,0xA71,
0xA9B,0xAD6,0xABF,0xA6A,0xA76,0xAF8,
0xB8F,0xC1A,0xC78,0xC8D,0xC20,0xB3D,
0xA75,0xA1E,0xA3D,0xA99,0xADE,0xB35,
0xBC0,0xC0B,0xBF2,0xBF6,0xC24,0xBD4,
0xAF7,0xA15,0x965,0x911,0x953,0xA37,
0xB60,0xC80,0xD92,0xDDA,0xCF3,0xBD3,
0xAE3,0x9F3,0x98B,0xA05,0xAD6,0xB96,
0xC44,0xC6A,0xB95,0xA6A,0x9A6,0x930,
0x931,0x9D5,0xAC9,0xB95,0xBF3,0xBE2,
0xB67,0xAD7,0xA67,0x9FB,0x9D4,0xA1B,
0xAC7,0xBBC,0xC83,0xD22,0xD84,0xCF2,
0xB92,0xA08,0x8A5,0x7D8,0x7DF,0x883,
0x999,0xAE1,0xBDE,0xC6A,0xCB2,0xC97,
0xC1B,0xB76,0xA99,0x9D2,0x964,0x921,
0x975,0xA83,0xB9F,0xC7E,0xCD1,0xC34,
0xB12,0x9FF,0x921,0x8B7,0x94B,0xA9A,
0xBC9,0xCC1,0xD49,0xCCF,0xBD9,0xB0A,
0xA59,0x9FD,0xA38,0xAF8,0xBD5,0xC54,
0xC66,0xC67,0xC61,0xC0E,0xBAC,0xB99,
0xB7B,0xB22,0xAEA,0xAB9,0xA72,0xA61,
0xA9C,0xAC2,0xA81,0xA57,0xAB9,0xB5D,
0xC00,0xC80,0xCB0,0xC6F,0xBA3,0xAA9,
0xA04,0x9DC,0xA32,0xAA3,0xB07,0xB8F,
0xC10,0xC24,0xBF1,0xBEF,0xBE5,0xB4B,
0xA68,0x9A6,0x933,0x94B,0x9F2,0xAFB,
0xC15,0xD21,0xDC6,0xD49,0xC19,0xB20,
0xA43,0x99D,0x9D2,0xAA5,0xB68,0xC05,
0xC75,0xC11,0xAD3,0x9C0,0x930,0x8F4,
0x954,0xA46,0xB49,0xBF3,0xC1F,0xBD2,
0xB42,0xAB9,0xA31,0x9C5,0x9CA,0xA3D,
0xB0A,0xBF9,0xCBF,0xD4D,0xD27,0xC1A,
0xAAE,0x92E,0x7FD,0x7A0,0x7FB,0x8DD,
0xA2A,0xB69,0xC34,0xCA8,0xCD0,0xC81,
0xBDA,0xAFE,0xA08,0x959,0x8EC,0x8D6,
0x999,0xAE0,0xC02,0xCB8,0xC9C,0xBA4,
0xA68,0x960,0x8AA,0x8AF,0x9BD,0xB1B,
0xC36,0xD0F,0xD16,0xC3A,0xB4C,0xA84,
0x9E9,0x9CC,0xA50,0xB36,0xC00,0xC52,
0xC5E,0xC73,0xC5E,0xBEE,0xB9F,0xB83,
0xB21,0xAB5,0xA7F,0xA4D,0xA31,0xA63,
0xAC6,0xAD5,0xA90,0xA9B,0xB0D,0xBA0,
0xC25,0xC76,0xC89,0xC25,0xB48,0xA6E,
0xA05,0xA2A,0xA85,0xAC3,0xB23,0xBB7,
0xC13,0xC09,0xBF0,0xBFE,0xBBC,0xAEE,
0x9FB,0x943,0x912,0x96B,0xA33,0xB4E,
0xC7F,0xD87,0xDC2,0xCE4,0xBD8,0xB09,
0xA32,0x9DB,0xA63,0xB2E,0xBC4,0xC48,
0xC63,0xB82,0xA4D,0x998,0x939,0x952,
0xA1A,0xB1F,0xBEB,0xC4B,0xC24,0xB89,
0xAEA,0xA75,0xA00,0x9C6,0x9FE,0xA9C,
0xB8A,0xC76,0xD38,0xD95,0xD0E,0xBDE,
0xA6C,0x8E4,0x7E7,0x7CA,0x841,0x93A,
0xA96,0xBC1,0xC77,0xCE4,0xCEC,0xC76,
0xBAF,0xABD,0x9DD,0x93C,0x8F5,0x957,
0xA6A,0xBA3,0xC9E,0xCF6,0xC58,0xB35,
0xA0F,0x924,0x8B8,0x93F,0xA9A,0xBD8,
0xCC6,0xD4D,0xCD2,0xBB8,0xABB,0x9FF,
0x9AE,0x9FF,0xAE4,0xBF5,0xC96,0xCA8,
0xCA0,0xC96,0xC37,0xBBF,0xB9B,0xB6E,
0xB00,0xABA,0xA8E,0xA4E,0xA3E,0xA82,
0xACA,0xAB0,0xA82,0xAD1,0xB86,0xC30,
0xC98,0xCB8,0xC78,0xBCB,0xAE4,0xA3F,
0xA35,0xAA0,0xAFE,0xB37,0xB95,0xBE8,
0xBEB,0xBD3,0xBD5,0xBD5,0xB77,0xA9E,
0x9B7,0x93A,0x938,0x9B0,0xA9F,0xBC6,
0xCF0,0xDBA,0xD7A,0xC83,0xBA9,0xACC,
0x9FE,0x9FC,0xABD,0xB87,0xC18,0xC7D,
0xC25,0xAF6,0x9DF,0x932,0x8D6,0x93E,
0xA58,0xB70,0xC23,0xC63,0xC10,0xB62,
0xACA,0xA2C,0x9A0,0x99E,0xA1B,0xAFB,
0xC17,0xD02,0xD95,0xD7B,0xC77,0xB04,
0x971,0x814,0x78B,0x7C8,0x87F,0x9B2,
0xB05,0xBEF,0xC7D,0xCD5,0xCC9,0xC48,
0xB6F,0xA73,0x9A0,0x917,0x908,0x9BC,
0xAF4,0xC38,0xD13,0xCED,0xBE7,0xAA1,
0x97C,0x8B6,0x8A7,0x99D,0xB01,0xC19,
0xCE3,0xD02,0xC38,0xB2E,0xA55,0x9CE,
0x9C9,0xA59,0xB58,0xC3E,0xC9F,0xCA1,
0xCB5,0xCA9,0xC23,0xBB3,0xB89,0xB34,
0xADB,0xAA8,0xA72,0xA3B,0xA45,0xA8C,
0xAA0,0xA61,0xA69,0xB0F,0xBD5,0xC54,
0xC90,0xC84,0xC10,0xB3B,0xA65,0xA09,
0xA51,0xACF,0xB0E,0xB50,0xBB1,0xBDF,
0xBDB,0xBD5,0xBD3,0xBA0,0xAEE,0x9E0,
0x90D,0x8BF,0x8FF,0x9E3,0xB22,0xC6D,
0xD9E,0xDF9,0xD32,0xC34,0xB55,0xA54,
0x9B8,0xA09,0xADA,0xB8D,0xC16,0xC3E,
0xB85,0xA62,0x992,0x90F,0x8F6,0x9AF,
0xAD7,0xBB7,0xC2D,0xC2B,0xB93,0xAD7,
0xA39,0x99B,0x95F,0x9BD,0xA86,0xBAA,
0xCC8,0xD7E,0xDC0,0xD2B,0xBCC,0xA30,
0x894,0x779,0x74C,0x7CC,0x8DC,0xA50,
0xB91,0xC66,0xCF0,0xD0F,0xCA1,0xBCD,
0xAC1,0x9BF,0x912,0x8C0,0x91B,0xA47,
0xBAF,0xCDD,0xD4B,0xC99,0xB5B,0xA18,
0x908,0x893,0x920,0xA73,0xBB1,0xCA0,
0xD27,0xCB7,0xBA9,0xAAB,0x9E6,0x9A0,
0x9FD,0xAD1,0xBD4,0xC91,0xCC7,0xCC4,
0xCD3,0xC7A,0xBC5,0xB76,0xB4E,0xAF5,
0xAC7,0xAA5,0xA66,0xA4E,0xA7A,0xAB1,
0xA99,0xA72,0xADA,0xB9C,0xC2E,0xC79,
0xC8A,0xC53,0xBAF,0xADC,0xA54,0xA45,
0xAA6,0xB06,0xB3D,0xBA0,0xBEF,0xBEB,
0xBC8,0xBC2,0xBC4,0xB50,0xA5C,0x977,
0x8FE,0x8EC,0x977,0xA90,0xBC0,0xD0C,
0xDF6,0xDB4,0xCC0,0xBDB,0xAE9,0x9F0,
0x9AF,0xA5C,0xB3C,0xBE3,0xC59,0xC37,
0xB4C,0xA47,0x99D,0x936,0x94B,0xA21,
0xB1E,0xBB9,0xC0A,0xBDF,0xB47,0xAC2,
0xA32,0x9AA,0x9A4,0xA15,0xAE5,0xBF6,
0xCD2,0xD5A,0xD5C,0xC8B,0xB24,0x986,
0x81E,0x77B,0x7A1,0x850,0x988,0xAF2,
0xBFA,0xCAC,0xD18,0xCE9,0xC41,0xB67,
0xA64,0x989,0x904,0x8E2,0x98C,0xACA,
0xC03,0xCF0,0xCF8,0xC03,0xADD,0x9C8,
0x8E6,0x8D1,0x9C0,0xB04,0xC05,0xCD9,
0xCFD,0xC25,0xB28,0xA4B,0x9B5,0x9CF,
0xA69,0xB5A,0xC58,0xCCE,0xCC0,0xCAD,
0xC8C,0xBFE,0xB7E,0xB61,0xB20,0xAD2,
0xAC1,0xA9B,0xA73,0xA7A,0xAA0,0xAB1,
0xA7C,0xA85,0xB1A,0xBBB,0xC2D,0xC6F,
0xC6F,0xC05,0xB38,0xA8C,0xA4A,0xA89,
0xB17,0xB61,0xB82,0xBC4,0xBD3,0xBA8,
0xB86,0xB9E,0xB9F,0xB16,0xA40,0x9A7,
0x94C,0x943,0x9E3,0xAE0,0xBFB,0xD2A,
0xDA3,0xD16,0xC3D,0xB7B,0xAA1,0x9F4,
0xA1F,0xAE8,0xB93,0xC1A,0xC4D,0xBAC,
0xA98,0x9D6,0x975,0x950,0x9C5,0xABE,
0xB7D,0xBE2,0xBF6,0xB85,0xAFE,0xA8D,
0x9F7,0x9B6,0x9F5,0xA89,0xB82,0xC78,
0xD1D,0xD65,0xD01,0xBDB,0xA39,0x896,
0x788,0x759,0x7DA,0x8D5,0xA3B,0xB8A,
0xC5F,0xCF5,0xD23,0xCA5,0xBD2,0xADC,
0x9DD,0x92D,0x8DD,0x91A,0xA21,0xB7B,
0xCB0,0xD4A,0xCC2,0xB8B,0xA52,0x938,
0x8A5,0x911,0xA41,0xB72,0xC65,0xD0E,
0xCC7,0xBCD,0xADD,0xA0D,0x9BB,0xA13,
0xAC8,0xBBE,0xC77,0xCA4,0xC9C,0xC9B,
0xC53,0xBBB,0xB6F,0xB62,0xB26,0xAF7,
0xAE5,0xAB9,0xA95,0xA9D,0xACB,0xABA,
0xA74,0xAB0,0xB50,0xBE5,0xC5D,0xC8F,
0xC68,0xBD0,0xB08,0xA7E,0xA5B,0xAB3,
0xB28,0xB5D,0xBA9,0xBF7,0xBF1,0xBCE,
0xBCC,0xBD4,0xB7A,0xA9D,0x9BB,0x92B,
0x8E8,0x946,0xA55,0xB7D,0xCA7,0xDAB,
0xDAB,0xCBC,0xBD2,0xB08,0xA34,0x9E5,
0xA80,0xB5E,0xBF4,0xC65,0xC49,0xB54,
0xA36,0x984,0x92B,0x937,0x9F4,0xB03,
0xBC4,0xC2B,0xC0A,0xB73,0xADA,0xA2B,
0x993,0x985,0x9E9,0xAC7,0xBE8,0xCC5,
0xD59,0xD66,0xC96,0xB31,0x98C,0x810,
0x75D,0x78D,0x841,0x95E,0xABC,0xBC8,
0xC6C,0xCE3,0xCD7,0xC42,0xB88,0xA97,
0x9A3,0x912,0x8DA,0x93B,0xA63,0xBC4,
0xCD2,0xD07,0xC3F,0xB09,0x9D0,0x8EE,
0x8CB,0x991,0xAE5,0xC08,0xCD8,0xD1C,
0xC59,0xB29,0xA34,0x987,0x974,0xA12,
0xB19,0xC1F,0xC9C,0xC9C,0xC8C,0xC70,
0xBF9,0xB65,0xB40,0xB35,0xAFE,0xAF1,
0xAE1,0xA9D,0xA7A,0xA96,0xAAA,0xA6B,
0xA56,0xACD,0xB69,0xBFD,0xC5C,0xC5D,
0xC05,0xB48,0xA92,0xA49,0xA6E,0xAEC,
0xB48,0xB83,0xBE7,0xC0C,0xBD3,0xBB2,
0xBC7,0xBAF,0xB1E,0xA38,0x962,0x8E3,
0x8D4,0x97C,0xAA7,0xBCC,0xD08,0xDE0,
0xD81,0xC7F,0xB9E,0xABC,0xA03,0xA0A,
0xAC4,0xB88,0xC18,0xC65,0xBF7,0xAED,
0x9FB,0x96A,0x940,0x9A6,0xAA2,0xBA5,
0xC32,0xC4F,0xBE7,0xB31,0xA82,0x9C7,
0x955,0x983,0xA40,0xB73,0xC94,0xD5B,
0xDC2,0xD4E,0xC14,0xA87,0x8D0,0x795,
0x762,0x7E1,0x8C5,0x9FE,0xB31,0xC0A,
0xCB3,0xD1D,0xCE5,0xC47,0xB72,0xA56,
0x979,0x8F9,0x8D6,0x98D,0xADB,0xC25,
0xD03,0xCE5,0xBED,0xAB7,0x99E,0x902,
0x932,0xA3B,0xB8A,0xC87,0xD43,0xD2B,
0xC08,0xAD3,0x9F8,0x97B,0x9A7,0xA77,
0xB97,0xC7A,0xCD0,0xCCE,0xCD5,0xCAF,
0xC0A,0xB78,0xB42,0xAFC,0xACC,0xACC,
0xA9F,0xA84,0xAB0,0xADF,0xACE,0xA93,
0xAB4,0xB39,0xBCD,0xC4B,0xC82,0xC6B,
0xBE5,0xB0E,0xA7E,0xA6C,0xAB9,0xB1C,
0xB45,0xB8F,0xC07,0xC0C,0xBD4,0xBE9,
0xBFB,0xB9D,0xAC8,0x9B5,0x8EA,0x89F,
0x8D5,0x9CC,0xB25,0xC73,0xDB2,0xE0F,
0xD41,0xC29,0xB2D,0xA40,0x9BB,0xA0C,
0xAF0,0xBC4,0xC5A,0xC6E,0xBBA,0xAA7,
0x9C7,0x957,0x94F,0x9DA,0xAE2,0xBBE,
0xC2A,0xC20,0xB8F,0xAE1,0xA4C,0x9B6,
0x97D,0x9D3,0xAA8,0xBC7,0xCC7,0xD7D,
0xDB1,0xCFF,0xB9A,0x9DC,0x83C,0x767,
0x763,0x7F8,0x90D,0xA65,0xB85,0xC53,
0xCF1,0xD15,0xC9F,0xBE6,0xADE,0x9BF,
0x91C,0x8D2,0x909,0xA10,0xB6C,0xC9A,
0xD16,0xC85,0xB6A,0xA39,0x93D,0x8DF,
0x95F,0xA92,0xBBA,0xCA6,0xD23,0xC86,
0xB61,0xA75,0x9B8,0x97C,0x9D4,0xAAC,
0xBB1,0xC52,0xC70,0xC67,0xC85,0xC4C,
0xBAD,0xB5D,0xB27,0xAE3,0xACC,0xA90,
0xA48,0xA5B,0xAA1,0xAD4,0xAB7,0xA8A,
0xAD5,0xB5C,0xBD5,0xC33,0xC5F,0xC29,
0xB76,0xAA8,0xA3B,0xA42,0xA96,0xAE7,
0xB1F,0xBBB,0xC45,0xC33,0xC12,0xC22,
0xBF8,0xB3F,0xA19,0x90A,0x884,0x87E,
0x91B,0xA70,0xBDF,0xD3A,0xE2C,0xDE0,
0xCB6,0xB9C,0xAB0,0x9F2,0x9D8,0xA8F,
0xB83,0xC36,0xC96,0xC34,0xB16,0x9F2,
0x945,0x91C,0x95E,0xA54,0xB97,0xC53,
0xC7B,0xC0F,0xB34,0xA67,0x9AE,0x940,
0x972,0xA1B,0xB3A,0xC81,0xD5F,0xDDE,
0xDC2,0xCA5,0xAE5,0x90B,0x7B6,0x73D,
0x77A,0x850,0x9A2,0xAFC,0xBFC,0xCB4,
0xD2E,0xD1E,0xC8C,0xBB0,0xA7B,0x970,
0x8F3,0x8BF,0x932,0xA6B,0xBC9,0xCD6,
0xCEE,0xC15,0xAFB,0x9E2,0x910,0x901,
0x9D4,0xB05,0xC17,0xCF3,0xCFF,0xC12,
0xB13,0xA30,0x991,0x984,0xA0B,0xB15,
0xC13,0xC87,0xC9C,0xCB3,0xCA3,0xC00,
0xB6C,0xB33,0xAED,0xAD0,0xAC5,0xA7E,
0xA61,0xA95,0xAC0,0xAC2,0xA7C,0xA84,
0xB09,0xB97,0xC13,0xC6C,0xC75,0xC08,
0xB33,0xA75,0xA30,0xA50,0xAB6,0xAF4,
0xB4C,0xBF0,0xC33,0xC22,0xC30,0xC40,
0xBE3,0xAEC,0x9B6,0x8B0,0x836,0x866,
0x967,0xAE0,0xC60,0xDD1,0xE58,0xD8C,
0xC54,0xB4B,0xA4E,0x9B3,0x9F7,0xAE3,
0xBB4,0xC50,0xC8C,0xBDE,0xAB9,0x9D2,
0x969,0x963,0x9F0,0xB1D,0xC12,0xC77,
0xC5D,0xB97,0xAAF,0x9F3,0x952,0x935,
0x9A4,0xA77,0xBAA,0xCBC,0xD79,0xDDE,
0xD6C,0xC0F,0xA31,0x87C,0x782,0x75F,
0x7D5,0x8CE,0xA2F,0xB71,0xC45,0xD00,
0xD62,0xD0A,0xC4C,0xB36,0x9EF,0x90E,
0x89F,0x8B5,0x9B1,0xB33,0xC9A,0xD4D,
0xCFB,0xBEB,0xAA5,0x987,0x8D7,0x92E,
0xA6D,0xBAB,0xCBE,0xD72,0xCFC,0xBD5,
0xAB6,0x9BD,0x943,0x97A,0xA59,0xB8E,
0xC79,0xCDD,0xCFB,0xD06,0xC93,0xBC4,
0xB5D,0xB23,0xADD,0xAC8,0xAAD,0xA72,
0xA94,0xADC,0xB10,0xB06,0xAD1,0xB16,
0xB9A,0xBFC,0xC40,0xC47,0xC11,0xB8C,
0xACC,0xA57,0xA4E,0xAAA,0xB0E,0xB30,
0xBA6,0xC36,0xC46,0xC4A,0xC6E,0xC51,
0xBB0,0xA9F,0x952,0x84F,0x80B,0x892,
0x9CE,0xB5B,0xD15,0xE60,0xE6F,0xD63,
0xC1A,0xAE8,0x9D6,0x96B,0xA02,0xAFC,
0xBCF,0xC80,0xC7F,0xB98,0xA8B,0x9D5,
0x972,0x988,0xA59,0xB7A,0xC43,0xC9C,
0xC40,0xB58,0xA7C,0x9A0,0x8FB,0x902,
0x98F,0xA9A,0xBF0,0xD12,0xDF4,0xE2B,
0xD51,0xB9E,0x9A1,0x802,0x726,0x718,
0x7BF,0x90D,0xA96,0xBBA,0xCA1,0xD67,
0xD62,0xCC2,0xBF1,0xAB6,0x977,0x8B6,
0x85F,0x8D2,0xA25,0xBBB,0xCF9,0xD51,
0xCCA,0xBA5,0xA54,0x934,0x8BC,0x976,
0xAC1,0xBD9,0xCEE,0xD51,0xC76,0xB4D,
0xA3A,0x94C,0x902,0x96A,0xA6D,0xBB8,
0xC88,0xCC9,0xCF6,0xCF8,0xC58,0xB8F,
0xB2C,0xAE2,0xA96,0xA85,0xA62,0xA46,
0xA7B,0xAAF,0xADC,0xABD,0xAB8,0xB3C,
0xBCB,0xC31,0xC66,0xC47,0xBD4,0xAFE,
0xA23,0x9C5,0x9F0,0xA75,0xADD,0xB3A,
0xBED,0xC5D,0xC55,0xC59,0xC62,0xC00,
0xB29,0xA03,0x8CF,0x828,0x837,0x904,
0xA5C,0xBF8,0xD98,0xE6C,0xDF9,0xCBF,
0xB79,0xA54,0x97F,0x989,0xA77,0xB63,
0xC22,0xCA4,0xC39,0xB20,0xA27,0x991,
0x957,0x9AF,0xAC4,0xBD8,0xC82,0xCB1,
0xC1C,0xB2D,0xA4A,0x963,0x8F9,0x948,
0xA03,0xB45,0xC94,0xD88,0xE17,0xDCE,
0xC82,0xAAF,0x8E3,0x7A2,0x726,0x76A,
0x86A,0x9D2,0xB10,0xBFE,0xCF6,0xD8E,
0xD4E,0xCA9,0xBB5,0xA5C,0x94B,0x89D,
0x861,0x927,0xAAA,0xC30,0xD1E,0xD1D,
0xC59,0xB2B,0x9ED,0x90A,0x8FB,0x9EC,
0xB11,0xC15,0xCF9,0xCEC,0xBEB,0xAEB,
0x9F2,0x94B,0x964,0xA07,0xB32,0xC4F,
0xCB8,0xCD8,0xCFC,0xCA9,0xBD2,0xB2C,
0xB0A,0xAE7,0xAC2,0xABB,0xA85,0xA70,
0xA8C,0xAAB,0xA99,0xA61,0xAB3,0xB75,
0xC11,0xC83,0xCA5,0xC56,0xB9C,0xAAC,
0x9F5,0x9CF,0xA2F,0xAA7,0xAEB,0xB6E,
0xC2F,0xC73,0xC6A,0xC8A,0xC91,0xBEB,
0xABB,0x948,0x836,0x7DA,0x83E,0x96F,
0xB07,0xCD1,0xE4C,0xE90,0xD9E,0xC5A,
0xB14,0x9E8,0x951,0x9D3,0xAE0,0xBBF,
0xC79,0xCB0,0xBEA,0xACC,0x9F7,0x982,
0x95E,0x9FD,0xB36,0xC19,0xC92,0xC78,
0xBB4,0xAD1,0x9F3,0x929,0x910,0x983,
0xA7D,0xBDA,0xD07,0xDE1,0xE39,0xD85,
0xBEA,0xA12,0x860,0x762,0x72C,0x7A6,
0x8D2,0xA47,0xB78,0xC82,0xD72,0xDC9,
0xD59,0xC6D,0xB0A,0x99B,0x8AE,0x82E,
0x881,0x9DA,0xB7A,0xCC3,0xD46,0xCC1,
0xBAE,0xA73,0x96B,0x8F8,0x981,0xAB4,
0xBC0,0xCB1,0xD28,0xC6D,0xB4F,0xA70,
0x99D,0x962,0x9D4,0xAC2,0xBF9,0xCA8,
0xCAF,0xCBA,0xCC2,0xC3F,0xB8E,0xB4B,
0xB2A,0xAE7,0xACC,0xAA1,0xA6A,0xA6B,
0xA9F,0xAD8,0xAA8,0xA6F,0xAF2,0xBAB,
0xC35,0xC92,0xC9B,0xC21,0xB41,0xA5E,
0x9E0,0xA0C,0xAA3,0xB0D,0xB4F,0xBEF,
0xC7B,0xC80,0xC61,0xC6D,0xC2A,0xB4E,
0xA06,0x8C2,0x818,0x825,0x8FF,0xA58,
0xBCF,0xD4A,0xE2C,0xDB4,0xC84,0xB6A,
0xA56,0x97D,0x996,0xA8E,0xB89,0xC46,
0xCB6,0xC63,0xB4F,0xA3E,0x9AF,0x97A,
0x9AC,0xAAB,0xBC0,0xC62,0xC7C,0xBF0,
0xB06,0xA31,0x965,0x8F6,0x921,0x9CB,
0xB16,0xC74,0xD7E,0xE23,0xDFF,0xCC4,
0xB02,0x91B,0x797,0x708,0x748,0x827,
0x9A1,0xB10,0xC1A,0xD05,0xD93,0xD69,
0xCB4,0xB93,0xA1B,0x8FE,0x85E,0x854,
0x942,0xAD5,0xC45,0xD4A,0xD56,0xC5D,
0xB08,0x9C6,0x8D7,0x8BF,0x9D4,0xB21,
0xC35,0xD38,0xD4E,0xC3C,0xB23,0xA22,
0x95B,0x93C,0x9B7,0xAD3,0xC00,0xC7C,
0xC91,0xCCA,0xCBA,0xC12,0xB93,0xB6B,
0xB1D,0xAF9,0xAEB,0xAB4,0xA88,0xA82,
0xAA7,0xAB2,0xA5F,0xA83,0xB44,0xBF0,
0xC74,0xCBD,0xC90,0xBD1,0xADB,0xA0F,
0x9C9,0xA25,0xABB,0xB02,0xB61,0xC1C,
0xC7D,0xC64,0xC64,0xC6B,0xBDF,0xACC,
0x98F,0x8A0,0x82C,0x886,0x9B7,0xB27,
0xC9C,0xDF7,0xE49,0xD4A,0xC02,0xAED,
0x9CE,0x932,0x9DA,0xB00,0xBEB,0xC9E,
0xCD3,0xC18,0xADB,0x9E9,0x97E,0x950,
0x9DB,0xAFE,0xBE5,0xC6F,0xC5E,0xBB9,
0xAE1,0xA0B,0x95B,0x926,0x96C,0xA63,
0xBC9,0xCFC,0xDD8,0xE35,0xD81,0xBEE,
0xA1C,0x846,0x71D,0x6F5,0x77D,0x8A6,
0xA47,0xBA2,0xCA9,0xD6F,0xD9E,0xD24,
0xC3E,0xAD5,0x971,0x891,0x825,0x891,
0x9F1,0xB92,0xCF7,0xDAD,0xD34,0xBF1,
0xA82,0x946,0x877,0x8E7,0xA4F,0xB7F,
0xC8C,0xD4B,0xCC7,0xB9D,0xAA4,0x9BE,
0x94D,0x977,0xA3E,0xB72,0xC40,0xC6D,
0xCAA,0xCFF,0xCAE,0xBFA,0xBB5,0xB5E,
0xAD9,0xAB7,0xA88,0xA4D,0xA5B,0xA8E,
0xAC2,0xAA5,0xA7B,0xAFE,0xBB8,0xC4B,
0xCAD,0xCB1,0xC39,0xB55,0xA76,0x9FD,
0xA09,0xA9D,0xB1B,0xB3C,0xBB7,0xC4A,
0xC52,0xC2F,0xC54,0xC35,0xB6B,0xA36,
0x90D,0x843,0x823,0x900,0xA69,0xBD2,
0xD4E,0xE6C,0xE24,0xCDD,0xBA7,0xA83,
0x965,0x960,0xA69,0xB61,0xC1E,0xCB5,
0xC87,0xB77,0xA4B,0x998,0x93B,0x958,
0xA6F,0xB9D,0xC61,0xCA9,0xC3F,0xB75,
0xA8D,0x992,0x8EA,0x8D7,0x974,0xAC9,
0xC36,0xD59,0xE24,0xE17,0xCE4,0xB20,
0x92B,0x787,0x6E5,0x73D,0x83C,0x9C3,
0xB4A,0xC58,0xD09,0xD66,0xD2A,0xC76,
0xB5C,0x9F5,0x8EF,0x868,0x863,0x938,
0xAAA,0xC19,0xD2D,0xD56,0xC78,0xB13,
0x9D1,0x8E8,0x8B5,0x9B8,0xB04,0xBF6,
0xCEA,0xD19,0xC0D,0xAEF,0xA1B,0x97D,
0x973,0x9FA,0xB0A,0xC20,0xC83,0xC90,
0xCCD,0xCC6,0xC1F,0xB9E,0xB71,0xAEF,
0xA98,0xA94,0xA52,0xA2C,0xA55,0xA8C,
0xAAC,0xA77,0xA96,0xB46,0xBFA,0xC9A,
0xCD2,0xC9E,0xC02,0xB06,0xA3A,0x9EA,
0xA2F,0xAD8,0xB35,0xB77,0xBFF,0xC57,
0xC4B,0xC43,0xC57,0xBED,0xAEB,0x9B8,
0x8BD,0x854,0x8A4,0x9A8,0xB08,0xC77,
0xDD6,0xE48,0xD72,0xC46,0xB4D,0xA3F,
0x98E,0xA06,0xB05,0xBC7,0xC6A,0xCB7,
0xC0E,0xADC,0x9E7,0x97C,0x961,0x9FB,
0xB33,0xC26,0xCB6,0xC99,0xBDA,0xAEE,
0xA02,0x933,0x8FB,0x965,0xA61,0xBBD,
0xCF1,0xDCA,0xE20,0xD79,0xBE3,0xA0C,
0x837,0x70B,0x6F4,0x79E,0x8E5,0xA86,
0xBE5,0xCC6,0xD58,0xD6B,0xCC7,0xBD0,
0xAA0,0x95E,0x893,0x842,0x89C,0x9D7,
0xB5D,0xCAE,0xD5D,0xD10,0xBFA,0xAA7,
0x989,0x8C8,0x910,0xA42,0xB5A,0xC4B,
0xCFA,0xC84,0xB4F,0xA60,0x9A0,0x94A,
0x9A1,0xA6D,0xB9D,0xC74,0xC88,0xC9D,
0xCCF,0xC77,0xBDD,0xBAA,0xB6C,0xAEA,
0xABD,0xA96,0xA31,0xA1C,0xA40,0xA82,
0xA8E,0xA68,0xAE5,0xBA7,0xC3C,0xC9F,
0xC99,0xC3B,0xB77,0xA75,0x9D6,0x9D0,
0xA53,0xAE3,0xB38,0xBBB,0xC4D,0xC8C,
0xC6C,0xC4B,0xC15,0xB55,0xA22,0x8EA,
0x834,0x83A,0x8E3,0xA2E,0xBBD,0xD45,
0xE56,0xE2C,0xD0B,0xBC8,0xA92,0x97C,
0x94B,0xA2C,0xB39,0xC0E,0xCBC,0xC91,
0xB90,0xA70,0x9AD,0x96D,0x9A9,0xAB8,
0xBED,0xCAD,0xCE0,0xC55,0xB4A,0xA3C,
0x93D,0x8AA,0x8DF,0x9B0,0xB0D,0xC80,
0xDA0,0xE47,0xE33,0xD02,0xB34,0x94E,
0x7A6,0x6DF,0x708,0x7E7,0x960,0xB0A,
0xC40,0xD07,0xD92,0xD78,0xCBC,0xBCB,
0xA86,0x95B,0x8B3,0x870,0x90D,0xA5E,
0xBBF,0xCF1,0xD5F,0xCBE,0xB86,0xA53,
0x95A,0x8F5,0x9A5,0xAC8,0xBB5,0xC9C,
0xCE0,0xBFA,0xADF,0x9FE,0x964,0x977,
0x9FC,0xAE4,0xC0D,0xC9D,0xC9D,0xCC7,
0xCC9,0xC38,0xBB9,0xB98,0xB37,0xACF,
0xAC8,0xA87,0xA35,0xA32,0xA52,0xA76,
0xA45,0xA61,0xB3C,0xC0E,0xCB3,0xD0A,
0xCC4,0xC0B,0xAF5,0x9E4,0x974,0x9C5,
0xA81,0xB23,0xBB6,0xC51,0xCA8,0xC89,
0xC41,0xC22,0xBC3,0xACD,0x989,0x883,
0x824,0x86B,0x96A,0xAFB,0xC90,0xDEB,
0xE78,0xDBE,0xC6B,0xB2B,0xA12,0x978,
0x9F1,0xB06,0xBDB,0xC95,0xCD1,0xBF7,
0xAC4,0x9DF,0x969,0x95D,0xA01,0xB3F,
0xC35,0xC9D,0xC7C,0xBB6,0xABD,0x9DF,
0x91A,0x8D7,0x940,0xA4E,0xBAE,0xCDF,
0xDC8,0xE46,0xDCA,0xC58,0xA93,0x8B6,
0x74C,0x6F0,0x769,0x872,0x9F5,0xB71,
0xC77,0xD28,0xD73,0xD0D,0xC3E,0xB36,
0x9F1,0x8FD,0x868,0x869,0x97B,0xAF7,
0xC56,0xD4E,0xD3B,0xC34,0xAEB,0x9DA,
0x927,0x94F,0xA62,0xB71,0xC47,0xCE7,
0xC71,0xB3A,0xA42,0x993,0x96D,0x9E2,
0xAB4,0xBD8,0xCAB,0xCBD,0xC9B,0xCA9,
0xC5B,0xBBC,0xB89,0xB76,0xB18,0xAED,
0xAD3,0xA65,0xA2A,0xA4A,0xA81,0xA7A,
0xA4C,0xAD4,0xBCF,0xC7B,0xCF4,0xCFE,
0xC73,0xB93,0xA83,0x9B2,0x99A,0xA2E,
0xAE2,0xB72,0xC18,0xCA2,0xCBA,0xC7C,
0xC3E,0xBF6,0xB3D,0xA1C,0x8F8,0x839,
0x81B,0x8C0,0xA18,0xBA4,0xD1A,0xE3C,
0xE41,0xD2F,0xBEA,0xAC3,0x9D3,0x9B4,
0xA85,0xB7D,0xC36,0xCD1,0xC9B,0xB7C,
0xA6E,0x9C5,0x97E,0x9B3,0xA94,0xBAC,
0xC58,0xC93,0xC2B,0xB39,0xA4C,0x97D,
0x8E1,0x8DA,0x999,0xAF2,0xC5F,0xD7B,
0xE32,0xE41,0xD38,0xB82,0x99E,0x7D5,
0x6EA,0x709,0x7CB,0x91D,0xAB4,0xC0E,
0xCF7,0xD6C,0xD60,0xCB8,0xBB0,0xA7A,
0x94E,0x88D,0x83C,0x8C7,0xA2F,0xBA7,
0xCED,0xD73,0xCD3,0xB99,0xA4A,0x942,
0x8E8,0x99E,0xAC9,0xBAE,0xC91,0xCD0,
0xBD8,0xAB0,0x9D1,0x944,0x95C,0x9F8,
0xAFA,0xC0A,0xC96,0xC9F,0xCAA,0xCA4,
0xC24,0xBA4,0xB8A,0xB4A,0xAF6,0xAF0,
0xAB9,0xA45,0xA23,0xA46,0xA52,0xA16,
0xA1E,0xAE7,0xBC8,0xC72,0xCE7,0xCC7,
0xC17,0xB27,0xA30,0x9B0,0x9E8,0xA84,
0xB0E,0xB8C,0xC21,0xC6E,0xC53,0xC1C,
0xBFC,0xBC1,0xB04,0x9E1,0x8DB,0x846,
0x869,0x954,0xA9F,0xC08,0xD72,0xE29,
0xD9C,0xC6B,0xB51,0xA54,0x9B9,0xA13,
0xB0A,0xBD7,0xC72,0xCB1,0xC00,0xADB,
0xA0A,0x9A9,0x9A8,0xA47,0xB56,0xC26,
0xC83,0xC59,0xB8E,0xA8D,0x9CE,0x948,
0x90D,0x971,0xA6E,0xBB5,0xCF1,0xDC9,
0xE2C,0xDC2,0xC63,0xAA1,0x8C5,0x75C,
0x70C,0x78E,0x89E,0xA22,0xB7A,0xC6E,
0xD01,0xD25,0xCDC,0xC13,0xAFA,0x9E5,
0x920,0x8A7,0x8B3,0x9AB,0xB0C,0xC51,
0xD2C,0xD10,0xC28,0xAEC,0x9C5,0x904,
0x91F,0xA21,0xB1A,0xBEB,0xC9F,0xC53,
0xB42,0xA49,0x987,0x951,0x9AF,0xA7C,
0xB87,0xC3F,0xC6D,0xC63,0xC76,0xC56,
0xBDB,0xBBE,0xBB8,0xB3E,0xAED,0xAC8,
0xA62,0xA0A,0xA0F,0xA51,0xA5B,0xA36,
0xA94,0xB54,0xC08,0xC8D,0xCAA,0xC4B,
0xB7F,0xA84,0x9D4,0x9C3,0xA41,0xAE8,
0xB63,0xBF1,0xC7A,0xC84,0xC37,0xBEA,
0xBA5,0xB32,0xA53,0x970,0x8E7,0x8CE,
0x959,0xA51,0xB57,0xC79,0xD74,0xD8B,
0xCBE,0xBC4,0xAF7,0xA36,0x9FF,0xAA6,
0xB81,0xC22,0xCA1,0xC96,0xBBC,0xAC0,
0xA42,0xA06,0xA1E,0xAC9,0xB88,0xBFF,
0xC21,0xBD7,0xB27,0xA80,0xA10,0x9AB,
0x994,0xA0B,0xAE5,0xBF1,0xCD2,0xD6F,
0xDAE,0xD0F,0xBC6,0xA3D,0x8C3,0x7F1,
0x7F6,0x87A,0x97D,0xABD,0xBB1,0xC5A,
0xCB3,0xCAA,0xC52,0xBA4,0xAB4,0x9D3,
0x93B,0x8FE,0x969,0xA61,0xB75,0xC76,
0xCD2,0xC55,0xB64,0xA64,0x996,0x941,
0x9C7,0xABB,0xB7C,0xC21,0xC57,0xBB7,
0xADD,0xA27,0x9B5,0x9C5,0xA3C,0xB01,
0xBC2,0xC1E,0xC1E,0xC1C,0xC35,0xBE8,
0xB7A,0xB78,0xB51,0xB05,0xAFD,0xADD,
0xA90,0xA66,0xA6B,0xA79,0xA54,0xA5E,
0xAEC,0xB9D,0xC3D,0xC9E,0xC97,0xC27,
0xB4E,0xA62,0x9EE,0xA12,0xAA2,0xB19,
0xB65,0xBEE,0xC4A,0xC31,0xC05,0xBEB,
0xBD3,0xB4A,0xA5F,0x9AF,0x953,0x963,
0x9FE,0xADC,0xBDB,0xCE6,0xD63,0xD07,
0xC32,0xB69,0xAB7,0xA3C,0xA7B,0xB41,
0xBE9,0xC60,0xC9E,0xC29,0xB34,0xA88,
0xA2E,0x9FC,0xA68,0xB40,0xBE4,0xC36,
0xC34,0xBB6,0xB00,0xA6F,0x9E8,0x999,
0x9D7,0xA75,0xB5B,0xC5C,0xD12,0xD74,
0xD3E,0xC4D,0xAEE,0x968,0x841,0x7EE,
0x848,0x920,0xA54,0xB5F,0xC06,0xC6F,
0xC8D,0xC43,0xBB9,0xB0E,0xA45,0x98E,
0x915,0x92D,0x9F0,0xAE6,0xBEC,0xCB6,
0xCA8,0xBF0,0xAF0,0x9F3,0x951,0x96A,
0xA29,0xAF7,0xBA5,0xC2D,0xBFC,0xB32,
0xA70,0x9D9,0x9AA,0x9FB,0xA9F,0xB64,
0xBEB,0xBFF,0xBD8,0xBCF,0xBC7,0xB86,
0xB72,0xB72,0xB2E,0xB06,0xAF5,0xAAF,
0xA64,0xA4B,0xA69,0xA71,0xA57,0xAA9,
0xB4F,0xBF3,0xC75,0xCA0,0xC61,0xBB2,
0xAB9,0x9F9,0x9BD,0xA1E,0xAD1,0xB45,
0xBBA,0xC39,0xC52,0xC25,0xBE9,0xBBB,
0xB65,0xA91,0x9AB,0x92A,0x91D,0x991,
0xA68,0xB59,0xC6C,0xD4A,0xD50,0xC9C,
0xBC4,0xAFA,0xA3E,0xA0A,0xA9A,0xB54,
0xBD9,0xC56,0xC67,0xB9F,0xAB8,0xA43,
0x9FE,0xA0E,0xAAF,0xB75,0xC03,0xC3C,
0xBF2,0xB4C,0xAB9,0xA20,0x989,0x981,
0xA08,0xAD4,0xBD8,0xCC7,0xD6A,0xD8F,
0xCF3,0xBC5,0xA44,0x8CB,0x804,0x80E,
0x89D,0x9A7,0xAE0,0xBCB,0xC59,0xCAF,
0xCAF,0xC3E,0xB96,0xAC8,0x9EC,0x954,
0x921,0x986,0xA6A,0xB64,0xC5F,0xCCC,
0xC53,0xB85,0xA9F,0x9C6,0x97F,0x9FF,
0xACD,0xB71,0xC01,0xC31,0xB98,0xABF,
0xA0F,0x99E,0x9A3,0xA0F,0xAD4,0xBA6,
0xC0C,0xC15,0xC1A,0xC32,0xBFC,0xB9A,
0xB6E,0xB22,0xAD3,0xACA,0xAA8,0xA6E,
0xA4C,0xA54,0xA72,0xA4C,0xA46,0xAC5,
0xB6E,0xC0A,0xC6A,0xC68,0xBF6,0xB20,
0xA47,0x9D0,0x9ED,0xA88,0xB07,0xB62,
0xBE0,0xC2D,0xC17,0xBE3,0xBC5,0xB9D,
0xB0E,0xA27,0x96B,0x917,0x92F,0x9CD,
0xAC0,0xBC8,0xCDC,0xD66,0xCF6,0xC13,
0xB49,0xA97,0xA1A,0xA55,0xB24,0xBC2,
0xC33,0xC83,0xC0E,0xB0A,0xA4E,0x9F0,
0x9D9,0xA4B,0xB17,0xBC0,0xC29,0xC36,
0xBB3,0xB07,0xA72,0x9C2,0x955,0x981,
0xA1B,0xB1D,0xC46,0xD2C,0xDB5,0xD81,
0xC6F,0xAF8,0x957,0x809,0x7AF,0x817,
0x8FC,0xA42,0xB74,0xC37,0xC9B,0xCBE,
0xC74,0xBCE,0xB09,0xA20,0x961,0x912,
0x927,0x9D7,0xAE9,0xC08,0xCE7,0xCDA,
0xC02,0xAFA,0x9F2,0x946,0x967,0xA40,
0xB2C,0xBE6,0xC78,0xC54,0xB6F,0xA80,
0x9D4,0x997,0x9D9,0xA7E,0xB59,0xBF7,
0xC23,0xC19,0xC2D,0xC38,0xBE1,0xB9D,
0xB73,0xB15,0xAF4,0xAF3,0xAC9,0xAA9,
0xAA5,0xABE,0xAAA,0xA6D,0xA87,0xAF3,
0xB84,0xC1C,0xC6C,0xC56,0xBD3,0xB10,
0xA62,0xA20,0xA80,0xB0D,0xB66,0xBC2,
0xC2E,0xC56,0xC13,0xBC3,0xB9E,0xB45,
0xA89,0x9BA,0x933,0x90C,0x95F,0xA33,
0xB24,0xC2F,0xD30,0xD58,0xCB3,0xBDB,
0xB09,0xA51,0xA04,0xA8A,0xB59,0xBE1,
0xC54,0xC4D,0xB74,0xA75,0x9E7,0x9BC,
0x9F5,0xAB9,0xBA5,0xC2B,0xC48,0xBF3,
0xB38,0xA8D,0x9FA,0x97C,0x972,0x9E9,
0xAC2,0xBD4,0xCC3,0xD66,0xDA2,0xD07,
0xBBE,0xA3E,0x8C1,0x7E2,0x7ED,0x88D,
0x9A5,0xADD,0xBD9,0xC7C,0xCBE,0xCAB,
0xC3F,0xB9C,0xAD5,0xA02,0x98B,0x965,
0x99A,0xA68,0xB68,0xC60,0xCE0,0xC81,
0xBB0,0xABE,0x9D9,0x980,0x9F1,0xACE,
0xB86,0xC27,0xC66,0xBBD,0xAC2,0x9FD,
0x985,0x988,0x9FE,0xAD5,0xBB5,0xC1F,
0xC18,0xC0F,0xC30,0xC01,0xBA3,0xB96,
0xB61,0xB06,0xAE4,0xAA7,0xA5C,0xA3F,
0xA5A,0xA8B,0xA7D,0xA7D,0xAE1,0xB66,
0xBEF,0xC53,0xC55,0xBDF,0xB18,0xA5D,
0x9E6,0x9F4,0xA86,0xB19,0xB97,0xC1B,
0xC65,0xC46,0xBEA,0xB9E,0xB51,0xAC1,
0x9F4,0x947,0x8FE,0x913,0x9B0,0xAB0,
0xBB2,0xCD3,0xD97,0xD5F,0xC8F,0xBB1,
0xADB,0xA2B,0xA31,0xAEA,0xB90,0xC1E,
0xC91,0xC3F,0xB45,0xA67,0x9F5,0x9DD,
0xA44,0xB2F,0xBF4,0xC3F,0xC30,0xBB6,
0xB0D,0xA70,0x9DA,0x985,0x99E,0xA22,
0xB12,0xC26,0xCFC,0xD92,0xD8B,0xC90,
0xB20,0x996,0x844,0x7CD,0x815,0x8E2,
0xA27,0xB53,0xC22,0xC9C,0xCC7,0xC9D,
0xC26,0xB75,0xA7B,0x993,0x91B,0x8F6,
0x976,0xA89,0xBA9,0xC9D,0xCDC,0xC43,
0xB4C,0xA3C,0x970,0x963,0xA18,0xAF2,
0xBA6,0xC42,0xC21,0xB48,0xA7A,0x9D2,
0x980,0x9B4,0xA45,0xB23,0xBE6,0xC2A,
0xC21,0xC4C,0xC6B,0xC03,0xBB9,0xBA1,
0xB33,0xAE7,0xACD,0xA91,0xA6E,0xA79,
0xAA7,0xAAA,0xA7E,0xAB1,0xB2E,0xBAF,
0xC29,0xC63,0xC3C,0xB98,0xAB0,0xA05,
0x9CD,0xA36,0xAEE,0xB7D,0xC05,0xC71,
0xC74,0xC2F,0xBEA,0xBAC,0xB37,0xA74,
0x9A3,0x90A,0x8C6,0x907,0x9E8,0xB07,
0xC3B,0xD5E,0xDAC,0xD12,0xC35,0xB4A,
0xA56,0x9E3,0xA6A,0xB40,0xBCC,0xC4C,
0xC6A,0xBAF,0xAA2,0x9F3,0x9BB,0x9E5,
0xAA2,0xBA4,0xC35,0xC48,0xBF6,0xB3A,
0xA7D,0x9E2,0x96D,0x959,0x9A7,0xA70,
0xBA6,0xCBF,0xD7D,0xDD7,0xD62,0xC19,
0xA74,0x8D0,0x7CE,0x7A8,0x822,0x945,
0xAAD,0xBC6,0xC7F,0xCDF,0xCE6,0xC94,
0xBED,0xAF9,0x9E8,0x931,0x8DA,0x8FA,
0x9D7,0xB0B,0xC35,0xCF0,0xCCB,0xC0E,
0xB0B,0x9FD,0x964,0x9A5,0xA84,0xB5D,
0xC0D,0xC54,0xBC5,0xAE0,0xA03,0x953,
0x944,0x9BA,0xA91,0xB9E,0xC4A,0xC5F,
0xC4D,0xC58,0xC15,0xBA0,0xB91,0xB6E,
0xB0F,0xAE7,0xABB,0xA7B,0xA48,0xA44,
0xA80,0xA8B,0xA94,0xB07,0xB94,0xC1B,
0xC76,0xC67,0xBF2,0xB19,0xA3C,0x9BC,
0x9C7,0xA5F,0xAFE,0xB83,0xC24,0xC87,
0xC7B,0xC3E,0xBFA,0xB9B,0xAF4,0xA14,
0x943,0x8C0,0x8BD,0x96A,0xA8E,0xBB3,
0xCD8,0xDA4,0xD64,0xC79,0xB91,0xAAD,
0x9F2,0xA06,0xADE,0xBA7,0xC33,0xC96,
0xC51,0xB67,0xA82,0x9FE,0x9D4,0xA16,
0xAE0,0xBB3,0xC06,0xC05,0xBB6,0xB1B,
0xA70,0x9C9,0x96F,0x986,0xA05,0xB07,
0xC2F,0xD10,0xDA4,0xD8F,0xC9E,0xB40,
0x9B4,0x867,0x7E0,0x80A,0x8CD,0xA17,
0xB4D,0xC22,0xCBB,0xD00,0xCDD,0xC73,
0xBB1,0xA9D,0x9AD,0x915,0x8D5,0x957,
0xA7D,0xBB2,0xCBA,0xD1F,0xCAF,0xBC6,
0xA9F,0x9AC,0x978,0xA0E,0xAEF,0xBAC,
0xC36,0xC25,0xB60,0xA8C,0x9DA,0x994,
0x9F0,0xA84,0xB48,0xC01,0xC2B,0xC03,
0xC00,0xC06,0xBC6,0xB94,0xBA1,0xB6A,
0xB2A,0xB08,0xAB3,0xA69,0xA43,0xA53,
0xA75,0xA5D,0xA8F,0xB23,0xBA9,0xC14,
0xC3A,0xC02,0xB65,0xA81,0x9DD,0x9B4,
0xA19,0xAD3,0xB63,0xBE2,0xC57,0xC6E,
0xC2F,0xBE1,0xBA8,0xB2F,0xA6C,0x9A9,
0x901,0x8AF,0x8EA,0x9B8,0xADE,0xC07,
0xD22,0xD99,0xD0B,0xC18,0xB2F,0xA57,
0x9E8,0xA4A,0xB1D,0xBB4,0xC23,0xC4B,
0xBBA,0xADD,0xA47,0xA0B,0xA2D,0xAB3,
0xB77,0xBFD,0xC13,0xBE0,0xB49,0xA8D,
0x9E5,0x967,0x969,0x9E3,0xABC,0xBE6,
0xCE2,0xD85,0xDB5,0xD1F,0xBF3,0xA7F,
0x900,0x810,0x7EE,0x852,0x942,0xA85,
0xB95,0xC66,0xCF9,0xD16,0xCDE,0xC63,
0xB7A,0xA5A,0x974,0x8CD,0x8A1,0x953,
0xA83,0xBCB,0xCC6,0xCEC,0xC6E,0xB92,
0xA8A,0x9F3,0xA10,0xAB0,0xB63,0xBDB,
0xBF5,0xB59,0xA60,0x9A1,0x933,0x95D,
0xA08,0xAE8,0xBE0,0xC77,0xC88,0xC6B,
0xC4F,0xC14,0xBAE,0xB62,0xB1D,0xABC,
0xA90,0xA62,0xA1D,0xA0E,0xA31,0xA98,
0xAF8,0xB3A,0xBC7,0xC57,0xC88,0xC58,
0xBC5,0xAF6,0xA04,0x945,0x923,0x9B4,
0xAC6,0xBBA,0xC54,0xCC7,0xCF9,0xCCD,
0xC65,0xC00,0xB96,0xAD5,0x9EE,0x90D,
0x85D,0x83D,0x8B6,0x9B1,0xAEA,0xC2C,
0xD3B,0xD8B,0xD26,0xC99,0xC03,0xB70,
0xB32,0xB63,0xB94,0xB90,0xB98,0xB56,
0xAB8,0xA5A,0xA48,0xA68,0xACF,0xB70,
0xC04,0xC2F,0xC06,0xB87,0xAB7,0x9F1,
0x951,0x910,0x97F,0xA5C,0xB73,0xC8B,
0xD4C,0xD9A,0xD3F,0xC53,0xB2D,0x9EC,
0x8EE,0x89C,0x8C6,0x936,0xA05,0xADF,
0xB88,0xC35,0xCC6,0xCFB,0xCE5,0xC77,
0xB80,0xA54,0x953,0x8A2,0x8AD,0x974,
0xA92,0xBB9,0xC5B,0xC3D,0xBB4,0xADB,
0xA24,0xA0F,0xA7D,0xB26,0xBB7,0xC13,
0xC03,0xB63,0xAAC,0xA29,0x9D9,0x9E2,
0xA1F,0xA7E,0xAEA,0xB24,0xB51,0xBB9,
0xC4A,0xC9D,0xC8B,0xC45,0xBC9,0xB42,
0xAC1,0xA10,0x996,0x982,0x9B9,0xA4C,
0xAE6,0xB89,0xC70,0xD2F,0xD5F,0xCEF,
0xBFC,0xAC2,0x987,0x8C3,0x8CE,0x99D,
0xA96,0xB44,0xBCA,0xC40,0xC6D,0xC4E,
0xC32,0xC38,0xBFF,0xB54,0xA7D,0x98E,
0x8ED,0x8DE,0x943,0xA09,0xB1B,0xC3B,
0xD01,0xD30,0xCEE,0xC89,0xC0E,0xBA1,
0xB7D,0xB86,0xB54,0xB16,0xAF0,0xA7B,
0xA02,0x9E8,0xA0C,0xA69,0xB05,0xBB4,
0xC23,0xC36,0xC13,0xBAD,0xB13,0xA87,
0xA0C,0x9E2,0xA2D,0xAAC,0xB4F,0xBEF,
0xC57,0xC76,0xC30,0xBA3,0xAE3,0xA0D,
0x990,0x970,0x95F,0x977,0x9AC,0x9C2,
0x9E2,0xA3D,0xAD3,0xB7E,0xC2A,0xC81,
0xC41,0xBA8,0xADB,0xA15,0x9CD,0xA0C,
0xAB1,0xB63,0xB8E,0xB4B,0xAC9,0xA16,
0x9C9,0xA18,0xAC1,0xB6F,0xBF5,0xC3A,
0xBF2,0xB41,0xA9B,0xA15,0x9D2,0x9F0,
0xA34,0xA97,0xAFF,0xB40,0xB8C,0xC0A,
0xC6B,0xC68,0xC1A,0xB96,0xB17,0xACF,
0xA7C,0xA1C,0xA04,0xA1C,0xA5A,0xADA,
0xB6F,0xC0E,0xCDD,0xD78,0xD6E,0xCC3,
0xBC2,0xA95,0x982,0x8F9,0x94A,0xA28,
0xAE0,0xB61,0xBE3,0xC4B,0xC63,0xC55,
0xC5C,0xC5A,0xC05,0xB75,0xAB7,0x9E8,
0x975,0x96A,0x99E,0xA1A,0xAE4,0xBAC,
0xC24,0xC2D,0xC0A,0xBE3,0xBA6,0xB6B,
0xB59,0xB5D,0xB4C,0xB6B,0xB78,0xB23,
0xAC5,0xA8B,0xA56,0xA49,0xA82,0xAEB,
0xB50,0xB8D,0xBA8,0xB73,0xAFD,0xA73,
0x9FA,0x9E2,0xA24,0xA98,0xB37,0xBD6,
0xC41,0xC52,0xC15,0xBA2,0xAE9,0xA38,
0x9E0,0x9A9,0x980,0x97A,0x97B,0x98C,
0x9DA,0xA91,0xB62,0xC23,0xCDC,0xD2D,
0xCE0,0xC29,0xB3D,0xA7D,0xA2C,0xA3E,
0xAAD,0xB08,0xB0F,0xAF1,0xA99,0xA30,
0xA18,0xA6A,0xAF2,0xB74,0xBDE,0xC01,
0xBA6,0xB1C,0xAB7,0xA70,0xA53,0xA5E,
0xA8E,0xADF,0xB1C,0xB3B,0xB89,0xC03,
0xC3A,0xC0B,0xB92,0xAFB,0xA95,0xA5B,
0xA00,0x9B9,0x9D5,0xA22,0xA9A,0xB3C,
0xBD5,0xC71,0xD0B,0xD44,0xCED,0xC3A,
0xB53,0xA4F,0x970,0x935,0x9BD,0xA61,
0xAD3,0xB3D,0xBBC,0xC24,0xC48,0xC66,
0xCB7,0xCCA,0xC63,0xBB3,0xAA7,0x99B,
0x8F1,0x8BE,0x904,0x9BD,0xACF,0xBE0,
0xC8D,0xCD9,0xCE2,0xC94,0xC0F,0xB87,
0xB1B,0xAAC,0xA75,0xA99,0xAB9,0xAB6,
0xAC9,0xAFE,0xB44,0xB91,0xBCD,0xBF6,
0xBF9,0xBCC,0xB78,0xAE2,0xA4B,0x9D9,
0x995,0x9BA,0xA26,0xAD1,0xB92,0xC13,
0xC54,0xC58,0xC18,0xB8B,0xAD6,0xA6C,
0xA4F,0xA25,0xA00,0x9ED,0x9CF,0x9BD,
0x9F4,0xA7A,0xB2A,0xBFE,0xCB6,0xCE2,
0xC98,0xC0C,0xB55,0xAC0,0xA6E,0xA71,
0xAA7,0xAA1,0xA6F,0xA3A,0xA01,0x9F7,
0xA4A,0xAE9,0xBA0,0xC2F,0xC71,0xC59,
0xBE3,0xB42,0xAA4,0xA19,0x9DA,0x9F7,
0xA5F,0xAFE,0xB85,0xC03,0xCB0,0xD20,
0xCF6,0xC6B,0xBB8,0xAEC,0xA4C,0x9FA,
0x999,0x95A,0x97D,0x9DB,0xA77,0xB28,
0xBE5,0xCB3,0xD51,0xD71,0xD15,0xC59,
0xB51,0xA37,0x95E,0x929,0x9A1,0xA24,
0xA68,0xAC9,0xB36,0xB81,0xBAA,0xBE5,
0xC5D,0xC96,0xC60,0xBD9,0xAED,0x9FE,
0x92A,0x8A8,0x8D6,0x96F,0xA4F,0xB43,
0xC03,0xC93,0xCEB,0xCEF,0xC92,0xBE6,
0xB1B,0xA4C,0x9C1,0x9A3,0x9B1,0x9F4,
0xA9E,0xB5D,0xBF3,0xC4D,0xC5C,0xC63,
0xC45,0xBFB,0xB80,0xAE3,0xA58,0x9C0,
0x966,0x994,0x9FD,0xA9B,0xB42,0xB97,
0xBDE,0xC1E,0xC19,0xBD5,0xBB0,0xBBC,
0xB98,0xB23,0xA78,0x99F,0x8C9,0x85C,
0x88C,0x950,0xA99,0xBE9,0xCCE,0xD2E,
0xCF1,0xC46,0xB7D,0xAE0,0xAA6,0xAD3,
0xAF4,0xAC9,0xAA3,0xA74,0xA1E,0xA0F,
0xA57,0xAD7,0xB92,0xC23,0xC62,0xC51,
0xBE9,0xB1D,0xA23,0x978,0x929,0x91E,
0x98E,0xA5B,0xB34,0xC42,0xD5E,0xDDA,
0xD82,0xCDD,0xBE1,0xAB2,0x9FC,0x986,
0x8FF,0x8DD,0x933,0x9C6,0xA6E,0xB22,
0xBFA,0xCB1,0xD1A,0xCE4,0xC34,0xB80,
0xABC,0xA17,0xA07,0xA79,0xB01,0xB2E,
0xAFA,0xAA8,0xA5C,0xA51,0xA9B,0xB5E,
0xC75,0xD30,0xD26,0xC6C,0xB2B,0x9CB,
0x8B0,0x84C,0x8D3,0x9D4,0xB1C,0xC71,
0xD71,0xDE4,0xDB5,0xCF9,0xBC0,0xA51,
0x933,0x89C,0x8A7,0x93C,0xA13,0xB1F,
0xC3A,0xCF5,0xD14,0xCBD,0xC4B,0xBEE,
0xB79,0xB07,0xA9B,0xA42,0x9F0,0x9AE,
0x9CD,0xA2C,0xA8A,0xAF5,0xB4F,0xB89,
0xBC7,0xBF4,0xBF2,0xBD7,0xBC8,0xBA1,
0xB36,0xA7F,0x9B4,0x91E,0x8E5,0x921,
0x9EE,0xB14,0xC2E,0xCE8,0xCF3,0xC59,
0xB62,0xA67,0x9C4,0x9BD,0xA40,0xB00,
0xB89,0xBB4,0xBA1,0xB49,0xAF4,0xAE6,
0xAF9,0xB4D,0xB93,0xB90,0xB84,0xB27,
0xA8F,0x9F6,0x99D,0x9BB,0xA07,0xA6D,
0xB21,0xBC6,0xC52,0xCDD,0xD2C,0xD01,
0xC9B,0xC2E,0xB71,0xAD5,0xA9D,0xA39,
0x9D5,0x9CC,0x9F9,0xA5A,0xAB6,0xB2A,
0xBAC,0xC03,0xC38,0xC20,0xBE7,0xBBC,
0xB5C,0xB06,0xB18,0xB2C,0xAF3,0xA87,
0xA1D,0x9AB,0x98D,0x9EF,0xAA8,0xBC0,
0xCDE,0xD53,0xD0A,0xC31,0xAF3,0x9BE,
0x917,0x94E,0xA0D,0xB0B,0xC1A,0xCEE,
0xD3F,0xCFE,0xC69,0xBAC,0xAA9,0x9BB,
0x941,0x924,0x968,0x9E5,0xA7A,0xB51,
0xC22,0xC5B,0xC17,0xB96,0xB29,0xABE,
0xA52,0xA0D,0xA02,0xA28,0xA5D,0xAAC,
0xB32,0xBA9,0xBE2,0xBD2,0xB61,0xAF3,
0xABA,0xABC,0xADF,0xB12,0xB59,0xBAD,
0xBC6,0xB7B,0xB0A,0xAB6,0xA78,0xA6A,
0xAB2,0xB09,0xB2E,0xB17,0xAD5,0xA70,
0xA17,0x9FA,0xA4D,0xB08,0xBC8,0xC30,
0xC28,0xBAB,0xB07,0xA89,0xA5D,0xA74,
0xAAA,0xB2B,0xB7F,0xB99,0xB8B,0xB30,
0xAB7,0xA33,0x9EE,0xA11,0xA4E,0xAD8,
0xB8F,0xC12,0xC8F,0xD05,0xD0E,0xCA4,
0xC3B,0xBB8,0xB25,0xAFE,0xADF,0xA7C,
0xA4D,0xA4E,0xA62,0xA7E,0xA89,0xAA6,
0xACE,0xAF8,0xB15,0xB14,0xB16,0xB3C,
0xB59,0xB82,0xBAE,0xB8D,0xB24,0xA9A,
0x9FA,0x990,0x9BA,0xA30,0xAEE,0xC03,
0xCB1,0xC91,0xC14,0xB50,0xA62,0x9DA,
0x9F6,0xA95,0xB78,0xC4F,0xCD9,0xCF8,
0xC9A,0xBFB,0xB5A,0xAB6,0xA16,0x9B3,
0x9A1,0x9C3,0x9E9,0x9F8,0xA23,0xA8C,
0xAD4,0xACE,0xAB8,0xACB,0xAF7,0xB1A,
0xB43,0xB69,0xB6A,0xB28,0xABA,0xA7A,
0xA6E,0xA66,0xA80,0xA9F,0xAC3,0xB2E,
0xBA0,0xBD6,0xC08,0xC3E,0xC49,0xC37,
0xBE4,0xB3B,0xAB0,0xA81,0xA82,0xABD,
0xB3A,0xB8F,0xB66,0xAFB,0xA6C,0x9BF,
0x95A,0x999,0xA5A,0xB4A,0xC06,0xC47,
0xC17,0xB8C,0xAC9,0xA4A,0xA55,0xA8C,
0xB06,0xBB4,0xC19,0xC39,0xC20,0xBC7,
0xB42,0xAB3,0xA63,0xA4A,0xA59,0xABF,
0xB41,0xBC3,0xC5D,0xCCD,0xCBE,0xC9B,
0xC92,0xC33,0xBD3,0xBBB,0xB66,0xAD3,
0xA6B,0xA1C,0x9E9,0x9E5,0x9FF,0xA1D,
0xA48,0xA86,0xADD,0xB30,0xB7D,0xBC6,
0xBCB,0xBA7,0xB75,0xB20,0xAAB,0xA24,
0x9AB,0x99B,0x9F8,0xA8A,0xB65,0xC4C,
0xCAA,0xC65,0xBD8,0xB14,0xA42,0x9D3,
0xA09,0xAD8,0xBC5,0xC5B,0xC9D,0xC77,
0xBF3,0xB79,0xB01,0xA72,0xA19,0x9FA,
0x9F0,0x9F5,0x9E8,0x9CA,0x9F8,0xA4D,
0xA61,0xA55,0xA82,0xAF1,0xB68,0xBC0,
0xBEF,0xC05,0xBE1,0xB6F,0xAD9,0xA4B,
0x9E3,0x9D8,0xA17,0xA53,0xACC,0xB87,
0xC17,0xC66,0xC86,0xC65,0xC21,0xBE4,
0xB74,0xAE4,0xA9B,0xA9B,0xABA,0xB18,
0xBA4,0xBD5,0xB91,0xB27,0xA89,0x9C4,
0x963,0x99F,0xA3D,0xB03,0xB8B,0xBC7,
0xBD9,0xB88,0xAF3,0xAB2,0xA97,0xA91,
0xB02,0xB83,0xBC4,0xBFC,0xBFB,0xB9E,
0xB1E,0xA7E,0x9D6,0x983,0x9AF,0xA24,
0xACC,0xBC6,0xCD5,0xD84,0xDC0,0xDC6,
0xD6E,0xCB4,0xC06,0xB6E,0xAB8,0xA27,
0x9F4,0x9F6,0xA17,0xA41,0xA5B,0xA81,
0xABD,0xAF8,0xB1C,0xB19,0xB2B,0xB35,
0xB18,0xB03,0xADE,0xA96,0xA59,0xA2B,
0xA0E,0xA32,0xA87,0xAF7,0xB95,0xC0E,
0xBF4,0xB82,0xAFC,0xA4F,0x9D5,0x9E1,
0xA7C,0xB8A,0xC85,0xD2D,0xD86,0xD4E,
0xCB0,0xC08,0xB21,0xA1E,0x961,0x8EE,
0x8C7,0x8EC,0x921,0x984,0xA42,0xACE,
0xAFA,0xB15,0xB50,0xBA9,0xC07,0xC3F,
0xC51,0xC2F,0xBB6,0xB0C,0xA49,0x993,
0x944,0x97B,0x9CA,0xA32,0xB08,0xBDC,
0xC57,0xCA2,0xCA0,0xC33,0xBCB,0xB86,
0xB09,0xAA1,0xAA8,0xAEC,0xB43,0xBC3,
0xC1F,0xC01,0xB9F,0xB14,0xA5D,0x9C6,
0x998,0x9DD,0xA87,0xB52,0xBCF,0xBEE,
0xBBF,0xB3E,0xABE,0xA8A,0xA8B,0xAE4,
0xB75,0xBD8,0xC13,0xC1D,0xBBE,0xB25,
0xA71,0x9A4,0x912,0x90D,0x9A8,0xAA1,
0xBCD,0xD20,0xE30,0xE85,0xE47,0xDBE,
0xCD7,0xBB5,0xAE6,0xA6A,0xA01,0x9E9,
0xA1B,0xA5D,0xAAE,0xAEA,0xB0A,0xB1C,
0xB13,0xB04,0xAED,0xADC,0xAD0,0xA97,
0xA81,0xA8F,0xA64,0xA28,0xA1D,0xA13,
0x9FE,0xA1E,0xA60,0xACD,0xB68,0xBB5,
0xB93,0xB64,0xB01,0xA73,0xA4B,0xA83,
0xAFC,0xBA9,0xC4B,0xCBC,0xCD3,0xC84,
0xC30,0xBD0,0xB20,0xA73,0x9F9,0x9A6,
0x98D,0x989,0x97C,0x9D2,0xA55,0xA7C,
0xA94,0xAE7,0xB44,0xB8D,0xBBA,0xBAC,
0xB8B,0xB63,0xAFB,0xA60,0x9D5,0x98E,
0x9B2,0xA29,0xAA4,0xB3D,0xC0D,0xC9E,
0xCA5,0xC6C,0xBFC,0xB53,0xAE6,0xA9F,
0xA37,0xA1D,0xA7C,0xAEE,0xB67,0xC07,
0xC5A,0xC39,0xBE4,0xB4C,0xA82,0x9E6,
0x9B1,0xA05,0xACA,0xB8D,0xBF4,0xC06,
0xBCB,0xB5D,0xB04,0xAB8,0xA9F,0xAEE,
0xB3E,0xB64,0xB9A,0xBAA,0xB73,0xAFE,
0xA4F,0x9B4,0x96A,0x97C,0x9F0,0xAAC,
0xB9F,0xCC4,0xD9A,0xDB5,0xD76,0xD23,
0xC78,0xBB4,0xB47,0xAEA,0xAB6,0xADD,
0xB0A,0xB46,0xB8E,0xBAA,0xBA0,0xB62,
0xAF7,0xA84,0xA14,0x9DE,0x9C5,0x9AC,
0x9E6,0xA3C,0xA75,0xAAE,0xAEC,0xAE5,
0xAB8,0xAB7,0xAC6,0xADB,0xB0C,0xB0E,
0xAE7,0xAC7,0xA64,0xA0E,0xA19,0xA6A,
0xB07,0xBCF,0xC94,0xD29,0xD29,0xCD2,
0xC6D,0xBB3,0xABF,0x9F8,0x96E,0x92A,
0x95D,0x9AA,0xA00,0xAAD,0xB41,0xB51,
0xB5A,0xB69,0xB58,0xB55,0xB5A,0xB40,
0xB25,0xB07,0xAAC,0xA51,0xA1A,0xA0D,
0xA59,0xACD,0xB2A,0xBAD,0xC47,0xC87,
0xC60,0xC17,0xB8D,0xAE1,0xA88,0xA34,
0x9E7,0xA16,0xA8F,0xB05,0xBB4,0xC5C,
0xC97,0xC94,0xC52,0xB9E,0xAD0,0xA3F,
0xA00,0xA2C,0xA92,0xAD8,0xB0E,0xB40,
0xB1F,0xB0B,0xB36,0xB5E,0xBA6,0xC00,
0xC04,0xBD9,0xBB3,0xB56,0xAB5,0x9E3,
0x916,0x89F,0x8AB,0x92A,0xA05,0xB06,
0xC24,0xD1F,0xD75,0xD3C,0xCFF,0xCA7,
0xC0D,0xBB7,0xB9F,0xB62,0xB55,0xB63,
0xB44,0xB3B,0xB30,0xB16,0xAFE,0xADC,
0xAC6,0xAA0,0xA7B,0xA8C,0xA77,0xA41,
0xA3E,0xA61,0xA85,0xAA9,0xAC5,0xAAA,
0xA8F,0xA93,0xA9A,0xAAA,0xAC2,0xAAF,
0xAA9,0xAA0,0xA87,0xAA8,0xAE4,0xB48,
0xBD0,0xC46,0xCA3,0xCB5,0xC5C,0xC19,
0xBBD,0xB0D,0xA68,0xA15,0x9D6,0x9D7,
0xA27,0xA52,0xA8F,0xAF8,0xB03,0xADD,
0xAFC,0xB26,0xB49,0xB72,0xBAD,0xBD3,
0xBDF,0xB96,0xB0F,0xA9D,0xA35,0xA1B,
0xA66,0xAAB,0xADA,0xB3F,0xB9E,0xBB5,
0xBA7,0xB8F,0xB0E,0xAAE,0xAB6,0xAA2,
0xAB4,0xB26,0xB8C,0xBEB,0xC73,0xC9C,
0xC53,0xBFA,0xB82,0xAC2,0xA3A,0xA1C,
0xA60,0xAEC,0xB69,0xB9D,0xBB4,0xB9F,
0xB56,0xB2C,0xB14,0xB0F,0xB46,0xB7A,
0xB69,0xB63,0xB55,0xB0F,0xA97,0x9F7,
0x957,0x905,0x926,0x99C,0xA55,0xB55,
0xC6C,0xD18,0xD31,0xD0F,0xCF4,0xC8C,
0xC08,0xBD8,0xB8D,0xB1F,0xAF6,0xABF,
0xA92,0xA97,0xAA7,0xACA,0xAEE,0xB20,
0xB45,0xB31,0xB1F,0xAFF,0xAA5,0xA57,
0xA24,0xA15,0xA16,0xA21,0xA2E,0xA3A,
0xA5E,0xA8B,0xAC8,0xB24,0xB39,0xB17,
0xB18,0xAEA,0xAB1,0xAAC,0xABB,0xB06,
0xB6D,0xBAF,0xBCE,0xB99,0xB6D,0xB67,
0xB18,0xAA0,0xA6E,0xA79,0xA7E,0xAAC,
0xAE2,0xAE1,0xB03,0xB0A,0xA98,0xA5A,
0xA78,0xAA2,0xAEE,0xB62,0xBE2,0xC51,
0xC5B,0xBCF,0xB0E,0xA4E,0x9A8,0x987,
0x9D7,0xA31,0xAB2,0xB74,0xC0E,0xC4B,
0xC56,0xC00,0xB59,0xAF1,0xAA6,0xA5B,
0xA81,0xAF2,0xB51,0xBD3,0xC59,0xC60,
0xC14,0xBC4,0xB39,0xA96,0xA4E,0xA5F,
0xAA1,0xB01,0xB38,0xB32,0xB0C,0xACA,
0xA97,0xA9D,0xABA,0xB07,0xB89,0xBCF,
0xBD7,0xBE6,0xBBE,0xB48,0xAB3,0x9F8,
0x952,0x912,0x95C,0x9F6,0xAC5,0xBD8,
0xCBB,0xD02,0xCEA,0xCDA,0xCB7,0xC2D,
0xBCB,0xBB3,0xB3F,0xAEC,0xACE,0xA8E,
0xA7C,0xA8B,0xAA1,0xAC3,0xAF8,0xB48,
0xB52,0xB3A,0xB23,0xACC,0xA6C,0xA10,
0x9CF,0x9C3,0x9CC,0x9E0,0x9F4,0xA19,
0xA4A,0xA6D,0xAE4,0xB65,0xB78,0xB86,
0xB8A,0xB4E,0xB19,0xB02,0xAFA,0xB19,
0xB47,0xB75,0xB78,0xB5E,0xB93,0xBDA,
0xBB5,0xB67,0xB40,0xAF3,0xA96,0xA6E,
0xA30,0xA0D,0xA47,0xA47,0xA2A,0xA77,
0xADF,0xB3E,0xBC9,0xC35,0xC6E,0xC78,
0xC05,0xB40,0xA8B,0x9EE,0x997,0x9D1,
0xA53,0xAD4,0xB75,0xC11,0xC62,0xC8C,
0xC7F,0xBE3,0xB38,0xAE2,0xA84,0xA68,
0xAC8,0xB23,0xB72,0xBFB,0xC56,0xC29,
0xBE8,0xB99,0xB1B,0xABD,0xAC0,0xAF4,
0xB3E,0xB95,0xB98,0xB51,0xB01,0xAAC,
0xA7F,0xA84,0xACB,0xB61,0xBE7,0xC10,
0xC22,0xC0A,0xB89,0xAE5,0xA23,0x959,
0x8CC,0x8C9,0x960,0xA43,0xB66,0xC7A,
0xD22,0xD48,0xD11,0xCEB,0xC83,0xBC7,
0xB86,0xB61,0xAFA,0xAD0,0xABB,0xAA6,
0xAAF,0xABB,0xACE,0xAF1,0xB3E,0xB5B,
0xB2F,0xB0D,0xACE,0xA74,0xA25,0x9D7,
0x9B1,0x9B7,0x9C5,0x9D4,0x9FF,0xA4C,
0xA87,0xAE5,0xB68,0xBA2,0xB98,0xB97,
0xB59,0xAF3,0xABF,0xAA4,0xAB2,0xAED,
0xB32,0xB84,0xBAA,0xBC2,0xC21,0xC4B,
0xBF9,0xBA8,0xB54,0xAB0,0xA1B,0x9B7,
0x962,0x976,0x9CC,0x9E0,0xA33,0xAD9,
0xB4A,0xBBF,0xC2E,0xC51,0xC3D,0xBFA,
0xB56,0xA92,0x9FB,0x99E,0x9AC,0xA30,
0xAD3,0xB73,0xC24,0xC8A,0xC81,0xC61,
0xBF1,0xB24,0xAA7,0xA61,0xA2E,0xA74,
0xB0C,0xB65,0xBC0,0xC53,0xC6E,0xC1A,
0xBCE,0xB5E,0xADF,0xABA,0xADC,0xB2E,
0xBA6,0xBFA,0xBDA,0xB5E,0xAC3,0xA28,
0x9C2,0x9CD,0xA4A,0xB19,0xBBC,0xC07,
0xC3C,0xC0E,0xB87,0xACA,0x9DE,0x905,
0x880,0x8A5,0x954,0xA5E,0xBC1,0xCF5,
0xDA3,0xDC5,0xD8F,0xD59,0xCBC,0xC09,
0xBBF,0xB4F,0xAE1,0xABA,0xAA1,0xA9F,
0xA9D,0xA9A,0xAA4,0xAD3,0xB05,0xAEA,
0xACC,0xACC,0xA94,0xA4E,0xA1F,0x9EB,
0x9DE,0x9E8,0x9F3,0xA13,0xA4A,0xA80,
0xAB7,0xB19,0xB80,0xBA0,0xBAB,0xB94,
0xB2C,0xABB,0xA6F,0xA50,0xA7B,0xAC1,
0xB05,0xB57,0xB85,0xBD0,0xC3F,0xC31,
0xBBC,0xB5C,0xADA,0xA36,0x9C4,0x96E,
0x942,0x971,0x9AB,0x9DE,0xA6A,0xAFC,
0xB53,0xBAE,0xC01,0xC13,0xC10,0xBD2,
0xB2B,0xA84,0x9EF,0x98C,0x9A5,0xA2F,
0xAD2,0xB7A,0xC1F,0xC63,0xC4C,0xC1F,
0xB97,0xB01,0xAC9,0xA9A,0xA85,0xAE1,
0xB5D,0xB9F,0xBFF,0xC57,0xC31,0xBDD,
0xB93,0xB1B,0xAB7,0xAAA,0xAE6,0xB52,
0xBC0,0xBE8,0xB9B,0xB26,0xAB3,0xA43,
0xA2B,0xA77,0xB05,0xBB6,0xC0E,0xC29,
0xC1C,0xBB5,0xB2C,0xA61,0x988,0x8F5,
0x8DA,0x95E,0xA2F,0xB3E,0xC72,0xD55,
0xDAE,0xD95,0xD5E,0xCFD,0xC4A,0xBE5,
0xBAC,0xB2B,0xAE1,0xAD1,0xAB5,0xAA3,
0xA8A,0xA72,0xA88,0xAC2,0xAE4,0xAE0,
0xAFC,0xB11,0xAC0,0xA55,0x9F0,0x9A0,
0x992,0x999,0x9BF,0xA08,0xA6B,0xAC8,
0xB16,0xB88,0xBC5,0xBB2,0xB81,0xB1E,
0xAA6,0xA56,0xA3D,0xA6C,0xABC,0xAFF,
0xB46,0xB75,0xBA7,0xC06,0xC37,0xBEA,
0xB90,0xB50,0xAD6,0xA5B,0xA07,0x9BC,
0x9BD,0x9F7,0xA16,0xA55,0xABF,0xB12,
0xB43,0xB72,0xB8B,0xB91,0xB7E,0xAF7,
0xA4F,0x9DF,0x97B,0x97B,0xA0D,0xAC5,
0xB6A,0xC12,0xC8E,0xCAA,0xCAE,0xC60,
0xBA9,0xB30,0xAEF,0xAA7,0xAAF,0xB0C,
0xB6A,0xBCE,0xC45,0xC72,0xC36,0xBF6,
0xB9C,0xB25,0xAD8,0xABD,0xAD7,0xB19,
0xB4A,0xB3D,0xAF8,0xAAC,0xA64,0xA4A,
0xA8C,0xAF4,0xB7D,0xBE6,0xBFC,0xBFD,
0xBC2,0xB66,0xAFC,0xA58,0x9D7,0x9AB,
0x9D6,0xA52,0xB02,0xBE3,0xCAD,0xD11,
0xD06,0xCD9,0xCAD,0xC3B,0xBB8,0xB9A,
0xB62,0xB08,0xAF8,0xADD,0xABD,0xAA7,
0xA79,0xA7A,0xAAC,0xAE8,0xAFA,0xB08,
0xB41,0xB1E,0xAA9,0xA28,0x9A3,0x96B,
0x96F,0x980,0x9BE,0xA25,0xA9E,0xB09,
0xB74,0xBD6,0xBE7,0xBD1,0xB9F,0xB30,
0xAD1,0xA95,0xA83,0xAC3,0xAFB,0xB1B,
0xB32,0xB27,0xB57,0xBC1,0xBD0,0xB89,
0xB57,0xB11,0xAA5,0xA53,0xA21,0xA0D,
0xA40,0xA64,0xA59,0xA89,0xACB,0xAEE,
0xB17,0xB2C,0xB1A,0xB11,0xAD2,0xA51,
0xA02,0x9E1,0x9C6,0xA1D,0xAE9,0xB9A,
0xC27,0xCB4,0xCE2,0xCC6,0xC93,0xBE3,
0xB17,0xAC3,0xA8A,0xA78,0xAE0,0xB5B,
0xBBC,0xC36,0xC87,0xC57,0xBF9,0xB9F,
0xB18,0xAB5,0xAA1,0xABC,0xB10,0xB7D,
0xBA8,0xB82,0xB2C,0xAAE,0xA3A,0xA27,
0xA4A,0xA98,0xB25,0xB8E,0xBC6,0xC04,
0xC18,0xBEB,0xB71,0xAB2,0xA15,0x9D4,
0x9E0,0xA2E,0xACB,0xBA7,0xC6B,0xCD1,
0xCE8,0xCE9,0xCC6,0xC4C,0xBE5,0xBBB,
0xB78,0xB40,0xB31,0xB04,0xAD0,0xAA3,
0xA7E,0xA98,0xAC3,0xAD6,0xACB,0xAD9,
0xAED,0xAA2,0xA3E,0x9D2,0x978,0x97C,
0x98B,0x9A7,0x9F0,0xA54,0xAC0,0xAFF,
0xB50,0xB90,0xB86,0xB8D,0xB73,0xB24,
0xAEA,0xAB3,0xABE,0xAED,0xAE7,0xAF2,
0xB00,0xB15,0xB6E,0xBCC,0xBD8,0xBB6,
0xB99,0xB3E,0xAA8,0xA3D,0x9E7,0x9C8,
0x9EC,0x9E4,0x9FB,0xA53,0xA92,0xAD3,
0xB30,0xB61,0xB73,0xB63,0xAF6,0xA6F,
0xA12,0x9CB,0x9B2,0xA26,0xAEC,0xB81,
0xC1E,0xCA3,0xCA7,0xC9A,0xC5E,0xBA1,
0xB17,0xAEB,0xAB6,0xAB7,0xB2A,0xB96,
0xBD5,0xC30,0xC2A,0xBAD,0xB59,0xB16,
0xAC0,0xAA9,0xADA,0xB1A,0xB77,0xBD3,
0xBCE,0xB75,0xAF7,0xA63,0xA14,0xA27,
0xA48,0xAA0,0xB2F,0xB94,0xBCC,0xBEF,
0xBDE,0xB79,0xADC,0xA47,0x9E0,0x9C5,
0x9FE,0xA89,0xB53,0xC40,0xCE4,0xD13,
0xD02,0xCD3,0xC75,0xBEE,0xBAE,0xB94,
0xB51,0xB39,0xB22,0xAE6,0xAB1,0xA6A,
0xA51,0xA6A,0xA91,0xAAD,0xABB,0xAF4,
0xAEF,0xA96,0xA47,0x9DC,0x999,0x98C,
0x97C,0x9AF,0xA07,0xA6D,0xAD1,0xB16,
0xB81,0xBBE,0xBC0,0xBD2,0xBA0,0xB3D,
0xADF,0xAA5,0xABD,0xAC0,0xAAF,0xABF,
0xAE1,0xB41,0xBD0,0xC25,0xC22,0xC01,
0xBC6,0xB2F,0xA86,0xA05,0x98F,0x983,
0x9AC,0x9BC,0xA13,0xA84,0xAC8,0xB25,
0xB7B,0xB9C,0xBA6,0xB61,0xAC7,0xA3B,
0x9D5,0x984,0x98C,0xA22,0xACE,0xB79,
0xC4D,0xCC7,0xCEA,0xCF7,0xC80,0xBBC,
0xB5A,0xB23,0xAE2,0xB00,0xB71,0xBB0,
0xBE6,0xC42,0xC1C,0xBAB,0xB73,0xB2C,
0xAED,0xAEB,0xB01,0xB2A,0xB7E,0xBBC,
0xB87,0xB21,0xAB2,0xA3C,0xA29,0xA66,
0xAB9,0xB41,0xBC0,0xBFD,0xC17,0xC11,
0xBD3,0xB3A,0xA76,0x9E8,0x9A6,0x9B6,
0xA33,0xAF4,0xBD8,0xCAD,0xD1E,0xD19,
0xCF7,0xCC4,0xC33,0xBB0,0xB83,0xB43,
0xB03,0xAF2,0xAD0,0xAAB,0xA99,0xA85,
0xA89,0xAAD,0xADF,0xAEC,0xB0C,0xB3D,
0xAFA,0xA98,0xA40,0x9D4,0x99B,0x96B,
0x960,0x9A7,0xA13,0xA90,0xAF1,0xB5B,
0xBB9,0xBAB,0xB9B,0xB7B,0xB0D,0xA98,
0xA39,0xA40,0xA78,0xA83,0xAB0,0xAF1,
0xB36,0xBB9,0xC46,0xC6D,0xC29,0xBD3,
0xB45,0xA7C,0x9FC,0x99D,0x958,0x978,
0x9AD,0x9F6,0xA7A,0xAEB,0xB41,0xBA2,
0xBD2,0xBCE,0xBA4,0xB0B,0xA41,0x9B9,
0x960,0x948,0x9A7,0xA66,0xB25,0xBF0,
0xCB1,0xCF9,0xD0A,0xCE2,0xC2F,0xB97,
0xB57,0xB18,0xAF6,0xB28,0xB62,0xB7A,
0xBD4,0xC20,0xBE5,0xBA0,0xB69,0xB19,
0xB01,0xB12,0xB1B,0xB53,0xBAC,0xBC1,
0xB63,0xAEF,0xA75,0xA16,0xA2C,0xA74,
0xAE9,0xB7E,0xBC9,0xBDE,0xBE3,0xBC0,
0xB74,0xAE6,0xA42,0x9F0,0x9D0,0x9E8,
0xA6D,0xB3F,0xC25,0xCDF,0xD24,0xD11,
0xD01,0xCAA,0xBF7,0xB99,0xB66,0xB0D,
0xAE8,0xACB,0xA89,0xA60,0xA4A,0xA49,
0xA6D,0xABD,0xB09,0xB21,0xB58,0xB5C,
0xAEE,0xA87,0xA1C,0x9AE,0x963,0x92D,
0x938,0x988,0xA00,0xA6B,0xAD3,0xB6C,
0xBBE,0xBC3,0xBD2,0xB8F,0xB18,0xAAC,
0xA75,0xAA4,0xACA,0xADA,0xB0B,0xB32,
0xB71,0xBE0,0xC2E,0xC15,0xBCB,0xB7E,
0xAF9,0xA66,0xA04,0x9AA,0x989,0x9B3,
0x9E9,0xA43,0xAAB,0xAF5,0xB43,0xB85,
0xB9E,0xB98,0xB3F,0xA86,0x9D9,0x971,
0x940,0x95A,0x9EE,0xABF,0xB76,0xC3A,
0xCBC,0xCD2,0xCD9,0xC7C,0xBD4,0xB90,
0xB6D,0xB3E,0xB4E,0xB77,0xB7C,0xBA1,
0xBF3,0xBEB,0xBA8,0xB6D,0xB21,0xAF2,
0xAE4,0xADD,0xB04,0xB53,0xB99,0xBA3,
0xB4E,0xADB,0xA64,0xA28,0xA45,0xA85,
0xAF4,0xB66,0xB96,0xBBA,0xBD5,0xBC2,
0xB6C,0xAC8,0xA38,0x9E9,0x9CE,0xA0A,
0xABA,0xBAF,0xC95,0xD3D,0xD6C,0xD4F,
0xD1A,0xC76,0xBBF,0xB73,0xB19,0xAD5,
0xAE0,0xAC6,0xA9E,0xA95,0xA85,0xA7D,
0xA9C,0xAD5,0xADF,0xAEF,0xB2B,0xB08,
0xAAC,0xA55,0x9FE,0x9CD,0x99F,0x985,
0x9A1,0x9E9,0xA4C,0xAA0,0xB18,0xB9A,
0xBB9,0xBCB,0xBCB,0xB64,0xAFC,0xAB9,
0xAAD,0xAE2,0xB0B,0xB1E,0xB31,0xB46,
0xB80,0xBD9,0xBF1,0xBB2,0xB75,0xB37,
0xAB6,0xA4D,0xA09,0x9B0,0x99E,0x9BC,
0x9E1,0xA3C,0xAA1,0xAE9,0xB3C,0xB7C,
0xBA8,0xB9A,0xAFC,0xA29,0x993,0x92F,
0x90D,0x95C,0xA24,0xB15,0xC00,0xCCA,
0xD2C,0xD48,0xD12,0xC59,0xBA8,0xB50,
0xB12,0xAF2,0xB15,0xB43,0xB6B,0xBDB,
0xC3C,0xC29,0xC00,0xBC6,0xB5E,0xB18,
0xAEF,0xADF,0xB07,0xB39,0xB50,0xB33,
0xAD8,0xA56,0x9F1,0x9F8,0xA42,0xAB2,
0xB35,0xB8C,0xBCA,0xC01,0xC17,0xBF5,
0xB6C,0xAB4,0xA20,0x9BD,0x9B9,0xA20,
0xAF8,0xC0E,0xCF7,0xD81,0xDAB,0xD95,
0xD20,0xC57,0xBCF,0xB65,0xAE5,0xAB9,
0xAA2,0xA73,0xA71,0xA78,0xA77,0xA88,
0xAB5,0xAE5,0xAE9,0xB0E,0xB1B,0xAC3,
0xA6E,0xA19,0x9C8,0x994,0x977,0x995,
0x9E2,0xA46,0xAA2,0xB02,0xB90,0xBD7,
0xBC7,0xBC3,0xB7D,0xB05,0xAB4,0xA90,
0xAB9,0xAFF,0xB25,0xB3A,0xB39,0xB46,
0xB9A,0xBE2,0xBC2,0xB82,0xB5F,0xB06,
0xA84,0xA30,0x9DE,0x99F,0x9B5,0x9E5,
0xA20,0xA77,0xAC9,0xB17,0xB63,0xB93,
0xBAE,0xB6D,0xAB5,0xA09,0x99D,0x952,
0x950,0x9CC,0xA92,0xB63,0xC4C,0xCEF,
0xD1A,0xD1B,0xCBB,0xBFC,0xB85,0xB4E,
0xB12,0xB13,0xB4A,0xB6E,0xBB2,0xC21,
0xC42,0xC0D,0xBCB,0xB67,0xB00,0xABB,
0xA95,0xAB8,0xB05,0xB44,0xB59,0xB23,
0xACA,0xA5E,0xA1C,0xA37,0xA76,0xAE6,
0xB65,0xBA3,0xBC8,0xBF2,0xBFE,0xBC4,
0xB40,0xAA2,0xA13,0x9CE,0x9DA,0xA40,
0xB2E,0xC34,0xCE8,0xD53,0xD73,0xD4C,
0xCB9,0xBFC,0xB8C,0xB03,0xA86,0xA72,
0xA51,0xA3F,0xA60,0xA7A,0xA9F,0xAD8,
0xB14,0xB20,0xB1B,0xB38,0xB0A,0xA9E,
0xA33,0x9D7,0x9A6,0x986,0x994,0x9DC,
0xA34,0xA97,0xAF2,0xB5D,0xBD1,0xBDC,
0xBB7,0xB87,0xB0C,0xAA9,0xA85,0xA95,
0xAD1,0xAFA,0xB0A,0xB19,0xB17,0xB34,
0xB8F,0xBBA,0xB91,0xB78,0xB4E,0xACF,
0xA6F,0xA30,0x9E0,0x9CD,0x9E2,0x9EC,
0xA21,0xA6B,0xAA7,0xB04,0xB5B,0xB92,
0xBC3,0xB7A,0xAAF,0xA05,0x994,0x943,
0x95B,0x9F1,0xAB0,0xB8C,0xC63,0xCDF,
0xD16,0xD13,0xC82,0xBC4,0xB5D,0xB11,
0xAE0,0xAF2,0xB13,0xB37,0xB8F,0xBF0,
0xBF3,0xBC2,0xB91,0xB46,0xB0D,0xAF4,
0xAF3,0xB17,0xB48,0xB63,0xB2D,0xAC8,
0xA5F,0x9FA,0x9FF,0xA53,0xACA,0xB6D,
0xBDA,0xC03,0xC24,0xC28,0xBFF,0xB8C,
0xACE,0xA25,0x9B7,0x99A,0x9E1,0xA99,
0xBA5,0xC9C,0xD42,0xD8C,0xD82,0xD1E,
0xC57,0xBAF,0xB50,0xAD5,0xA99,0xA7C,
0xA40,0xA34,0xA44,0xA61,0xA9C,0xAE0,
0xB22,0xB36,0xB52,0xB6A,0xB0F,0xA8D,
0xA17,0x9B7,0x97E,0x974,0x9A1,0x9FE,
0xA71,0xAD4,0xB1D,0xB87,0xBC2,0xBA9,
0xBAA,0xB73,0xB07,0xAC9,0xAB7,0xAD9,
0xB02,0xAFF,0xAF5,0xAE6,0xADE,0xB28,
0xB9F,0xBBA,0xB9F,0xB8C,0xB2C,0xAA9,
0xA5D,0xA07,0x9B6,0x9B1,0x9C5,0x9FA,
0xA3D,0xA78,0xADF,0xB5A,0xBAA,0xBE4,
0xBE4,0xB4A,0xA7D,0x9E7,0x969,0x937,
0x997,0xA45,0xB1B,0xC0E,0xCD4,0xD24,
0xD37,0xCF9,0xC2E,0xB8C,0xB4A,0xAFA,
0xAD9,0xB0A,0xB35,0xB5C,0xBB9,0xBEE,
0xBBC,0xB8C,0xB5A,0xB22,0xB07,0xB04,
0xB1F,0xB4B,0xB7A,0xB77,0xB1C,0xAAE,
0xA3F,0x9F7,0xA1A,0xA7A,0xB0E,0xBA6,
0xBF1,0xC23,0xC4A,0xC33,0xBE0,0xB3D,
0xA86,0xA03,0x9C3,0x9E9,0xA6D,0xB50,
0xC49,0xCFE,0xD5A,0xD6A,0xD3C,0xCB3,
0xBF0,0xB84,0xB2F,0xAD0,0xAB9,0xA97,
0xA56,0xA4E,0xA66,0xA74,0xAAB,0xB0D,
0xB45,0xB4A,0xB76,0xB6B,0xAFE,0xA79,
0x9FB,0x99D,0x978,0x99D,0x9FC,0xA6E,
0xAD7,0xB1E,0xB53,0xBA3,0xBBA,0xBB2,
0xBAA,0xB64,0xB14,0xAE0,0xAD8,0xAEB,
0xAE8,0xACE,0xABC,0xAB4,0xADE,0xB62,
0xBD8,0xBD5,0xBBD,0xBA0,0xB23,0xA95,
0xA33,0x9D2,0x9AB,0x9A7,0x9B3,0x9F5,
0xA37,0xA7E,0xAEE,0xB52,0xB95,0xBCC,
0xB77,0xAA9,0xA04,0x995,0x93F,0x954,
0x9E9,0xAAF,0xB8A,0xC64,0xCE0,0xCFF,
0xCE5,0xC43,0xB61,0xAF2,0xAD1,0xAB4,
0xADE,0xB38,0xB6D,0xBAF,0xBFE,0xBE8,
0xBAA,0xB79,0xB35,0xAFE,0xAE6,0xAE5,
0xB06,0xB3B,0xB57,0xB3D,0xAEA,0xA82,
0xA28,0xA24,0xA6A,0xACC,0xB60,0xBC6,
0xBE1,0xC0E,0xC34,0xC1C,0xBB2,0xB02,
0xA6B,0xA07,0x9E5,0xA26,0xABF,0xB8B,
0xC5E,0xCF6,0xD37,0xD45,0xD16,0xC87,
0xBFE,0xBB4,0xB4A,0xAFA,0xAEA,0xAAA,
0xA5D,0xA5C,0xA54,0xA56,0xAA4,0xB03,
0xB2D,0xB5E,0xB8F,0xB57,0xAE1,0xA65,
0x9EB,0x994,0x973,0x99A,0xA0A,0xA88,
0xAE4,0xB08,0xB45,0xB95,0xBA6,0xBAA,
0xB8A,0xB36,0xAF8,0xAF1,0xB07,0xB10,
0xAF5,0xAD1,0xAB4,0xAB0,0xAF4,0xB74,
0xBB4,0xB98,0xB89,0xB52,0xAE5,0xAA0,
0xA4B,0x9F2,0x9D0,0x9B6,0x9C4,0x9F7,
0xA24,0xA61,0xAC2,0xB20,0xB77,0xB8A,
0xB0C,0xA6E,0xA02,0x9A6,0x972,0x9AB,
0xA3B,0xAEE,0xBAE,0xC4B,0xC90,0xCAC,
0xC7A,0xBD3,0xB53,0xB36,0xB22,0xB1E,
0xB59,0xB86,0xB9E,0xBDC,0xBED,0xB9E,
0xB55,0xB17,0xAE3,0xAC9,0xAC7,0xAE5,
0xB37,0xB7B,0xB79,0xB2C,0xAB3,0xA4A,
0xA1B,0xA27,0xA46,0xAB0,0xB46,0xB91,
0xBBC,0xBF8,0xC15,0xBF9,0xB7E,0xAD1,
0xA53,0xA06,0xA0B,0xA73,0xB1C,0xBE3,
0xC89,0xCD5,0xCFB,0xCFD,0xCB6,0xC47,
0xC0F,0xBD2,0xB60,0xB22,0xAE7,0xA80,
0xA43,0xA2D,0xA22,0xA51,0xAB4,0xAFF,
0xB2C,0xB81,0xB97,0xB3E,0xACA,0xA57,
0x9F8,0x9BB,0x9AB,0x9D3,0xA2D,0xA9B,
0xAD9,0xAF9,0xB52,0xB9F,0xBC3,0xBDB,
0xBB2,0xB6D,0xB49,0xB3E,0xB36,0xB1F,
0xAEF,0xABE,0xA9E,0xAAB,0xB0E,0xB76,
0xB78,0xB65,0xB6F,0xB36,0xAEF,0xABC,
0xA60,0xA1B,0x9FA,0x9DC,0x9E0,0x9FF,
0xA1E,0xA66,0xAC8,0xB2F,0xB94,0xB75,
0xAD3,0xA4C,0x9E9,0x99D,0x99A,0xA02,
0xAAE,0xB67,0xC18,0xC7C,0xCA1,0xC9A,
0xC21,0xB8B,0xB4B,0xB34,0xB16,0xB2C,
0xB74,0xB96,0xBC4,0xC03,0xBE0,0xB7E,
0xB2F,0xAEF,0xAC9,0xAC6,0xADA,0xB18,
0xB72,0xBAE,0xB9C,0xB2A,0xA94,0xA21,
0xA00,0xA1A,0xA5C,0xAE2,0xB55,0xB8D,
0xBDA,0xC28,0xC3D,0xBF6,0xB5A,0xABC,
0xA49,0xA17,0xA41,0xAB2,0xB67,0xC29,
0xC8E,0xCB5,0xCD7,0xCC6,0xC68,0xC25,
0xC1A,0xBD1,0xB80,0xB48,0xAE3,0xA8A,
0xA4D,0xA26,0xA28,0xA61,0xAC2,0xB08,
0xB49,0xB8E,0xB73,0xB10,0xA9B,0xA2B,
0x9DE,0x9CF,0x9FE,0xA44,0xAA5,0xB00,
0xB20,0xB53,0xBA4,0xBC4,0xBD7,0xBCA,
0xB8E,0xB55,0xB44,0xB58,0xB5F,0xB4B,
0xB20,0xAD9,0xAAC,0xADA,0xB3C,0xB64,
0xB58,0xB7F,0xB84,0xB3C,0xAFC,0xAA8,
0xA47,0xA12,0x9EB,0x9CF,0x9D8,0x9EC,
0xA18,0xA7F,0xAF1,0xB68,0xBA6,0xB36,
0xA92,0xA23,0x9C9,0x992,0x9AC,0xA2E,
0xAF0,0xBC0,0xC53,0xC89,0xC99,0xC4F,
0xBA6,0xB29,0xAFE,0xAE8,0xAF4,0xB55,
0xBAB,0xBC9,0xBFD,0xBFC,0xB95,0xB1C,
0xAB3,0xA66,0xA47,0xA4A,0xA87,0xAF6,
0xB64,0xBA0,0xB76,0xAF7,0xA67,0xA03,
0x9E0,0x9F0,0xA4E,0xAD5,0xB27,0xB66,
0xBC0,0xC0F,0xC12,0xBA8,0xB03,0xA74,
0xA1B,0xA11,0xA4F,0xAD1,0xB98,0xC41,
0xC8F,0xCCF,0xD01,0xCC5,0xC4C,0xC1D,
0xBE1,0xB6C,0xB30,0xAE8,0xA87,0xA56,
0xA38,0xA2E,0xA52,0xAAA,0xB09,0xB3F,
0xB75,0xB87,0xB3A,0xAD0,0xA70,0xA14,
0x9D7,0x9E3,0xA1D,0xA6C,0xAD7,0xB1F,
0xB36,0xB80,0xBBC,0xBCC,0xBE9,0xBD5,
0xB93,0xB6C,0xB78,0xB8D,0xB73,0xB46,
0xB12,0xAC7,0xAB5,0xB09,0xB5F,0xB5F,
0xB65,0xB81,0xB50,0xB0F,0xAD8,0xA87,
0xA47,0xA20,0x9F8,0x9E6,0x9E5,0x9F7,
0xA3F,0xA93,0xAEE,0xB61,0xB5E,0xAD1,
0xA52,0x9FD,0x9C1,0x9BC,0xA13,0xAA6,
0xB59,0xC0A,0xC65,0xC7D,0xC7A,0xBFE,
0xB47,0xAFA,0xAF7,0xAF6,0xB36,0xBA1,
0xBD1,0xBEC,0xBFC,0xBAD,0xB1C,0xAA3,
0xA5B,0xA43,0xA4D,0xA84,0xAEB,0xB5C,
0xBAF,0xBA9,0xB35,0xA92,0xA14,0x9DC,
0x9D2,0xA0A,0xA8D,0xB01,0xB4F,0xBAA,
0xBFA,0xC18,0xBE2,0xB4C,0xAA9,0xA33,
0x9F3,0xA18,0xA85,0xB4D,0xC38,0xCC0,
0xCF7,0xD22,0xD05,0xC83,0xC18,0xBE2,
0xB75,0xB23,0xB0C,0xACC,0xA99,0xA90,
0xA92,0xAA3,0xAD3,0xB1E,0xB57,0xB78,
0xBA1,0xB75,0xB01,0xA9D,0xA38,0x9DE,
0x9B3,0x9D7,0xA3C,0xAAF,0xB1C,0xB56,
0xB8B,0xBDC,0xBEC,0xBFE,0xC0C,0xBCC,
0xB91,0xB80,0xB88,0xB82,0xB58,0xB23,
0xAE4,0xAAF,0xAD3,0xB40,0xB7C,0xB80,
0xBA1,0xB97,0xB4E,0xB0E,0xABA,0xA5E,
0xA2D,0xA06,0x9E0,0x9CD,0x9CC,0xA04,
0xA6E,0xAD5,0xB46,0xB91,0xB44,0xAAA,
0xA20,0x9B9,0x993,0x9BB,0xA31,0xADB,
0xBA2,0xC4A,0xC86,0xC8E,0xC5B,0xBA0,
0xB07,0xADF,0xAC8,0xAE1,0xB4B,0xB98,
0xBB1,0xBDA,0xBD5,0xB64,0xAE9,0xA9D,
0xA75,0xA74,0xA8D,0xABE,0xB03,0xB4C,
0xB6B,0xB2A,0xA9A,0xA1B,0x9E0,0x9D9,
0xA0B,0xA8E,0xB1A,0xB58,0xB86,0xBB8,
0xBCC,0xBCE,0xB81,0xAE4,0xA68,0xA19,
0xA00,0xA4A,0xAE8,0xBC1,0xC6A,0xCB9,
0xCF4,0xD03,0xCA5,0xC28,0xBEC,0xBA2,
0xB44,0xB21,0xAFA,0xAA8,0xA7D,0xA6E,
0xA64,0xA7E,0xACE,0xB19,0xB32,0xB74,
0xBAD,0xB58,0xAD8,0xA6E,0x9FF,0x9B6,
0x9AF,0x9FB,0xA68,0xAD9,0xB35,0xB5D,
0xBAA,0xBF4,0xC03,0xC12,0xBFE,0xBB5,
0xB7A,0xB72,0xB77,0xB54,0xB1B,0xAE8,
0xAAA,0xA9E,0xAFE,0xB69,0xB7C,0xB83,
0xB9E,0xB7D,0xB3A,0xB01,0xAAC,0xA57,
0xA29,0xA06,0x9F4,0x9EF,0x9F0,0xA38,
0xAAE,0xB20,0xBA2,0xBBB,0xB38,0xAA6,
0xA34,0x9D1,0x9A0,0x9D7,0xA6A,0xB22,
0xBF3,0xC83,0xCA1,0xC9E,0xC3F,0xB77,
0xAFF,0xAE8,0xADC,0xB15,0xB79,0xBA1,
0xBB5,0xBD6,0xBA2,0xB1F,0xAC5,0xA94,
0xA82,0xA96,0xAB1,0xAE1,0xB2C,0xB67,
0xB5D,0xAEF,0xA5E,0x9FA,0x9E3,0xA01,
0xA3E,0xAB1,0xB1C,0xB4E,0xB7B,0xBAA,
0xBBA,0xB92,0xB24,0xAAA,0xA55,0xA1F,
0xA3A,0xAA7,0xB4F,0xC14,0xC90,0xCC4,
0xCF0,0xCDB,0xC61,0xBFA,0xBCC,0xB78,
0xB2B,0xB13,0xAD2,0xA90,0xA7A,0xA70,
0xA6D,0xA9D,0xB02,0xB3B,0xB5F,0xBAD,
0xBA4,0xB27,0xAB1,0xA43,0x9EA,0x9C4,
0x9D4,0xA3D,0xAC0,0xB28,0xB5B,0xB83,
0xBBC,0xBCF,0xBD9,0xBE9,0xBC7,0xB8F,
0xB81,0xB7A,0xB5E,0xB3A,0xB13,0xAD8,
0xAB3,0xAE6,0xB4D,0xB85,0xB83,0xB85,
0xB7A,0xB47,0xB0E,0xAD8,0xA82,0xA4E,
0xA3C,0xA06,0x9EE,0x9F4,0xA08,0xA5E,
0xAC5,0xB32,0xB92,0xB60,0xACF,0xA5D,
0x9FE,0x9B8,0x9BA,0xA17,0xAC3,0xB92,
0xC48,0xC8D,0xC91,0xC70,0xBCC,0xB16,
0xACD,0xABD,0xAD2,0xB2D,0xB89,0xBB5,
0xBE8,0xBE5,0xB61,0xAE1,0xAA0,0xA72,
0xA71,0xA8E,0xAB6,0xAF3,0xB2E,0xB46,
0xB1C,0xAAC,0xA43,0xA18,0xA29,0xA56,
0xAA4,0xB10,0xB50,0xB6A,0xB8F,0xBAF,
0xBA1,0xB55,0xAD6,0xA6E,0xA43,0xA55,
0xA96,0xB16,0xBDD,0xC77,0xCB4,0xCD2,
0xCD2,0xC7A,0xBFF,0xBCD,0xBAD,0xB56,
0xB32,0xB1E,0xAD7,0xAAA,0xA96,0xA82,
0xA89,0xACA,0xB13,0xB31,0xB6D,0xBB7,
0xB7E,0xAF9,0xA8D,0xA2D,0x9E5,0x9C9,
0xA03,0xA83,0xAFA,0xB47,0xB67,0xB8A,
0xBA2,0xB9D,0xBB3,0xBBD,0xB9D,0xB94,
0xB93,0xB86,0xB69,0xB24,0xAD9,0xA99,
0xA87,0xAD1,0xB39,0xB68,0xB75,0xB7A,
0xB5F,0xB2D,0xAFC,0xAB0,0xA58,0xA31,
0xA17,0x9FD,0xA04,0xA0A,0xA37,0xA94,
0xAE5,0xB49,0xB77,0xB0E,0xA89,0xA2F,
0x9E2,0x9BA,0x9DD,0xA57,0xAFC,0xBB7,
0xC33,0xC40,0xC3C,0xBF0,0xB44,0xAD1,
0xAC3,0xADF,0xB22,0xB94,0xBE1,0xBF7,
0xC07,0xBBA,0xB17,0xAA9,0xA68,0xA48,
0xA5F,0xA90,0xAD4,0xB2D,0xB72,0xB72,
0xB14,0xA91,0xA3A,0xA28,0xA41,0xA69,
0xABE,0xB17,0xB48,0xB6A,0xB8A,0xBA2,
0xB87,0xB2A,0xAD5,0xA90,0xA68,0xA74,
0xABA,0xB61,0xC1E,0xC8A,0xCBC,0xCE0,
0xCC7,0xC54,0xBF5,0xBEF,0xBBF,0xB63,
0xB40,0xB0D,0xAC8,0xAAE,0xA99,0xA7E,
0xA97,0xAE4,0xB13,0xB3B,0xB96,0xBA0,
0xB2D,0xAC7,0xA76,0xA21,0x9EC,0x9F0,
0xA4B,0xAC7,0xB21,0xB41,0xB57,0xB8A,
0xB97,0xBA0,0xBCD,0xBCC,0xBB9,0xBB4,
0xB96,0xB7E,0xB50,0xB03,0xAC0,0xA89,
0xA9F,0xB0E,0xB65,0xB86,0xB9C,0xB89,
0xB4F,0xB10,0xACC,0xA7A,0xA37,0xA11,
0x9EC,0x9D9,0x9DC,0x9EC,0xA32,0xA8F,
0xAF7,0xB5A,0xB39,0xAC5,0xA66,0xA07,
0x9BE,0x9BB,0xA15,0xAAB,0xB60,0xC17,
0xC66,0xC73,0xC5B,0xBC6,0xB21,0xAE2,
0xADF,0xAFD,0xB60,0xBD1,0xBFE,0xC0F,
0xBFF,0xB84,0xAFB,0xAA3,0xA5F,0xA5C,
0xA7A,0xAA1,0xAED,0xB40,0xB68,0xB3D,
0xAC6,0xA4B,0xA14,0xA2C,0xA56,0xA99,
0xB07,0xB58,0xB75,0xB87,0xB9B,0xBA0,
0xB5C,0xAF1,0xAA6,0xA72,0xA66,0xA8C,
0xAF3,0xBAC,0xC51,0xC9C,0xCBF,0xCC6,
0xC83,0xC19,0xBEF,0xBDF,0xB9A,0xB6C,
0xB4B,0xAF3,0xAB5,0xAA1,0xA78,0xA67,
0xAA3,0xAF2,0xB24,0xB6C,0xBB8,0xB7D,
0xAFE,0xA97,0xA2B,0x9E3,0x9CF,0x9F7,
0xA65,0xADF,0xB2A,0xB36,0xB49,0xB74,
0xB87,0xBAD,0xBCD,0xBB8,0xBAD,0xBA3,
0xB90,0xB81,0xB42,0xAF3,0xAA8,0xA73,
0xAAF,0xB1C,0xB4E,0xB73,0xB9A,0xB95,
0xB66,0xB2B,0xAD8,0xA78,0xA3A,0xA03,
0x9D3,0x9CA,0x9CB,0x9ED,0xA44,0xAB0,
0xB2B,0xB64,0xB1E,0xAB5,0xA53,0x9FD,
0x9D9,0x9FD,0xA68,0xAFD,0xBA6,0xC20,
0xC40,0xC3E,0xBEC,0xB4D,0xAEE,0xAE7,
0xB03,0xB4D,0xBBE,0xBFB,0xC03,0xC0B,
0xBC4,0xB2E,0xABD,0xA79,0xA69,0xA88,
0xAA2,0xADA,0xB38,0xB78,0xB77,0xB24,
0xAA2,0xA3E,0xA27,0xA3A,0xA59,0xAB4,
0xB20,0xB55,0xB6C,0xB83,0xB98,0xB7B,
0xB1B,0xAC9,0xA8C,0xA68,0xA78,0xABE,
0xB48,0xBFB,0xC69,0xC86,0xC96,0xC88,
0xC38,0xBEA,0xBE2,0xBD3,0xBA0,0xB87,
0xB47,0xAE5,0xAC1,0xA96,0xA60,0xA6F,
0xAB3,0xAF1,0xB1E,0xB67,0xB7B,0xB12,
0xAA5,0xA4B,0x9FA,0x9D8,0x9DC,0xA21,
0xA97,0xB05,0xB38,0xB3B,0xB5B,0xB81,
0xB96,0xBBB,0xBB5,0xB96,0xB93,0xB82,
0xB75,0xB51,0xB0B,0xACF,0xA8B,0xA97,
0xB11,0xB6A,0xB81,0xB99,0xBA2,0xB6E,
0xB25,0xAE0,0xA8F,0xA50,0xA26,0x9F4,
0x9DC,0x9D7,0x9D5,0xA14,0xA7D,0xAF3,
0xB69,0xB6A,0xAFC,0xA90,0xA32,0x9D4,
0x9BB,0xA0B,0xAA2,0xB55,0xBFE,0xC59,
0xC75,0xC61,0xBE1,0xB44,0xAFB,0xAE6,
0xAF8,0xB46,0xB9B,0xBC5,0xBE6,0xBEA,
0xB87,0xB0F,0xACB,0xAA0,0xAA4,0xAB4,
0xACB,0xB18,0xB62,0xB76,0xB3F,0xABE,
0xA3E,0xA09,0xA21,0xA53,0xAA2,0xB21,
0xB80,0xB95,0xB99,0xB9A,0xB8B,0xB44,
0xAE0,0xA94,0xA59,0xA52,0xA8E,0xB06,
0xBBC,0xC5C,0xC8E,0xC92,0xC94,0xC58,
0xBEF,0xBC3,0xBD0,0xBAD,0xB89,0xB7A,
0xB17,0xABB,0xA91,0xA49,0xA2F,0xA68,
0xABE,0xB02,0xB47,0xB9E,0xB79,0xAFD,
0xA98,0xA1C,0x9BC,0x9A3,0x9D2,0xA48,
0xAC7,0xB2A,0xB5F,0xB89,0xBBB,0xBC0,
0xBCA,0xBD7,0xBA8,0xB89,0xB82,0xB7D,
0xB74,0xB32,0xAEC,0xAAD,0xA7B,0xAB2,
0xB1D,0xB52,0xB6E,0xB9B,0xB96,0xB5B,
0xB1D,0xACE,0xA6D,0xA23,0x9F1,0x9CE,
0x9C7,0x9C8,0x9F2,0xA60,0xAD6,0xB59,
0xB9C,0xB3D,0xABA,0xA59,0x9F0,0x9A9,
0x9C0,0xA38,0xADD,0xB96,0xC34,0xC73,
0xC7A,0xC35,0xB9E,0xB31,0xB06,0xB08,
0xB3D,0xB8C,0xBBD,0xBC7,0xBCF,0xB97,
0xB16,0xAC2,0xA96,0xA92,0xABA,0xACA,
0xAEE,0xB39,0xB68,0xB59,0xAF7,0xA6F,
0xA19,0xA15,0xA3C,0xA6E,0xAD5,0xB4E,
0xB80,0xB8E,0xB94,0xB90,0xB70,0xB17,
0xABD,0xA8C,0xA7D,0xA96,0xAE3,0xB71,
0xC19,0xC63,0xC5E,0xC6F,0xC6B,0xC21,
0xBE1,0xBF3,0xBF6,0xBB6,0xB9C,0xB5E,
0xAE0,0xAA8,0xA7B,0xA3B,0xA44,0xA9D,
0xAFA,0xB39,0xBA1,0xBD1,0xB68,0xAEB,
0xA6E,0x9DD,0x994,0x9AA,0xA11,0xA9E,
0xB1A,0xB6B,0xB8B,0xBB3,0xBCC,0xBC1,
0xBCF,0xBBC,0xB8C,0xB7E,0xB7C,0xB7F,
0xB55,0xB0C,0xAD7,0xA9E,0xAA3,0xB0C,
0xB64,0xB81,0xBA4,0xBAF,0xB77,0xB2B,
0xAEE,0xA9C,0xA45,0xA16,0x9F1,0x9D5,
0x9D0,0x9D6,0xA22,0xA8F,0xB01,0xB80,
0xB7A,0xAF2,0xA7F,0xA1E,0x9CE,0x9BB,
0x9F8,0xA74,0xB1A,0xBDC,0xC4C,0xC5B,
0xC4F,0xBE2,0xB40,0xAE5,0xAD1,0xAF2,
0xB3B,0xB89,0xBA6,0xBA9,0xBA9,0xB4F,
0xAD1,0xA93,0xA7D,0xA92,0xAB0,0xAC3,
0xB00,0xB44,0xB50,0xB14,0xAA0,0xA23,
0x9E4,0xA01,0xA3F,0xA9D,0xB22,0xB6E,
0xB80,0xB80,0xB74,0xB6C,0xB37,0xAD1,
0xA84,0xA6A,0xA71,0xA9B,0xB05,0xBAD,
0xC37,0xC62,0xC72,0xC7A,0xC4F,0xBFB,
0xBDF,0xBF7,0xBD7,0xBB3,0xB98,0xB2C,
0xACC,0xA99,0xA52,0xA2B,0xA57,0xAB7,
0xB07,0xB64,0xBD6,0xBC8,0xB55,0xAE1,
0xA57,0x9E3,0x9B7,0x9E0,0xA50,0xACD,
0xB36,0xB66,0xB86,0xBC4,0xBD3,0xBD7,
0xBE6,0xBC4,0xBAA,0xBA4,0xBA1,0xB9A,
0xB67,0xB1D,0xACA,0xA83,0xAA8,0xB0E,
0xB40,0xB65,0xB9A,0xB91,0xB58,0xB30,
0xAFD,0xAA0,0xA50,0xA14,0x9D2,0x9BD,
0x9C1,0x9DD,0xA42,0xAAE,0xB1C,0xB67,
0xB1E,0xAA2,0xA41,0x9E4,0x9C0,0x9E7,
0xA4E,0xADE,0xB8B,0xC1A,0xC37,0xC2B,
0xBF5,0xB5C,0xAE0,0xAC4,0xAD7,0xB19,
0xB83,0xBD0,0xBD7,0xBD7,0xBA7,0xB17,
0xAA5,0xA71,0xA5B,0xA7B,0xAA4,0xAE2,
0xB36,0xB63,0xB58,0xB13,0xA97,0xA1F,
0xA02,0xA2F,0xA6A,0xADA,0xB46,0xB67,
0xB6E,0xB67,0xB5E,0xB52,0xB16,0xABF,
0xA86,0xA85,0xAA9,0xAE8,0xB70,0xC11,
0xC54,0xC53,0xC56,0xC4A,0xC09,0xBD7,
0xBF3,0xBFC,0xBDD,0xBD0,0xB8F,0xB19,
0xACC,0xA82,0xA45,0xA51,0xAA1,0xB08,
0xB59,0xBB5,0xBE2,0xB8E,0xB13,0xA93,
0xA1D,0x9D5,0x9CF,0xA26,0xAA1,0xB15,
0xB64,0xB7E,0xBA9,0xBB8,0xB9D,0xBAA,
0xBA3,0xB7F,0xB7E,0xB84,0xB98,0xB96,
0xB5B,0xB08,0xAA8,0xA7C,0xAC2,0xB0E,
0xB1E,0xB4A,0xB72,0xB46,0xB13,0xAFE,
0xABE,0xA71,0xA42,0x9F9,0x9BE,0x9C1,
0x9C9,0xA08,0xA87,0xAF4,0xB59,0xB62,
0xAEE,0xA77,0xA14,0x9C8,0x9BD,0xA04,
0xA8C,0xB35,0xBE7,0xC46,0xC42,0xC22,
0xBAB,0xB05,0xABA,0xAAF,0xAC7,0xB17,
0xB7F,0xBB2,0xBC8,0xBDD,0xB87,0xAFD,
0xAA7,0xA69,0xA5F,0xA87,0xAB4,0xB00,
0xB4A,0xB68,0xB42,0xAD5,0xA50,0xA07,
0xA1D,0xA4D,0xA95,0xB18,0xB6A,0xB80,
0xB88,0xB79,0xB66,0xB41,0xAF4,0xA9A,
0xA66,0xA78,0xAA3,0xAFC,0xBB1,0xC46,
0xC66,0xC6A,0xC6B,0xC2E,0xBD6,0xBD4,
0xBF7,0xBD3,0xBB6,0xBA0,0xB41,0xADC,
0xA8F,0xA40,0xA2E,0xA66,0xAC9,0xB2A,
0xB80,0xBD2,0xBBC,0xB3F,0xABA,0xA3F,
0x9DE,0x9B3,0x9DD,0xA54,0xADC,0xB4F,
0xB83,0xBA3,0xBC2,0xBA4,0xB8C,0xB95,
0xB7B,0xB7B,0xB97,0xBAD,0xBBE,0xB91,
0xB3C,0xADE,0xA85,0xA8C,0xAEA,0xB22,
0xB44,0xB8A,0xB94,0xB55,0xB32,0xB03,
0xAA8,0xA71,0xA40,0x9F4,0x9DC,0x9E4,
0xA04,0xA77,0xAFA,0xB6C,0xBAF,0xB66,
0xAD1,0xA50,0x9E3,0x9A5,0x9C7,0xA47,
0xAEB,0xBA7,0xC46,0xC72,0xC5F,0xC10,
0xB63,0xAE0,0xAC2,0xAD2,0xB0A,0xB72,
0xBCC,0xBE2,0xBF3,0xBD0,0xB4A,0xAE1,
0xA9D,0xA68,0xA7A,0xAA8,0xADC,0xB1E,
0xB47,0xB42,0xAF8,0xA7A,0xA0C,0x9FD,
0xA3E,0xA79,0xADA,0xB49,0xB66,0xB62,
0xB50,0xB2D,0xB0E,0xADF,0xA99,0xA5A,
0xA55,0xA7D,0xAB4,0xB3B,0xBFC,0xC56,
0xC5A,0xC68,0xC50,0xBE2,0xB94,0xBB6,
0xBCB,0xBA2,0xB8D,0xB50,0xAE5,0xAA1,
0xA5D,0xA23,0xA3A,0xA88,0xAF0,0xB55,
0xBB2,0xBDB,0xB7A,0xAEA,0xA64,0x9E3,
0x99F,0x9A2,0x9F4,0xA7D,0xB0C,0xB6B,
0xB95,0xBC1,0xBC0,0xB90,0xB96,0xB97,
0xB7D,0xB92,0xBAE,0xBD0,0xBD2,0xB90,
0xB35,0xAD9,0xAAA,0xADB,0xB24,0xB47,
0xB7D,0xBB2,0xB91,0xB55,0xB27,0xAD0,
0xA83,0xA55,0xA11,0x9ED,0x9FA,0xA06,
0xA4D,0xACE,0xB41,0xBA8,0xBAD,0xB25,
0xA8A,0xA1A,0x9C7,0x9B3,0xA0E,0xAA8,
0xB58,0xC1A,0xC85,0xC82,0xC63,0xBE8,
0xB39,0xAE0,0xAD0,0xAE8,0xB2C,0xB94,
0xBCC,0xBD9,0xBEB,0xB99,0xB0B,0xAC0,
0xA81,0xA60,0xA72,0xA91,0xAD6,0xB1A,
0xB42,0xB30,0xAC5,0xA47,0x9F7,0xA04,
0xA3C,0xA7C,0xAE9,0xB3B,0xB4B,0xB58,
0xB4A,0xB2B,0xB02,0xABD,0xA71,0xA44,
0xA55,0xA86,0xADA,0xB83,0xC25,0xC54,
0xC5E,0xC65,0xC2A,0xBC5,0xBAA,0xBCB,
0xBB7,0xB8F,0xB72,0xB1D,0xAC1,0xA89,
0xA46,0xA3A,0xA7D,0xADD,0xB3C,0xB8F,
0xBD8,0xBB8,0xB30,0xAAF,0xA30,0x9CD,
0x9B4,0x9DF,0xA49,0xAD9,0xB57,0xB8D,
0xBA9,0xBCB,0xBB1,0xB9E,0xBA6,0xB87,
0xB87,0xBAB,0xBCB,0xBDB,0xBB2,0xB65,
0xB0E,0xAB6,0xAAF,0xAFC,0xB42,0xB6D,
0xBAE,0xBC4,0xB88,0xB55,0xB10,0xAB4,
0xA7F,0xA36,0x9EF,0x9EA,0x9F2,0xA1B,
0xA90,0xB08,0xB73,0xBC0,0xB80,0xAE1,
0xA60,0x9F2,0x99D,0x9BA,0xA3F,0xAE0,
0xB9C,0xC41,0xC6F,0xC5D,0xC23,0xB7F,
0xAEC,0xAC3,0xACB,0xAF3,0xB4C,0xBA8,
0xBBB,0xBC3,0xBB3,0xB3D,0xAD4,0xA9A,
0xA5F,0xA5F,0xA86,0xAC5,0xB14,0xB3B,
0xB44,0xB03,0xA7B,0xA0C,0x9E9,0xA16,
0xA55,0xAB3,0xB23,0xB4B,0xB59,0xB5E,
0xB42,0xB22,0xAE3,0xA87,0xA3B,0xA21,
0xA4E,0xA99,0xB1F,0xBDA,0xC3F,0xC50,
0xC60,0xC55,0xC05,0xBB4,0xBBD,0xBD4,
0xBB5,0xB9B,0xB69,0xB07,0xAB7,0xA75,
0xA45,0xA57,0xAA9,0xB08,0xB56,0xBC1,
0xC00,0xBA1,0xB07,0xA87,0xA15,0x9D2,
0x9CF,0xA0C,0xA83,0xB10,0xB72,0xB9A,
0xBCB,0xBD7,0xBA9,0xBA5,0xB9D,0xB85,
0xB97,0xBB7,0xBE3,0xBE3,0xB99,0xB43,
0xAE9,0xAA6,0xAC4,0xB09,0xB36,0xB74,
0xBB8,0xBA2,0xB67,0xB4B,0xAF4,0xA99,
0xA65,0xA17,0x9F3,0x9F8,0x9F3,0xA36,
0xAB1,0xB19,0xB84,0xB99,0xB25,0xA95,
0xA2F,0x9DB,0x9C8,0xA26,0xAAB,0xB45,
0xBFB,0xC5F,0xC4C,0xC25,0xBBE,0xB20,
0xACE,0xACE,0xAE9,0xB25,0xB83,0xBB2,
0xBBA,0xBCB,0xB84,0xB03,0xABC,0xA83,
0xA65,0xA76,0xA8C,0xAD1,0xB16,0xB30,
0xB25,0xACF,0xA5B,0xA1D,0xA31,0xA65,
0xA95,0xAEE,0xB2C,0xB3C,0xB4F,0xB3D,
0xB25,0xB07,0xABB,0xA77,0xA53,0xA64,
0xA9D,0xAE5,0xB78,0xC13,0xC40,0xC39,
0xC34,0xC09,0xBAD,0xB8A,0xBB6,0xBAD,
0xB94,0xB85,0xB38,0xADC,0xA9A,0xA5F,
0xA47,0xA72,0xACE,0xB18,0xB51,0xBA4,
0xB9E,0xB23,0xAA3,0xA40,0x9FC,0x9E7,
0xA05,0xA60,0xAD9,0xB3F,0xB65,0xB73,
0xB8B,0xB7B,0xB81,0xBA2,0xB8F,0xB83,
0xB9A,0xBBE,0xBDF,0xBAC,0xB53,0xB16,
0xAC1,0xA95,0xAC9,0xB03,0xB2E,0xB73,
0xB99,0xB7E,0xB6D,0xB3E,0xACD,0xA8B,
0xA5C,0xA0E,0x9F6,0x9F2,0xA08,0xA6E,
0xAD5,0xB43,0xBA2,0xB7A,0xAE4,0xA63,
0xA1B,0x9F0,0xA0D,0xA7E,0xB05,0xBAD,
0xC43,0xC56,0xC34,0xC05,0xB7C,0xAF6,
0xAD6,0xAF1,0xB19,0xB66,0xBB3,0xBD2,
0xBF4,0xBE3,0xB68,0xAFC,0xAB3,0xA70,
0xA68,0xA74,0xA9E,0xAF5,0xB2F,0xB38,
0xB14,0xAB1,0xA44,0xA1F,0xA46,0xA74,
0xABC,0xB12,0xB31,0xB43,0xB44,0xB2B,
0xB17,0xADE,0xA8D,0xA60,0xA61,0xA95,
0xAD7,0xB3D,0xBDB,0xC3B,0xC3D,0xC2B,
0xC14,0xBCD,0xB7F,0xB9C,0xBCF,0xBBB,
0xBA3,0xB68,0xB06,0xAC0,0xA83,0xA4E,
0xA46,0xA86,0xAE2,0xB0C,0xB4D,0xB97,
0xB63,0xAEA,0xA8B,0xA44,0xA16,0xA0B,
0xA35,0xA89,0xB00,0xB4F,0xB53,0xB76,
0xB8E,0xB78,0xB8D,0xB97,0xB83,0xB9E,
0xBC7,0xBF0,0xBFC,0xBB8,0xB5D,0xAF9,
0xAA2,0xAB6,0xB03,0xB2D,0xB5C,0xBA1,
0xBA7,0xB81,0xB64,0xB16,0xAB3,0xA79,
0xA28,0x9F1,0x9FC,0x9F4,0xA1E,0xA97,
0xB0B,0xB7C,0xB98,0xB26,0xA9A,0xA4C,
0xA17,0xA01,0xA4F,0xAD7,0xB55,0xBE3,
0xC3B,0xC2C,0xC0E,0xBB7,0xB1E,0xACE,
0xAD7,0xAF5,0xB30,0xB94,0xBDE,0xC03,
0xC16,0xBC5,0xB3A,0xAC8,0xA5C,0xA24,
0xA2D,0xA45,0xA97,0xB0C,0xB52,0xB51,
0xB0E,0xA94,0xA2C,0xA27,0xA4C,0xA73,
0xAC1,0xB02,0xB20,0xB2E,0xB19,0xB04,
0xAEC,0xAAF,0xA74,0xA61,0xA7B,0xAB5,
0xB0B,0xB93,0xC0E,0xC37,0xC28,0xC0F,
0xBEB,0xB9C,0xB7B,0xBBA,0xBCC,0xBB2,
0xBA1,0xB55,0xAF6,0xAB1,0xA74,0xA4A,
0xA55,0xAA0,0xADF,0xB0B,0xB6B,0xB93,
0xB4A,0xAF5,0xAA9,0xA64,0xA3D,0xA48,
0xA76,0xAB9,0xB0C,0xB29,0xB3F,0xB84,
0xB8E,0xB97,0xBC9,0xBBD,0xBAD,0xBCB,
0xBEA,0xBFE,0xBD3,0xB79,0xB27,0xAC9,
0xA9E,0xAD5,0xB13,0xB37,0xB7B,0xBAB,
0xB99,0xB88,0xB62,0xAFF,0xAB5,0xA70,
0xA12,0x9E8,0x9DD,0x9DA,0xA34,0xAB9,
0xB33,0xBA2,0xB90,0xB08,0xA93,0xA3F,
0x9F5,0x9EF,0xA4E,0xACE,0xB57,0xBED,
0xC1D,0xC05,0xBEC,0xB76,0xAE3,0xAC3,
0xAE5,0xB14,0xB6F,0xBD0,0xBF5,0xC05,
0xBEE,0xB76,0xAF4,0xA8F,0xA35,0xA22,
0xA3D,0xA67,0xAC9,0xB32,0xB59,0xB3F,
0xAE3,0xA67,0xA2C,0xA40,0xA5F,0xA9B,
0xAEA,0xB19,0xB33,0xB35,0xB1F,0xB0E,
0xAE8,0xA98,0xA5C,0xA5E,0xA79,0xAB1,
0xB2D,0xBC9,0xC2B,0xC3B,0xC27,0xC10,
0xBD0,0xB84,0xB9C,0xBD9,0xBD2,0xBBD,
0xB92,0xB30,0xAD9,0xA90,0xA4D,0xA35,
0xA69,0xAC0,0xB00,0xB56,0xBB1,0xB89,
0xB17,0xABE,0xA72,0xA30,0xA1B,0xA3F,
0xA7C,0xAD5,0xB15,0xB1C,0xB5A,0xB93,
0xB7E,0xB97,0xBB5,0xBA4,0xBB9,0xBDC,
0xBFB,0xC00,0xBB9,0xB58,0xAE3,0xA79,
0xA7E,0xAD0,0xB09,0xB41,0xB8B,0xB9C,
0xB8B,0xB7E,0xB36,0xAD7,0xA9A,0xA45,
0x9F2,0x9DD,0x9CB,0x9E8,0xA68,0xAF0,
0xB6F,0xBAE,0xB51,0xAC8,0xA6E,0xA20,
0x9E7,0xA0F,0xA8C,0xB19,0xBB7,0xC23,
0xC13,0xBFA,0xBBF,0xB19,0xABB,0xAD5,
0xAFB,0xB3C,0xBA0,0xBD9,0xBE5,0xBF5,
0xBBD,0xB42,0xAE5,0xA85,0xA3D,0xA38,
0xA4A,0xA7B,0xADC,0xB34,0xB4A,0xB16,
0xAA3,0xA3D,0xA2D,0xA45,0xA73,0xAC9,
0xB0A,0xB22,0xB24,0xB11,0xB0E,0xB08,
0xACB,0xA83,0xA72,0xA89,0xA9D,0xAD9,
0xB69,0xBFE,0xC35,0xC1D,0xBFE,0xBE0,
0xB9A,0xB7B,0xBB4,0xBD0,0xBC4,0xBBD,
0xB73,0xB05,0xAAF,0xA61,0xA2E,0xA34,
0xA7E,0xAD0,0xB14,0xB88,0xBB1,0xB42,
0xACF,0xA82,0xA44,0xA29,0xA37,0xA69,
0xAB5,0xB07,0xB1A,0xB30,0xB7B,0xB80,
0xB74,0xBA2,0xBA6,0xBA7,0xBC8,0xBE8,
0xC0F,0xBF5,0xB8A,0xB1A,0xAA8,0xA67,
0xA95,0xAE5,0xB22,0xB68,0xB95,0xB86,
0xB70,0xB50,0xAFF,0xAB8,0xA81,0xA2D,
0x9FF,0x9F2,0x9DE,0xA25,0xAA9,0xB1F,
0xB84,0xB80,0xB0B,0xA99,0xA55,0xA19,
0xA0A,0xA67,0xAEB,0xB6F,0xC03,0xC33,
0xC12,0xBF2,0xB6E,0xAC7,0xAAC,0xADF,
0xB1A,0xB81,0xBE3,0xC04,0xC14,0xBFC,
0xB83,0xB01,0xA9D,0xA4B,0xA3E,0xA58,
0xA83,0xADE,0xB3C,0xB63,0xB45,0xADE,
0xA65,0xA34,0xA45,0xA66,0xAAA,0xB02,
0xB31,0xB2D,0xB07,0xAEC,0xAF0,0xAD4,
0xA93,0xA6D,0xA78,0xAA6,0xADD,0xB3A,
0xBCA,0xC31,0xC2E,0xBF7,0xBD5,0xBAD,
0xB71,0xB83,0xBCA,0xBD2,0xBCA,0xBB3,
0xB51,0xAED,0xA99,0xA4D,0xA30,0xA5E,
0xAB0,0xAEC,0xB4A,0xBB8,0xB9F,0xB34,
0xAD9,0xA81,0xA46,0xA37,0xA57,0xAA0,
0xAF8,0xB2D,0xB3D,0xB76,0xB98,0xB6F,
0xB72,0xB90,0xB95,0xBB2,0xBD6,0xC0D,
0xC3A,0xBFB,0xB86,0xB19,0xAAF,0xA97,
0xAD8,0xB18,0xB4D,0xB8F,0xBAB,0xB9B,
0xB82,0xB49,0xAF4,0xAB0,0xA66,0xA1B,
0xA00,0x9E7,0x9FC,0xA6F,0xAEF,0xB60,
0xBA3,0xB6A,0xAE1,0xA79,0xA36,0x9FD,
0xA22,0xAB2,0xB39,0xBC0,0xC30,0xC33,
0xC20,0xBE2,0xB37,0xACB,0xAE5,0xB16,
0xB56,0xBB5,0xBE1,0xBE4,0xBF0,0xBB1,
0xB32,0xACA,0xA74,0xA4A,0xA56,0xA71,
0xAA9,0xAF9,0xB36,0xB49,0xB10,0xA98,
0xA3C,0xA31,0xA53,0xA87,0xAD0,0xB16,
0xB31,0xB15,0xAEC,0xAE3,0xAD7,0xAA6,
0xA81,0xA6C,0xA70,0xA9A,0xAE2,0xB67,
0xC04,0xC4C,0xC2E,0xBFF,0xBE4,0xB9D,
0xB57,0xB7E,0xBB7,0xBC5,0xBD1,0xB99,
0xB26,0xAC3,0xA69,0xA1E,0xA17,0xA62,
0xAB7,0xB06,0xB82,0xBB4,0xB5D,0xAF3,
0xA92,0xA35,0xA05,0xA15,0xA5A,0xAB6,
0xB04,0xB24,0xB40,0xB79,0xB7C,0xB6A,
0xB87,0xB95,0xBA3,0xBCE,0xBFC,0xC35,
0xC2C,0xBB9,0xB3C,0xAC7,0xA6F,0xA7A,
0xABE,0xAFC,0xB41,0xB81,0xB91,0xB7D,
0xB52,0xB07,0xABA,0xA78,0xA2E,0xA01,
0x9E8,0x9D0,0xA0A,0xA88,0xB04,0xB73,
0xB92,0xB2C,0xAA8,0xA4C,0x9FA,0x9E0,
0xA3F,0xAC9,0xB4B,0xBE1,0xC2F,0xC1D,
0xBFD,0xB8C,0xAEA,0xAC3,0xAF0,0xB1E,
0xB78,0xBCA,0xBD5,0xBDC,0xBCB,0xB6D,
0xB05,0xAB8,0xA7F,0xA75,0xA7E,0xA8E,
0xAC7,0xB07,0xB2B,0xB26,0xADD,0xA6A,
0xA32,0xA3E,0xA65,0xAA6,0xAF4,0xB28,
0xB2C,0xB07,0xAEB,0xAE6,0xACC,0xAA4,
0xA8B,0xA86,0xA9A,0xAC5,0xB20,0xBB0,
0xC21,0xC2B,0xBF1,0xBC9,0xBA7,0xB65,
0xB60,0xBA9,0xBCC,0xBDC,0xBD7,0xB74,
0xAF8,0xA9A,0xA43,0xA19,0xA4E,0xAA9,
0xAE9,0xB47,0xBAF,0xB95,0xB1C,0xAAE,
0xA53,0xA1A,0xA1D,0xA63,0xAC1,0xB14,
0xB4D,0xB4F,0xB5E,0xB7A,0xB65,0xB68,
0xB8C,0xB93,0xBB2,0xBF3,0xC2A,0xC4D,
0xC18,0xBA4,0xB36,0xAC5,0xA8C,0xAAE,
0xADD,0xB0D,0xB4A,0xB74,0xB7D,0xB81,
0xB5E,0xB11,0xADB,0xA9B,0xA43,0xA09,
0x9CA,0x9B9,0xA26,0xAB8,0xB3D,0xB9B,
0xB77,0xAF9,0xA92,0xA33,0x9E8,0xA10,
0xA9E,0xB2C,0xBBE,0xC3F,0xC52,0xC22,
0xBCB,0xB19,0xA95,0xAAD,0xAED,0xB41,
0xBBD,0xBFA,0xBFF,0xC00,0xBBF,0xB3F,
0xAD8,0xA92,0xA6D,0xA76,0xA7F,0xA94,
0xADA,0xB18,0xB22,0xAF7,0xA8F,0xA38,
0xA37,0xA63,0xA9B,0xAEB,0xB2D,0xB41,
0xB29,0xAF7,0xAD7,0xAC0,0xA9A,0xA7B,
0xA71,0xA84,0xAA8,0xAE2,0xB59,0xBEA,
0xC23,0xBEF,0xBB5,0xB9C,0xB66,0xB3C,
0xB77,0xBBB,0xBD7,0xBF3,0xBC9,0xB42,
0xAC4,0xA63,0xA20,0xA28,0xA73,0xAB8,
0xAFD,0xB75,0xBB2,0xB61,0xAE5,0xA85,
0xA42,0xA24,0xA41,0xA97,0xAE6,0xB2A,
0xB4B,0xB3F,0xB58,0xB6F,0xB67,0xB8A,
0xB9D,0xB9A,0xBCE,0xC12,0xC44,0xC38,
0xBDE,0xB7F,0xB17,0xAAA,0xA98,0xAC0,
0xAE0,0xB19,0xB5A,0xB74,0xB85,0xB8B,
0xB57,0xB17,0xAEF,0xA99,0xA42,0xA07,
0x9C2,0x9D9,0xA5B,0xADC,0xB5C,0xB95,
0xB42,0xAD4,0xA78,0xA15,0x9F0,0xA4D,
0xAE0,0xB66,0xBF8,0xC52,0xC38,0xBF8,
0xB77,0xAC1,0xA87,0xAC5,0xB04,0xB63,
0xBD1,0xBF7,0xBFB,0xBEE,0xB93,0xB1A,
0xACD,0xA8E,0xA6E,0xA71,0xA75,0xAA3,
0xAFC,0xB2B,0xB2B,0xAF6,0xA8A,0xA50,
0xA55,0xA5F,0xA8C,0xADA,0xB11,0xB17,
0xAFE,0xAE2,0xACD,0xAB3,0xA96,0xA7A,
0xA76,0xA96,0xAC7,0xB18,0xBA4,0xC17,
0xC11,0xBD0,0xBA7,0xB7B,0xB2B,0xB28,
0xB80,0xBB8,0xBD5,0xBED,0xB9F,0xB13,
0xAA3,0xA47,0xA1C,0xA42,0xA92,0xAD5,
0xB34,0xBA6,0xBA4,0xB36,0xAC1,0xA66,
0xA23,0xA0B,0xA40,0xA9D,0xAF1,0xB37,
0xB47,0xB4A,0xB73,0xB73,0xB6D,0xB8B,
0xB8B,0xB9F,0xBE2,0xC21,0xC3E,0xC00,
0xB94,0xB39,0xAC3,0xA79,0xA98,0xAC3,
0xAEC,0xB36,0xB6A,0xB74,0xB88,0xB80,
0xB3D,0xB0B,0xAD2,0xA6A,0xA20,0x9D9,
0x9B1,0xA0C,0xA99,0xB1F,0xB9A,0xB88,
0xB13,0xAA7,0xA3A,0x9E2,0x9FD,0xA87,
0xB1A,0xBAE,0xC3F,0xC5F,0xC28,0xBDF,
0xB3A,0xA9B,0xA95,0xACA,0xB14,0xB91,
0xBF1,0xC00,0xC05,0xBE3,0xB62,0xAF0,
0xAA6,0xA65,0xA63,0xA78,0xA93,0xAE9,
0xB36,0xB4C,0xB36,0xAD2,0xA6E,0xA59,
0xA65,0xA7F,0xABD,0xAFC,0xB14,0xB0B,
0xAF2,0xAE3,0xAD9,0xAC7,0xAAE,0xA9E,
0xAA0,0xAB7,0xAE7,0xB4D,0xBE2,0xC29,
0xBF8,0xBB3,0xB8F,0xB52,0xB1C,0xB5A,
0xBBA,0xBE1,0xC05,0xBED,0xB67,0xAEA,
0xA82,0xA2D,0xA23,0xA63,0xABA,0xB09,
0xB7B,0xBCA,0xB89,0xB0A,0xAA5,0xA56,
0xA26,0xA32,0xA7C,0xAD4,0xB20,0xB4C,
0xB46,0xB57,0xB70,0xB59,0xB69,0xB87,
0xB93,0xBD0,0xC0C,0xC33,0xC2E,0xBC9,
0xB58,0xAEC,0xA75,0xA72,0xABB,0xAE2,
0xB19,0xB64,0xB7A,0xB67,0xB5D,0xB2A,
0xAE4,0xAC3,0xA7C,0xA28,0x9F4,0x9BE,
0x9DB,0xA58,0xAD4,0xB5A,0xB9B,0xB4B,
0xAD4,0xA63,0x9F5,0x9CE,0xA27,0xAC1,
0xB46,0xBD6,0xC3E,0xC31,0xBFC,0xB97,
0xAE3,0xA83,0xAAC,0xAE9,0xB3D,0xBB5,
0xBEC,0xBF2,0xC06,0xBC0,0xB34,0xADC,
0xA8E,0xA5B,0xA61,0xA6B,0xA9C,0xAF3,
0xB2A,0xB3A,0xB03,0xA9D,0xA61,0xA5E,
0xA79,0xA9E,0xADB,0xB03,0xAF7,0xAD9,
0xABC,0xAB2,0xAA7,0xA8B,0xA85,0xA8B,
0xA9D,0xAD1,0xB18,0xB9F,0xC29,0xC27,
0xBD4,0xBA2,0xB78,0xB32,0xB28,0xB81,
0xBBF,0xBDA,0xBEE,0xB97,0xB0E,0xAAD,
0xA4E,0xA1D,0xA3F,0xA98,0xAF5,0xB50,
0xBBB,0xBB8,0xB32,0xAB9,0xA67,0xA2E,
0xA29,0xA54,0xAA7,0xB0C,0xB55,0xB63,
0xB5A,0xB74,0xB79,0xB72,0xB95,0xBA2,
0xBBE,0xC03,0xC34,0xC4C,0xC19,0xBAB,
0xB43,0xACF,0xA88,0xAAC,0xADE,0xAFC,
0xB3C,0xB7A,0xB80,0xB79,0xB6D,0xB2C,
0xAEF,0xAB8,0xA58,0xA0B,0x9D7,0x9CB,
0xA22,0xA9D,0xB21,0xB90,0xB80,0xB15,
0xA9F,0xA35,0x9EA,0x9FB,0xA82,0xB19,
0xBA4,0xC35,0xC62,0xC3B,0xBFF,0xB6B,
0xAC8,0xAB1,0xAF4,0xB30,0xB80,0xBCA,
0xBCD,0xBE2,0xBE9,0xB71,0xAFF,0xAC9,
0xA95,0xA96,0xAA3,0xAA7,0xAE6,0xB2B,
0xB3E,0xB1E,0xABD,0xA62,0xA47,0xA5F,
0xA89,0xAC5,0xB12,0xB27,0xAFD,0xAD4,
0xABA,0xAA3,0xA8E,0xA7B,0xA72,0xA87,
0xAC3,0xB09,0xB6C,0xBF5,0xC2D,0xBEE,
0xB9B,0xB71,0xB42,0xB09,0xB35,0xB93,
0xBB8,0xBE0,0xBD5,0xB5F,0xAF3,0xA91,
0xA3C,0xA2B,0xA6A,0xACF,0xB1C,0xB7D,
0xBBF,0xB71,0xAE7,0xA80,0xA41,0xA27,
0xA3C,0xA89,0xADE,0xB28,0xB5E,0xB51,
0xB56,0xB7C,0xB6B,0xB7E,0xBA3,0xBA2,
0xBD4,0xC0E,0xC2D,0xC28,0xBC5,0xB52,
0xAF2,0xA90,0xA86,0xAC0,0xAEF,0xB1F,
0xB63,0xB8E,0xB90,0xB94,0xB75,0xB24,
0xAE8,0xA98,0xA2E,0x9E8,0x9B7,0x9D3,
0xA4E,0xACF,0xB5A,0xB9E,0xB54,0xADF,
0xA70,0xA07,0x9E2,0xA28,0xAAE,0xB3F,
0xBD5,0xC3D,0xC3A,0xC10,0xBC0,0xB10,
0xA97,0xAB9,0xAF6,0xB3C,0xB9C,0xBBB,
0xBB2,0xBD3,0xBA1,0xB19,0xAD2,0xAB5,
0xAA0,0xAAB,0xAAC,0xABF,0xB07,0xB3C,
0xB35,0xAF5,0xA94,0xA55,0xA57,0xA80,
0xAB3,0xB04,0xB47,0xB38,0xB03,0xAE2,
0xAD0,0xAC3,0xAA8,0xA7C,0xA63,0xA86,
0xAD0,0xB29,0xBAF,0xC32,0xC42,0xBEB,
0xB99,0xB67,0xB1D,0xAFC,0xB4B,0xBA0,
0xBDD,0xC09,0xBC0,0xB3E,0xACE,0xA60,
0xA29,0xA3E,0xA92,0xAFC,0xB53,0xBB5,
0xBC3,0xB49,0xAB7,0xA59,0xA1F,0xA13,
0xA55,0xAB7,0xB10,0xB65,0xB6E,0xB47,
0xB54,0xB4D,0xB3D,0xB6B,0xB89,0xBB0,
0xBFB,0xC30,0xC52,0xC1E,0xB99,0xB25,
0xAB0,0xA62,0xA81,0xAC6,0xAFA,0xB3C,
0xB7B,0xB85,0xB8A,0xB81,0xB36,0xAF6,
0xAC9,0xA70,0xA25,0x9F1,0x9D8,0xA27,
0xAAA,0xB2C,0xB99,0xB90,0xB1C,0xA99,
0xA24,0x9E2,0x9FA,0xA74,0xB14,0xBAE,
0xC3A,0xC69,0xC38,0xBF9,0xB73,0xAC2,
0xA95,0xAD0,0xB12,0xB6E,0xBB3,0xBB0,
0xBB9,0xBC5,0xB62,0xAEF,0xACA,0xAB2,
0xAAC,0xAAA,0xA9D,0xAD0,0xB10,0xB20,
0xB06,0xAAC,0xA53,0xA37,0xA47,0xA83,
0xADD,0xB2F,0xB55,0xB35,0xAF8,0xAE4,
0xAD6,0xAA4,0xA6E,0xA47,0xA41,0xA74,
0xACC,0xB41,0xBD4,0xC42,0xC33,0xBD0,
0xB86,0xB41,0xAE7,0xAE5,0xB35,0xB83,
0xBD0,0xBE0,0xB8D,0xB1C,0xAA7,0xA50,
0xA34,0xA5F,0xAC5,0xB1B,0xB72,0xBBB,
0xB82,0xAEF,0xA76,0xA30,0xA08,0xA17,
0xA7B,0xADD,0xB2D,0xB73,0xB62,0xB52,
0xB68,0xB44,0xB4E,0xB81,0xB8F,0xBCB,
0xC17,0xC3F,0xC42,0xBEA,0xB65,0xAF3,
0xA96,0xA79,0xAA8,0xAF4,0xB36,0xB6A,
0xB8C,0xB8A,0xB7E,0xB58,0xB0C,0xAE1,
0xAAC,0xA4C,0xA10,0x9E2,0x9E5,0xA5E,
0xAE5,0xB60,0xBAE,0xB73,0xAE3,0xA4E,
0x9D6,0x9B3,0x9FB,0xA97,0xB40,0xBE5,
0xC66,0xC6A,0xC2B,0xBCF,0xB16,0xA87,
0xA8B,0xAB8,0xB0F,0xB84,0xBB6,0xBC0,
0xBDA,0xBB9,0xB4A,0xAFB,0xAD6,0xABA,
0xAB0,0xA9F,0xAAC,0xAF4,0xB24,0xB2A,
0xAFA,0xA94,0xA4F,0xA4A,0xA76,0xAB9,
0xB06,0xB43,0xB45,0xB13,0xAF3,0xAF5,
0xAE8,0xAB6,0xA8A,0xA78,0xA84,0xAC0,
0xB16,0xB89,0xC11,0xC4E,0xC1E,0xBC9,
0xB95,0xB55,0xB14,0xB42,0xB90,0xBBE,
0xBEE,0xBC9,0xB4E,0xADA,0xA75,0xA3E,
0xA49,0xA9B,0xB09,0xB5B,0xBB0,0xBC7,
0xB50,0xAB6,0xA59,0xA17,0x9F5,0xA39,
0xAB2,0xB06,0xB5C,0xB84,0xB58,0xB50,
0xB45,0xB1B,0xB46,0xB77,0xB95,0xBE8,
0xC2E,0xC4A,0xC29,0xBBA,0xB38,0xAC5,
0xA75,0xA6A,0xAA1,0xAEF,0xB34,0xB71,
0xB8B,0xB90,0xB90,0xB5B,0xB19,0xAE7,
0xA7D,0xA14,0x9D8,0x9AE,0x9F8,0xA9B,
0xB29,0xBA5,0xBC3,0xB58,0xABC,0xA2B,
0x9CE,0x9C9,0xA34,0xAD8,0xB82,0xC35,
0xC8D,0xC62,0xC1D,0xB94,0xAD3,0xA87,
0xA9F,0xAD5,0xB43,0xBAF,0xBCD,0xBD9,
0xBEB,0xBA1,0xB33,0xAFE,0xACB,0xAA6,
0xA97,0xA81,0xAB6,0xB04,0xB21,0xB23,
0xADF,0xA7D,0xA5E,0xA75,0xA9C,0xACF,
0xB05,0xB1B,0xAFD,0xAD1,0xAC1,0xAC1,
0xAA5,0xA70,0xA5A,0xA61,0xA82,0xACF,
0xB2F,0xBA6,0xC18,0xC1E,0xBC1,0xB74,
0xB45,0xAFA,0xAF0,0xB4F,0xB94,0xBC7,
0xBEC,0xB9B,0xB0F,0xAA0,0xA4D,0xA26,
0xA4A,0xAB0,0xB11,0xB6D,0xBCA,0xBAF,
0xB20,0xAA6,0xA5E,0xA2B,0xA30,0xA91,
0xAFB,0xB3A,0xB75,0xB7A,0xB5A,0xB5F,
0xB54,0xB57,0xB8B,0xBAD,0xBE0,0xC21,
0xC4C,0xC4F,0xBF3,0xB77,0xB06,0xA92,
0xA66,0xA8D,0xAC5,0xB0B,0xB4F,0xB83,
0xB96,0xB95,0xB7E,0xB3B,0xB03,0xAC3,
0xA4C,0x9FD,0x9C9,0x9BB,0xA2A,0xAC1,
0xB49,0xBAE,0xB82,0xAED,0xA51,0x9CE,
0x990,0x9BE,0xA50,0xB00,0xBB7,0xC53,
0xC65,0xC23,0xBC7,0xB11,0xA76,0xA6D,
0xA9C,0xAFA,0xB7A,0xBC5,0xBD9,0xBE1,
0xBB6,0xB43,0xAE2,0xAB8,0xAA3,0xA92,
0xA81,0xAA5,0xB03,0xB39,0xB4A,0xB2A,
0xAB9,0xA62,0xA5F,0xA79,0xAAC,0xAFD,
0xB34,0xB34,0xB11,0xAF1,0xAE9,0xADE,
0xAB4,0xA97,0xA9A,0xAB1,0xAE1,0xB1D,
0xB73,0xBEC,0xC32,0xC04,0xBA3,0xB69,
0xB32,0xAF6,0xB2A,0xB8A,0xBC3,0xC07,
0xC03,0xB8C,0xB07,0xA91,0xA3C,0xA20,
0xA4A,0xAA7,0xAF8,0xB57,0xB96,0xB44,
0xABE,0xA6F,0xA39,0xA18,0xA41,0xAAB,
0xAF1,0xB17,0xB3F,0xB2B,0xB12,0xB1C,
0xB18,0xB3B,0xB75,0xBA4,0xBEC,0xC26,
0xC47,0xC27,0xBA9,0xB21,0xA97,0xA2B,
0xA39,0xA8A,0xAEA,0xB4E,0xBA3,0xBDE,
0xBDA,0xBB6,0xB82,0xB30,0xAEF,0xA92,
0xA26,0x9F6,0x9DA,0xA0C,0xAA5,0xB42,
0xBCE,0xBF5,0xB79,0xAD6,0xA44,0x9D7,
0x9C9,0xA33,0xAEB,0xBAE,0xC68,0xCC4,
0xC8F,0xC25,0xB7E,0xAAB,0xA4F,0xA73,
0xAC7,0xB47,0xBBC,0xBF2,0xBFF,0xBF2,
0xB97,0xB01,0xAA3,0xA81,0xA67,0xA56,
0xA68,0xAB7,0xB12,0xB3A,0xB32,0xAD9,
0xA59,0xA21,0xA2F,0xA57,0xAA3,0xB02,
0xB2D,0xB18,0xAF3,0xADB,0xAC9,0xAAA,
0xA84,0xA73,0xA7A,0xA9A,0xAC9,0xB0B,
0xB8A,0xC0E,0xC2A,0xBDB,0xB7D,0xB38,
0xAEB,0xAE2,0xB4D,0xBB0,0xC00,0xC3A,
0xBFE,0xB78,0xB01,0xA9A,0xA62,0xA67,
0xAAD,0xAFC,0xB46,0xBA8,0xBA7,0xB28,
0xAC6,0xA8E,0xA5A,0xA60,0xAB4,0xB10,
0xB3D,0xB61,0xB61,0xB3B,0xB3F,0xB3E,
0xB40,0xB78,0xB9C,0xBCD,0xC16,0xC3D,
0xC4D,0xC08,0xB76,0xAF2,0xA70,0xA2C,
0xA5D,0xAB1,0xAFE,0xB49,0xB9A,0xBC2,
0xBAD,0xB93,0xB52,0xAFA,0xAAD,0xA36,
0x9D7,0x9A4,0x998,0xA06,0xAB4,0xB60,
0xBE3,0xBC1,0xB19,0xA6A,0x9DA,0x98A,
0x9A8,0xA50,0xB20,0xBD9,0xC80,0xCA7,
0xC52,0xBDC,0xB1E,0xA69,0xA47,0xA80,
0xAE3,0xB74,0xBE9,0xC10,0xC18,0xBFD,
0xB81,0xAFE,0xAB8,0xA87,0xA6A,0xA61,
0xA82,0xADA,0xB2F,0xB5F,0xB4F,0xAE6,
0xA78,0xA5A,0xA6E,0xA97,0xAEB,0xB38,
0xB35,0xB11,0xAF7,0xAE3,0xAD2,0xAB3,
0xA92,0xA85,0xA90,0xABB,0xAF8,0xB54,
0xBD4,0xC20,0xBFF,0xB9F,0xB50,0xB0D,
0xAC8,0xAF4,0xB63,0xBAC,0xC04,0xC17,
0xB9A,0xB11,0xAA6,0xA49,0xA2B,0xA5B,
0xAAC,0xAF8,0xB60,0xBA3,0xB48,0xAB9,
0xA63,0xA1A,0x9FF,0xA3D,0xAAF,0xB14,
0xB51,0xB6E,0xB50,0xB39,0xB3B,0xB1C,
0xB2B,0xB5F,0xB80,0xBC8,0xC09,0xC2D,
0xC30,0xBCE,0xB4C,0xACC,0xA51,0xA4C,
0xA9F,0xAF0,0xB4E,0xBB4,0xBF2,0xBE9,
0xBCC,0xB94,0xB2A,0xAD6,0xA84,0xA26,
0x9FA,0x9E2,0xA10,0xA9D,0xB30,0xBBF,
0xBFF,0xB95,0xAEB,0xA53,0x9D5,0x996,
0x9DF,0xA9A,0xB5D,0xC24,0xCB7,0xCAA,
0xC41,0xBA3,0xACF,0xA57,0xA63,0xAA7,
0xB1F,0xBA6,0xBE9,0xBF8,0xBF0,0xBA2,
0xB22,0xABF,0xA7C,0xA55,0xA4C,0xA58,
0xA91,0xAE3,0xB20,0xB39,0xAF7,0xA71,
0xA22,0xA1F,0xA35,0xA78,0xAE2,0xB20,
0xB1B,0xB03,0xAE8,0xAD4,0xAB5,0xA8A,
0xA74,0xA72,0xA8F,0xAC7,0xB0D,0xB83,
0xBF7,0xC04,0xBC6,0xB86,0xB57,0xB15,
0xB02,0xB54,0xB9A,0xBDB,0xC28,0xBF7,
0xB77,0xB16,0xAB1,0xA6A,0xA71,0xAB1,
0xB01,0xB62,0xBD5,0xBCD,0xB3D,0xAC0,
0xA5E,0xA1A,0xA30,0xA8C,0xB09,0xB62,
0xB8B,0xB8B,0xB69,0xB68,0xB55,0xB2E,
0xB46,0xB6F,0xBAA,0xC02,0xC35,0xC54,
0xC23,0xB96,0xB08,0xA64,0xA02,0xA30,
0xA7B,0xACF,0xB4B,0xBB5,0xBCC,0xBAA,
0xB89,0xB35,0xABF,0xA6C,0xA19,0x9DE,
0x9CA,0x9D3,0xA37,0xAC5,0xB47,0xBB2,
0xB98,0xB08,0xA77,0x9F5,0x99D,0x9A4,
0xA2A,0xAEC,0xBAB,0xC66,0xCB3,0xC6B,
0xBF1,0xB3D,0xA87,0xA52,0xA80,0xAE1,
0xB64,0xBC3,0xBED,0xC0D,0xC06,0xBA9,
0xB3B,0xAF6,0xAC7,0xAAB,0xAA3,0xABA,
0xAF9,0xB35,0xB5E,0xB57,0xAF2,0xA80,
0xA5F,0xA74,0xAA9,0xAFF,0xB45,0xB44,
0xB21,0xAFD,0xAE6,0xADF,0xACF,0xAB1,
0xA97,0xA98,0xABD,0xAE5,0xB28,0xBAB,
0xBF6,0xBD8,0xB9B,0xB61,0xB23,0xAEA,
0xAFF,0xB4B,0xB86,0xBD1,0xBEA,0xB86,
0xB17,0xABA,0xA61,0xA3C,0xA60,0xAB5,
0xB08,0xB6A,0xBB4,0xB6B,0xADF,0xA75,
0xA16,0x9F0,0xA1A,0xA84,0xB00,0xB53,
0xB7D,0xB75,0xB68,0xB6E,0xB48,0xB32,
0xB4A,0xB63,0xBB7,0xC14,0xC47,0xC4A,
0xBE9,0xB65,0xAD3,0xA37,0xA21,0xA71,
0xABB,0xB2A,0xBB0,0xBFD,0xBF6,0xBCF,
0xB96,0xB2E,0xAD3,0xA7B,0xA1D,0x9F7,
0x9E6,0xA10,0xA9E,0xB2E,0xBA9,0xBD7,
0xB65,0xABF,0xA33,0x9BD,0x989,0x9DA,
0xA9B,0xB57,0xC0A,0xC93,0xC7E,0xC13,
0xB88,0xAC5,0xA50,0xA58,0xA8E,0xAF2,
0xB64,0xB9E,0xBBD,0xBDB,0xBA9,0xB2A,
0xAC4,0xA84,0xA5C,0xA5B,0xA66,0xA94,
0xAE4,0xB1B,0xB34,0xB03,0xA89,0xA37,
0xA34,0xA5E,0xAAF,0xB0D,0xB3A,0xB2A,
0xB0D,0xAF3,0xAEA,0xAED,0xAD7,0xAB1,
0xA9F,0xAB1,0xAD8,0xB00,0xB64,0xBE8,
0xC0F,0xBEA,0xBAE,0xB73,0xB30,0xB0F,
0xB4B,0xB93,0xBCB,0xC02,0xBDD,0xB6E,
0xB1A,0xACF,0xA8E,0xA86,0xAC1,0xB0F,
0xB4C,0xB99,0xB9C,0xB1E,0xAA5,0xA4C,
0xA10,0xA20,0xA6C,0xADE,0xB4A,0xB88,
0xB85,0xB5F,0xB56,0xB3A,0xB06,0xB13,
0xB2D,0xB62,0xBD5,0xC22,0xC47,0xC1E,
0xB93,0xAFE,0xA59,0x9E9,0xA0E,0xA65,
0xAC9,0xB52,0xBBF,0xBE2,0xBC3,0xB8E,
0xB3D,0xADF,0xA98,0xA49,0xA10,0x9F4,
0x9EE,0xA47,0xAD0,0xB4A,0xBBE,0xBAC,
0xB19,0xA86,0x9FD,0x99C,0x9A9,0xA3B,
0xB07,0xBCD,0xC83,0xCCC,0xC82,0xC0E,
0xB5C,0xAA7,0xA6D,0xA83,0xAC9,0xB55,
0xBC6,0xBEA,0xC03,0xC03,0xBA3,0xB25,
0xAD1,0xA99,0xA8F,0xA9A,0xAA8,0xAE9,
0xB39,0xB65,0xB51,0xAEB,0xA75,0xA4E,
0xA65,0xA96,0xAE7,0xB3C,0xB49,0xB16,
0xAEA,0xACB,0xAB1,0xAA2,0xA8B,0xA74,
0xA87,0xAB8,0xADE,0xB12,0xB80,0xBD0,
0xBBB,0xB7B,0xB3D,0xAF8,0xAC3,0xADD,
0xB36,0xB77,0xBB6,0xBCC,0xB70,0xB04,
0xAB8,0xA73,0xA52,0xA73,0xAC7,0xB18,
0xB60,0xB92,0xB53,0xAC9,0xA67,0xA25,
0xA06,0xA44,0xAB5,0xB2B,0xB86,0xBA4,
0xB84,0xB6E,0xB70,0xB46,0xB36,0xB51,
0xB72,0xBC5,0xC22,0xC59,0xC72,0xC1F,
0xB86,0xAF6,0xA57,0xA1F,0xA63,0xABD,
0xB2C,0xBB5,0xC0A,0xC15,0xBFD,0xBCA,
0xB72,0xB15,0xAB9,0xA5C,0xA15,0x9E8,
0xA12,0xA9C,0xB25,0xBAB,0xBF2,0xB95,
0xAE8,0xA36,0x99F,0x970,0x9CB,0xA88,
0xB59,0xC2B,0xCBD,0xCA6,0xC30,0xB98,
0xAC6,0xA34,0xA27,0xA61,0xAD0,0xB5D,
0xBAE,0xBCC,0xBEC,0xBC8,0xB45,0xACF,
0xA87,0xA5E,0xA57,0xA59,0xA88,0xAE9,
0xB3D,0xB60,0xB32,0xAB2,0xA5C,0xA58,
0xA78,0xAAC,0xB01,0xB49,0xB39,0xB0E,
0xAF7,0xAED,0xAEC,0xAE7,0xAC2,0xAAD,
0xAC7,0xAEC,0xB10,0xB67,0xBE3,0xC19,
0xBEF,0xBA9,0xB6B,0xB2B,0xB01,0xB32,
0xB90,0xBDB,0xC20,0xC04,0xB86,0xB1A,
0xAC9,0xA82,0xA78,0xAB9,0xB11,0xB53,
0xB89,0xB89,0xB17,0xA8C,0xA3D,0xA09,
0xA18,0xA87,0xB00,0xB4D,0xB7A,0xB72,
0xB37,0xB27,0xB12,0xAEF,0xB0E,0xB3F,
0xB75,0xBD4,0xC1C,0xC43,0xC2F,0xB9C,
0xAFA,0xA5C,0x9DC,0x9E6,0xA4C,0xAB4,
0xB2E,0xBAC,0xBDE,0xBD7,0xBB7,0xB70,
0xB0E,0xAB6,0xA4D,0xA00,0x9D6,0x9C7,
0xA2C,0xAD3,0xB6A,0xBE6,0xBD9,0xB41,
0xA91,0x9E7,0x970,0x97A,0xA13,0xAEE,
0xBC8,0xC94,0xCE5,0xC8F,0xC13,0xB69,
0xAA0,0xA46,0xA5F,0xAAE,0xB29,0xBA0,
0xBD8,0xBFA,0xC0E,0xBBD,0xB2B,0xAD1,
0xA98,0xA68,0xA53,0xA5A,0xA95,0xAF2,
0xB35,0xB44,0xAEE,0xA75,0xA42,0xA46,
0xA65,0xA9C,0xAE4,0xB04,0xAEC,0xAD0,
0xAD4,0xADF,0xAD9,0xAAD,0xA82,0xA85,
0xA99,0xAB5,0xAED,0xB5B,0xBD0,0xBE3,
0xB93,0xB49,0xB1D,0xAE7,0xADB,0xB2B,
0xB86,0xBDB,0xC09,0xBBB,0xB39,0xAD5,
0xA7A,0xA41,0xA63,0xAC9,0xB23,0xB70,
0xBB4,0xB96,0xB09,0xA94,0xA48,0xA13,
0xA42,0xAB8,0xB1B,0xB64,0xB90,0xB70,
0xB58,0xB60,0xB33,0xB28,0xB5A,0xB77,
0xBBA,0xC1E,0xC59,0xC7D,0xC34,0xB99,
0xAFC,0xA5B,0xA01,0xA25,0xA7E,0xAF4,
0xB82,0xBE5,0xC0A,0xC01,0xBD5,0xB7A,
0xB14,0xA97,0xA1A,0x9DE,0x9B8,0x9D3,
0xA64,0xB0C,0xBA3,0xBF6,0xBA1,0xAFB,
0xA51,0x9AF,0x95A,0x991,0xA49,0xB1B,
0xBE7,0xC99,0xCA2,0xC36,0xBB9,0xAED,
0xA42,0xA2A,0xA5F,0xAC3,0xB52,0xBAD,
0xBCB,0xBEE,0xBE3,0xB78,0xB0F,0xAD9,
0xAA7,0xA84,0xA75,0xA82,0xAC3,0xB0F,
0xB4B,0xB46,0xAE9,0xA9C,0xA84,0xA8B,
0xAC0,0xB02,0xB2E,0xB34,0xB03,0xAE1,
0xAFC,0xB12,0xAF1,0xAC5,0xAB7,0xACA,
0xAED,0xB13,0xB5D,0xBD0,0xC18,0xBE8,
0xB8D,0xB4B,0xB11,0xAE0,0xB07,0xB6D,
0xBCA,0xC15,0xC02,0xB87,0xB08,0xAA6,
0xA4F,0xA2D,0xA71,0xAE1,0xB3A,0xB92,
0xBAA,0xB33,0xA8A,0xA1A,0x9CD,0x9C8,
0xA27,0xAB1,0xB21,0xB6B,0xB73,0xB37,
0xB1E,0xB0E,0xAE9,0xB07,0xB3D,0xB5F,
0xBB3,0xC07,0xC34,0xC2F,0xBD1,0xB4B,
0xAB1,0xA2A,0xA01,0xA2C,0xA95,0xB20,
0xBA1,0xBF3,0xC09,0xBFF,0xBC8,0xB5A,
0xAEA,0xA70,0xA0C,0x9E4,0x9D1,0xA16,
0xAB9,0xB61,0xBF1,0xC14,0xBA4,0xAFD,
0xA5F,0x9DA,0x9A5,0xA0C,0xAD0,0xB87,
0xC54,0xCD9,0xCB1,0xC54,0xBBF,0xAE5,
0xA72,0xA7A,0xAA8,0xB15,0xB94,0xBD0,
0xBE8,0xBF7,0xBB8,0xB36,0xADC,0xABC,
0xAA4,0xA8E,0xA83,0xA94,0xAC4,0xAFE,
0xB1E,0xAE1,0xA7D,0xA4F,0xA51,0xA79,
0xAB8,0xAEF,0xB15,0xB0A,0xADD,0xAC7,
0xACC,0xABA,0xA8B,0xA6E,0xA83,0xAA6,
0xAC6,0xB09,0xB76,0xBE1,0xBF0,0xB9C,
0xB43,0xB20,0xAF5,0xAE3,0xB3D,0xBA7,
0xC02,0xC3A,0xBEA,0xB60,0xB04,0xAB9,
0xA78,0xA7A,0xACF,0xB31,0xB84,0xBD2,
0xBBF,0xB34,0xAB3,0xA58,0xA1F,0xA3C,
0xAAF,0xB33,0xB8C,0xBBF,0xBA5,0xB63,
0xB4F,0xB2A,0xB12,0xB4B,0xB82,0xBC5,
0xC1E,0xC4C,0xC5A,0xC1C,0xB94,0xAFA,
0xA60,0x9FE,0xA04,0xA5F,0xAD9,0xB5E,
0xBCF,0xBF6,0xBF2,0xBD9,0xB7A,0xB02,
0xAA3,0xA33,0x9EC,0x9CF,0x9C5,0xA20,
0xAB7,0xB3D,0xB9F,0xB7A,0xAD9,0xA3E,
0x9BE,0x95F,0x97F,0xA30,0xAF0,0xBA0,
0xC60,0xC98,0xC43,0xBDC,0xB2A,0xA68,
0xA39,0xA6A,0xABE,0xB42,0xBB0,0xBCE,
0xBDB,0xBDC,0xB78,0xAFF,0xAD4,0xAC5,
0xABB,0xAB6,0xAAD,0xACA,0xAFD,0xB1D,
0xB13,0xAC3,0xA76,0xA77,0xAA9,0xADD,
0xB11,0xB3F,0xB45,0xB16,0xAE3,0xAD8,
0xAE0,0xACB,0xAA6,0xAAD,0xACB,0xAE2,
0xB07,0xB55,0xBCA,0xC1F,0xBF2,0xB70,
0xB19,0xAED,0xAB8,0xAD3,0xB44,0xBA7,
0xC05,0xC0C,0xB90,0xB12,0xAB9,0xA68,
0xA2D,0xA4A,0xABC,0xB23,0xB79,0xBAB,
0xB52,0xAB7,0xA46,0x9EC,0x9C8,0xA00,
0xA8B,0xB14,0xB75,0xBAD,0xB8F,0xB63,
0xB41,0xAFA,0xAF3,0xB2C,0xB58,0xBAE,
0xC16,0xC5A,0xC74,0xC30,0xB90,0xACB,
0xA30,0x9FE,0xA24,0xA8A,0xB11,0xB93,
0xBF4,0xC19,0xC1D,0xBFA,0xB8D,0xB20,
0xABC,0xA47,0xA09,0x9F2,0xA13,0xAA5,
0xB50,0xBD1,0xBF0,0xB7A,0xAC7,0xA2C,
0x9B2,0x98B,0x9E7,0xAAC,0xB6E,0xC1D,
0xC9F,0xC83,0xC12,0xB93,0xAD1,0xA46,
0xA47,0xA7F,0xADB,0xB59,0xBA1,0xBA6,
0xBAD,0xB8C,0xB14,0xAC7,0xABD,0xAA4,
0xA9A,0xA90,0xA8A,0xABA,0xAE7,0xAEE,
0xAB8,0xA5C,0xA37,0xA52,0xA8F,0xAD8,
0xB14,0xB3B,0xB29,0xAEB,0xABD,0xABE,
0xACB,0xAB0,0xA96,0xAB6,0xAE2,0xB01,
0xB2F,0xB90,0xBFF,0xC1A,0xBC2,0xB45,
0xB06,0xAE3,0xAD5,0xB39,0xBC5,0xC2D,
0xC70,0xC39,0xBA5,0xB35,0xADF,0xA90,
0xA7D,0xAC7,0xB38,0xB96,0xBE0,0xBC4,
0xB39,0xAB8,0xA56,0xA13,0xA25,0xA89,
0xB0E,0xB6E,0xBB0,0xBBC,0xB82,0xB58,
0xB27,0xAE9,0xAFF,0xB2F,0xB60,0xBC0,
0xC0F,0xC41,0xC3E,0xBD9,0xB2E,0xA6E,
0x9F6,0x9F1,0xA2E,0xA99,0xB26,0xB94,
0xBC6,0xBD2,0xBD7,0xB90,0xB19,0xACE,
0xA63,0x9F1,0x9C7,0x9B4,0x9F8,0xA9A,
0xB35,0xBA1,0xB90,0xAFB,0xA64,0x9EC,
0x996,0x9A6,0xA3E,0xB00,0xBA8,0xC50,
0xC9B,0xC50,0xBE5,0xB48,0xA93,0xA60,
0xA8B,0xAC7,0xB3C,0xBA7,0xBC0,0xBC9,
0xBD5,0xB8B,0xB1F,0xAFA,0xAF1,0xAE9,
0xAEA,0xAD0,0xADC,0xB10,0xB29,0xB23,
0xACC,0xA5C,0xA47,0xA76,0xAB8,0xB05,
0xB54,0xB6B,0xB3B,0xB04,0xAD3,0xAC2,
0xAB0,0xA6C,0xA68,0xAAC,0xAD7,0xB02,
0xB54,0xBBC,0xC03,0xBE9,0xB6F,0xAF7,
0xAC7,0xA8E,0xA97,0xB1E,0xB8C,0xBE1,
0xC18,0xBB3,0xB1E,0xACA,0xA82,0xA4A,
0xA57,0xAAE,0xB13,0xB6B,0xB99,0xB53,
0xAD4,0xA72,0xA1B,0x9F8,0xA27,0xA98,
0xB21,0xB7B,0xBAD,0xBA5,0xB6C,0xB45,
0xB17,0xB01,0xB23,0xB4E,0xBA0,0xBFD,
0xC39,0xC5F,0xC24,0xB92,0xAE9,0xA4E,
0xA1A,0xA42,0xA8B,0xAFF,0xB7D,0xBD2,
0xBF3,0xC04,0xBF0,0xB85,0xB22,0xAD9,
0xA62,0xA0D,0x9E5,0x9E1,0xA41,0xADE,
0xB79,0xBC8,0xB70,0xAC5,0xA38,0x9CB,
0x98B,0x9C4,0xA7C,0xB47,0xBEE,0xC84,
0xC9A,0xC2A,0xBA5,0xAEB,0xA4D,0xA37,
0xA6F,0xAD5,0xB59,0xBAC,0xBBB,0xBC6,
0xBAC,0xB42,0xADC,0xABB,0xAB0,0xAB2,
0xAAE,0xAAA,0xAD8,0xB0B,0xB27,0xB02,
0xA92,0xA4E,0xA5B,0xA9E,0xAF1,0xB3B,
0xB7A,0xB6F,0xB29,0xAEB,0xAC8,0xABA,
0xAA1,0xA8C,0xAB9,0xAFD,0xB25,0xB50,
0xBA8,0xC08,0xC20,0xBD3,0xB42,0xAEA,
0xAC8,0xAAA,0xAFA,0xB95,0xBF9,0xC4D,
0xC4F,0xBBB,0xB20,0xABA,0xA70,0xA4C,
0xA7E,0xAFE,0xB6D,0xBBE,0xBC2,0xB3F,
0xAA7,0xA37,0x9E7,0x9DE,0xA2F,0xAC9,
0xB51,0xBA9,0xBD5,0xBA8,0xB64,0xB2D,
0xAE2,0xADA,0xB01,0xB2A,0xB97,0xBFD,
0xC49,0xC63,0xBFE,0xB4B,0xA7F,0x9EC,
0x9D7,0xA14,0xA87,0xB1E,0xBAD,0xBF7,
0xC09,0xC12,0xBD4,0xB52,0xAFC,0xA9E,
0xA2D,0x9F9,0x9EC,0xA20,0xAAA,0xB58,
0xBE6,0xBF3,0xB66,0xAB0,0xA1F,0x9B4,
0x99A,0xA0B,0xAEA,0xBC3,0xC7D,0xCF0,
0xCBD,0xC42,0xBAC,0xAD8,0xA62,0xA75,
0xAB3,0xB2E,0xBAC,0xBC9,0xBD0,0xBE0,
0xBA9,0xB2F,0xAF1,0xAE5,0xAD1,0xAC9,
0xAB0,0xAB4,0xAEB,0xB0D,0xB01,0xAB0,
0xA44,0xA24,0xA4D,0xA93,0xAEB,0xB3D,
0xB52,0xB1A,0xAD4,0xA99,0xA6D,0xA62,
0xA50,0xA4B,0xA96,0xAE9,0xB16,0xB5A,
0xBC6,0xC00,0xBE2,0xB64,0xAD7,0xA9C,
0xA69,0xA6C,0xAFE,0xB9C,0xC0D,0xC74,
0xC41,0xB88,0xB03,0xAA5,0xA4B,0xA38,
0xAA0,0xB29,0xB9A,0xBE6,0xB9F,0xAF6,
0xA87,0xA31,0x9F5,0xA15,0xA90,0xB2C,
0xB84,0xBB4,0xBBB,0xB86,0xB66,0xB2D,
0xAED,0xB02,0xB2E,0xB7D,0xBDF,0xC21,
0xC65,0xC4C,0xBC2,0xB11,0xA51,0x9EA,
0xA02,0xA48,0xAAE,0xB3B,0xBB3,0xBE9,
0xC11,0xC17,0xBAC,0xB3E,0xAEB,0xA68,
0x9F6,0x9AE,0x9A4,0xA0D,0xAB7,0xB65,
0xBE0,0xBC3,0xB15,0xA5D,0x9CB,0x959,
0x95C,0xA17,0xB19,0xBE9,0xCA0,0xCD4,
0xC5B,0xBCE,0xB1B,0xA57,0xA26,0xA57,
0xAB0,0xB43,0xB98,0xBA6,0xBC4,0xBC7,
0xB68,0xAF4,0xADB,0xAD8,0xAD0,0xAC2,
0xAA3,0xAC5,0xAFF,0xB0F,0xAF7,0xAA1,
0xA56,0xA5A,0xA87,0xAD6,0xB2B,0xB6A,
0xB6C,0xB2C,0xAF8,0xAD6,0xAB7,0xAA9,
0xA84,0xA8C,0xAD9,0xB11,0xB44,0xBA9,
0xC0E,0xC20,0xBDE,0xB56,0xAD6,0xA95,
0xA6B,0xA9D,0xB42,0xBD0,0xC4C,0xC83,
0xC03,0xB53,0xACE,0xA69,0xA28,0xA38,
0xAB2,0xB2F,0xB91,0xBB2,0xB3D,0xA9A,
0xA25,0x9C6,0x9B0,0x9FB,0xA9B,0xB31,
0xB7C,0xB9E,0xB79,0xB48,0xB28,0xADF,
0xAD8,0xB03,0xB2A,0xB90,0xBEF,0xC32,
0xC50,0xBF8,0xB60,0xABF,0xA36,0xA10,
0xA4B,0xA9D,0xB04,0xB7A,0xBC7,0xBE4,
0xC06,0xBF5,0xB9D,0xB54,0xAF5,0xA7D,
0xA1F,0x9E3,0x9F9,0xA7D,0xB2D,0xBD7,
0xC1C,0xBB6,0xB06,0xA71,0x9F1,0x999,
0x9D8,0xAB6,0xB92,0xC5A,0xCF5,0xCBE,
0xC32,0xBAF,0xAE2,0xA4B,0xA55,0xA98,
0xB08,0xB88,0xBB3,0xBBA,0xBD5,0xBB7,
0xB35,0xAE5,0xAE2,0xAC4,0xAA4,0xA88,
0xA7E,0xAA6,0xACF,0xACF,0xA93,0xA3D,
0xA2B,0xA53,0xA8E,0xADD,0xB2C,0xB5F,
0xB32,0xAD9,0xAAA,0xA95,0xA94,0xA85,
0xA70,0xA9C,0xAEA,0xB1F,0xB53,0xBAD,
0xC01,0xBF6,0xB86,0xAFA,0xAB1,0xA95,
0xA9C,0xB14,0xBA4,0xC07,0xC76,0xC5F,
0xBB1,0xB16,0xAAF,0xA67,0xA5B,0xAB4,
0xB37,0xB92,0xBDD,0xBC9,0xB2F,0xA94,
0xA19,0x9CE,0x9E3,0xA65,0xB15,0xB83,
0xBBF,0xBCC,0xB9B,0xB80,0xB4E,0xB04,
0xB05,0xB20,0xB60,0xBD1,0xC2B,0xC6D,
0xC5B,0xBE0,0xB3E,0xA86,0x9ED,0x9DE,
0xA2A,0xA87,0xB05,0xB85,0xBBB,0xBDB,
0xBF8,0xBB4,0xB53,0xAFF,0xA76,0x9F7,
0x9B0,0x99A,0x9F5,0xAA7,0xB55,0xBD9,
0xBD3,0xB3D,0xA9A,0xA16,0x996,0x970,
0xA0C,0xAF6,0xBB1,0xC69,0xCAE,0xC46,
0xBCF,0xB43,0xA9A,0xA5B,0xA85,0xAD9,
0xB50,0xB9E,0xBA7,0xBAF,0xBBE,0xB71,
0xB04,0xAEE,0xADD,0xABD,0xABD,0xAB3,
0xAB6,0xADF,0xAFB,0xAE5,0xA89,0xA32,
0xA3A,0xA78,0xACA,0xB31,0xB97,0xBA5,
0xB4E,0xAEE,0xAB2,0xA9A,0xA8E,0xA70,
0xA7C,0xACA,0xB1E,0xB4D,0xB82,0xBE6,
0xC0D,0xBBE,0xB3C,0xAC8,0xA8F,0xA84,
0xABC,0xB49,0xBC9,0xC3A,0xC71,0xBF7,
0xB41,0xAC1,0xA64,0xA34,0xA5E,0xAE0,
0xB5C,0xBBB,0xBEC,0xB90,0xAED,0xA5A,
0x9CC,0x993,0x9D2,0xA73,0xB28,0xB98,
0xBCA,0xBBD,0xB89,0xB62,0xB18,0xAD6,
0xAE3,0xB0E,0xB6E,0xBEC,0xC5C,0xC9A,
0xC64,0xBC5,0xAFA,0xA2E,0x9C4,0x9E0,
0xA36,0xABE,0xB68,0xBE4,0xC09,0xC1F,
0xC0B,0xBA9,0xB54,0xAE7,0xA4F,0x9F5,
0x9D7,0x9EF,0xA82,0xB37,0xBCF,0xC16,
0xBB9,0xB0C,0xA73,0x9EF,0x999,0x9CD,
0xA94,0xB68,0xC1C,0xCB1,0xC9D,0xC16,
0xB93,0xAE6,0xA63,0xA60,0xA98,0xB01,
0xB7E,0xBB0,0xBB0,0xBC5,0xBB1,0xB43,
0xB02,0xAF7,0xAC3,0xAA6,0xAA2,0xA91,
0xAB2,0xAEB,0xAF8,0xAB8,0xA43,0xA14,
0xA44,0xA8C,0xAE6,0xB53,0xB98,0xB73,
0xB01,0xAA8,0xA92,0xA94,0xA89,0xA7F,
0xA9B,0xAE9,0xB33,0xB47,0xB87,0xBE8,
0xBD7,0xB71,0xAFB,0xA9B,0xA70,0xA84,
0xAF5,0xB86,0xBF8,0xC65,0xC58,0xBA9,
0xB0E,0xAA0,0xA35,0xA21,0xA92,0xB29,
0xBA3,0xBFC,0xBE2,0xB3C,0xA8F,0xA05,
0x9AA,0x9AC,0xA25,0xAE8,0xB7E,0xBCA,
0xBE2,0xBA4,0xB69,0xB48,0xAF0,0xACF,
0xAFA,0xB40,0xBBB,0xC36,0xC86,0xC8E,
0xC0E,0xB4C,0xA8A,0x9D2,0x9A0,0x9F4,
0xA72,0xB13,0xBBA,0xC0A,0xC13,0xC28,
0xBFE,0xB9C,0xB2A,0xA8D,0xA02,0x9C4,
0x99B,0x9F4,0xAB8,0xB5F,0xC01,0xC21,
0xB89,0xAD6,0xA3A,0x997,0x952,0x9CB,
0xABF,0xB9E,0xC6B,0xCDC,0xC81,0xBF1,
0xB69,0xAB9,0xA44,0xA46,0xA99,0xB0C,
0xB6D,0xBA2,0xBC0,0xBCF,0xB9B,0xB3D,
0xB0A,0xADF,0xAAC,0xA89,0xA68,0xA79,
0xAB9,0xADA,0xACB,0xA71,0xA11,0xA2A,
0xA8B,0xADD,0xB36,0xB89,0xB8F,0xB33,
0xABE,0xA8A,0xA89,0xA85,0xA7E,0xA8C,
0xABE,0xB0F,0xB33,0xB43,0xBA2,0xBED,
0xBBA,0xB43,0xAD6,0xA8A,0xA78,0xAC0,
0xB3F,0xBB8,0xC3E,0xC8F,0xC2C,0xB75,
0xAE9,0xA79,0xA34,0xA5B,0xAE1,0xB74,
0xBEB,0xC18,0xBAC,0xAE5,0xA47,0x9DB,
0x9AB,0x9E9,0xA85,0xB34,0xBB7,0xBFD,
0xBEC,0xBAF,0xB84,0xB2E,0xAE1,0xAE5,
0xB07,0xB73,0xC06,0xC68,0xCAF,0xC84,
0xBCE,0xB18,0xA44,0x9A6,0x9BC,0xA25,
0xAB0,0xB65,0xBF4,0xC20,0xC37,0xC2C,
0xBD0,0xB53,0xACD,0xA2F,0x9CD,0x99A,
0x9B7,0xA69,0xB20,0xBCC,0xC3C,0xBDE,
0xB10,0xA5A,0x9A4,0x92C,0x956,0xA2F,
0xB36,0xC10,0xCD4,0xCEB,0xC51,0xBB1,
0xAFE,0xA4B,0xA1A,0xA4D,0xAB6,0xB44,
0xBA5,0xBD1,0xBF0,0xBD7,0xB71,0xB1A,
0xAE8,0xAAA,0xA87,0xA7F,0xA82,0xAB5,
0xAE7,0xB06,0xAE9,0xA72,0xA2C,0xA62,
0xAA8,0xB01,0xB6E,0xB9F,0xB83,0xB1F,
0xAB4,0xA98,0xAA2,0xA93,0xA92,0xAB1,
0xAEE,0xB32,0xB4C,0xB77,0xBD0,0xBD4,
0xB64,0xAEF,0xAA3,0xA73,0xA8A,0xAF8,
0xB7E,0xC03,0xC7E,0xC6D,0xBC1,0xB18,
0xAA4,0xA3F,0xA25,0xA8C,0xB23,0xB9E,
0xC06,0xBF9,0xB4D,0xA89,0x9F5,0x992,
0x99A,0xA10,0xABE,0xB63,0xBD5,0xBFB,
0xBC8,0xB8F,0xB4F,0xAF3,0xAD5,0xAE4,
0xB12,0xB8D,0xC01,0xC55,0xC79,0xC07,
0xB58,0xAAC,0x9F6,0x9B2,0x9EC,0xA4A,
0xADB,0xB8E,0xBF2,0xC09,0xC1F,0xBF9,
0xB85,0xB13,0xA88,0x9FF,0x9CD,0x9BB,
0xA09,0xABF,0xB65,0xBF7,0xC18,0xB85,
0xAC7,0xA18,0x978,0x940,0x9AF,0xA9D,
0xB81,0xC4B,0xCD8,0xCA8,0xC09,0xB60,
0xA97,0xA18,0xA1E,0xA6C,0xAF1,0xB67,
0xBA1,0xBCF,0xBE7,0xBA0,0xB31,0xAFD,
0xAD2,0xAA4,0xA9E,0xA98,0xA95,0xAC1,
0xAE8,0xAEC,0xAA3,0xA3D,0xA42,0xA95,
0xAE0,0xB40,0xB91,0xB9B,0xB6E,0xB0A,
0xAB8,0xAB1,0xAB2,0xA94,0xA97,0xAC2,
0xAFF,0xB2C,0xB4F,0xBA7,0xBF9,0xBCD,
0xB44,0xAD7,0xA96,0xA82,0xABB,0xB31,
0xBAA,0xC3E,0xC9D,0xC43,0xB99,0xB16,
0xA9A,0xA34,0xA47,0xAC4,0xB47,0xBC3,
0xC1A,0xBC4,0xAFE,0xA63,0x9EA,0x9A5,
0x9D3,0xA59,0xAF4,0xB85,0xBF6,0xBFC,
0xBB9,0xB8D,0xB33,0xADE,0xAE0,0xAFD,
0xB4A,0xBC5,0xC1E,0xC6E,0xC65,0xBD6,
0xB21,0xA4F,0x9B7,0x9BD,0xA14,0xA82,
0xB26,0xBCC,0xC22,0xC40,0xC40,0xBE3,
0xB61,0xAF7,0xA70,0xA0C,0x9E2,0x9EE,
0xA68,0xB0F,0xBA9,0xC14,0xBD3,0xB23,
0xA73,0x9C5,0x953,0x977,0xA3D,0xB37,
0xC05,0xCAD,0xCD2,0xC5F,0xBD0,0xB20,
0xA74,0xA39,0xA56,0xAB8,0xB49,0xB9A,
0xBBC,0xBE9,0xBEA,0xB89,0xB2C,0xAFD,
0xABD,0xA94,0xA8D,0xA93,0xAAF,0xACF,
0xAE2,0xACE,0xA67,0xA39,0xA82,0xAD0,
0xB25,0xB87,0xBA5,0xB78,0xB1C,0xAAA,
0xA73,0xA7E,0xA8C,0xA9A,0xACF,0xB11,
0xB43,0xB4A,0xB64,0xBA7,0xBB2,0xB51,
0xADC,0xA99,0xA7B,0xA92,0xAFC,0xB8A,
0xC09,0xC7F,0xC71,0xBCA,0xB2E,0xACF,
0xA6D,0xA4D,0xAB8,0xB45,0xBAC,0xBFA,
0xBE4,0xB34,0xA7F,0xA06,0x9B0,0x9A0,
0xA11,0xAC0,0xB59,0xBD2,0xC13,0xBD9,
0xB92,0xB59,0xAE8,0xAB2,0xAD3,0xB18,
0xB8B,0xC06,0xC64,0xC99,0xC37,0xB7A,
0xAA3,0x9C8,0x96D,0x9A7,0xA1B,0xABA,
0xB7F,0xC0D,0xC46,0xC4F,0xC1A,0xB9F,
0xB2B,0xA9F,0xA1B,0x9D7,0x9BB,0xA04,
0xAA5,0xB42,0xBE5,0xC17,0xB81,0xACD,
0xA18,0x976,0x94D,0x9C8,0xAB0,0xBA1,
0xC62,0xCC9,0xC90,0xC07,0xB70,0xAC5,
0xA5A,0xA4D,0xA94,0xB13,0xB79,0xBA3,
0xBBF,0xBDA,0xBBB,0xB4F,0xB12,0xAF1,
0xAC6,0xAC0,0xAC3,0xAB8,0xAC3,0xACD,
0xAC5,0xA90,0xA3C,0xA4B,0xA9C,0xAF0,
0xB48,0xB8F,0xB85,0xB44,0xADF,0xA80,
0xA68,0xA87,0xA92,0xAA3,0xAE2,0xB1D,
0xB3C,0xB4D,0xB77,0xBA0,0xB8B,0xB12,
0xAA4,0xA7A,0xA76,0xAAB,0xB33,0xBBB,
0xC37,0xC8E,0xC3F,0xB98,0xB1A,0xAB4,
0xA54,0xA69,0xAE1,0xB5B,0xBB9,0xBF2,
0xBA0,0xAE6,0xA4E,0x9E6,0x9B2,0x9DB,
0xA70,0xB0E,0xB84,0xBDB,0xBE2,0xB9C,
0xB73,0xB31,0xADC,0xAD5,0xB01,0xB5C,
0xBD3,0xC3D,0xC89,0xC6D,0xBD3,0xB13,
0xA2B,0x989,0x97F,0x9CF,0xA64,0xB2C,
0xBD7,0xC42,0xC76,0xC65,0xC08,0xB81,
0xAF0,0xA48,0x9D0,0x994,0x9AC,0xA36,
0xAEB,0xB9E,0xC1B,0xBE2,0xB31,0xA79,
0x9C1,0x954,0x971,0xA2A,0xB1E,0xBF9,
0xCA1,0xCC0,0xC4B,0xBC1,0xB11,0xA63,
0xA2A,0xA52,0xAC7,0xB54,0xB9D,0xBAD,
0xBCC,0xBCC,0xB7F,0xB34,0xB12,0xAD0,
0xAA0,0xA93,0xA88,0xAA4,0xAC6,0xACE,
0xABF,0xA78,0xA41,0xA6E,0xAB3,0xB01,
0xB51,0xB6C,0xB51,0xB1A,0xABE,0xA85,
0xA95,0xAA7,0xA9B,0xAB1,0xAEE,0xB1B,
0xB34,0xB54,0xB8C,0xBA3,0xB5A,0xAE2,
0xAAB,0xA99,0xA9B,0xAED,0xB77,0xBEF,
0xC62,0xC77,0xBF3,0xB60,0xAFB,0xA90,
0xA50,0xA96,0xB12,0xB7C,0xBD4,0xBEE,
0xB71,0xABE,0xA38,0x9DC,0x9C6,0xA25,
0xAC3,0xB3F,0xBA9,0xBE2,0xBBB,0xB7E,
0xB5E,0xB0B,0xADF,0xAFC,0xB34,0xB97,
0xC0E,0xC76,0xCA3,0xC44,0xB87,0xAB4,
0x9DD,0x98D,0x9C5,0xA3B,0xADC,0xB8C,
0xBFC,0xC35,0xC59,0xC41,0xBD4,0xB5F,
0xAD2,0xA2D,0x9CE,0x9A9,0x9DC,0xA76,
0xB33,0xBDD,0xC1F,0xBB0,0xB04,0xA5A,
0x9B7,0x95A,0x9A2,0xA75,0xB56,0xC27,
0xCA2,0xC82,0xC14,0xB94,0xADE,0xA62,
0xA50,0xA94,0xB0E,0xB70,0xB93,0xBB1,
0xBD8,0xBC2,0xB72,0xB41,0xB27,0xAEA,
0xAC3,0xAA6,0xA99,0xAAC,0xACB,0xAD4,
0xABB,0xA81,0xA7C,0xAB3,0xAF4,0xB40,
0xB7B,0xB7C,0xB35,0xAD6,0xA82,0xA72,
0xA98,0xAAD,0xAAE,0xAE2,0xB15,0xB1E,
0xB21,0xB54,0xB9D,0xB99,0xB3A,0xAE2,
0xAB7,0xA91,0xAA3,0xB11,0xB98,0xC09,
0xC6B,0xC4C,0xBBB,0xB45,0xADF,0xA67,
0xA4B,0xAB2,0xB2F,0xB8B,0xBD4,0xBB5,
0xB0E,0xA70,0x9F6,0x9AC,0x9C6,0xA4A,
0xADC,0xB61,0xBC4,0xBD4,0xB9A,0xB6D,
0xB27,0xAC5,0xAC1,0xAFD,0xB5F,0xBE2,
0xC5A,0xC97,0xC6F,0xBC8,0xAF2,0xA0D,
0x970,0x96B,0x9D6,0xA79,0xB2F,0xBCD,
0xC1C,0xC32,0xC2E,0xBE9,0xB67,0xAF5,
0xA69,0x9EA,0x9B3,0x9BE,0xA1A,0xAD2,
0xB95,0xC0D,0xBE8,0xB3B,0xA7C,0x9DA,
0x967,0x955,0x9F8,0xAEC,0xBC8,0xC7A,
0xCB7,0xC53,0xBCF,0xB32,0xA80,0xA3B,
0xA67,0xAD3,0xB58,0xBAA,0xBB3,0xBC5,
0xBC8,0xB83,0xB30,0xB26,0xB04,0xAD2,
0xAC0,0xAA6,0xA99,0xAB8,0xAC3,0xAA8,
0xA7F,0xA5C,0xA82,0xAD0,0xB1C,0xB5A,
0xB89,0xB78,0xB35,0xADD,0xA96,0xA92,
0xAA5,0xA92,0xA99,0xAD1,0xAFB,0xB17,
0xB3C,0xB97,0xBD2,0xB90,0xB0F,0xAC2,
0xA85,0xA65,0xAAC,0xB40,0xBCD,0xC56,
0xC8F,0xC2A,0xB95,0xB10,0xA9D,0xA57,
0xA83,0xB00,0xB74,0xBC6,0xBF3,0xB85,
0xAC6,0xA33,0x9C9,0x9B2,0xA06,0xA9B,
0xB34,0xBB3,0xBEE,0xBCB,0xB8E,0xB61,
0xB00,0xAD2,0xAFE,0xB34,0xB8D,0xC15,
0xC74,0xC92,0xC46,0xB84,0xA9B,0x9CB,
0x96B,0x99A,0xA2E,0xADC,0xB93,0xC16,
0xC44,0xC4D,0xC35,0xBC8,0xB4E,0xACB,
0xA29,0x9CC,0x9AE,0x9D2,0xA74,0xB42,
0xBE6,0xC39,0xBDB,0xB1A,0xA5D,0x9AB,
0x93B,0x973,0xA45,0xB40,0xC1B,0xCAE,
0xCAA,0xC30,0xBA6,0xAF1,0xA64,0xA4F,
0xA8C,0xAF8,0xB6D,0xB9B,0xBAD,0xBD3,
0xBC5,0xB66,0xB25,0xB0A,0xAD3,0xAC1,
0xAB1,0xA89,0xA8C,0xAB0,0xAAC,0xA85,
0xA46,0xA3B,0xA70,0xAC8,0xB27,0xB69,
0xB85,0xB67,0xB0A,0xAA0,0xA78,0xA87,
0xA9D,0xAA8,0xACE,0xAFB,0xB1C,0xB32,
0xB69,0xBBC,0xBBB,0xB45,0xAC4,0xA85,
0xA5D,0xA75,0xAFD,0xB9F,0xC25,0xC9B,
0xC83,0xBEC,0xB5E,0xADE,0xA71,0xA5E,
0xAC1,0xB48,0xBA5,0xBEB,0xBD5,0xB2B,
0xA79,0x9F2,0x9AB,0x9BF,0xA2D,0xAD0,
0xB6A,0xBCD,0xBE3,0xBAF,0xB80,0xB37,
0xAD3,0xAC9,0xAF9,0xB3E,0xBBB,0xC40,
0xC97,0xC95,0xC0B,0xB33,0xA3D,0x981,
0x949,0x990,0xA33,0xAFF,0xBBB,0xC32,
0xC63,0xC63,0xC22,0xBA7,0xB22,0xA6E,
0x9D5,0x9A5,0x9B1,0xA18,0xAE4,0xBA1,
0xC29,0xC34,0xB8F,0xAC2,0xA0C,0x970,
0x94E,0x9E4,0xAD9,0xBBE,0xC6F,0xCCC,
0xC7C,0xBE3,0xB3F,0xA89,0xA2D,0xA55,
0xAB1,0xB38,0xBB5,0xBD6,0xBDE,0xBEC,
0xBAF,0xB3D,0xB13,0xAE5,0xAB7,0xABC,
0xAA8,0xA97,0xAB7,0xAC9,0xAC1,0xA90,
0xA50,0xA63,0xA99,0xADC,0xB33,0xB65,
0xB5E,0xB24,0xAC3,0xA8D,0xA99,0xAAD,
0xAA9,0xABA,0xAEA,0xB16,0xB2A,0xB3A,
0xB7E,0xBB7,0xB82,0xB00,0xA9A,0xA60,
0xA4B,0xA8D,0xB25,0xBBA,0xC49,0xCA6,
0xC5F,0xBC4,0xB3D,0xAC0,0xA6A,0xA81,
0xAFB,0xB7B,0xBCD,0xBF8,0xBA2,0xAE0,
0xA2F,0x9C9,0x9B0,0x9EF,0xAA0,0xB57,
0xBCA,0xC11,0xBF1,0xB8D,0xB43,0xADB,
0xAA6,0xAD6,0xB18,0xB8F,0xC1D,0xC84,
0xCCC,0xC90,0xBC5,0xAD0,0x9D8,0x946,
0x94C,0x9AC,0xA4C,0xB1E,0xBC6,0xC25,
0xC5E,0xC60,0xBFE,0xB7E,0xAE9,0xA25,
0x9A7,0x987,0x9A2,0xA35,0xB12,0xBC3,
0xC21,0xBEF,0xB35,0xA72,0x9CC,0x949,
0x962,0xA41,0xB3F,0xC0A,0xCB2,0xCB8,
0xC29,0xB94,0xAD5,0xA36,0xA31,0xA77,
0xAE7,0xB7D,0xBC9,0xBCC,0xBD4,0xBCF,
0xB7A,0xB2A,0xB16,0xAE9,0xAD5,0xADA,
0xAB9,0xAB6,0xAD9,0xAED,0xAE4,0xA9B,
0xA6C,0xA91,0xAC7,0xB0C,0xB56,0xB71,
0xB4A,0xAF7,0xAB7,0xA9D,0xAA8,0xAB7,
0xAAA,0xACC,0xB18,0xB3D,0xB49,0xB86,
0xBDC,0xBE0,0xB66,0xAC4,0xA52,0xA09,
0xA0E,0xA8F,0xB45,0xBEE,0xC8E,0xCBA,
0xC46,0xBA5,0xB17,0xA8D,0xA47,0xA99,
0xB2E,0xB90,0xBE7,0xBE7,0xB3D,0xA7A,
0x9F5,0x9B5,0x9CA,0xA3B,0xAF6,0xB86,
0xBCE,0xBE7,0xBAD,0xB69,0xB28,0xADC,
0xAD5,0xAF6,0xB3A,0xBC1,0xC44,0xCAC,
0xCCD,0xC52,0xB82,0xA88,0x9A9,0x95C,
0x985,0x9E2,0xA8F,0xB57,0xBE0,0xC36,
0xC7B,0xC66,0xC00,0xB86,0xACE,0xA18,
0x9B8,0x98B,0x9C6,0xA8A,0xB53,0xBE5,
0xC0E,0xB98,0xAD8,0xA1D,0x97C,0x93F,
0x9C9,0xACA,0xBA6,0xC68,0xCDB,0xC7E,
0xBE0,0xB3A,0xA66,0xA16,0xA52,0xA9B,
0xB24,0xBA7,0xBC4,0xBCD,0xBDC,0xB9E,
0xB31,0xB05,0xAE6,0xAB3,0xAA4,0xA91,
0xA89,0xAB5,0xADE,0xAE0,0xAA8,0xA58,
0xA5A,0xA92,0xAC5,0xB06,0xB48,0xB5D,
0xB2D,0xAE2,0xAA9,0xA98,0xAB4,0xAB0,
0xAA3,0xAD0,0xB09,0xB2C,0xB61,0xBAF,
0xBEB,0xBCB,0xB30,0xA93,0xA29,0x9E3,
0xA14,0xAD4,0xB98,0xC55,0xCEB,0xCBE,
0xC13,0xB73,0xAD3,0xA4D,0xA45,0xABF,
0xB42,0xBA5,0xBF4,0xBB3,0xAF9,0xA61,
0x9F8,0x9C7,0x9F0,0xA73,0xB20,0xB94,
0xBD2,0xBD3,0xB95,0xB56,0xB0B,0xACF,
0xADA,0xB0E,0xB72,0xBF5,0xC63,0xCAE,
0xC85,0xBD8,0xAF3,0xA06,0x968,0x94E,
0x99D,0xA33,0xAEE,0xB9B,0xC14,0xC63,
0xC85,0xC42,0xBD0,0xB37,0xA68,0x9DE,
0x9A0,0x985,0x9FE,0xAE2,0xBAC,0xC34,
0xC1C,0xB68,0xAA6,0x9F4,0x95E,0x96D,
0xA3C,0xB37,0xC13,0xCC9,0xCE3,0xC5C,
0xBB9,0xAEE,0xA42,0xA38,0xA76,0xAE2,
0xB8F,0xBF3,0xBF0,0xBF6,0xBEE,0xB81,
0xB20,0xB11,0xAF7,0xACD,0xABC,0xAA5,
0xAA6,0xACC,0xAEE,0xAE8,0xAA0,0xA74,
0xA99,0xAC6,0xAF2,0xB2A,0xB53,0xB42,
0xAFC,0xAB9,0xA9B,0xAAB,0xABF,0xABF,
0xAD3,0xB0C,0xB39,0xB4B,0xB78,0xBBB,
0xBCE,0xB7D,0xAE4,0xA60,0xA0D,0x9EC,
0xA50,0xB13,0xBC0,0xC79,0xCDC,0xC71,
0xBB8,0xB16,0xA7E,0xA1D,0xA47,0xAE0,
0xB69,0xBDA,0xC02,0xB7E,0xABA,0xA1F,
0x9BB,0x9B5,0xA18,0xAC5,0xB71,0xBDF,
0xC0C,0xBCE,0xB64,0xB12,0xAB9,0xAA0,
0xADE,0xB37,0xBB8,0xC2D,0xC85,0xCB1,
0xC54,0xB8C,0xAA4,0x9CF,0x95E,0x968,
0x9C6,0xA65,0xB2D,0xBD1,0xC3C,0xC8F,
0xC89,0xC1E,0xB95,0xAD8,0xA1D,0x9B8,
0x977,0x98A,0xA40,0xB21,0xBDA,0xC2C,
0xBC6,0xAFE,0xA44,0x999,0x92E,0x983,
0xA7F,0xB80,0xC52,0xCDE,0xCA9,0xBF5,
0xB3B,0xA64,0x9E2,0x9FC,0xA53,0xAED,
0xB97,0xBD1,0xBC8,0xBD7,0xBAE,0xB37,
0xB00,0xAFF,0xAE4,0xACC,0xAB5,0xA87,
0xA7D,0xA99,0xAB0,0xA99,0xA65,0xA73,
0xAB8,0xAEE,0xB25,0xB59,0xB57,0xB11,
0xABB,0xA8B,0xA8B,0xAA0,0xAB2,0xABA,
0xADF,0xB29,0xB47,0xB5A,0xBA4,0xBDA,
0xBBD,0xB47,0xA9E,0xA2E,0x9FD,0xA13,
0xAB5,0xB7C,0xC29,0xCC3,0xCC6,0xC26,
0xB75,0xADE,0xA5B,0xA28,0xA91,0xB36,
0xBAD,0xC0C,0xBF7,0xB4D,0xA8A,0x9EB,
0x991,0x9A1,0xA22,0xAED,0xB9F,0xC0E,
0xC21,0xBD2,0xB6E,0xAFB,0xA95,0xA9D,
0xAE0,0xB48,0xBD8,0xC4A,0xC9F,0xC9F,
0xC14,0xB45,0xA51,0x989,0x950,0x97B,
0x9D7,0xA83,0xB55,0xBE9,0xC4F,0xCA1,
0xC84,0xC11,0xB7B,0xAB1,0xA0B,0x9AA,
0x96F,0x9C0,0xA9D,0xB71,0xC02,0xC0A,
0xB7C,0xACB,0xA2C,0x991,0x967,0xA0C,
0xAFC,0xBC2,0xC7D,0xCC5,0xC47,0xBAE,
0xB0B,0xA49,0xA03,0xA2C,0xA8D,0xB3E,
0xBCA,0xBEF,0xC04,0xC06,0xBA7,0xB30,
0xB07,0xAF0,0xACE,0xAC1,0xAAD,0xA9B,
0xAB1,0xACD,0xAC9,0xA8C,0xA55,0xA7D,
0xAC8,0xB0E,0xB5C,0xB8A,0xB67,0xB00,
0xA9B,0xA76,0xA7A,0xA98,0xAB9,0xACE,
0xB10,0xB50,0xB53,0xB80,0xBCF,0xBD1,
0xB7A,0xAD0,0xA2A,0x9E3,0x9D2,0xA38,
0xB19,0xBDB,0xC88,0xCF4,0xC9E,0xBE4,
0xB4D,0xAC8,0xA57,0xA5C,0xADB,0xB5B,
0xBBE,0xBF4,0xBA0,0xAE5,0xA3C,0x9CC,
0x9A8,0x9E5,0xA8A,0xB4C,0xBD0,0xC14,
0xBEE,0xB88,0xB33,0xAC5,0xA9B,0xAD1,
0xB14,0xB8A,0xC1D,0xC7F,0xCB4,0xC78,
0xBC1,0xAD7,0x9E1,0x955,0x966,0x9B1,
0xA34,0xAF6,0xB97,0xBFE,0xC5B,0xC79,
0xC33,0xBD6,0xB49,0xA7E,0x9F1,0x995,
0x978,0xA04,0xAD8,0xB89,0xBF2,0xBBC,
0xB15,0xA78,0x9E8,0x988,0x9D1,0xAB4,
0xB92,0xC43,0xCC4,0xC90,0xBD9,0xB3B,
0xA99,0xA2C,0xA39,0xA82,0xB0C,0xBAC,
0xBF0,0xBF4,0xC07,0xBEB,0xB7C,0xB29,
0xB14,0xAF2,0xAD7,0xACD,0xAAE,0xAAA,
0xAD0,0xADF,0xAB3,0xA5F,0xA47,0xA91,
0xAF1,0xB47,0xB91,0xBA4,0xB60,0xAE7,
0xA85,0xA6F,0xA99,0xAC7,0xAD9,0xB09,
0xB5A,0xB62,0xB59,0xB95,0xBC3,0xBA1,
0xB25,0xA7D,0xA0F,0x9D7,0x9E3,0xA92,
0xB63,0xC0C,0xCBA,0xCD8,0xC43,0xB93,
0xB01,0xA7F,0xA44,0xA97,0xB32,0xBB0,
0xC03,0xBFB,0xB5C,0xA8E,0xA0F,0x9D7,
0x9E0,0xA59,0xB16,0xBA8,0xBFE,0xC11,
0xBBF,0xB6B,0xB18,0xABD,0xAB7,0xADF,
0xB2F,0xBC0,0xC44,0xCB0,0xCD5,0xC57,
0xB81,0xA85,0x994,0x937,0x95D,0x9BD,
0xA6F,0xB42,0xBE0,0xC54,0xCA3,0xC84,
0xC1A,0xBA0,0xAE2,0xA2B,0x9BE,0x972,
0x9AB,0xA6D,0xB34,0xBE2,0xC17,0xB92,
0xAD9,0xA38,0x999,0x95C,0x9F0,0xAF0,
0xBC2,0xC77,0xCCF,0xC55,0xB95,0xAEF,
0xA56,0xA12,0xA36,0xAA5,0xB38,0xBA8,
0xBCB,0xBE1,0xBF4,0xBB7,0xB5D,0xB39,
0xB05,0xABE,0xAA3,0xA7B,0xA5E,0xA7F,
0xAAC,0xABA,0xA8D,0xA4E,0xA65,0xABF,
0xB10,0xB57,0xB8D,0xB79,0xB0C,0xA8B,
0xA3E,0xA44,0xA85,0xAAD,0xACB,0xB23,
0xB69,0xB6D,0xB83,0xBBB,0xBC2,0xB64,
0xAB7,0xA1B,0x9BE,0x9A5,0xA13,0xAE6,
0xBB3,0xC86,0xD0D,0xCBB,0xBF2,0xB3E,
0xA9D,0xA1D,0xA21,0xAAF,0xB51,0xBC9,
0xC14,0xBD3,0xB07,0xA50,0x9E3,0x9AA,
0x9D9,0xA76,0xB26,0xBA7,0xBEE,0xBDA,
0xB91,0xB57,0xB04,0xAC6,0xAC3,0xAEA,
0xB53,0xBD2,0xC4D,0xCC2,0xCA7,0xBF2,
0xB13,0xA15,0x957,0x93C,0x976,0x9F2,
0xAB7,0xB79,0xBF9,0xC4C,0xC72,0xC4E,
0xBF3,0xB62,0xAA8,0xA11,0x9A5,0x985,
0xA09,0xAD5,0xB96,0xC24,0xBFE,0xB41,
0xA92,0x9F7,0x975,0x999,0xA76,0xB57,
0xC05,0xCAA,0xCA9,0xC01,0xB56,0xAAF,
0xA20,0xA05,0xA57,0xAE7,0xB74,0xBBA,
0xBD3,0xBFB,0xBF4,0xB9F,0xB5D,0xB3E,
0xAFA,0xABE,0xA96,0xA65,0xA67,0xA94,
0xAB8,0xAB1,0xA7A,0xA66,0xAB1,0xB10,
0xB5E,0xBA6,0xBC0,0xB73,0xAD9,0xA5A,
0xA35,0xA6E,0xABC,0xAE3,0xB0C,0xB5C,
0xB90,0xB8C,0xBA3,0xBDA,0xBBC,0xB30,
0xA7C,0x9ED,0x9A7,0x9D8,0xA86,0xB5F,
0xC2F,0xCEB,0xD12,0xC70,0xBAC,0xB1C,
0xA8B,0xA31,0xA7A,0xB10,0xB7D,0xBD1,
0xBE3,0xB58,0xA9A,0xA23,0x9DA,0x9D7,
0xA45,0xAEF,0xB7D,0xBD6,0xBF1,0xBB7,
0xB74,0xB41,0xAEF,0xAD8,0xAF9,0xB3C,
0xBB2,0xC28,0xC96,0xCCD,0xC53,0xB74,
0xA95,0x9B5,0x953,0x97E,0x9E7,0xA89,
0xB47,0xBDD,0xC2E,0xC5A,0xC59,0xC1C,
0xBAB,0xB07,0xA61,0x9F5,0x9A9,0x9C4,
0xA7F,0xB53,0xBFD,0xC33,0xBAE,0xADE,
0xA36,0x9A7,0x96D,0x9EE,0xAD5,0xB8F,
0xC3E,0xCB0,0xC51,0xBAA,0xB25,0xA8E,
0xA30,0xA43,0xA9D,0xB2A,0xB8E,0xBAA,
0xBCC,0xBF9,0xBDE,0xB88,0xB4D,0xB22,
0xAD6,0xA9F,0xA7E,0xA54,0xA5A,0xA97,
0xAB4,0xA88,0xA59,0xA7B,0xADF,0xB33,
0xB77,0xBAC,0xB9C,0xB21,0xA8E,0xA3B,
0xA3B,0xA7A,0xABB,0xADC,0xB17,0xB6D,
0xB82,0xB78,0xBA1,0xBC1,0xB73,0xAC5,
0xA19,0x9B5,0x9AD,0xA22,0xAF7,0xBCB,
0xC98,0xD2D,0xCEE,0xC1B,0xB61,0xACD,
0xA49,0xA41,0xACD,0xB52,0xBA3,0xBE3,
0xBB7,0xB09,0xA6C,0xA0E,0x9DE,0xA03,
0xA88,0xB1B,0xB80,0xBC5,0xBC4,0xB81,
0xB50,0xB03,0xAB7,0xAC2,0xAE9,0xB3C,
0xBC1,0xC38,0xCA7,0xCB3,0xC0D,0xB34,
0xA46,0x97E,0x942,0x967,0x9D7,0xA97,
0xB6A,0xC02,0xC64,0xC8C,0xC5C,0xBF3,
0xB5E,0xAA4,0xA18,0x9BB,0x988,0x9F9,
0xAC4,0xB86,0xC1B,0xC08,0xB5F,0xAA8,
0xA00,0x977,0x978,0xA33,0xB20,0xBD4,
0xC80,0xCA9,0xC12,0xB74,0xADF,0xA4A,
0xA20,0xA58,0xAD7,0xB6C,0xBB8,0xBD7,
0xBFD,0xBFD,0xBB6,0xB5E,0xB33,0xAF8,
0xAA2,0xA81,0xA6D,0xA57,0xA7B,0xAB3,
0xAA4,0xA66,0xA53,0xA8C,0xAE8,0xB40,
0xB8B,0xBBA,0xB94,0xAFE,0xA70,0xA36,
0xA3A,0xA70,0xAAE,0xAF1,0xB60,0xBB1,
0xBB5,0xBB9,0xBC5,0xB9D,0xB13,0xA4C,
0x9C6,0x998,0x9C2,0xA5B,0xB37,0xC10,
0xCD9,0xD1E,0xC99,0xBCC,0xB21,0xA8B,
0xA20,0xA51,0xAF1,0xB82,0xBF9,0xC24,
0xBA3,0xAD2,0xA3C,0x9DA,0x9BA,0xA0D,
0xABB,0xB63,0xBD7,0xC02,0xBCA,0xB7B,
0xB2E,0xAC0,0xA9D,0xAC4,0xB04,0xB91,
0xC35,0xCAD,0xCF1,0xCA2,0xBD4,0xAE4,
0x9E5,0x93F,0x91B,0x95B,0x9F6,0xAC6,
0xB86,0xC10,0xC79,0xC9D,0xC59,0xBD7,
0xB2F,0xA82,0xA09,0x9A6,0x9A5,0xA47,
0xB09,0xBCC,0xC3D,0xBF2,0xB45,0xA96,
0x9E7,0x972,0x9A0,0xA77,0xB54,0xC09,
0xCA2,0xC88,0xBE7,0xB4D,0xAA4,0xA2D,
0xA30,0xA86,0xB13,0xB91,0xBCC,0xBF5,
0xC1B,0xC0A,0xBB1,0xB61,0xB2F,0xAD5,
0xA87,0xA65,0xA4B,0xA54,0xA90,0xAC2,
0xAAB,0xA7E,0xA98,0xAE5,0xB30,0xB7B,
0xBA6,0xB9B,0xB36,0xA8D,0xA2C,0xA39,
0xA6E,0xAA4,0xAE1,0xB46,0xBA9,0xBBE,
0xBB3,0xBC0,0xBB0,0xB63,0xAB6,0x9F8,
0x995,0x98E,0x9E8,0xAB9,0xBA8,0xC76,
0xD19,0xD11,0xC64,0xBA2,0xAFA,0xA5D,
0xA23,0xA80,0xB13,0xB96,0xBFF,0xBF2,
0xB46,0xA92,0xA1C,0x9D3,0x9E3,0xA74,
0xB29,0xBAD,0xBFD,0xBF0,0xB8B,0xB3B,
0xAE3,0xA8E,0xA9A,0xAD7,0xB3F,0xBE4,
0xC7B,0xCED,0xD00,0xC6C,0xB86,0xA73,
0x97A,0x903,0x910,0x991,0xA5A,0xB2A,
0xBD3,0xC54,0xCA7,0xC97,0xC2C,0xBA0,
0xAEC,0xA3C,0x9BB,0x96C,0x9BC,0xA88,
0xB60,0xC22,0xC44,0xBB6,0xAFF,0xA48,
0x99E,0x967,0x9EC,0xAD3,0xB9B,0xC4D,
0xC9A,0xC2A,0xB86,0xAE4,0xA40,0x9FB,
0xA38,0xAC7,0xB63,0xBCB,0xBFE,0xC23,
0xC32,0xBF5,0xB87,0xB47,0xB0F,0xAB8,
0xA71,0xA37,0xA20,0xA49,0xA92,0xAAF,
0xA7A,0xA5C,0xA9A,0xAEC,0xB3E,0xB8B,
0xBA9,0xB85,0xB01,0xA65,0xA29,0xA46,
0xA7E,0xAB2,0xAFC,0xB5D,0xB91,0xB88,
0xB93,0xBA8,0xB94,0xB2B,0xA66,0x9C3,
0x98C,0x9A8,0xA21,0xB05,0xBE9,0xCAE,
0xD21,0xCD1,0xC10,0xB63,0xAC9,0xA4A,
0xA4C,0xABA,0xB42,0xBB7,0xBF2,0xBA1,
0xAE7,0xA4C,0x9E8,0x9B4,0xA00,0xAC4,
0xB68,0xBD7,0xC12,0xBCC,0xB51,0xB02,
0xAA9,0xA73,0xA96,0xAEE,0xB7D,0xC20,
0xCAA,0xD07,0xCDA,0xC13,0xB07,0x9E3,
0x914,0x8D1,0x914,0x9C5,0xAAB,0xB77,
0xC15,0xC86,0xCA8,0xC64,0xBE9,0xB4C,
0xA85,0x9D8,0x964,0x95C,0x9F6,0xAD8,
0xBC6,0xC60,0xC23,0xB62,0xA99,0x9D6,
0x955,0x983,0xA57,0xB3D,0xBFF,0xC97,
0xC86,0xBE5,0xB3F,0xA90,0xA06,0x9F6,
0xA5B,0xB05,0xB98,0xBDB,0xC01,0xC2E,
0xC31,0xBD4,0xB70,0xB37,0xAE1,0xA90,
0xA5B,0xA34,0xA39,0xA75,0xAB9,0xABE,
0xA80,0xA7D,0xAC0,0xB06,0xB55,0xB9A,
0xBAC,0xB67,0xAD7,0xA70,0xA64,0xA8E,
0xABE,0xAE5,0xB25,0xB75,0xB92,0xB92,
0xBA7,0xBAD,0xB74,0xAD3,0xA13,0x9A0,
0x994,0x9DA,0xA8B,0xB88,0xC66,0xD14,
0xD25,0xC7A,0xBB4,0xB1C,0xA78,0xA28,
0xA78,0xB0B,0xB96,0xBF2,0xBF2,0xB6A,
0xABA,0xA3B,0x9ED,0x9E7,0xA60,0xB12,
0xB91,0xBE6,0xBEF,0xB8C,0xB2D,0xAF9,
0xAAC,0xA90,0xAD2,0xB49,0xBD9,0xC5F,
0xCC6,0xCEC,0xC73,0xB86,0xA78,0x987,
0x916,0x91D,0x985,0xA43,0xB1E,0xBD0,
0xC5D,0xCB7,0xCA8,0xC47,0xBC0,0xB02,
0xA2D,0x993,0x948,0x998,0xA68,0xB5B,
0xC3F,0xC82,0xBF6,0xB23,0xA5B,0x9B0,
0x96E,0x9DE,0xAC1,0xB8E,0xC3C,0xC97,
0xC2B,0xB6B,0xAC7,0xA31,0x9F6,0xA33,
0xAC3,0xB72,0xBE2,0xC09,0xC2E,0xC3F,
0xBFC,0xB85,0xB3A,0xAF4,0xA92,0xA5A,
0xA3E,0xA37,0xA6A,0xAB0,0xAD8,0xAB4,
0xA73,0xA88,0xADE,0xB2F,0xB75,0xB9A,
0xB87,0xB2E,0xAB1,0xA6E,0xA77,0xAA5,
0xAC4,0xAD9,0xB1D,0xB6B,0xB79,0xB88,
0xBB4,0xBAE,0xB35,0xA6C,0x9C9,0x985,
0x99F,0xA25,0xB07,0xBEE,0xCC1,0xD38,
0xCDB,0xC03,0xB4D,0xAA4,0xA17,0xA34,
0xACF,0xB6A,0xBEA,0xC2D,0xBE9,0xB38,
0xA89,0xA08,0x9D3,0xA08,0xAAB,0xB52,
0xBBA,0xBFA,0xBE0,0xB71,0xB24,0xACC,
0xA5E,0xA53,0xABA,0xB62,0xC17,0xCB3,
0xD29,0xD13,0xC42,0xB24,0x9FE,0x926,
0x8E3,0x91F,0x9C7,0xAAF,0xB88,0xC28,
0xC90,0xCAE,0xC67,0xBE9,0xB4E,0xA7C,
0x9D5,0x986,0x98A,0xA24,0xB0B,0xBE9,
0xC86,0xC5E,0xB97,0xAC1,0x9FA,0x968,
0x971,0xA2C,0xB10,0xBC2,0xC61,0xC7B,
0xBE0,0xB2D,0xA8C,0xA14,0xA15,0xA7E,
0xB1D,0xBAA,0xBD7,0xBE1,0xBFD,0xBEC,
0xB8D,0xB39,0xB1D,0xAE6,0xAAA,0xA8D,
0xA69,0xA6A,0xA9F,0xAC3,0xAB0,0xA59,
0xA31,0xA83,0xAFF,0xB74,0xBD1,0xBED,
0xBB4,0xB1E,0xA82,0xA43,0xA55,0xA87,
0xAAD,0xAE1,0xB43,0xB7A,0xB69,0xB73,
0xB91,0xB65,0xAD6,0xA34,0x9C5,0x99E,
0x9DB,0xA81,0xB51,0xC1D,0xCD4,0xCFD,
0xC6C,0xBB4,0xB14,0xA63,0xA12,0xA7A,
0xB1C,0xBAB,0xC23,0xC34,0xBAB,0xAE3,
0xA37,0x9D3,0x9CE,0xA38,0xAE7,0xB74,
0xBC9,0xBE5,0xB94,0xB2B,0xAF6,0xA9A,
0xA5C,0xA89,0xAF0,0xB94,0xC47,0xCD3,
0xD15,0xCB0,0xBB1,0xA8A,0x97F,0x8F0,
0x8FC,0x970,0xA40,0xB31,0xBE0,0xC47,
0xC84,0xC74,0xC18,0xB9D,0xB01,0xA57,
0x9EA,0x9AE,0x9D7,0xA97,0xB6E,0xC2A,
0xC7C,0xC06,0xB3A,0xA7B,0x9BA,0x953,
0x9B1,0xA8D,0xB5B,0xC15,0xC8F,0xC48,
0xB95,0xAF1,0xA5E,0xA17,0xA3E,0xABF,
0xB6A,0xBCB,0xBD0,0xBD7,0xBE2,0xBAE,
0xB53,0xB26,0xB11,0xAD2,0xA9B,0xA6F,
0xA44,0xA57,0xA8E,0xAA5,0xA72,0xA30,
0xA61,0xAE0,0xB56,0xBC5,0xBFF,0xBEB,
0xB84,0xAD4,0xA4A,0xA2C,0xA5B,0xA97,
0xAC6,0xB1A,0xB76,0xB86,0xB78,0xB97,
0xBA1,0xB37,0xA86,0x9EE,0x990,0x991,
0xA10,0xADC,0xBB2,0xC8A,0xD0F,0xCCB,
0xC11,0xB67,0xAC3,0xA34,0xA4A,0xAE7,
0xB85,0xC0B,0xC5F,0xC17,0xB4A,0xA77,
0x9DD,0x9A0,0x9DD,0xA82,0xB40,0xBC6,
0xC10,0xBFD,0xB8B,0xB34,0xADE,0xA73,
0xA68,0xABD,0xB4C,0xC0B,0xCB4,0xD2E,
0xD26,0xC62,0xB45,0xA0C,0x91A,0x8D7,
0x915,0x9B5,0xAA8,0xB86,0xC11,0xC65,
0xC85,0xC53,0xBD8,0xB45,0xA9E,0xA14,
0x9C6,0x9B8,0xA3D,0xB1C,0xBE5,0xC78,
0xC66,0xBA0,0xABD,0x9F3,0x954,0x953,
0xA13,0xB0A,0xBDB,0xC95,0xCBC,0xC16,
0xB44,0xA8D,0xA07,0x9F6,0xA52,0xB09,
0xBB7,0xBF3,0xBE9,0xBE8,0xBC6,0xB65,
0xB13,0xAF3,0xAD0,0xAB5,0xAB3,0xA94,
0xA7A,0xA8D,0xAA6,0xA80,0xA1E,0xA0C,
0xA7B,0xB11,0xBA7,0xC1A,0xC1E,0xBCB,
0xB33,0xA7D,0xA1A,0xA27,0xA65,0xA9E,
0xAEA,0xB57,0xB9B,0xB97,0xB9B,0xBB7,
0xB82,0xAD5,0xA1C,0x99B,0x967,0x9BB,
0xA82,0xB5A,0xC2F,0xCF0,0xD0C,0xC70,
0xBB7,0xB13,0xA72,0xA2D,0xA88,0xB24,
0xBA1,0xC09,0xC20,0xB8B,0xABD,0xA30,
0x9DD,0x9D5,0xA3C,0xAF8,0xB9E,0xBFB,
0xC0C,0xBB7,0xB48,0xAF8,0xA8B,0xA4A,
0xA79,0xAEE,0xBA3,0xC67,0xD06,0xD48,
0xCC0,0xBB7,0xA91,0x958,0x8B3,0x8CE,
0x951,0xA38,0xB39,0xBF1,0xC58,0xC81,
0xC68,0xBFF,0xB6C,0xAD7,0xA4F,0x9F5,
0x9C6,0xA0A,0xAD7,0xBA0,0xC32,0xC68,
0xBE3,0xAF8,0xA28,0x980,0x937,0x9B6,
0xABE,0xBA5,0xC60,0xCD2,0xC78,0xBA1,
0xAD7,0xA27,0x9D9,0xA05,0xA95,0xB65,
0xBF7,0xC11,0xC12,0xC13,0xBCA,0xB5F,
0xB2B,0xAF3,0xAA8,0xA97,0xA90,0xA75,
0xA82,0xAAA,0xAB6,0xA74,0xA2C,0xA51,
0xAC1,0xB43,0xBCC,0xC12,0xBF8,0xB96,
0xAFC,0xA64,0xA32,0xA6A,0xAA1,0xAC2,
0xB0E,0xB65,0xB89,0xB8A,0xBA0,0xBA5,
0xB36,0xA84,0x9F6,0x995,0x996,0xA26,
0xAEC,0xBAC,0xC7B,0xCFC,0xCB1,0xBF6,
0xB53,0xABC,0xA52,0xA6D,0xAF8,0xB85,
0xBE9,0xC35,0xBF8,0xB21,0xA61,0x9FA,
0x9BF,0x9E4,0xA8C,0xB4B,0xBC8,0xC10,
0xC00,0xB91,0xB37,0xADD,0xA75,0xA64,
0xAAF,0xB4B,0xC08,0xCA0,0xD1A,0xD04,
0xC30,0xB28,0x9F2,0x8EC,0x8B1,0x8FF,
0x9B0,0xAB8,0xBA8,0xC37,0xC74,0xC72,
0xC2B,0xBA8,0xB11,0xA7D,0xA1A,0x9E2,
0x9DC,0xA70,0xB54,0xC0C,0xC91,0xC7D,
0xBA4,0xA99,0x9BE,0x922,0x91E,0x9E4,
0xAEE,0xBD0,0xC8F,0xCB7,0xC28,0xB70,
0xAB6,0xA22,0xA06,0xA4B,0xAE0,0xB87,
0xBCE,0xBCD,0xBE9,0xBF4,0xBA6,0xB63,
0xB3E,0xAE2,0xA9D,0xA86,0xA4E,0xA2C,
0xA4C,0xA82,0xA85,0xA51,0xA50,0xAA0,
0xB13,0xB95,0xBF3,0xC00,0xBC5,0xB4A,
0xAB2,0xA49,0xA5A,0xAA7,0xAC1,0xADE,
0xB2E,0xB6B,0xB71,0xB6F,0xB89,0xB69,
0xADC,0xA45,0x9C7,0x981,0x9D2,0xA8C,
0xB43,0xC04,0xCBD,0xCDA,0xC3C,0xB8A,
0xAFE,0xA80,0xA66,0xAD7,0xB70,0xBDD,
0xC2F,0xC33,0xB88,0xAA6,0xA20,0x9DC,
0x9D0,0xA45,0xB0C,0xBAD,0xC0E,0xC29,
0xBD1,0xB5B,0xB0B,0xAA2,0xA58,0xA76,
0xAF9,0xBC5,0xC81,0xD06,0xD36,0xCA7,
0xB9F,0xA70,0x933,0x89C,0x8CD,0x95B,
0xA3F,0xB4F,0xC1B,0xC74,0xC76,0xC3F,
0xBCF,0xB44,0xAB7,0xA43,0xA02,0x9E6,
0xA38,0xB01,0xBC1,0xC5C,0xCA1,0xC20,
0xB2F,0xA58,0x9A9,0x956,0x9BA,0xA99,
0xB64,0xC18,0xC81,0xC32,0xB83,0xADD,
0xA56,0xA23,0xA4D,0xABF,0xB63,0xBD3,
0xBD6,0xBC9,0xBDD,0xBBA,0xB69,0xB4C,
0xB1C,0xAD1,0xABE,0xA9E,0xA5D,0xA4C,
0xA6A,0xA77,0xA4C,0xA2B,0xA62,0xAE0,
0xB7A,0xBF0,0xC15,0xBF2,0xB7F,0xADE,
0xA4E,0xA1F,0xA76,0xACA,0xAF3,0xB43,
0xB8F,0xB89,0xB5D,0xB4E,0xB47,0xAE9,
0xA5F,0x9FF,0x9BC,0x9CC,0xA5B,0xB05,
0xBA3,0xC59,0xCC9,0xC76,0xBC4,0xB45,
0xAD0,0xA75,0xAA5,0xB3C,0xBBD,0xC0E,
0xC35,0xBD9,0xAFD,0xA3F,0x9E3,0x9C1,
0x9FF,0xAB1,0xB6E,0xBE4,0xC14,0xBE2,
0xB63,0xB00,0xAA3,0xA44,0xA43,0xAAE,
0xB70,0xC50,0xCF2,0xD49,0xD16,0xC2B,
0xAF4,0x9A4,0x89D,0x86C,0x8E3,0x9B6,
0xACC,0xBD1,0xC5F,0xC7A,0xC5D,0xC08,
0xB7C,0xAEA,0xA66,0xA08,0x9CF,0x9D5,
0xA66,0xB3B,0xBFA,0xC8E,0xC8D,0xBD0,
0xAD9,0x9FA,0x954,0x940,0x9E1,0xABE,
0xB8E,0xC3E,0xC5F,0xBE4,0xB49,0xAAD,
0xA3E,0xA33,0xA79,0xAFB,0xB83,0xBBA,
0xBB0,0xBC4,0xBD1,0xB8B,0xB5B,0xB46,
0xAF1,0xAC0,0xABA,0xA7E,0xA49,0xA4E,
0xA59,0xA3F,0xA16,0xA29,0xA8C,0xB29,
0xBC6,0xC17,0xC15,0xBBD,0xB21,0xA84,
0xA1B,0xA37,0xAA6,0xAE2,0xB1B,0xB7C,
0xB9A,0xB63,0xB36,0xB43,0xB25,0xAAD,
0xA44,0xA00,0x9D8,0xA16,0xA9D,0xB1C,
0xBC0,0xC73,0xC8D,0xC01,0xB89,0xB32,
0xAB9,0xA8B,0xAEE,0xB82,0xBF4,0xC42,
0xC43,0xBA2,0xAB9,0xA28,0x9DB,0x9CA,
0xA37,0xAF7,0xBA1,0xC10,0xC2A,0xBD5,
0xB66,0xB0A,0xA8D,0xA3F,0xA6F,0xAF2,
0xBC1,0xC8B,0xD17,0xD56,0xCD7,0xBB7,
0xA76,0x93F,0x889,0x8A0,0x942,0xA3F,
0xB5C,0xC33,0xC8F,0xC94,0xC5C,0xBDC,
0xB43,0xAAC,0xA35,0xA01,0x9EE,0xA3A,
0xB01,0xBCE,0xC78,0xCC1,0xC49,0xB5D,
0xA73,0x9A7,0x941,0x993,0xA5B,0xB29,
0xBF9,0xC7C,0xC40,0xB99,0xAF6,0xA6F,
0xA36,0xA54,0xAC5,0xB66,0xBC9,0xBCA,
0xBC8,0xBE3,0xBB6,0xB71,0xB7A,0xB59,
0xAFF,0xAE4,0xAB8,0xA68,0xA4C,0xA57,
0xA57,0xA39,0xA24,0xA55,0xAD0,0xB6E,
0xBF1,0xC23,0xBFF,0xB8A,0xAF3,0xA5C,
0xA21,0xA6D,0xAB5,0xADE,0xB3E,0xB8D,
0xB86,0xB58,0xB52,0xB58,0xAF4,0xA5F,
0x9F7,0x9AB,0x9AE,0xA31,0xAD0,0xB69,
0xC2E,0xCB1,0xC61,0xBC5,0xB66,0xAED,
0xA7F,0xA9F,0xB2D,0xBB5,0xC09,0xC30,
0xBE0,0xB03,0xA42,0x9E9,0x9CB,0xA17,
0xAC6,0xB77,0xBEF,0xC16,0xBD9,0xB62,
0xB0F,0xABE,0xA64,0xA5F,0xAB8,0xB5A,
0xC21,0xCBD,0xD27,0xD07,0xC25,0xB09,
0x9D7,0x8CA,0x889,0x8F9,0x9C4,0xAD2,
0xBC3,0xC3F,0xC63,0xC57,0xC0B,0xB97,
0xB16,0xA8A,0xA30,0x9F9,0x9E5,0xA62,
0xB32,0xBE7,0xC77,0xC77,0xBC7,0xAE4,
0xA06,0x966,0x96E,0xA11,0xACB,0xB86,
0xC40,0xC59,0xBCF,0xB39,0xAB5,0xA5E,
0xA5F,0xA9F,0xB1E,0xB8E,0xB9F,0xB9A,
0xBC4,0xBD3,0xBA3,0xBA4,0xBA0,0xB35,
0xAEB,0xAC9,0xA6C,0xA30,0xA3B,0xA59,
0xA57,0xA32,0xA4A,0xAB6,0xB38,0xBC6,
0xC25,0xC20,0xBC8,0xB3A,0xA98,0xA2F,
0xA58,0xABC,0xAEB,0xB2A,0xB77,0xB7B,
0xB4C,0xB27,0xB33,0xB27,0xAC6,0xA5F,
0xA0B,0x9D5,0xA12,0xA90,0xB09,0xBB0,
0xC66,0xC83,0xC01,0xB99,0xB3E,0xABA,
0xA98,0xB10,0xBAA,0xC05,0xC2D,0xC11,
0xB65,0xA7C,0x9F5,0x9C4,0x9E3,0xA75,
0xB2E,0xBC4,0xC11,0xC09,0xBAB,0xB41,
0xAF0,0xA88,0xA45,0xA6F,0xAFB,0xBC4,
0xC80,0xD0C,0xD3A,0xC99,0xB83,0xA5C,
0x919,0x861,0x88B,0x926,0xA1F,0xB3C,
0xBFC,0xC53,0xC77,0xC55,0xBE7,0xB64,
0xACE,0xA46,0x9F5,0x9BA,0x9F2,0xAC4,
0xB95,0xC5A,0xCDA,0xC7F,0xB90,0xA8D,
0x9A2,0x936,0x993,0xA64,0xB2E,0xBFA,
0xC74,0xC20,0xB71,0xAC7,0xA3D,0xA1F,
0xA5A,0xAD2,0xB6C,0xBB3,0xBA8,0xBAE,
0xBC2,0xB9B,0xB77,0xB86,0xB49,0xAF0,
0xAE1,0xAA8,0xA59,0xA53,0xA61,0xA60,
0xA40,0xA2C,0xA74,0xAEC,0xB7F,0xC09,
0xC29,0xBE8,0xB6F,0xAD0,0xA36,0xA18,
0xA84,0xAE1,0xB18,0xB68,0xB93,0xB6E,
0xB2A,0xB01,0xAF8,0xAB3,0xA40,0x9EE,
0x9B8,0x9CA,0xA46,0xAD9,0xB79,0xC36,
0xCA2,0xC4F,0xBAE,0xB34,0xAB3,0xA5A,
0xAA8,0xB65,0xBFA,0xC45,0xC51,0xBDE,
0xAEE,0xA2F,0x9E3,0x9D3,0xA24,0xACF,
0xB7A,0xBE9,0xC0C,0xBD4,0xB71,0xB19,
0xAB1,0xA4B,0xA3B,0xA97,0xB57,0xC36,
0xCE4,0xD5A,0xD2A,0xC31,0xB0B,0x9C3,
0x8A4,0x86B,0x8DE,0x9A6,0xAC5,0xBC7,
0xC49,0xC7C,0xC7E,0xC33,0xBB8,0xB27,
0xA85,0xA19,0x9DC,0x9CF,0xA61,0xB41,
0xC09,0xCBA,0xCBA,0xBF0,0xAF9,0xA09,
0x959,0x965,0xA22,0xAFD,0xBBA,0xC62,
0xC6C,0xBD0,0xB25,0xA8B,0xA35,0xA50,
0xAA8,0xB35,0xBA7,0xBB0,0xBA7,0xBC3,
0xBCC,0xBA5,0xBA5,0xB97,0xB2F,0xAF0,
0xAD2,0xA83,0xA55,0xA5A,0xA68,0xA5C,
0xA21,0xA1F,0xA7E,0xB10,0xBC6,0xC40,
0xC47,0xBF6,0xB55,0xA9C,0xA26,0xA3A,
0xA9F,0xAE7,0xB45,0xBA5,0xBB3,0xB84,
0xB4B,0xB38,0xB13,0xAA8,0xA31,0x9D3,
0x997,0x9D7,0xA6E,0xB0E,0xBD1,0xC8C,
0xCB3,0xC2B,0xB81,0xB12,0xAA1,0xA86,
0xB10,0xBC7,0xC37,0xC64,0xC31,0xB6B,
0xA7E,0x9F4,0x9D0,0x9ED,0xA79,0xB34,
0xBC0,0xC0A,0xBF2,0xB91,0xB42,0xAE0,
0xA7E,0xA69,0xA99,0xB17,0xBD2,0xC82,
0xD0F,0xD41,0xCA3,0xB93,0xA60,0x916,
0x850,0x86E,0x91A,0xA2A,0xB5B,0xC21,
0xC65,0xC71,0xC43,0xBC7,0xB47,0xAB8,
0xA3A,0x9F7,0x9BF,0x9EC,0xABA,0xB88,
0xC4E,0xCC9,0xC68,0xB88,0xA95,0x9BB,
0x953,0x9B2,0xA86,0xB48,0xBF1,0xC4E,
0xBEA,0xB3D,0xA9B,0xA09,0x9F1,0xA3E,
0xAC0,0xB62,0xBBC,0xBBD,0xBBC,0xBC5,
0xBA5,0xB70,0xB71,0xB41,0xAF0,0xAD8,
0xAA8,0xA5D,0xA43,0xA4B,0xA4F,0xA2F,
0xA13,0xA56,0xACB,0xB63,0xBFA,0xC38,
0xBFF,0xB70,0xAC4,0xA36,0xA07,0xA57,
0xAC5,0xB16,0xB7E,0xBC2,0xBB1,0xB63,
0xB2E,0xB16,0xAC3,0xA33,0x9CB,0x987,
0x986,0x9F7,0xAA9,0xB78,0xC45,0xCC0,
0xC87,0xBD4,0xB46,0xAD0,0xA71,0xAA5,
0xB5C,0xBFF,0xC52,0xC66,0xBE7,0xAEE,
0xA17,0x9C2,0x9B8,0xA08,0xAC9,0xB89,
0xC06,0xC22,0xBD5,0xB70,0xB08,0xA80,
0xA39,0xA57,0xABE,0xB77,0xC4C,0xCF5,
0xD67,0xD2A,0xC37,0xB01,0x9A4,0x884,
0x82D,0x89D,0x97A,0xABC,0xBDE,0xC76,
0xCA7,0xCA5,0xC51,0xBCC,0xB29,0xA69,
0xA01,0x9C4,0x9AC,0xA3C,0xB35,0xC08,
0xCB9,0xCCA,0xC1C,0xB1D,0xA21,0x97A,
0x983,0xA36,0xB0B,0xBC0,0xC54,0xC4E,
0xB9F,0xAF7,0xA53,0x9F8,0xA23,0xA92,
0xB33,0xBCD,0xC00,0xBED,0xBDF,0xBCA,
0xB82,0xB61,0xB63,0xB1E,0xB00,0xB0A,
0xACE,0xA82,0xA6C,0xA60,0xA41,0xA07,
0xA13,0xA8B,0xB22,0xBBE,0xC35,0xC3D,
0xBCF,0xB24,0xA7D,0xA17,0xA1C,0xA8B,
0xAF8,0xB5A,0xBBF,0xBE6,0xBAB,0xB5F,
0xB3E,0xB09,0xA8B,0xA01,0x9AC,0x974,
0x998,0xA33,0xAFE,0xBD0,0xC92,0xCC8,
0xC4F,0xBB3,0xB3A,0xAB5,0xA7A,0xAF0,
0xBA7,0xC1A,0xC50,0xC30,0xB76,0xA83,
0x9EE,0x9C6,0x9DE,0xA6A,0xB2E,0xBC7,
0xC0D,0xBF4,0xB8F,0xB24,0xAB9,0xA5A,
0xA53,0xA99,0xB2B,0xBFC,0xCB3,0xD29,
0xD45,0xCA7,0xB94,0xA54,0x90B,0x83F,
0x84F,0x8F0,0x9FD,0xB34,0xC0E,0xC87,
0xCB6,0xC90,0xC13,0xB8A,0xACF,0xA24,
0x9CA,0x99F,0x9CD,0xA93,0xB81,0xC4C,
0xCC3,0xC78,0xBA9,0xAB1,0x9D7,0x975,
0x9CF,0xA97,0xB4F,0xBEF,0xC53,0xBF7,
0xB44,0xAA9,0xA09,0x9D6,0xA1B,0xA99,
0xB34,0xBB3,0xBE1,0xBF7,0xC0D,0xBE3,
0xB8E,0xB6F,0xB31,0xAC5,0xAB2,0xAA4,
0xA6B,0xA58,0xA63,0xA6B,0xA4D,0xA1C,
0xA54,0xAD3,0xB59,0xBD8,0xC20,0xBF5,
0xB66,0xAC7,0xA58,0xA3A,0xA77,0xADF,
0xB31,0xB80,0xBB2,0xB95,0xB4A,0xB2F,
0xB35,0xAFD,0xA6E,0x9E3,0x984,0x956,
0x99D,0xA56,0xB37,0xC21,0xCDA,0xCCC,
0xC3B,0xBB3,0xB1D,0xA88,0xA81,0xB17,
0xBAE,0xC04,0xC35,0xBF1,0xB18,0xA48,
0x9E9,0x9D6,0xA09,0xAAC,0xB6D,0xBFA,
0xC24,0xBE6,0xB6E,0xAFB,0xA81,0xA29,
0xA2F,0xA8A,0xB4D,0xC42,0xCF9,0xD5D,
0xD3E,0xC6B,0xB31,0x9C7,0x88C,0x80E,
0x859,0x924,0xA54,0xB77,0xC37,0xCA5,
0xCD7,0xCA0,0xC22,0xB83,0xABC,0xA28,
0x9CF,0x9AA,0x9F5,0xACC,0xBAF,0xC60,
0xC8B,0xC11,0xB45,0xA69,0x9BB,0x9A9,
0xA37,0xAE2,0xB86,0xC26,0xC47,0xBAA,
0xB01,0xA69,0x9F2,0x9EC,0xA44,0xACE,
0xB72,0xBD8,0xBEC,0xC08,0xC15,0xBD5,
0xB8C,0xB69,0xB0B,0xAC0,0xAAB,0xA6C,
0xA38,0xA44,0xA5E,0xA67,0xA3E,0xA3C,
0xAB0,0xB2F,0xB9C,0xBEE,0xBF9,0xB91,
0xAEE,0xA61,0xA21,0xA3C,0xAAC,0xB1F,
0xB72,0xBB0,0xBA7,0xB64,0xB32,0xB3A,
0xB25,0xAC7,0xA45,0x9D6,0x96F,0x95B,
0x9DE,0xAB5,0xB94,0xC74,0xCE4,0xC8D,
0xBF7,0xB6A,0xAD4,0xA7C,0xADC,0xB8A,
0xBF7,0xC2A,0xC29,0xB90,0xA91,0x9DE,
0x9A9,0x9CB,0xA49,0xB17,0xBCE,0xC3B,
0xC39,0xBD1,0xB45,0xAC5,0xA45,0xA15,
0xA46,0xAD9,0xBCE,0xCB3,0xD4D,0xD83,
0xD0A,0xBF2,0xA9B,0x939,0x855,0x833,
0x8AC,0x998,0xAC2,0xBBC,0xC5A,0xCBF,
0xCE1,0xC9E,0xC13,0xB3E,0xA58,0x9CB,
0x982,0x98B,0xA36,0xB50,0xC47,0xCD9,
0xCAC,0xBE1,0xAEC,0x9FC,0x96D,0x9B2,
0xA79,0xB3A,0xBF7,0xC78,0xC3B,0xB86,
0xAE3,0xA40,0x9F1,0xA20,0xA93,0xB2B,
0xBA3,0xBC4,0xBD2,0xBFA,0xBFB,0xBBE,
0xB95,0xB71,0xB0C,0xADD,0xAB3,0xA57,
0xA35,0xA4B,0xA61,0xA59,0xA37,0xA79,
0xB07,0xB8A,0xBF8,0xC1F,0xBED,0xB5E,
0xAB8,0xA51,0xA43,0xA8C,0xAFD,0xB45,
0xB87,0xBB6,0xB99,0xB5C,0xB51,0xB64,
0xB20,0xA83,0x9DD,0x95F,0x921,0x971,
0xA46,0xB43,0xC3D,0xD06,0xD04,0xC5C,
0xBA4,0xB02,0xA75,0xA65,0xB09,0xBBB,
0xC22,0xC58,0xC28,0xB51,0xA60,0x9E1,
0x9D7,0xA11,0xAAA,0xB64,0xBE9,0xC21,
0xBE7,0xB6C,0xAFB,0xA88,0xA32,0xA3C,
0xA90,0xB53,0xC42,0xCF3,0xD60,0xD4F,
0xC80,0xB40,0x9D3,0x8A0,0x823,0x851,
0x90C,0xA25,0xB43,0xC12,0xC9B,0xCE5,
0xCCA,0xC55,0xB9A,0xAA3,0x9E7,0x986,
0x961,0x9C9,0xAD3,0xBEC,0xCB2,0xCE0,
0xC46,0xB46,0xA41,0x972,0x94C,0x9F8,
0xAD6,0xB9C,0xC45,0xC67,0xBC4,0xAFC,
0xA54,0x9D9,0x9DD,0xA4D,0xAF3,0xB93,
0xBD2,0xBC8,0xBCE,0xBD1,0xBAC,0xB74,
0xB72,0xB47,0xAFF,0xAE7,0xA91,0xA2D,
0xA1E,0xA2A,0xA38,0xA32,0xA47,0xABC,
0xB40,0xBC1,0xC06,0xBE7,0xB7F,0xAE0,
0xA58,0xA23,0xA38,0xAA0,0xB05,0xB4E,
0xBAA,0xBC8,0xB99,0xB78,0xB8E,0xB70,
0xAE2,0xA18,0x962,0x8EF,0x8E9,0x991,
0xAAA,0xBB9,0xCC7,0xD61,0xD05,0xC37,
0xB69,0xAA6,0xA29,0xA6C,0xB22,0xBBB,
0xC20,0xC4A,0xBDF,0xAF5,0xA23,0x9D0,
0x9D2,0xA2E,0xB03,0xBC2,0xC2F,0xC45,
0xBE8,0xB55,0xABD,0xA24,0x9EA,0xA13,
0xAA3,0xBA7,0xCA5,0xD57,0xDB0,0xD4C,
0xC31,0xACF,0x961,0x860,0x818,0x882,
0x97C,0xAAC,0xBA4,0xC52,0xCBA,0xCE4,
0xCAD,0xC26,0xB50,0xA66,0x9DA,0x989,
0x97E,0xA1E,0xB34,0xC31,0xCBB,0xC90,
0xBC4,0xAC8,0x9F7,0x984,0x9C7,0xA9F,
0xB73,0xC1B,0xC7F,0xC25,0xB4B,0xA91,
0x9E9,0x999,0x9E0,0xA83,0xB58,0xBFE,
0xC1B,0xC13,0xC10,0xBDE,0xB79,0xB3B,
0xB2D,0xAED,0xACA,0xAB5,0xA53,0xA1D,
0xA2B,0xA3D,0xA49,0xA48,0xA91,0xB13,
0xB87,0xBE3,0xBFC,0xBCD,0xB4C,0xAA6,
0xA3D,0xA1E,0xA56,0xAC2,0xB06,0xB67,
0xBD4,0xBDA,0xBA8,0xBA3,0xB94,0xB29,
0xA69,0x991,0x900,0x8D2,0x921,0xA12,
0xB32,0xC3F,0xD30,0xD53,0xCAD,0xBE0,
0xB24,0xA69,0xA28,0xAA0,0xB45,0xBCD,
0xC36,0xC38,0xB93,0xAB7,0xA24,0x9F3,
0xA03,0xA8F,0xB68,0xC08,0xC52,0xC2A,
0xB9A,0xB02,0xA6C,0x9F5,0x9E8,0xA4C,
0xB19,0xC0F,0xCE2,0xD76,0xD97,0xCEF,
0xBBE,0xA51,0x8EF,0x81F,0x804,0x88B,
0x9A1,0xAD8,0xBD8,0xC95,0xD03,0xD02,
0xC93,0xBD8,0xAD9,0x9FB,0x987,0x94C,
0x993,0xA84,0xB9F,0xC78,0xCC2,0xC51,
0xB63,0xA68,0x9A1,0x964,0x9EA,0xAC7,
0xB74,0xC0B,0xC4B,0xBC4,0xB02,0xA52,
0x9B5,0x999,0xA09,0xAB2,0xB7D,0xBF7,
0xC0A,0xC27,0xC2F,0xBD8,0xB66,0xB47,
0xB19,0xAD2,0xABD,0xA8A,0xA32,0xA18,
0xA29,0xA45,0xA37,0xA40,0xAB3,0xB4C,
0xBCA,0xC11,0xC13,0xBBB,0xB13,0xA6E,
0xA10,0xA0F,0xA68,0xAC5,0xB13,0xB97,
0xBF2,0xBE0,0xBC8,0xBCB,0xB8B,0xAE5,
0x9F5,0x918,0x8A4,0x8A6,0x953,0xA8A,
0xBB5,0xCD5,0xD94,0xD58,0xC95,0xBD7,
0xB0E,0xA63,0xA6C,0xAF4,0xB70,0xBD5,
0xC1D,0xBDF,0xB25,0xA74,0xA1D,0xA10,
0xA44,0xAEB,0xBA3,0xC14,0xC36,0xBE2,
0xB4A,0xABD,0xA38,0x9EF,0xA1A,0xAB3,
0xB9E,0xC99,0xD59,0xDB7,0xD66,0xC5A,
0xAFE,0x992,0x879,0x81E,0x864,0x934,
0xA66,0xB74,0xC3A,0xCCA,0xD0B,0xCE3,
0xC5F,0xB93,0xA99,0x9DF,0x979,0x95E,
0x9F5,0xB09,0xC09,0xCB9,0xCC3,0xC1A,
0xB27,0xA43,0x9A1,0x9A9,0xA67,0xB33,
0xBC9,0xC4D,0xC2F,0xB74,0xACD,0xA21,
0x9A7,0x9D1,0xA62,0xB29,0xBF0,0xC2E,
0xC39,0xC66,0xC47,0xBBF,0xB55,0xB26,
0xAD8,0xAAF,0xA9E,0xA60,0xA2F,0xA2A,
0xA40,0xA43,0xA1E,0xA47,0xAE0,0xB82,
0xBF0,0xC1F,0xC01,0xB7F,0xACD,0xA47,
0xA15,0xA43,0xAAC,0xB0D,0xB71,0xBD0,
0xBEA,0xBD1,0xBC4,0xBA5,0xB42,0xA83,
0x994,0x8EC,0x8AF,0x8EE,0x9DB,0xAFF,
0xC05,0xD12,0xD78,0xCF3,0xC28,0xB66,
0xA9B,0xA39,0xA8E,0xB28,0xB9D,0xC04,
0xC23,0xB93,0xAC3,0xA34,0xA06,0xA18,
0xA89,0xB49,0xBDB,0xC1B,0xC03,0xB8F,
0xB05,0xA81,0xA0C,0x9EF,0xA41,0xB03,
0xC05,0xCEA,0xD82,0xDA8,0xD09,0xBCA,
0xA58,0x8F7,0x82D,0x826,0x8A0,0x99C,
0xAC8,0xBB5,0xC60,0xCD4,0xCEA,0xC8B,
0xBF2,0xB27,0xA54,0x9CE,0x97A,0x999,
0xA6D,0xB74,0xC4B,0xCC1,0xC80,0xBAD,
0xAB5,0x9DD,0x97F,0x9EE,0xACF,0xB84,
0xC22,0xC78,0xBF1,0xB13,0xA59,0x9B7,
0x98D,0x9F0,0xAA2,0xB82,0xC0E,0xC19,
0xC35,0xC4B,0xBFF,0xB84,0xB48,0xB15,
0xAC7,0xAB0,0xA84,0xA45,0xA2B,0xA30,
0xA56,0xA51,0xA39,0xA94,0xB3B,0xBBE,
0xC10,0xC28,0xBDD,0xB2F,0xA7E,0xA19,
0xA0F,0xA4C,0xAA9,0xB0F,0xB87,0xBE3,
0xBFC,0xBF3,0xBD6,0xB90,0xAFB,0x9FA,
0x908,0x89C,0x8A2,0x941,0xA6A,0xB8B,
0xCA9,0xD7E,0xD5D,0xC92,0xBC1,0xAF1,
0xA3E,0xA32,0xAD1,0xB73,0xBE4,0xC3B,
0xBFE,0xB23,0xA58,0x9FF,0x9EE,0xA2E,
0xAEA,0xBB4,0xC33,0xC5A,0xBFA,0xB44,
0xAA9,0xA14,0x9B6,0x9CC,0xA65,0xB67,
0xC6B,0xD28,0xD97,0xD74,0xC87,0xB3C,
0x9D1,0x8A5,0x827,0x84D,0x8F5,0xA10,
0xB38,0xC17,0xCB7,0xD11,0xCEB,0xC64,
0xBA1,0xAB1,0x9EF,0x973,0x948,0x9CD,
0xAD7,0xBDC,0xC9C,0xCC9,0xC32,0xB3E,
0xA53,0x99F,0x993,0xA4C,0xB21,0xBCD,
0xC6D,0xC6B,0xBA2,0xAD7,0xA23,0x9AC,
0x9BF,0xA32,0xB07,0xBD8,0xC11,0xC0C,
0xC31,0xC23,0xBB4,0xB60,0xB4F,0xB15,
0xAE8,0xAD7,0xA86,0xA3A,0xA0B,0xA19,
0xA39,0xA14,0xA2F,0xAD8,0xB86,0xBF5,
0xC26,0xC0E,0xB8D,0xAC1,0xA20,0x9E5,
0xA1B,0xA8F,0xAF8,0xB5F,0xBD3,0xC13,
0xC09,0xBE4,0xBB4,0xB55,0xA95,0x99F,
0x8F5,0x8C4,0x915,0xA01,0xB18,0xC21,
0xD1D,0xD67,0xCCE,0xBF9,0xB39,0xA88,
0xA2D,0xA92,0xB5D,0xBE6,0xC43,0xC4F,
0xBAA,0xABA,0xA21,0x9E5,0x9F0,0xA89,
0xB68,0xC04,0xC69,0xC66,0xBB1,0xAF5,
0xA6B,0x9E7,0x9BC,0xA0F,0xAE3,0xBF8,
0xCEC,0xD85,0xDAA,0xD15,0xBEC,0xA92,
0x929,0x832,0x810,0x88F,0x986,0xABD,
0xBC2,0xC72,0xCE8,0xCFD,0xCA0,0xC00,
0xB24,0xA36,0x992,0x932,0x94E,0xA37,
0xB68,0xC64,0xCF7,0xCC2,0xBE5,0xAD6,
0x9DD,0x95C,0x9CB,0xACA,0xB8B,0xC21,
0xC86,0xC0C,0xB21,0xA50,0x99E,0x97D,
0x9E0,0xA8A,0xB77,0xBFD,0xBF2,0xBFC,
0xC17,0xBC9,0xB5B,0xB4F,0xB43,0xAF8,
0xADC,0xAB4,0xA58,0xA1A,0xA10,0xA36,
0xA39,0xA26,0xA8E,0xB48,0xBE5,0xC43,
0xC40,0xBCB,0xAF9,0xA1A,0x98D,0x98C,
0xA0D,0xAAB,0xB1F,0xB9F,0xC14,0xC14,
0xBDE,0xBB7,0xB74,0xAE4,0xA09,0x92C,
0x8AF,0x8B4,0x960,0xA7C,0xB92,0xCB6,
0xD78,0xD3A,0xC6A,0xB8D,0xAB8,0xA18,
0xA17,0xAC7,0xB81,0xBFD,0xC56,0xC21,
0xB50,0xA82,0xA19,0x9F4,0xA2D,0xAE5,
0xBA7,0xC1E,0xC51,0xBF1,0xB24,0xA85,
0x9F1,0x993,0x9C7,0xA6A,0xB67,0xC79,
0xD37,0xDA0,0xD7E,0xC94,0xB58,0xA06,
0x8D7,0x851,0x87F,0x925,0xA2B,0xB3A,
0xC08,0xC98,0xCEF,0xCE6,0xC81,0xBCD,
0xACD,0x9EF,0x96E,0x928,0x996,0xAB9,
0xBCC,0xC9B,0xCDD,0xC50,0xB5A,0xA5E,
0x99C,0x991,0xA5E,0xB43,0xBCD,0xC56,
0xC66,0xB97,0xAB8,0xA02,0x99D,0x9D0,
0xA49,0xB13,0xBE4,0xC19,0xC11,0xC3A,
0xC2E,0xBC8,0xB87,0xB74,0xB1D,0xACE,
0xAB6,0xA65,0xA09,0xA05,0xA40,0xA66,
0xA47,0xA62,0xAFC,0xBA1,0xC10,0xC40,
0xC09,0xB7D,0xAC2,0xA0B,0x9C7,0xA0E,
0xA95,0xB0B,0xB70,0xBEA,0xC25,0xC02,
0xBE4,0xBCE,0xB77,0xAC3,0x9D1,0x908,
0x8B2,0x8F3,0x9D6,0xAE6,0xC09,0xD31,
0xD93,0xD0A,0xC30,0xB43,0xA5A,0x9E4,
0xA3E,0xB09,0xBAC,0xC2D,0xC5D,0xBE6,
0xB0A,0xA53,0x9FD,0xA02,0xA77,0xB4E,
0xC07,0xC62,0xC5E,0xBCB,0xB15,0xA7E,
0x9E8,0x9B4,0x9FD,0xAA7,0xBB5,0xCB9,
0xD5D,0xDB5,0xD47,0xC2A,0xAE6,0x97B,
0x863,0x81E,0x87D,0x958,0xA7B,0xB87,
0xC53,0xCE4,0xD1A,0xCDE,0xC51,0xB67,
0xA4C,0x98C,0x915,0x90E,0x9FB,0xB44,
0xC51,0xD01,0xCE7,0xC14,0xB0D,0xA07,
0x965,0x9B5,0xAA5,0xB5E,0xBF7,0xC77,
0xC10,0xB16,0xA4D,0x9AA,0x97C,0x9C8,
0xA74,0xB75,0xC19,0xC1B,0xC22,0xC34,
0xBEC,0xB84,0xB59,0xB2A,0xADD,0xAC3,
0xAA0,0xA4D,0xA1B,0xA2F,0xA5C,0xA4A,
0xA30,0xA91,0xB3D,0xBC7,0xC24,0xC37,
0xBDE,0xB33,0xA56,0x9B1,0x9B7,0xA2E,
0xABA,0xB3E,0xBC1,0xC2A,0xC2C,0xBE2,
0xBAA,0xB6D,0xADE,0xA03,0x93B,0x8CE,
0x8D2,0x973,0xA6F,0xB6A,0xC8A,0xD62,
0xD45,0xC7E,0xB9D,0xAC7,0xA15,0xA08,
0xAB8,0xB7A,0xC07,0xC66,0xC40,0xB78,
0xA91,0xA0E,0x9F2,0xA35,0xAE7,0xBB7,
0xC38,0xC54,0xBF4,0xB34,0xA9A,0xA21,
0x9CC,0x9E3,0xA68,0xB4C,0xC57,0xD10,
0xD7E,0xD84,0xCAD,0xB78,0xA26,0x8D5,
0x82C,0x846,0x8E9,0x9F9,0xB10,0xBED,
0xC98,0xCF5,0xCEB,0xC84,0xBD7,0xAE9,
0xA0D,0x97B,0x929,0x98F,0xAA5,0xBB5,
0xC91,0xCE9,0xC67,0xB75,0xA80,0x9B6,
0x990,0xA49,0xB22,0xBAF,0xC40,0xC4C,
0xB78,0xA9E,0x9F7,0x990,0x9B1,0xA28,
0xAF7,0xBCD,0xC09,0xBEF,0xC0B,0xC10,
0xBB0,0xB70,0xB6C,0xB32,0xAF9,0xADF,
0xA7F,0xA16,0x9E7,0x9F9,0xA1F,0xA1E,
0xA59,0xAFE,0xBA7,0xC24,0xC5F,0xC1B,
0xB77,0xAAE,0x9E3,0x98E,0x9DB,0xA63,
0xADA,0xB56,0xBDE,0xC2C,0xC19,0xBDA,
0xBAF,0xB5C,0xA90,0x99E,0x8FB,0x8B0,
0x900,0x9E4,0xAD9,0xBDB,0xCEB,0xD4B,
0xCCA,0xBFB,0xB2F,0xA70,0xA0A,0xA70,
0xB3F,0xBD8,0xC3E,0xC58,0xBCF,0xADC,
0xA30,0x9EF,0x9EE,0xA6A,0xB49,0xBF0,
0xC39,0xC24,0xB8E,0xADF,0xA5A,0x9EB,
0x9BB,0x9EE,0xA9A,0xBA5,0xCA6,0xD58,
0xDBE,0xD53,0xC2B,0xAD8,0x967,0x84B,
0x80C,0x87E,0x96E,0xAB0,0xBC1,0xC78,
0xCEA,0xCF7,0xC9B,0xBFC,0xB27,0xA40,
0x99F,0x936,0x940,0xA1E,0xB3F,0xC3E,
0xCF2,0xCDD,0xC0F,0xB0D,0xA20,0x98B,
0x9C0,0xAA0,0xB6A,0xC06,0xC73,0xC02,
0xB18,0xA61,0x9CA,0x9A3,0x9FC,0xAA1,
0xB7B,0xBEC,0xBD8,0xBD0,0xBF6,0xBDD,
0xB94,0xB93,0xB89,0xB28,0xB02,0xAD2,
0xA48,0x9F7,0x9F6,0xA25,0xA3C,0xA3D,
0xAAB,0xB51,0xBDE,0xC4D,0xC4E,0xBDE,
0xB3E,0xA72,0x9C7,0x9B2,0xA2B,0xAA9,
0xB0E,0xB9F,0xC16,0xC1E,0xBE6,0xBA8,
0xB64,0xAD9,0xA03,0x945,0x8E3,0x8EE,
0x993,0xA86,0xB5E,0xC64,0xD32,0xD08,
0xC5B,0xB9E,0xAC7,0xA23,0xA33,0xAF6,
0xBB2,0xC32,0xC8E,0xC5D,0xB81,0xA99,
0xA1D,0x9EB,0xA23,0xAF9,0xBD7,0xC35,
0xC51,0xBFB,0xB47,0xABA,0xA39,0x9DA,
0x9D4,0xA3A,0xB19,0xC3E,0xD25,0xDB3,
0xDA7,0xCB6,0xB84,0xA29,0x8B6,0x80C,
0x84F,0x912,0xA2F,0xB5A,0xC2E,0xCB0,
0xCED,0xCBD,0xC3B,0xB91,0xAB5,0x9F7,
0x987,0x94C,0x9C3,0xAD0,0xBD7,0xCBD,
0xD10,0xC83,0xB8E,0xA94,0x9C4,0x991,
0xA3B,0xB2C,0xBD0,0xC57,0xC61,0xB9A,
0xAB8,0xA00,0x984,0x9A7,0xA2F,0xAFC,
0xBB9,0xBF4,0xBF5,0xC0E,0xC10,0xBC1,
0xB7B,0xB83,0xB4A,0xB05,0xB13,0xAC7,
0xA41,0x9FE,0x9E6,0x9ED,0x9EA,0xA2F,
0xAEB,0xBAA,0xC42,0xC89,0xC45,0xB96,
0xAB2,0x9DD,0x977,0x9BE,0xA65,0xADF,
0xB5E,0xBF2,0xC28,0xC05,0xBD8,0xBA7,
0xB37,0xA70,0x986,0x8D8,0x8A9,0x900,
0x9D9,0xAD3,0xBD5,0xCEE,0xD55,0xCC4,
0xC02,0xB3E,0xA6E,0xA08,0xA6A,0xB2D,
0xBBA,0xC33,0xC70,0xBED,0xB0E,0xA72,
0xA1C,0xA0A,0xA86,0xB6A,0xC06,0xC40,
0xC35,0xBAA,0xAFB,0xA54,0x9B1,0x977,
0x9BC,0xA7D,0xBA6,0xCD0,0xD9A,0xDEB,
0xD5C,0xC25,0xAD7,0x95B,0x825,0x7E3,
0x861,0x947,0xA86,0xBA4,0xC69,0xCE6,
0xCF0,0xC96,0xBFD,0xB20,0xA2D,0x991,
0x93F,0x944,0xA0B,0xB32,0xC45,0xD09,
0xCF8,0xC37,0xB3F,0xA47,0x9A8,0x9C6,
0xA80,0xB31,0xBC4,0xC34,0xBEA,0xB27,
0xA78,0x9D5,0x99D,0x9E6,0xA6D,0xB2F,
0xBCB,0xBED,0xBF1,0xC18,0xC0C,0xBAE,
0xB7F,0xB69,0xB17,0xAF7,0xAE0,0xA76,
0xA20,0xA07,0xA24,0xA33,0xA32,0xA9D,
0xB45,0xBD2,0xC42,0xC5E,0xC04,0xB45,
0xA5D,0x9BA,0x996,0x9F6,0xA88,0xB14,
0xBB9,0xC3A,0xC53,0xC1E,0xBD5,0xB7C,
0xACF,0x9E1,0x910,0x8AD,0x8D6,0x976,
0xA74,0xB7C,0xC80,0xD49,0xD35,0xC6D,
0xB97,0xAD3,0xA38,0xA32,0xAE2,0xB99,
0xC0C,0xC63,0xC31,0xB65,0xA9F,0xA33,
0xA21,0xA68,0xB1C,0xBDF,0xC38,0xC45,
0xBE3,0xB37,0xA9B,0x9FF,0x9A6,0x9BB,
0xA2E,0xB10,0xC3A,0xD32,0xDBB,0xDB0,
0xCE2,0xBA3,0xA3D,0x8C8,0x7E7,0x7F8,
0x8AD,0x9E2,0xB3A,0xC33,0xCE9,0xD3A,
0xD03,0xC81,0xBBE,0xAB3,0x9CE,0x959,
0x912,0x96A,0xA8C,0xBD3,0xCE1,0xD47,
0xCBD,0xBC4,0xAB6,0x9C4,0x978,0xA0C,
0xADD,0xB7B,0xC14,0xC28,0xB71,0xAA5,
0xA00,0x98E,0x9B8,0xA51,0xB0A,0xBBA,
0xC09,0xBF3,0xBF6,0xC16,0xBE3,0xB90,
0xB84,0xB5C,0xB03,0xAD3,0xA86,0xA24,
0x9FD,0xA25,0xA64,0xA71,0xA89,0xAF7,
0xB72,0xBE3,0xC27,0xBF5,0xB67,0xA9C,
0x9E9,0x9AA,0x9E3,0xA66,0xAFC,0xB8C,
0xC19,0xC59,0xC2E,0xBDD,0xB94,0xB2A,
0xA6C,0x97E,0x8CA,0x894,0x8DC,0x9A4,
0xAAD,0xBC5,0xCE8,0xD82,0xD1F,0xC38,
0xB55,0xA8A,0xA08,0xA4A,0xB13,0xBBC,
0xC39,0xC64,0xBE4,0xAFE,0xA59,0xA24,
0xA42,0xAC2,0xB9A,0xC28,0xC3E,0xBFD,
0xB47,0xA90,0xA10,0x9AB,0x995,0x9EC,
0xAA9,0xBC7,0xCDD,0xD99,0xDEF,0xD8E,
0xC6F,0xB0D,0x985,0x829,0x7B2,0x80C,
0x8F4,0xA5B,0xBB0,0xC9D,0xD46,0xD72,
0xD1E,0xC77,0xB79,0xA51,0x98C,0x907,
0x8DF,0x9AF,0xAED,0xC18,0xD0A,0xD14,
0xC58,0xB78,0xA7A,0x9BB,0x9C5,0xA78,
0xB2C,0xBCC,0xC4D,0xBF7,0xB03,0xA34,
0x999,0x95D,0x9BF,0xA87,0xB75,0xC24,
0xC53,0xC2D,0xC16,0xBF3,0xB8C,0xB50,
0xB4D,0xB0C,0xADD,0xAD1,0xA7D,0xA24,
0xA16,0xA40,0xA56,0xA55,0xA94,0xB1B,
0xB9C,0xC0D,0xC1A,0xBAC,0xAFB,0xA2B,
0x995,0x97F,0x9EC,0xAAA,0xB54,0xBEE,
0xC83,0xC95,0xC3F,0xBD4,0xB55,0xAA3,
0x9AF,0x8E1,0x883,0x88D,0x935,0xA46,
0xB68,0xC9F,0xD96,0xDB6,0xCE7,0xBD4,
0xAD9,0x9F5,0x9A0,0xA3B,0xB27,0xBEA,
0xC78,0xC75,0xBB5,0xAC9,0xA42,0xA23,
0xA54,0xB0A,0xBEE,0xC42,0xC36,0xBC3,
0xAE2,0xA23,0x9A9,0x96A,0x99E,0xA45,
0xB5B,0xC92,0xD79,0xE0B,0xE01,0xD04,
0xB90,0xA10,0x88B,0x7AA,0x7B5,0x85D,
0x99E,0xB18,0xC30,0xCE8,0xD56,0xD56,
0xCE8,0xC26,0xB01,0x9E0,0x92F,0x8B4,
0x8F8,0xA16,0xB65,0xCA6,0xD51,0xD03,
0xC32,0xB24,0xA20,0x9A5,0x9FA,0xAC8,
0xB71,0xC09,0xC2A,0xB72,0xA89,0x9D1,
0x959,0x979,0xA23,0xB1E,0xC01,0xC6C,
0xC69,0xC3B,0xC28,0xBE1,0xB6E,0xB52,
0xB22,0xACE,0xAC6,0xA8F,0xA39,0xA0F,
0xA33,0xA7F,0xA8C,0xAA4,0xB1F,0xBA0,
0xBFC,0xC1E,0xBCC,0xB1A,0xA41,0x996,
0x955,0x9A8,0xA7B,0xB4D,0xBCF,0xC58,
0xCA7,0xC58,0xBDC,0xB77,0xAFC,0xA42,
0x96C,0x8D6,0x889,0x8D5,0x9CA,0xADD,
0xC0D,0xD3C,0xDD5,0xD79,0xC74,0xB61,
0xA5A,0x99D,0x9D7,0xAC1,0xB94,0xC3F,
0xCA9,0xC4B,0xB50,0xA9B,0xA4F,0xA3E,
0xA96,0xB6C,0xC0A,0xC1A,0xBE8,0xB50,
0xA8B,0xA06,0x9B1,0x9A1,0x9F5,0xAC0,
0xBE7,0xCE5,0xD9D,0xDE9,0xD71,0xC40,
0xAD8,0x953,0x808,0x7B0,0x831,0x93E,
0xAA2,0xBCF,0xC92,0xD12,0xD35,0xCEC,
0xC67,0xBA6,0xA8F,0x9BA,0x930,0x8FE,
0x9A0,0xABA,0xBEC,0xCD8,0xCF9,0xC7A,
0xBA4,0xAA4,0x9D9,0x9BE,0xA6D,0xB24,
0xBB2,0xC1B,0xBC5,0xAF0,0xA3F,0x9BC,
0x996,0x9F6,0xAB0,0xB7E,0xC0D,0xC3E,
0xC40,0xC4C,0xC39,0xBCB,0xB76,0xB3A,
0xAAB,0xA63,0xA4E,0xA0E,0x9FB,0xA2D,
0xA95,0xACE,0xAD7,0xB21,0xB92,0xC00,
0xC38,0xBFE,0xB66,0xA82,0x999,0x90F,
0x92B,0x9F4,0xAEF,0xBB0,0xC45,0xCA5,
0xC7D,0xBF7,0xB9C,0xB60,0xAE0,0xA2E,
0x987,0x8DE,0x878,0x8BE,0x953,0xA26,
0xB6A,0xCB5,0xD56,0xD26,0xCA2,0xC06,
0xB56,0xB12,0xB57,0xB9C,0xBBF,0xBDE,
0xB92,0xAB5,0xA09,0x9E2,0xA17,0xA98,
0xB6A,0xC37,0xC80,0xC5A,0xBD9,0xAF2,
0xA3B,0x9C5,0x965,0x97B,0xA17,0xB0E,
0xC1A,0xCF1,0xD61,0xD44,0xC96,0xB8B,
0xA5D,0x948,0x8BF,0x8E7,0x980,0xA5D,
0xB2B,0xBAF,0xC10,0xC5D,0xC7D,0xC56,
0xC06,0xB66,0xA8B,0x9DC,0x972,0x979,
0xA05,0xAEE,0xBFC,0xC87,0xC50,0xBBE,
0xB03,0xA3F,0x9DB,0xA46,0xB0A,0xBB1,
0xC46,0xC6F,0xBF1,0xB3E,0xA94,0xA04,
0x9C3,0x9D8,0xA10,0xA5F,0xAB7,0xB0B,
0xB8E,0xC41,0xCB9,0xCCF,0xCBE,0xC51,
0xBA1,0xAF9,0xA20,0x95F,0x90E,0x927,
0x99D,0xA1F,0xAC4,0xBB5,0xC8F,0xD14,
0xD05,0xC67,0xB6D,0xA3F,0x92E,0x8B8,
0x91F,0x9EE,0xA8E,0xB1A,0xBAA,0xC0D,
0xC0E,0xBE9,0xBE1,0xBAC,0xB3E,0xAAB,
0x9DB,0x929,0x90B,0x941,0x9A4,0xA75,
0xB86,0xC55,0xCAD,0xCAF,0xC81,0xC32,
0xBEB,0xBCB,0xBBE,0xB9D,0xB59,0xB13,
0xA8F,0x9F1,0x9B5,0x9DC,0xA39,0xACB,
0xB8A,0xC36,0xC8B,0xCB5,0xC85,0xBFB,
0xB5D,0xA85,0x9C9,0x99D,0x9D6,0xA57,
0xB21,0xBF5,0xC7F,0xCA6,0xC7F,0xBF2,
0xB25,0xA69,0xA08,0x9E4,0x9E6,0xA12,
0xA25,0xA1A,0xA4A,0xAC6,0xB4E,0xBC2,
0xC10,0xC19,0xBE9,0xB9C,0xB2F,0xADE,
0xACD,0xB06,0xB4A,0xB3B,0xAF8,0xAAC,
0xA55,0xA1C,0xA53,0xAFA,0xBA4,0xC17,
0xC5F,0xC38,0xBA1,0xAED,0xA59,0x9E1,
0x9B0,0x9BE,0x9E5,0xA3E,0xAB0,0xB2F,
0xBDB,0xC8A,0xCE0,0xCCD,0xC67,0xBD0,
0xB2D,0xA8C,0x9CC,0x945,0x92C,0x976,
0xA06,0xAA7,0xB78,0xC6D,0xD1F,0xD44,
0xCBC,0xBCF,0xACA,0x9A4,0x8C2,0x8BF,
0x978,0xA1B,0xA98,0xB29,0xBAA,0xBFF,
0xC27,0xC40,0xC45,0xC09,0xB91,0xAD3,
0x9F4,0x974,0x93C,0x92C,0x97A,0xA39,
0xB1F,0xBD0,0xC1A,0xC32,0xC3B,0xC29,
0xC06,0xBCE,0xB9F,0xB7A,0xB72,0xB5E,
0xAFE,0xA7D,0xA3D,0xA5A,0xAA1,0xAF5,
0xB8B,0xC14,0xC56,0xC5A,0xBED,0xB46,
0xA8E,0x9E7,0x9C1,0xA29,0xACB,0xB8B,
0xC2A,0xC62,0xC2E,0xBE2,0xB85,0xB0A,
0xA97,0xA65,0xA73,0xA6A,0xA63,0xA4E,
0x9FF,0x9EA,0xA57,0xAF2,0xBA9,0xC66,
0xCD4,0xCCA,0xC68,0xBB3,0xAEC,0xA6F,
0xA4C,0xA8C,0xAE6,0xB02,0xB02,0xAE7,
0xAA5,0xA90,0xAC8,0xB24,0xB84,0xBDA,
0xBF3,0xBB7,0xB49,0xADF,0xA79,0xA32,
0xA35,0xA43,0xA78,0xACB,0xAF2,0xB2F,
0xBA0,0xBE1,0xBCF,0xB88,0xB3D,0xB01,
0xACF,0xA70,0x9F7,0x9B1,0x99C,0x9DA,
0xA6A,0xB13,0xBE9,0xCC0,0xD10,0xCD7,
0xC2F,0xB42,0xA39,0x954,0x911,0x98E,
0xA43,0xAC1,0xB03,0xB53,0xBB9,0xBEA,
0xBFE,0xC38,0xC5B,0xC09,0xB5F,0xA72,
0x986,0x8FB,0x8C0,0x8EC,0x9A7,0xAAC,
0xBA3,0xC39,0xC77,0xC8B,0xC57,0xBF3,
0xB9C,0xB64,0xB2F,0xB0D,0xB18,0xB0A,
0xAC9,0xAAE,0xAD5,0xB20,0xB60,0xBB7,
0xC17,0xC2E,0xC17,0xBC9,0xB3F,0xA9F,
0x9F8,0x9A7,0x9E5,0xA69,0xB23,0xBEA,
0xC69,0xC76,0xC37,0xBC7,0xB39,0xAB2,
0xA54,0xA4F,0xA78,0xA7E,0xA75,0xA51,
0xA17,0xA26,0xA9C,0xB5F,0xC3C,0xCE6,
0xD20,0xCDD,0xC2D,0xB57,0xAB5,0xA58,
0xA48,0xA81,0xAA3,0xA8D,0xA63,0xA39,
0xA3D,0xA8E,0xB18,0xBA9,0xC14,0xC41,
0xC27,0xBA7,0xB05,0xA87,0xA2E,0xA1C,
0xA42,0xA86,0xAE7,0xB3C,0xB8A,0xBF2,
0xC44,0xC4C,0xC06,0xBA3,0xB33,0xACB,
0xA7B,0xA0E,0x98C,0x949,0x965,0x9CD,
0xA5A,0xB29,0xC30,0xD02,0xD67,0xD46,
0xC91,0xB7D,0xA62,0x97E,0x949,0x9B0,
0xA17,0xA4F,0xA98,0xAF6,0xB39,0xB66,
0xBAD,0xC24,0xC69,0xC3C,0xBB4,0xADD,
0x9ED,0x939,0x8DA,0x8FB,0x9B5,0xAB6,
0xB85,0xC22,0xCB8,0xCF9,0xCDB,0xC9E,
0xC2E,0xB6C,0xAA7,0xA18,0x9B9,0x987,
0x9A3,0xA16,0xAD6,0xB8F,0xC00,0xC69,
0xCAE,0xC9C,0xC51,0xBD3,0xB3E,0xAAC,
0xA14,0x9C4,0x9E0,0xA41,0xAB5,0xB25,
0xB5D,0xB55,0xB62,0xB9F,0xBBF,0xBC3,
0xBE7,0xBDF,0xB79,0xACB,0x9D3,0x8CE,
0x857,0x88F,0x955,0xA98,0xBDB,0xCBA,
0xD29,0xCFC,0xC46,0xB6E,0xAC7,0xA7A,
0xA9D,0xAE5,0xAE5,0xACC,0xAB6,0xA6E,
0xA36,0xA6F,0xAD3,0xB5B,0xBF6,0xC4E,
0xC5A,0xC17,0xB90,0xAD2,0xA2A,0x9C2,
0x996,0x9CD,0xA61,0xB03,0xBC6,0xC9D,
0xD10,0xCDC,0xC62,0xBD2,0xAF4,0xA36,
0x9D2,0x95D,0x8F9,0x912,0x97F,0xA19,
0xACD,0xBBF,0xCAF,0xD1C,0xD01,0xC71,
0xB8C,0xAAC,0x9F9,0x9C0,0xA27,0xAA6,
0xAF2,0xAEE,0xAA5,0xA63,0xA55,0xA8F,
0xB38,0xC2E,0xCD1,0xCB6,0xC1A,0xB1F,
0x9D4,0x8D4,0x891,0x902,0x9FE,0xB33,
0xC40,0xD09,0xD61,0xD3E,0xCBE,0xBF2,
0xAE0,0x9DE,0x949,0x918,0x95C,0x9DE,
0xA9A,0xB8F,0xC58,0xCB4,0xCB3,0xC7A,
0xC38,0xBF0,0xB88,0xB1A,0xABC,0xA45,
0x9DA,0x9CF,0xA19,0xA77,0xADD,0xB4A,
0xB81,0xBA6,0xBE2,0xC08,0xBF5,0xBE3,
0xBC7,0xB53,0xABE,0xA11,0x956,0x909,
0x958,0xA0F,0xB30,0xC64,0xD1B,0xD1E,
0xC90,0xBAB,0xAA1,0x9CD,0x9A3,0xA10,
0xABA,0xB42,0xB6C,0xB63,0xB3B,0xAFF,
0xAF8,0xB2B,0xB74,0xBC8,0xBDF,0xBC4,
0xB68,0xAE5,0xA55,0x9D4,0x9B2,0x9DC,
0xA19,0xA9A,0xB3C,0xBAD,0xC46,0xCD9,
0xCDB,0xC7B,0xC30,0xBBA,0xB21,0xAC2,
0xA6D,0x9FA,0x9C8,0x9D8,0xA0E,0xA79,
0xADE,0xB36,0xBB0,0xC15,0xC14,0xBC8,
0xB7C,0xB2C,0xAC8,0xAB3,0xABE,0xA9C,
0xA6A,0xA1A,0x9C8,0x9B4,0xA02,0xAA9,
0xB97,0xC8D,0xD03,0xCBA,0xC08,0xB05,
0x9E8,0x935,0x939,0x9EA,0xAFC,0xC00,
0xCCD,0xD45,0xD30,0xCB9,0xC14,0xB47,
0xA6D,0x9D4,0x98B,0x99B,0x9E8,0xA35,
0xAC6,0xB7B,0xBD0,0xBD7,0xBA2,0xB49,
0xB10,0xAE1,0xABA,0xAB3,0xACF,0xAF0,
0xB05,0xB29,0xB77,0xBAD,0xBA2,0xB58,
0xAF4,0xAC8,0xACD,0xADC,0xB04,0xB5E,
0xBB3,0xBD0,0xBA7,0xB4B,0xAE9,0xAB0,
0xAA3,0xAB7,0xAF3,0xB36,0xB31,0xB03,
0xAC6,0xA60,0xA0F,0xA21,0xA89,0xB1F,
0xBA5,0xBC0,0xB91,0xB36,0xADB,0xAB3,
0xAB9,0xADE,0xB25,0xB6E,0xBA7,0xBAD,
0xB7F,0xB2D,0xAA3,0xA1D,0x9D3,0x9CC,
0x9F5,0xA5D,0xADC,0xB79,0xC40,0xCCD,
0xCCB,0xC91,0xC4E,0xBC1,0xB28,0xAC7,
0xA5E,0xA05,0xA09,0xA30,0xA57,0xA7A,
0xA8E,0xA9A,0xAAD,0xAB2,0xAAD,0xA93,
0xAA4,0xADB,0xB1E,0xB6E,0xB7E,0xB55,
0xB05,0xA82,0xA0B,0x9ED,0xA1D,0xA95,
0xB4B,0xC03,0xC3D,0xBF9,0xB82,0xAD8,
0xA45,0xA32,0xAA3,0xB7A,0xC66,0xD09,
0xD6B,0xD60,0xCCC,0xC11,0xB50,0xA68,
0x9A3,0x952,0x96A,0x9C4,0xA1B,0xA69,
0xAD8,0xB1E,0xB1F,0xB03,0xAFA,0xB27,
0xB6D,0xBA8,0xBD0,0xBDE,0xBB3,0xB54,
0xAE9,0xA8F,0xA58,0xA57,0xA79,0xA9A,
0xAE7,0xB6C,0xBE3,0xC18,0xC43,0xC6F,
0xC69,0xC15,0xB8B,0xB05,0xAC4,0xAC4,
0xAD3,0xB11,0xB79,0xB78,0xB0F,0xAA1,
0xA0E,0x985,0x95A,0x99F,0xA4E,0xB23,
0xBAB,0xBC9,0xBA1,0xB3A,0xAC0,0xAA4,
0xAC8,0xAFE,0xB7B,0xBF8,0xC2E,0xC1C,
0xBD0,0xB4C,0xAA5,0xA05,0x9A8,0x984,
0x9CD,0xA7A,0xB3A,0xC26,0xCFE,0xD3F,
0xD03,0xCBE,0xC5C,0xBC1,0xB4C,0xB01,
0xA87,0xA14,0x9D4,0x9BC,0x9C5,0x9F0,
0xA30,0xA78,0xAC3,0xB05,0xB2B,0xB38,
0xB58,0xB5D,0xB5E,0xB72,0xB46,0xAE2,
0xA5C,0x9D3,0x98A,0x99B,0xA20,0xAFA,
0xBFE,0xCBC,0xCBD,0xC62,0xBD6,0xB03,
0xA54,0xA33,0xAAE,0xB86,0xC4E,0xCE3,
0xD1E,0xCD9,0xC3A,0xB80,0xAC9,0xA13,
0x9A4,0x99B,0x9BF,0x9EB,0x9FE,0xA35,
0xA9F,0xACD,0xABE,0xAB8,0xAD9,0xB1F,
0xB69,0xBAB,0xBE6,0xBF6,0xBBD,0xB51,
0xAD3,0xA63,0xA26,0xA2B,0xA41,0xA61,
0xAC6,0xB63,0xBD7,0xC25,0xC6D,0xC82,
0xC66,0xC0F,0xB7C,0xAF0,0xAB8,0xAD0,
0xB19,0xB91,0xBEA,0xBC2,0xB55,0xAC5,
0x9FC,0x95E,0x948,0x9B5,0xA64,0xB06,
0xB73,0xB9B,0xB6D,0xAE0,0xA70,0xA66,
0xA6A,0xAB2,0xB53,0xBD8,0xC20,0xC22,
0xBE1,0xB5C,0xA8D,0x9CC,0x958,0x943,
0x9AE,0xA55,0xB41,0xC60,0xD34,0xD89,
0xD85,0xD63,0xCE1,0xC06,0xB60,0xAC7,
0xA0B,0x9A7,0x99D,0x9B5,0x9E7,0xA38,
0xA8B,0xAC7,0xAFD,0xB23,0xB18,0xB0F,
0xB18,0xB07,0xB0E,0xB05,0xAE0,0xAAA,
0xA63,0xA2D,0xA13,0xA49,0xAE4,0xB92,
0xC2B,0xC5D,0xBF8,0xB74,0xADF,0xA32,
0x9FB,0xA63,0xB3C,0xC4F,0xD2F,0xDA4,
0xD97,0xD11,0xC4A,0xB85,0xAA1,0x9BA,
0x945,0x923,0x93B,0x981,0x9C4,0xA53,
0xAF0,0xB2C,0xB41,0xB5F,0xB8B,0xBBD,
0xBDA,0xBE9,0xBFE,0xBE7,0xB8A,0xB01,
0xA64,0x9D0,0x98A,0x992,0x9BC,0xA21,
0xAD7,0xB9C,0xC24,0xC70,0xC75,0xC34,
0xBE1,0xB71,0xAEB,0xAA3,0xAAD,0xAD2,
0xB0E,0xB74,0xB9A,0xB57,0xB06,0xA94,
0xA06,0x9C9,0x9EA,0xA50,0xADE,0xB3E,
0xB43,0xB27,0xAEC,0xA84,0xA68,0xA97,
0xAD8,0xB60,0xBD9,0xBF2,0xBD7,0xB78,
0xAE7,0xA45,0x98B,0x90D,0x8FD,0x967,
0xA3A,0xB36,0xC57,0xD68,0xDF0,0xDC6,
0xD62,0xCEC,0xC07,0xB1A,0xA93,0xA19,
0x9CE,0x9F0,0xA2C,0xA70,0xACC,0xB2A,
0xB5B,0xB5B,0xB5C,0xB43,0xB07,0xAED,
0xAC1,0xA8C,0xA9C,0xA94,0xA6A,0xA5C,
0xA65,0xA62,0xA77,0xAC2,0xB2C,0xBA6,
0xC06,0xBF4,0xB99,0xB43,0xACC,0xA67,
0xA71,0xAF3,0xBAF,0xC59,0xCDA,0xD03,
0xCB8,0xC4E,0xBED,0xB7A,0xAE7,0xA7F,
0xA5B,0xA48,0xA3D,0xA25,0xA2A,0xA85,
0xAC8,0xAC9,0xAE3,0xB13,0xB40,0xB6B,
0xB73,0xB6A,0xB70,0xB4C,0xAE9,0xA81,
0xA37,0xA15,0xA3F,0xAA6,0xB07,0xB6C,
0xBE8,0xC2B,0xC1F,0xBFF,0xBA5,0xB3C,
0xAF7,0xAAD,0xA7C,0xA99,0xAE2,0xB1A,
0xB63,0xBB3,0xBA1,0xB54,0xB08,0xA91,
0xA23,0xA12,0xA4A,0xAC8,0xB57,0xB8C,
0xB76,0xB5D,0xB1F,0xAD0,0xAAF,0xAA1,
0xAC8,0xB15,0xB24,0xB18,0xB08,0xAE2,
0xAB3,0xA58,0x9F8,0x9D9,0x9F7,0xA58,
0xAD5,0xB5F,0xC1A,0xCB3,0xCD3,0xCAD,
0xC96,0xC51,0xBAC,0xB24,0xAD8,0xA93,
0xA9E,0xAE7,0xB22,0xB61,0xB9A,0xBAB,
0xB88,0xB52,0xB13,0xAB7,0xA74,0xA59,
0xA18,0xA00,0xA18,0xA1F,0xA46,0xA88,
0xAC0,0xADF,0xAFC,0xB33,0xB78,0xBB9,
0xBC9,0xB82,0xB2A,0xAC8,0xA53,0xA31,
0xA69,0xAFC,0xBC5,0xC69,0xCF4,0xD19,
0xCCC,0xC72,0xBF8,0xB3D,0xA76,0xA0E,
0x9F1,0x9F8,0xA2A,0xA6B,0xAE3,0xB69,
0xB7D,0xB5B,0xB4C,0xB2F,0xB0F,0xAFE,
0xAF0,0xB0C,0xB42,0xB35,0xAEB,0xAAA,
0xA6E,0xA4D,0xA7E,0xAC6,0xB0A,0xB88,
0xC03,0xC29,0xC22,0xBCB,0xB25,0xA9A,
0xA34,0x9D7,0x9BE,0xA15,0xA95,0xB08,
0xB9D,0xBFE,0xBF8,0xBE3,0xB7A,0xACF,
0xA6F,0xA47,0xA52,0xAA7,0xAEF,0xB05,
0xB0A,0xAFA,0xAB6,0xA89,0xA9B,0xAC7,
0xB2A,0xB93,0xBCD,0xBE0,0xBB4,0xB4C,
0xAAA,0x9D6,0x923,0x8CF,0x8FC,0x984,
0xA39,0xB2F,0xC36,0xCE3,0xD10,0xD05,
0xCE8,0xC76,0xBDF,0xB96,0xB5E,0xB19,
0xB09,0xAF6,0xAE0,0xADF,0xADC,0xAE7,
0xB05,0xB1C,0xB0E,0xB03,0xB16,0xB0A,
0xAD0,0xAA4,0xA84,0xA70,0xA6E,0xA78,
0xA74,0xA87,0xABC,0xAF7,0xB40,0xB82,
0xB7A,0xB41,0xB16,0xAE3,0xAC4,0xAD9,
0xB2A,0xBB8,0xC2B,0xC78,0xC97,0xC4A,
0xBF6,0xBBE,0xB5D,0xACE,0xA82,0xA93,
0xA93,0xAAF,0xACE,0xAD0,0xB14,0xB3E,
0xB1A,0xB14,0xB1C,0xB1B,0xB46,0xB6A,
0xB80,0xBD3,0xBF5,0xB9D,0xB12,0xA8F,
0xA29,0xA0B,0xA29,0xA53,0xAAB,0xB32,
0xB89,0xBAA,0xBC7,0xB89,0xB04,0xAC3,
0xAB2,0xA8C,0xA9B,0xAEA,0xB3D,0xB97,
0xBDF,0xBCF,0xB97,0xB57,0xAC7,0xA4E,
0xA37,0xA53,0xAAB,0xB25,0xB72,0xB8B,
0xB89,0xB4D,0xAFB,0xAD3,0xABA,0xAC5,
0xB05,0xB29,0xB26,0xB23,0xAF9,0xAB1,
0xA48,0x9B8,0x950,0x948,0x99F,0xA33,
0xAEC,0xBCD,0xC8F,0xCDB,0xCD2,0xCB4,
0xC6D,0xBED,0xB91,0xB5F,0xB24,0xB05,
0xAFC,0xAF2,0xAFA,0xB0B,0xB23,0xB27,
0xB26,0xB19,0xAE1,0xACB,0xAD6,0xAB9,
0xA97,0xA7D,0xA71,0xA81,0xA90,0xA91,
0xA8C,0xA9E,0xAD0,0xB0B,0xB61,0xB97,
0xB74,0xB53,0xB3A,0xB0B,0xAE1,0xACF,
0xB0F,0xB78,0xBAB,0xBCC,0xBBB,0xB7E,
0xB5D,0xB43,0xAF9,0xAA6,0xAAC,0xAB2,
0xAB8,0xAE7,0xAF8,0xB15,0xB3C,0xB1E,
0xAED,0xADE,0xAD4,0xADA,0xB13,0xB58,
0xB9F,0xBF5,0xBDD,0xB54,0xAC5,0xA47,
0x9EB,0x9F0,0xA23,0xA67,0xAE3,0xB6C,
0xBB5,0xBDC,0xBC5,0xB44,0xAD0,0xA99,
0xA5C,0xA4E,0xA9A,0xAF8,0xB5C,0xBDC,
0xC25,0xBF3,0xBAF,0xB50,0xABC,0xA74,
0xA5C,0xA58,0xA95,0xACF,0xADF,0xADD,
0xAD2,0xAB6,0xAA6,0xABB,0xAF1,0xB4C,
0xBA5,0xBBF,0xBB2,0xB9F,0xB6E,0xB0B,
0xA5A,0x9A7,0x942,0x945,0x9A5,0xA3D,
0xB28,0xC27,0xCC9,0xCF7,0xCCF,0xC9B,
0xC46,0xBC5,0xB7A,0xB44,0xB02,0xAF0,
0xAE9,0xAE0,0xAEC,0xB07,0xB1E,0xB42,
0xB6E,0xB5A,0xB26,0xB22,0xB0B,0xAC0,
0xA84,0xA57,0xA43,0xA51,0xA62,0xA69,
0xA7B,0xAA7,0xACF,0xAF9,0xB49,0xB6B,
0xB5E,0xB5F,0xB4B,0xB23,0xB03,0xB19,
0xB61,0xB8C,0xBA6,0xBB5,0xB97,0xB86,
0xB9D,0xBA9,0xB63,0xB1A,0xAFF,0xAC3,
0xA95,0xA7D,0xA61,0xA85,0xAB1,0xAA1,
0xAA7,0xAD5,0xAF7,0xB37,0xB94,0xBBE,
0xBE5,0xBF5,0xB8E,0xAF2,0xA67,0x9E7,
0x9C0,0xA05,0xA62,0xAD4,0xB6D,0xBDB,
0xBF3,0xBEA,0xB96,0xB03,0xAA4,0xA6E,
0xA49,0xA7B,0xAD9,0xB2D,0xB90,0xBF2,
0xBF4,0xBA0,0xB5F,0xB05,0xAA1,0xA84,
0xA91,0xAB7,0xAF7,0xB1A,0xB12,0xAF2,
0xADB,0xAC3,0xABB,0xAC4,0xAEA,0xB46,
0xB8A,0xB86,0xB77,0xB5A,0xB2D,0xAD0,
0xA39,0x9C4,0x997,0x9BE,0xA2C,0xAD0,
0xBA3,0xC61,0xCC9,0xCD0,0xCAB,0xC82,
0xC0C,0xB91,0xB5D,0xB15,0xAEC,0xAFE,
0xB0C,0xB1A,0xB31,0xB3F,0xB4D,0xB63,
0xB56,0xB13,0xAE4,0xAD9,0xAB0,0xA79,
0xA4C,0xA3F,0xA56,0xA64,0xA6D,0xA8B,
0xABA,0xAE3,0xAF0,0xB2E,0xB78,0xB6E,
0xB61,0xB5A,0xB2E,0xB05,0xAFA,0xB1F,
0xB68,0xB8B,0xB9F,0xBA9,0xB91,0xB99,
0xBC7,0xBB6,0xB5E,0xB22,0xACD,0xA6B,
0xA45,0xA23,0xA2D,0xA75,0xA94,0xAA3,
0xAD9,0xB13,0xB3D,0xB78,0xBAC,0xBC5,
0xBD0,0xB82,0xAEA,0xA6B,0xA08,0x9C7,
0x9E6,0xA4E,0xAD1,0xB65,0xBEF,0xC2F,
0xC2E,0xBFC,0xB72,0xAD9,0xA7B,0xA3A,
0xA36,0xA8A,0xAFF,0xB6C,0xBE7,0xC35,
0xC00,0xBB9,0xB73,0xAEA,0xA96,0xA95,
0xAB4,0xAED,0xB2C,0xB4B,0xB37,0xAEC,
0xA9C,0xA60,0xA3F,0xA5A,0xAC1,0xB4A,
0xB97,0xBB7,0xBBD,0xB95,0xB32,0xA8A,
0x9E3,0x979,0x950,0x98A,0xA19,0xAF9,
0xC0E,0xCDA,0xD22,0xD1E,0xD02,0xC9A,
0xBE7,0xB76,0xB35,0xADD,0xACF,0xAEB,
0xAEA,0xAED,0xAFF,0xB17,0xB2C,0xB3E,
0xB29,0xAF3,0xAE0,0xACE,0xA99,0xA6D,
0xA4F,0xA46,0xA4D,0xA4C,0xA5E,0xA8F,
0xACA,0xAF7,0xB29,0xB74,0xB91,0xB85,
0xB82,0xB52,0xB0D,0xAE3,0xADC,0xB13,
0xB50,0xB6D,0xB8D,0xB92,0xB85,0xBA9,
0xBC2,0xB8F,0xB52,0xB28,0xAD0,0xA76,
0xA4A,0xA2B,0xA42,0xA6D,0xA6F,0xA8F,
0xADD,0xB19,0xB48,0xB86,0xBBA,0xBD5,
0xBBD,0xB4D,0xABC,0xA45,0x9DA,0x9AA,
0x9EF,0xA6A,0xAF2,0xB97,0xC0F,0xC2E,
0xC1E,0xBC1,0xB24,0xAAB,0xA60,0xA34,
0xA52,0xAB2,0xB17,0xB7F,0xBFA,0xC11,
0xBCB,0xB8A,0xB22,0xAB2,0xA80,0xA81,
0xAB5,0xB03,0xB43,0xB3B,0xAF9,0xAB7,
0xA6E,0xA2F,0xA31,0xA7E,0xB06,0xB7C,
0xB9E,0xB99,0xB7C,0xB3A,0xAC3,0xA1C,
0x9AA,0x97E,0x99E,0xA18,0xAC5,0xBA5,
0xC88,0xD02,0xD18,0xD04,0xCCB,0xC3B,
0xBA7,0xB76,0xB40,0xB00,0xB07,0xB11,
0xB0C,0xB06,0xAF1,0xAF9,0xB19,0xB32,
0xB17,0xAF8,0xAFE,0xACC,0xA77,0xA3C,
0xA1A,0xA26,0xA40,0xA64,0xA9C,0xAD9,
0xB1B,0xB43,0xB66,0xB8B,0xB79,0xB6A,
0xB62,0xB1C,0xAE5,0xADB,0xAF8,0xB47,
0xB7F,0xBA2,0xBC0,0xBB8,0xBC8,0xC02,
0xC00,0xBB8,0xB8C,0xB55,0xAE1,0xA7B,
0xA3B,0xA25,0xA58,0xA75,0xA7A,0xAB9,
0xAFC,0xB25,0xB43,0xB63,0xB7A,0xB74,
0xB3A,0xAC1,0xA53,0xA0E,0x9D7,0x9FF,
0xA80,0xAFB,0xB8C,0xC23,0xC67,0xC64,
0xC23,0xB8C,0xAED,0xA8B,0xA51,0xA35,
0xA64,0xACF,0xB31,0xB9E,0xBEF,0xBD3,
0xB9B,0xB5C,0xAF2,0xAA8,0xA8B,0xA99,
0xAD8,0xB16,0xB35,0xB1B,0xADC,0xA98,
0xA5F,0xA5C,0xA87,0xADB,0xB50,0xB96,
0xB9C,0xB7E,0xB4F,0xB0B,0xA8F,0xA0F,
0x9C5,0x9AD,0x9EC,0xA6E,0xB15,0xBED,
0xC91,0xCCC,0xCB9,0xC8C,0xC4D,0xBC8,
0xB66,0xB4E,0xB0F,0xAE4,0xAEC,0xAE1,
0xAD5,0xACA,0xACA,0xADE,0xB09,0xB30,
0xB2E,0xB44,0xB59,0xB17,0xAC2,0xA76,
0xA39,0xA1D,0xA09,0xA1C,0xA49,0xA9A,
0xAF9,0xB43,0xB96,0xBCC,0xBCC,0xBCC,
0xB9F,0xB41,0xB00,0xAEC,0xB09,0xB30,
0xB43,0xB5B,0xB64,0xB69,0xB95,0xBC3,
0xBC3,0xB9F,0xB82,0xB3F,0xAD8,0xA82,
0xA42,0xA40,0xA72,0xA8B,0xAA3,0xACE,
0xAE9,0xAFF,0xB16,0xB26,0xB2D,0xB29,
0xAFD,0xAA0,0xA5D,0xA31,0xA19,0xA64,
0xADD,0xB4C,0xBD3,0xC2F,0xC3C,0xC2F,
0xBDF,0xB4B,0xAD8,0xA93,0xA6D,0xA7E,
0xABD,0xB03,0xB45,0xB89,0xB91,0xB54,
0xB2D,0xAFA,0xAAF,0xA97,0xAA5,0xACC,
0xB07,0xB31,0xB28,0xAF4,0xAA8,0xA45,
0xA05,0xA11,0xA48,0xAB2,0xB30,0xB7E,
0xBAA,0xBB0,0xB8E,0xB41,0xAB0,0xA2E,
0x9E9,0x9DC,0xA21,0xA8C,0xB2A,0xBE9,
0xC69,0xC99,0xC8E,0xC82,0xC43,0xBC7,
0xBA1,0xB8B,0xB4A,0xB37,0xB24,0xAFD,
0xAE9,0xAD3,0xABF,0xAC5,0xAF5,0xB0D,
0xB10,0xB3E,0xB42,0xB09,0xACE,0xA8D,
0xA52,0xA32,0xA25,0xA31,0xA60,0xABC,
0xB08,0xB51,0xBB6,0xBE0,0xBD2,0xBC1,
0xB8B,0xB50,0xB27,0xB1A,0xB2A,0xB30,
0xB29,0xB27,0xB2F,0xB60,0xBAE,0xBDF,
0xBE0,0xBCD,0xBB3,0xB55,0xAEC,0xA95,
0xA44,0xA3A,0xA3F,0xA3C,0xA67,0xAA8,
0xAE2,0xB1A,0xB46,0xB6A,0xB7F,0xB63,
0xB08,0xAA3,0xA69,0xA3C,0xA31,0xA7C,
0xAE0,0xB48,0xBC7,0xC03,0xBFC,0xBF5,
0xBAB,0xB37,0xAEF,0xAC3,0xABD,0xADA,
0xB09,0xB38,0xB70,0xB98,0xB6D,0xB28,
0xAF2,0xAB4,0xA91,0xA96,0xAB7,0xB01,
0xB46,0xB60,0xB40,0xAF5,0xA9A,0xA38,
0xA14,0xA32,0xA6F,0xAD5,0xB2D,0xB63,
0xB8C,0xB8D,0xB6B,0xB16,0xA9C,0xA48,
0xA1A,0xA2A,0xA80,0xAE3,0xB73,0xC09,
0xC5C,0xC6A,0xC59,0xC4E,0xBF2,0xB9E,
0xB9A,0xB6A,0xB3C,0xB33,0xB0B,0xAE1,
0xAC7,0xABA,0xAB2,0xACD,0xB00,0xB01,
0xB17,0xB44,0xB2A,0xAF1,0xAB1,0xA6E,
0xA48,0xA2A,0xA2F,0xA63,0xAA5,0xAF9,
0xB40,0xB8B,0xBD1,0xBDB,0xBD2,0xBBF,
0xB86,0xB3E,0xB08,0xB05,0xB15,0xB16,
0xB14,0xB18,0xB39,0xB7C,0xBC1,0xBE0,
0xBC8,0xBAD,0xB79,0xB0B,0xAB6,0xA6E,
0xA38,0xA4B,0xA59,0xA63,0xA9E,0xADA,
0xB08,0xB37,0xB61,0xB7C,0xB71,0xB1E,
0xAA3,0xA46,0xA06,0x9D7,0x9F5,0xA64,
0xAD6,0xB61,0xBE1,0xC17,0xC34,0xC1C,
0xBA0,0xB35,0xAFD,0xAD4,0xAD7,0xB06,
0xB42,0xB76,0xBA7,0xB9C,0xB51,0xB06,
0xACE,0xA9D,0xA92,0xAA4,0xAD0,0xB1B,
0xB57,0xB58,0xB20,0xACA,0xA64,0xA0C,
0xA0C,0xA42,0xA96,0xB01,0xB40,0xB77,
0xB97,0xB90,0xB60,0xAE2,0xA70,0xA3E,
0xA27,0xA4F,0xAB4,0xB38,0xBCC,0xC34,
0xC57,0xC45,0xC44,0xC1B,0xBA7,0xB83,
0xB7F,0xB51,0xB41,0xB2E,0xB03,0xADE,
0xACC,0xABF,0xAC5,0xAF6,0xB16,0xB1C,
0xB45,0xB54,0xB1F,0xAD9,0xA90,0xA58,
0xA2E,0xA19,0xA36,0xA6A,0xAB9,0xB06,
0xB43,0xB92,0xBBA,0xBAF,0xBAE,0xB8B,
0xB53,0xB14,0xAF5,0xB08,0xB03,0xAFC,
0xB06,0xB19,0xB55,0xBB2,0xBFD,0xBF9,
0xBCA,0xB9A,0xB38,0xACD,0xA82,0xA47,
0xA35,0xA51,0xA6C,0xA91,0xADC,0xB21,
0xB45,0xB65,0xB87,0xB80,0xB3B,0xAC0,
0xA4D,0xA04,0x9D1,0x9CB,0xA26,0xAA5,
0xB27,0xBBE,0xC1D,0xC36,0xC4B,0xC09,
0xB7D,0xB20,0xAE9,0xAC6,0xAC7,0xAE8,
0xB05,0xB2E,0xB66,0xB58,0xB14,0xAEC,
0xAC7,0xAA9,0xABB,0xACC,0xAEE,0xB2A,
0xB44,0xB32,0xAE9,0xA82,0xA2A,0xA09,
0xA2E,0xA6F,0xACB,0xB23,0xB5F,0xB93,
0xB9F,0xB8A,0xB44,0xAC2,0xA68,0xA2F,
0xA19,0xA50,0xABA,0xB50,0xBE0,0xC3F,
0xC59,0xC4E,0xC50,0xBFD,0xB94,0xB8C,
0xB67,0xB30,0xB2D,0xB10,0xAE0,0xACF,
0xACF,0xACE,0xAE7,0xB1C,0xB2C,0xB3B,
0xB57,0xB32,0xAF1,0xAB3,0xA76,0xA5A,
0xA3A,0xA34,0xA54,0xA88,0xAD0,0xB00,
0xB38,0xB86,0xBA8,0xBBD,0xBC3,0xB9B,
0xB65,0xB2A,0xB22,0xB29,0xB16,0xB14,
0xB21,0xB3E,0xB7C,0xBCB,0xBF1,0xBD3,
0xBA9,0xB70,0xB12,0xAC8,0xA96,0xA66,
0xA64,0xA84,0xA90,0xAB7,0xAF6,0xB0D,
0xB1D,0xB3C,0xB49,0xB32,0xADB,0xA69,
0xA1C,0x9EF,0x9E6,0xA24,0xA97,0xB04,
0xB85,0xBF5,0xC16,0xC1D,0xC04,0xB99,
0xB35,0xB17,0xB05,0xAFC,0xB12,0xB26,
0xB2D,0xB53,0xB68,0xB36,0xB0B,0xAEB,
0xABC,0xAB4,0xABF,0xACE,0xB0A,0xB42,
0xB53,0xB3A,0xAF0,0xA94,0xA45,0xA32,
0xA4E,0xA83,0xAD7,0xB1B,0xB56,0xB80,
0xB84,0xB77,0xB2B,0xAB8,0xA70,0xA41,
0xA3C,0xA84,0xB08,0xB9E,0xC17,0xC5C,
0xC62,0xC5F,0xC2A,0xBA6,0xB6D,0xB5A,
0xB11,0xB09,0xB1A,0xAFD,0xAEB,0xAEB,
0xAEF,0xAF7,0xB12,0xB26,0xB1C,0xB28,
0xB23,0xAF4,0xAC0,0xA8C,0xA72,0xA67,
0xA59,0xA73,0xA9A,0xAC6,0xAF3,0xB17,
0xB56,0xB90,0xBAF,0xBCC,0xBBE,0xB8B,
0xB4C,0xB2A,0xB3B,0xB37,0xB24,0xB2A,
0xB36,0xB50,0xB92,0xBD1,0xBC7,0xB9B,
0xB72,0xB2C,0xADC,0xAA8,0xA75,0xA57,
0xA6C,0xA83,0xA95,0xAC4,0xAEF,0xB0D,
0xB3A,0xB61,0xB68,0xB38,0xAC1,0xA4D,
0xA06,0x9D4,0x9D7,0xA39,0xABD,0xB3E,
0xBC4,0xC11,0xC2E,0xC3C,0xBED,0xB62,
0xB12,0xAF1,0xADD,0xAE8,0xB08,0xB1F,
0xB43,0xB79,0xB7A,0xB4A,0xB2A,0xB02,
0xAD9,0xAD3,0xAD2,0xAE2,0xB10,0xB27,
0xB1F,0xAEA,0xA8E,0xA34,0xA11,0xA2B,
0xA60,0xAB6,0xB09,0xB45,0xB7D,0xB93,
0xB8D,0xB62,0xAF9,0xA94,0xA4A,0xA1C,
0xA36,0xA99,0xB43,0xBF0,0xC60,0xC9C,
0xCAB,0xC8A,0xC17,0xB97,0xB61,0xB14,
0xAD1,0xAD5,0xAC2,0xAA1,0xAA0,0xAAC,
0xAC6,0xAE8,0xB0E,0xB19,0xB2A,0xB45,
0xB26,0xAEA,0xAB7,0xA81,0xA5B,0xA37,
0xA3A,0xA73,0xAAC,0xAE7,0xB1A,0xB52,
0xB9A,0xBB2,0xBB5,0xBAC,0xB78,0xB36,
0xB04,0xB08,0xB21,0xB22,0xB23,0xB28,
0xB2A,0xB58,0xBA6,0xBC9,0xBBD,0xBAA,
0xB79,0xB1E,0xAD7,0xA94,0xA52,0xA47,
0xA56,0xA63,0xA88,0xAB7,0xAD7,0xB06,
0xB3B,0xB60,0xB74,0xB37,0xAB3,0xA50,
0xA14,0x9DF,0x9F3,0xA58,0xACA,0xB4A,
0xBCC,0xC13,0xC34,0xC2F,0xBD8,0xB6E,
0xB39,0xB1A,0xB02,0xB0E,0xB24,0xB25,
0xB43,0xB6A,0xB53,0xB32,0xB17,0xAE6,
0xAC4,0xABC,0xABE,0xADC,0xB03,0xB1A,
0xB05,0xAC2,0xA76,0xA35,0xA35,0xA61,
0xAAB,0xB04,0xB3F,0xB6C,0xB97,0xBA1,
0xB90,0xB4F,0xADC,0xA7B,0xA34,0xA1A,
0xA40,0xABB,0xB6A,0xBFE,0xC5D,0xC8C,
0xC9A,0xC64,0xBE2,0xB81,0xB3E,0xAE8,
0xAC8,0xAC0,0xAAE,0xAB0,0xAB7,0xAC9,
0xAE8,0xB0C,0xB27,0xB26,0xB38,0xB4D,
0xB1F,0xAE0,0xAAD,0xA7D,0xA64,0xA5D,
0xA74,0xAAA,0xAE7,0xB1C,0xB46,0xB80,
0xBAF,0xBB5,0xBAA,0xB82,0xB43,0xB07,
0xAF1,0xB11,0xB32,0xB33,0xB34,0xB39,
0xB3F,0xB6E,0xBA3,0xB9F,0xB89,0xB81,
0xB4C,0xAF8,0xABB,0xA7A,0xA4A,0xA4F,
0xA5A,0xA68,0xA91,0xAB9,0xAE4,0xB18,
0xB48,0xB75,0xB71,0xB1C,0xAA7,0xA50,
0xA0A,0x9E7,0xA19,0xA7D,0xAF7,0xB81,
0xBEB,0xC23,0xC40,0xC1A,0xBA8,0xB49,
0xB25,0xB07,0xAED,0xAF5,0xAFE,0xB11,
0xB4C,0xB5F,0xB4A,0xB40,0xB27,0xB00,
0xAED,0xADB,0xAD3,0xAE9,0xAFC,0xAF1,
0xAC2,0xA82,0xA3E,0xA2A,0xA52,0xA8F,
0xAED,0xB4B,0xB80,0xBAB,0xBC0,0xBAF,
0xB81,0xB1B,0xAAB,0xA56,0xA28,0xA2C,
0xA6D,0xAF3,0xB92,0xC0D,0xC57,0xC7F,
0xC7C,0xC2C,0xBBD,0xB76,0xB27,0xAE4,
0xAD7,0xAC1,0xAA3,0xAA3,0xAB2,0xAC9,
0xAEE,0xB23,0xB37,0xB37,0xB4D,0xB3E,
0xB00,0xACC,0xA91,0xA60,0xA56,0xA61,
0xA85,0xAC4,0xB0A,0xB3B,0xB6B,0xBAA,
0xBBC,0xBAB,0xB93,0xB54,0xB0B,0xAEE,
0xAF9,0xB1D,0xB37,0xB3C,0xB41,0xB42,
0xB53,0xB8B,0xBA9,0xB90,0xB7E,0xB67,
0xB24,0xAE5,0xAAA,0xA6F,0xA66,0xA77,
0xA83,0xAA8,0xAC9,0xADE,0xB10,0xB3F,
0xB61,0xB7D,0xB5F,0xAF4,0xA95,0xA57,
0xA19,0xA0D,0xA55,0xAC3,0xB41,0xBBC,
0xC03,0xC1E,0xC10,0xBBA,0xB40,0xAFB,
0xAE1,0xAD1,0xAE0,0xAFB,0xB03,0xB24,
0xB54,0xB4D,0xB28,0xB0E,0xAF8,0xAE4,
0xADD,0xADF,0xAF1,0xB0F,0xB1F,0xAFC,
0xAB7,0xA6B,0xA2F,0xA37,0xA70,0xAB9,
0xB13,0xB59,0xB7D,0xB99,0xB97,0xB86,
0xB56,0xAF4,0xA93,0xA52,0xA39,0xA57,
0xAB8,0xB3A,0xBBB,0xC1E,0xC46,0xC43,
0xC28,0xBD0,0xB7C,0xB4B,0xB11,0xAEB,
0xADF,0xABE,0xAA7,0xAA8,0xAB7,0xACE,
0xAF7,0xB25,0xB33,0xB46,0xB59,0xB31,
0xAEA,0xAA9,0xA6D,0xA52,0xA4F,0xA72,
0xAB5,0xAFE,0xB37,0xB58,0xB7D,0xB9A,
0xB98,0xB95,0xB7F,0xB41,0xB0E,0xB02,
0xB13,0xB1F,0xB21,0xB1E,0xB13,0xB0F,
0xB37,0xB78,0xB97,0xB8F,0xB85,0xB63,
0xB1D,0xAE3,0xAA5,0xA78,0xA71,0xA78,
0xA8D,0xAB4,0xACB,0xAE7,0xB19,0xB41,
0xB61,0xB6B,0xB28,0xAB7,0xA6E,0xA34,
0xA10,0xA34,0xA90,0xAFA,0xB77,0xBDA,
0xC01,0xC02,0xBD2,0xB62,0xB07,0xAED,
0xADD,0xAE2,0xB0A,0xB26,0xB2F,0xB57,
0xB67,0xB42,0xB18,0xB00,0xAEA,0xAE9,
0xAF0,0xAF4,0xB06,0xB22,0xB21,0xAE4,
0xA9E,0xA66,0xA44,0xA52,0xA89,0xACC,
0xB1D,0xB50,0xB70,0xB91,0xBA1,0xB8D,
0xB41,0xADD,0xA88,0xA4B,0xA36,0xA6C,
0xAD4,0xB4D,0xBC6,0xC16,0xC2B,0xC2F,
0xC0C,0xBB3,0xB78,0xB46,0xB03,0xAE7,
0xAD2,0xAA8,0xA96,0xAA1,0xAB2,0xAC8,
0xB06,0xB34,0xB43,0xB61,0xB68,0xB2A,
0xAE2,0xA9D,0xA6E,0xA5E,0xA67,0xA93,
0xAD0,0xB10,0xB37,0xB50,0xB7B,0xB9E,
0xBA1,0xBA4,0xB86,0xB4E,0xB26,0xB1F,
0xB25,0xB1E,0xB19,0xB1C,0xB12,0xB1E,
0xB5A,0xB8E,0xB92,0xB80,0xB71,0xB44,
0xB0C,0xADA,0xAAB,0xA8D,0xA88,0xA89,
0xA94,0xAAC,0xABF,0xAE3,0xB15,0xB41,
0xB5D,0xB48,0xAF2,0xAA7,0xA73,0xA40,
0xA3C,0xA81,0xAD5,0xB31,0xB9B,0xBDF,
0xBF4,0xBF0,0xBAE,0xB4C,0xB1F,0xB07,
0xAED,0xAF6,0xB15,0xB19,0xB2F,0xB55,
0xB4B,0xB22,0xB13,0xB07,0xAF9,0xAFD,
0xAFC,0xAFF,0xB0D,0xB1B,0xB05,0xAC8,
0xA87,0xA59,0xA48,0xA65,0xA97,0xADF,
0xB28,0xB51,0xB7A,0xBA0,0xBA6,0xB6C,
0xB0A,0xAAC,0xA6A,0xA43,0xA4D,0xA90,
0xB05,0xB87,0xBE7,0xC11,0xC23,0xC1E,
0xBD9,0xB8C,0xB69,0xB36,0xB06,0xAF7,
0xAD5,0xAB0,0xAAC,0xAB7,0xABD,0xAE3,
0xB1C,0xB32,0xB45,0xB61,0xB44,0xB0B,
0xADA,0xAA3,0xA76,0xA67,0xA77,0xA9C,
0xAD5,0xB0F,0xB29,0xB49,0xB79,0xB8B,
0xB96,0xB94,0xB6D,0xB4D,0xB43,0xB4A,
0xB4E,0xB38,0xB27,0xB1C,0xB07,0xB1D,
0xB55,0xB6A,0xB59,0xB54,0xB4D,0xB32,
0xB11,0xAF0,0xACF,0xABA,0xAB1,0xAA1,
0xA9A,0xA9D,0xAAE,0xAD2,0xB0C,0xB44,
0xB59,0xB27,0xAD7,0xAA0,0xA6C,0xA44,
0xA63,0xAB1,0xB08,0xB73,0xBD1,0xBF3,
0xBF0,0xBCC,0xB6A,0xB15,0xAFB,0xAE7,
0xAE3,0xB0E,0xB33,0xB44,0xB64,0xB71,
0xB45,0xB0F,0xAF2,0xAD6,0xACD,0xAD5,
0xAE3,0xB07,0xB2E,0xB2E,0xB04,0xAC0,
0xA7F,0xA53,0xA4A,0xA63,0xA95,0xAD8,
0xB0A,0xB32,0xB62,0xB88,0xB86,0xB54,
0xB0B,0xAC7,0xA8C,0xA77,0xA91,0xADD,
0xB4A,0xBA5,0xBE0,0xBFC,0xC01,0xBE2,
0xBA4,0xB79,0xB5B,0xB28,0xB0E,0xAFD,
0xAD6,0xAB9,0xAAE,0xAA4,0xAA8,0xAD3,
0xB00,0xB14,0xB2B,0xB36,0xB11,0xAE6,
0xAB6,0xA89,0xA74,0xA7C,0xA9A,0xAC4,
0xAFE,0xB28,0xB32,0xB50,0xB6E,0xB7E,
0xB93,0xB82,0xB5D,0xB51,0xB53,0xB5A,
0xB53,0xB31,0xB18,0xB00,0xAFA,0xB24,
0xB55,0xB60,0xB59,0xB5D,0xB4A,0xB24,
0xAFF,0xADE,0xAB9,0xAA4,0xA93,0xA87,
0xA93,0xAA0,0xAB4,0xAE0,0xB21,0xB51,
0xB47,0xB05,0xAC6,0xA9B,0xA70,0xA61,
0xA8D,0xAD6,0xB2B,0xB8A,0xBCA,0xBD9,
0xBD1,0xB94,0xB2C,0xAF1,0xAE7,0xAE9,
0xB06,0xB3B,0xB53,0xB5D,0xB6C,0xB57,
0xB0C,0xAD2,0xAB6,0xAA7,0xAB1,0xAC5,
0xAE9,0xB1A,0xB3D,0xB30,0xAF6,0xAB3,
0xA7B,0xA5D,0xA61,0xA79,0xAB1,0xAF2,
0xB1C,0xB46,0xB6B,0xB7B,0xB69,0xB2C,
0xAE2,0xAA9,0xA87,0xA83,0xAAD,0xB0C,
0xB72,0xBC0,0xBED,0xBFE,0xBFB,0xBCF,
0xB91,0xB6D,0xB3D,0xB0C,0xAF9,0xADE,
0xAC6,0xABD,0xABB,0xAC0,0xADA,0xB0C,
0xB26,0xB2D,0xB45,0xB38,0xAFD,0xAC8,
0xA9B,0xA7D,0xA7A,0xA91,0xAB8,0xAEC,
0xB24,0xB35,0xB3B,0xB5B,0xB66,0xB6D,
0xB7B,0xB6B,0xB52,0xB52,0xB5B,0xB5A,
0xB4C,0xB33,0xB14,0xAFC,0xB13,0xB43,
0xB65,0xB68,0xB67,0xB68,0xB4C,0xB23,
0xB04,0xADF,0xAC1,0xAAF,0xA92,0xA8E,
0xA9C,0xAA9,0xAC9,0xAFE,0xB36,0xB53,
0xB31,0xAF1,0xAC0,0xA95,0xA71,0xA77,
0xAA9,0xAED,0xB42,0xB93,0xBBB,0xBC5,
0xBB9,0xB74,0xB2C,0xB13,0xB13,0xB1A,
0xB39,0xB58,0xB53,0xB52,0xB52,0xB22,
0xAE3,0xAC7,0xAB8,0xAB9,0xAC4,0xADD,
0xB02,0xB29,0xB39,0xB16,0xADB,0xAA1,
0xA73,0xA6A,0xA77,0xA9F,0xAE2,0xB0C,
0xB28,0xB52,0xB6B,0xB6B,0xB4A,0xB04,
0xAC4,0xA9A,0xA8C,0xAA1,0xAED,0xB59,
0xBAF,0xBE4,0xBFE,0xC04,0xBE7,0xBA9,
0xB7E,0xB5C,0xB26,0xB0A,0xAF2,0xAD3,
0xAC7,0xAC4,0xAC3,0xACB,0xAED,0xB1D,
0xB2F,0xB3F,0xB4D,0xB23,0xAE9,0xABC,
0xA8C,0xA70,0xA7E,0xAA2,0xACE,0xB05,
0xB32,0xB42,0xB59,0xB76,0xB7C,0xB82,
0xB81,0xB64,0xB49,0xB4C,0xB50,0xB46,
0xB32,0xB1C,0xAF9,0xAEF,0xB0F,0xB3C,
0xB50,0xB4E,0xB5A,0xB58,0xB33,0xB0A,
0xAE6,0xABF,0xAAA,0xA8E,0xA77,0xA83,
0xA9A,0xAB3,0xADD,0xB17,0xB53,0xB56,
0xB14,0xAD7,0xAAD,0xA83,0xA73,0xA94,
0xAD2,0xB25,0xB7F,0xBBA,0xBCE,0xBCB,
0xB98,0xB42,0xB09,0xAFD,0xAF8,0xB05,
0xB38,0xB58,0xB5D,0xB6E,0xB5C,0xB1A,
0xAE6,0xAC6,0xAB8,0xAB9,0xABD,0xAD6,
0xB01,0xB26,0xB24,0xAF7,0xAC1,0xA8D,
0xA78,0xA84,0xA9A,0xAD9,0xB19,0xB31,
0xB48,0xB5D,0xB61,0xB4D,0xB0D,0xAC5,
0xA91,0xA7C,0xA87,0xAB8,0xB1B,0xB83,
0xBCA,0xBEF,0xBFA,0xBEB,0xBB5,0xB79,
0xB5B,0xB2F,0xB07,0xAFC,0xAE2,0xACA,
0xAC3,0xAC0,0xACC,0xAE6,0xB0C,0xB2C,
0xB3A,0xB50,0xB47,0xB0D,0xAD2,0xAA6,
0xA80,0xA72,0xA89,0xABB,0xAF2,0xB23,
0xB3F,0xB4B,0xB63,0xB6E,0xB70,0xB74,
0xB63,0xB44,0xB3C,0xB49,0xB50,0xB44,
0xB2E,0xB16,0xAFA,0xAFE,0xB25,0xB43,
0xB46,0xB4E,0xB56,0xB42,0xB22,0xB0B,
0xAEF,0xAD7,0xAC9,0xAB0,0xA9F,0xA9E,
0xAA9,0xAC5,0xAEE,0xB26,0xB54,0xB41,
0xB01,0xACA,0xA9A,0xA79,0xA7E,0xAAB,
0xAF3,0xB4A,0xB9D,0xBC6,0xBC6,0xBB2,
0xB70,0xB18,0xAEE,0xAF1,0xAFA,0xB1F,
0xB50,0xB5C,0xB67,0xB6C,0xB3A,0xAF4,
0xAC7,0xAB2,0xAB7,0xAC2,0xAD9,0xB02,
0xB29,0xB3C,0xB23,0xAE5,0xAA3,0xA76,
0xA72,0xA85,0xAAF,0xAF3,0xB22,0xB37,
0xB4D,0xB5D,0xB5F,0xB36,0xAF4,0xAB7,
0xA8A,0xA84,0xA9C,0xADF,0xB4A,0xB9C,
0xBCA,0xBE2,0xBE2,0xBC2,0xB85,0xB61,
0xB55,0xB34,0xB28,0xB21,0xAFF,0xAE3,
0xACF,0xABA,0xABE,0xAE1,0xB07,0xB16,
0xB32,0xB53,0xB42,0xB0F,0xAD4,0xA9E,
0xA81,0xA80,0xA9D,0xAD4,0xB06,0xB2B,
0xB3F,0xB52,0xB64,0xB66,0xB72,0xB74,
0xB58,0xB45,0xB48,0xB52,0xB53,0xB3B,
0xB17,0xAF6,0xAE7,0xB04,0xB31,0xB46,
0xB52,0xB62,0xB5A,0xB3A,0xB1F,0xB02,
0xAD8,0xAC1,0xAB5,0xAA5,0xA9C,0xA9E,
0xAAF,0xAD3,0xB07,0xB42,0xB5A,0xB33,
0xAF8,0xAC7,0xA9F,0xA89,0xA99,0xAD0,
0xB18,0xB63,0xB9E,0xBAF,0xBAB,0xB8D,
0xB45,0xB0B,0xB08,0xB11,0xB1C,0xB45,
0xB59,0xB50,0xB4F,0xB3B,0xB04,0xAD7,
0xAC0,0xABC,0xAC8,0xAD8,0xAEF,0xB08,
0xB24,0xB29,0xB00,0xACA,0xA9F,0xA8E,
0xA93,0xAA6,0xAD6,0xB0C,0xB24,0xB2E,
0xB3F,0xB52,0xB4B,0xB1A,0xAE6,0xAB3,
0xA91,0xA98,0xABE,0xB09,0xB63,0xBA4,
0xBC3,0xBC8,0xBBD,0xB97,0xB61,0xB53,
0xB43,0xB27,0xB26,0xB16,0xAF6,0xAE0,
0xACA,0xAB7,0xABF,0xAE7,0xB08,0xB18,
0xB40,0xB52,0xB2F,0xB01,0xACB,0xAA0,
0xA92,0xA97,0xABC,0xAED,0xB13,0xB29,
0xB2F,0xB44,0xB5C,0xB6D,0xB82,0xB79,
0xB5F,0xB4E,0xB45,0xB41,0xB31,0xB12,
0xAF9,0xAE8,0xAF6,0xB24,0xB4F,0xB5E,
0xB5D,0xB53,0xB39,0xB16,0xAFC,0xAE1,
0xAC9,0xAC7,0xAC6,0xABD,0xAB6,0xAB9,
0xACF,0xAEC,0xB17,0xB44,0xB41,0xB11,
0xADD,0xAB6,0xA94,0xA89,0xAA5,0xADD,
0xB27,0xB78,0xB9F,0xBA3,0xB9E,0xB6B,
0xB1B,0xAF7,0xB00,0xB0E,0xB2B,0xB4B,
0xB4D,0xB51,0xB53,0xB2E,0xAF6,0xAD6,
0xACC,0xAD2,0xAD8,0xAE7,0xAFE,0xB13,
0xB22,0xB14,0xAE4,0xAB3,0xA94,0xA96,
0xAA3,0xABA,0xAE8,0xB0B,0xB15,0xB22,
0xB37,0xB44,0xB2E,0xB02,0xAD7,0xAAE,
0xAA4,0xAB8,0xAE8,0xB38,0xB85,0xBAF,
0xBB5,0xBB1,0xBAC,0xB7D,0xB4F,0xB48,
0xB2E,0xB15,0xB13,0xB01,0xAF7,0xAF1,
0xAE0,0xADB,0xAED,0xB08,0xB0F,0xB20,
0xB43,0xB39,0xB0B,0xAD8,0xAAB,0xA95,
0xA95,0xAAE,0xAE0,0xB10,0xB34,0xB3A,
0xB37,0xB49,0xB51,0xB59,0xB68,0xB5F,
0xB50,0xB49,0xB4B,0xB4A,0xB31,0xB19,
0xB0C,0xB03,0xB17,0xB41,0xB58,0xB55,
0xB4A,0xB3A,0xB20,0xB06,0xAF4,0xAE4,
0xAE2,0xADF,0xACA,0xAB9,0xAB0,0xAB9,
0xAD4,0xAF3,0xB1D,0xB3B,0xB25,0xAF2,
0xAC9,0xAA6,0xA93,0xAA1,0xACB,0xB08,
0xB54,0xB90,0xBA3,0xBA9,0xB95,0xB51,
0xB0E,0xAFA,0xAFA,0xB07,0xB2E,0xB48,
0xB4B,0xB5C,0xB5A,0xB2E,0xB03,0xAEA,
0xADC,0xAD8,0xAD7,0xAE3,0xAF7,0xB0B,
0xB15,0xB00,0xAD5,0xAB0,0xAA5,0xAB0,
0xABA,0xADB,0xB07,0xB15,0xB1C,0xB2B,
0xB36,0xB2E,0xB0A,0xAE9,0xACE,0xABA,
0xABE,0xAD7,0xB12,0xB60,0xB93,0xBA1,
0xB9C,0xB98,0xB82,0xB52,0xB46,0xB45,
0xB2F,0xB2B,0xB20,0xB00,0xAEE,0xADF,
0xAD3,0xADA,0xAFA,0xB12,0xB1C,0xB3A,
0xB4A,0xB2A,0xAFB,0xACC,0xAA8,0xA9C,
0xAA5,0xAC6,0xAEF,0xB1A,0xB36,0xB30,
0xB39,0xB4C,0xB4E,0xB58,0xB5D,0xB4E,
0xB45,0xB46,0xB48,0xB38,0xB22,0xB19,
0xB0A,0xB04,0xB23,0xB42,0xB47,0xB46,
0xB46,0xB36,0xB21,0xB14,0xB03,0xAF5,
0xAF2,0xADC,0xAC2,0xAB4,0xAA7,0xAB5,
0xAD7,0xAFD,0xB2C,0xB3E,0xB1D,0xAF3,
0xACF,0xAAE,0xA9F,0xAB2,0xADF,0xB15,
0xB58,0xB82,0xB8F,0xB90,0xB6B,0xB26,
0xB02,0xB03,0xB06,0xB17,0xB3E,0xB52,
0xB51,0xB53,0xB35,0xB01,0xAE4,0xAD8,
0xAD5,0xADE,0xAE8,0xAFA,0xB11,0xB1E,
0xB11,0xAE5,0xAB6,0xA9B,0xA9C,0xAA3,
0xAB9,0xAEF,0xB15,0xB1D,0xB22,0xB29,
0xB2D,0xB1A,0xAF0,0xAD1,0xAC2,0xABD,
0xAC9,0xAED,0xB38,0xB7A,0xB93,0xB91,
0xB8D,0xB83,0xB60,0xB48,0xB4D,0xB45,
0xB3E,0xB3C,0xB1E,0xB00,0xAED,0xAD7,
0xACE,0xADF,0xAFF,0xB0C,0xB1C,0xB3D,
0xB3D,0xB1E,0xAF4,0xAC8,0xAAB,0xAA5,
0xAB6,0xADD,0xB0A,0xB33,0xB3F,0xB40,
0xB4F,0xB50,0xB51,0xB5B,0xB55,0xB4C,
0xB53,0xB5B,0xB5A,0xB46,0xB32,0xB1F,
0xB07,0xB0E,0xB2F,0xB41,0xB43,0xB46,
0xB44,0xB39,0xB2A,0xB19,0xAFF,0xAF1,
0xADD,0xABA,0xAA8,0xA9F,0xAA4,0xAC5,
0xAEE,0xB22,0xB4F,0xB3D,0xB07,0xADA,
0xAB3,0xA95,0xA93,0xABB,0xAF7,0xB3B,
0xB7B,0xB96,0xB9A,0xB88,0xB43,0xAFF,
0xAEF,0xAF2,0xAFE,0xB23,0xB4C,0xB53,
0xB59,0xB51,0xB1E,0xAED,0xAD4,0xAC6,
0xACD,0xAD9,0xAE4,0xAFE,0xB18,0xB19,
0xAF7,0xAC7,0xAA1,0xA94,0xA9C,0xAAF,
0xAD7,0xB0B,0xB22,0xB24,0xB26,0xB27,
0xB1F,0xAFE,0xADA,0xAC7,0xABC,0xAC1,
0xADC,0xB16,0xB59,0xB7F,0xB86,0xB80,
0xB7C,0xB66,0xB46,0xB42,0xB45,0xB3C,
0xB3E,0xB33,0xB10,0xAF3,0xAD9,0xAC3,
0xAC5,0xAE2,0xAFE,0xB10,0xB34,0xB4E,
0xB36,0xB06,0xAD4,0xAA7,0xA93,0xA9A,
0xAB9,0xAEB,0xB1C,0xB36,0xB3F,0xB50,
0xB5C,0xB56,0xB58,0xB55,0xB45,0xB43,
0xB49,0xB4C,0xB46,0xB32,0xB1B,0xB03,
0xAFA,0xB18,0xB3D,0xB49,0xB4F,0xB53,
0xB47,0xB2F,0xB1A,0xAFC,0xAE2,0xAD9,
0xAC4,0xAAD,0xAAA,0xAA8,0xABC,0xAE7,
0xB16,0xB44,0xB4A,0xB20,0xAF1,0xAC6,
0xAA5,0xA93,0xAA3,0xAD5,0xB17,0xB5A,
0xB86,0xB93,0xB92,0xB6E,0xB2A,0xB01,
0xAF9,0xAFE,0xB16,0xB3A,0xB4A,0xB4B,
0xB52,0xB37,0xB07,0xAE9,0xAD4,0xAD1,
0xADC,0xAE6,0xAFB,0xB19,0xB25,0xB19,
0xAF1,0xAC3,0xAA2,0xA9E,0xAA8,0xABF,
0xAF3,0xB1A,0xB24,0xB2C,0xB34,0xB34,
0xB28,0xB08,0xAE3,0xACA,0xABF,0xAC7,
0xAEC,0xB2F,0xB6A,0xB85,0xB93,0xB96,
0xB88,0xB65,0xB52,0xB54,0xB48,0xB3A,
0xB34,0xB1E,0xAFF,0xAE0,0xAC9,0xAC9,
0xADA,0xAFA,0xB15,0xB30,0xB56,0xB57,
0xB27,0xAF6,0xAC8,0xAA2,0xA94,0xAA2,
0xACB,0xB04,0xB32,0xB44,0xB53,0xB69,
0xB6C,0xB60,0xB57,0xB45,0xB35,0xB35,
0xB3D,0xB44,0xB3E,0xB2D,0xB18,0xB00,
0xB06,0xB29,0xB3E,0xB46,0xB55,0xB58,
0xB46,0xB2B,0xB0E,0xAED,0xAD8,0xACA,
0xAB6,0xAAB,0xAA6,0xAAA,0xACD,0xAFC,
0xB2D,0xB50,0xB40,0xB12,0xAEC,0xACA,
0xAAB,0xAA3,0xABD,0xAEA,0xB25,0xB63,
0xB82,0xB86,0xB81,0xB55,0xB1F,0xB0D,
0xB0E,0xB10,0xB25,0xB3F,0xB41,0xB40,
0xB38,0xB11,0xAEE,0xAE0,0xAD9,0xAE2,
0xAEF,0xAFC,0xB12,0xB23,0xB26,0xB0C,
0xADD,0xAB2,0xAA1,0xAAC,0xAC3,0xAE6,
0xB11,0xB29,0xB31,0xB38,0xB39,0xB32,
0xB1B,0xAF9,0xADB,0xAC9,0xAC9,0xAD9,
0xB02,0xB41,0xB6F,0xB85,0xB8E,0xB8B,
0xB7B,0xB61,0xB58,0xB52,0xB3C,0xB32,
0xB26,0xB05,0xAE5,0xACE,0xAC3,0xAC7,
0xAE0,0xB03,0xB1C,0xB3A,0xB56,0xB43,
0xB14,0xAE9,0xABD,0xAA1,0xA9E,0xAB5,
0xAE2,0xB10,0xB31,0xB44,0xB56,0xB60,
0xB5B,0xB5A,0xB56,0xB47,0xB44,0xB46,
0xB48,0xB43,0xB2D,0xB17,0xB03,0xAF4,
0xB00,0xB21,0xB38,0xB4A,0xB56,0xB4C,
0xB35,0xB1F,0xB05,0xAE4,0xAD1,0xAC3,
0xAB4,0xAB2,0xAB5,0xACA,0xAF0,0xB16,
0xB3C,0xB4C,0xB2C,0xB00,0xAD9,0xAB5,
0xAA3,0xAAF,0xACF,0xB01,0xB43,0xB74,
0xB86,0xB8A,0xB74,0xB3E,0xB18,0xB0F,
0xB0D,0xB13,0xB2B,0xB38,0xB37,0xB3C,
0xB29,0xB03,0xAEE,0xAE3,0xAE2,0xAEE,
0xAFA,0xB06,0xB15,0xB1F,0xB14,0xAF0,
0xACA,0xAAF,0xAA9,0xABB,0xAD3,0xAF6,
0xB19,0xB29,0xB2C,0xB29,0xB28,0xB19,
0xAFA,0xADD,0xACC,0xAC9,0xAD7,0xAF3,
0xB24,0xB57,0xB71,0xB7A,0xB77,0xB6F,
0xB59,0xB41,0xB48,0xB49,0xB3A,0xB37,
0xB21,0xAFA,0xAE1,0xACD,0xAC2,0xACF,
0xAF2,0xB0F,0xB25,0xB44,0xB4C,0xB28,
0xAFD,0xAD7,0xAB5,0xAA7,0xAB3,0xAD2,
0xAF9,0xB1F,0xB30,0xB38,0xB42,0xB40,
0xB3F,0xB4B,0xB49,0xB40,0xB46,0xB4C,
0xB4D,0xB41,0xB27,0xB0E,0xAF9,0xAF3,
0xB08,0xB21,0xB30,0xB3F,0xB45,0xB38,
0xB25,0xB15,0xAFC,0xAE6,0xADB,0xACC,
0xAC2,0xAC1,0xAC6,0xADE,0xAF9,0xB18,
0xB33,0xB2D,0xB07,0xAE4,0xAC5,0xAB0,
0xAB7,0xAD2,0xAFB,0xB36,0xB6B,0xB81,
0xB80,0xB71,0xB4B,0xB1D,0xB04,0xAFF,
0xB06,0xB1B,0xB38,0xB41,0xB42,0xB40,
0xB22,0xB00,0xAF1,0xAEA,0xAEB,0xAF3,
0xAF7,0xB03,0xB12,0xB14,0xB00,0xAE0,
0xAC2,0xAB3,0xABD,0xAD0,0xAEA,0xB0D,
0xB23,0xB29,0xB25,0xB20,0xB17,0xB01,
0xAE8,0xAD6,0xACE,0xAD4,0xAE7,0xB0F,
0xB48,0xB70,0xB7C,0xB72,0xB67,0xB59,
0xB38,0xB30,0xB3E,0xB37,0xB31,0xB30,
0xB17,0xAFB,0xAE9,0xAD8,0xAD5,0xAE8,
0xB01,0xB0E,0xB23,0xB3B,0xB2E,0xB05,
0xAE6,0xACD,0xAB8,0xAB6,0xACE,0xAED,
0xB0E,0xB2C,0xB2E,0xB35,0xB40,0xB3E,
0xB42,0xB48,0xB3E,0xB39,0xB3C,0xB44,
0xB4D,0xB3D,0xB25,0xB12,0xB02,0xB05,
0xB16,0xB1F,0xB26,0xB34,0xB32,0xB28,
0xB20,0xB15,0xB03,0xAF8,0xAEA,0xAD6,
0xACA,0xAC3,0xACC,0xAEA,0xB05,0xB1F,
0xB30,0xB1B,0xAF9,0xADE,0xAC0,0xAB4,
0xACA,0xAEF,0xB1C,0xB54,0xB7E,0xB81,
0xB75,0xB5E,0xB2C,0xB03,0xAFA,0xAFF,
0xB0C,0xB2D,0xB46,0xB4A,0xB4E,0xB46,
0xB23,0xB05,0xAF7,0xAEB,0xAEB,0xAF1,
0xAF9,0xB0A,0xB19,0xB16,0xAFC,0xADC,
0xAC8,0xAC5,0xAD0,0xAE2,0xB01,0xB1B,
0xB25,0xB23,0xB20,0xB21,0xB1B,0xAFF,
0xAE6,0xAD9,0xAD4,0xAE2,0xAFD,0xB2C,
0xB5F,0xB79,0xB75,0xB66,0xB5D,0xB43,
0xB27,0xB31,0xB3A,0xB31,0xB36,0xB2F,
0xB14,0xB01,0xAED,0xADE,0xAE0,0xAF4,
0xB04,0xB14,0xB30,0xB3B,0xB1C,0xAFA,
0xAE3,0xACB,0xAC2,0xACE,0xAE4,0xAFD,
0xB1D,0xB2A,0xB27,0xB32,0xB39,0xB36,
0xB3C,0xB40,0xB3B,0xB3F,0xB41,0xB49,
0xB48,0xB33,0xB1F,0xB0B,0xAFB,0xB00,
0xB0F,0xB14,0xB20,0xB2B,0xB2A,0xB26,
0xB22,0xB15,0xB06,0xAF8,0xAE1,0xACD,
0xAC1,0xAC2,0xAD7,0xAF7,0xB13,0xB30,
0xB32,0xB0F,0xAEE,0xAD4,0xABA,0xABD,
0xADD,0xB06,0xB33,0xB62,0xB73,0xB6A,
0xB5B,0xB38,0xB09,0xAF4,0xAF5,0xAFE,
0xB18,0xB3A,0xB47,0xB47,0xB46,0xB2F,
0xB0C,0xAF7,0xAEC,0xAE7,0xAEB,0xAEE,
0xAFB,0xB0D,0xB14,0xB0C,0xAF1,0xAD4,
0xAC7,0xACB,0xAD8,0xAEF,0xB0A,0xB18,
0xB1C,0xB1D,0xB1D,0xB1A,0xB0C,0xAF3,
0xAE3,0xADB,0xADC,0xAE9,0xB07,0xB39,
0xB60,0xB6A,0xB5E,0xB56,0xB49,0xB2E,
0xB25,0xB37,0xB3A,0xB37,0xB36,0xB22,
0xB08,0xAF2,0xAE2,0xADD,0xAE5,0xAF8,
0xB0A,0xB22,0xB3B,0xB32,0xB10,0xAF5,
0xADB,0xAC8,0xAC8,0xAD8,0xAEF,0xB0A,
0xB26,0xB27,0xB27,0xB31,0xB2D,0xB2F,
0xB35,0xB35,0xB39,0xB40,0xB49,0xB53,
0xB48,0xB30,0xB19,0xB02,0xAFB,0xB07,
0xB13,0xB1C,0xB29,0xB32,0xB2D,0xB26,
0xB1A,0xB06,0xAF8,0xAE9,0xAD2,0xAC4,
0xAC2,0xACC,0xAEB,0xB0B,0xB28,0xB3D,
0xB2D,0xB05,0xAE6,0xACD,0xABE,0xACC,
0xAED,0xB16,0xB43,0xB65,0xB6A,0xB5E,
0xB4B,0xB24,0xAFF,0xAF9,0xB01,0xB10,
0xB2E,0xB45,0xB48,0xB46,0xB3A,0xB1C,
0xAFF,0xAF0,0xAEA,0xAEA,0xAEB,0xAF3,
0xB0A,0xB16,0xB13,0xB01,0xAE7,0xAD3,
0xAD0,0xAD8,0xAE7,0xAFF,0xB10,0xB16,
0xB15,0xB16,0xB14,0xB12,0xB06,0xAF4,
0xAEB,0xAE5,0xAEC,0xAFE,0xB20,0xB48,
0xB62,0xB66,0xB5F,0xB57,0xB44,0xB2D,
0xB2E,0xB39,0xB30,0xB2E,0xB25,0xB0D,
0xAF5,0xAE3,0xADA,0xADF,0xAF1,0xB09,
0xB1D,0xB34,0xB42,0xB2B,0xB0B,0xAED,
0xAD0,0xAC1,0xAC7,0xADE,0xAF9,0xB17,
0xB2C,0xB2F,0xB35,0xB36,0xB30,0xB32,
0xB33,0xB2F,0xB34,0xB40,0xB4B,0xB4A,
0xB35,0xB20,0xB0D,0xAFF,0xB01,0xB10,
0xB1B,0xB26,0xB34,0xB34,0xB29,0xB1F,
0xB0F,0xAFC,0xAEF,0xADD,0xACB,0xAC5,
0xAC8,0xADE,0xAFF,0xB1C,0xB37,0xB3E,
0xB20,0xAF9,0xADF,0xAC9,0xAC2,0xADA,
0xAFD,0xB26,0xB4E,0xB61,0xB5C,0xB52,
0xB38,0xB0C,0xAF6,0xAFA,0xB02,0xB16,
0xB34,0xB3E,0xB3C,0xB3D,0xB2D,0xB0E,
0xAF8,0xAF0,0xAEF,0xAF4,0xAF3,0xAFE,
0xB0C,0xB13,0xB0C,0xAF5,0xADB,0xACE,
0xAD2,0xADE,0xAF3,0xB0B,0xB18,0xB1C,
0xB1C,0xB1A,0xB12,0xB0A,0xAF9,0xAEA,
0xAE4,0xAE1,0xAE9,0xB02,0xB29,0xB4B,
0xB5E,0xB5D,0xB59,0xB4F,0xB3C,0xB30,
0xB39,0xB3B,0xB34,0xB30,0xB1A,0xB00,
0xAED,0xAE1,0xADE,0xAEB,0xB03,0xB18,
0xB2C,0xB45,0xB41,0xB22,0xB01,0xAE1,
0xAC8,0xAC0,0xACF,0xAEB,0xB0A,0xB24,
0xB2E,0xB30,0xB36,0xB2D,0xB2B,0xB2F,
0xB2E,0xB2B,0xB32,0xB3D,0xB48,0xB41,
0xB2F,0xB20,0xB0C,0xB05,0xB0E,0xB1A,
0xB21,0xB2B,0xB34,0xB2C,0xB22,0xB18,
0xB07,0xAF9,0xAEF,0xADD,0xAD3,0xAD1,
0xAD6,0xAEF,0xB0D,0xB28,0xB3C,0xB30,
0xB0B,0xAEC,0xAD8,0xAC6,0xACC,0xAE8,
0xB0B,0xB33,0xB56,0xB62,0xB5B,0xB4D,
0xB2A,0xB08,0xB00,0xB03,0xB0A,0xB22,
0xB34,0xB34,0xB36,0xB34,0xB1D,0xB06,
0xAFD,0xAF8,0xAF9,0xAF9,0xAF9,0xB04,
0xB0F,0xB12,0xB05,0xAEF,0xADC,0xAD7,
0xADF,0xAED,0xB01,0xB12,0xB19,0xB18,
0xB17,0xB12,0xB0D,0xB04,0xAF5,0xAEF,
0xAEE,0xAF3,0xB01,0xB1E,0xB3E,0xB53,
0xB57,0xB50,0xB4A,0xB3A,0xB28,0xB26,
0xB30,0xB2D,0xB30,0xB29,0xB12,0xAFE,
0xAEF,0xAE4,0xAE4,0xAF3,0xB07,0xB17,
0xB2C,0xB3A,0xB26,0xB08,0xAED,0xAD5,
0xACA,0xACC,0xAE1,0xAFC,0xB14,0xB24,
0xB2A,0xB2E,0xB2D,0xB27,0xB28,0xB2B,
0xB27,0xB27,0xB30,0xB3B,0xB40,0xB33,
0xB23,0xB10,0xB00,0xB01,0xB0C,0xB14,
0xB1E,0xB2B,0xB29,0xB20,0xB17,0xB0E,
0xB00,0xAFB,0xAEF,0xADF,0xAD8,0xAD5,
0xAE1,0xAF9,0xB12,0xB2A,0xB33,0xB1E,
0xAFD,0xAE5,0xAD2,0xAC9,0xADC,0xAFE,
0xB1F,0xB45,0xB5F,0xB60,0xB56,0xB3D,
0xB18,0xB00,0xAFF,0xB04,0xB12,0xB2A,
0xB34,0xB36,0xB3A,0xB2D,0xB11,0xAFF,
0xAF5,0xAF2,0xAF6,0xAFA,0xB05,0xB12,
0xB1B,0xB16,0xB02,0xAEA,0xADA,0xADC,
0xAE9,0xAFB,0xB10,0xB1C,0xB1B,0xB18,
0xB12,0xB0C,0xB0A,0xB00,0xAF5,0xAF2,
0xAF6,0xAFD,0xB0C,0xB2A,0xB45,0xB4D,
0xB49,0xB45,0xB3D,0xB2D,0xB20,0xB27,
0xB2E,0xB30,0xB32,0xB23,0xB0D,0xAFC,
0xAEF,0xAE8,0xAEE,0xB01,0xB0F,0xB1E,
0xB33,0xB33,0xB1B,0xB03,0xAEC,0xADD,
0xAD8,0xAE0,0xAF6,0xB0B,0xB19,0xB23,
0xB28,0xB2D,0xB29,0xB26,0xB2A,0xB2C,
0xB2C,0xB34,0xB3E,0xB44,0xB3C,0xB2B,
0xB17,0xB01,0xAF7,0xB01,0xB0E,0xB18,
0xB25,0xB2C,0xB27,0xB20,0xB1A,0xB0D,
0xB03,0xAFE,0xAF0,0xAE2,0xADB,0xADD,
0xAED,0xB04,0xB1A,0xB2C,0xB28,0xB0F,
0xAF6,0xAE4,0xAD7,0xAD8,0xAF2,0xB11,
0xB2F,0xB4C,0xB56,0xB4E,0xB41,0xB24,
0xB06,0xAFD,0xB03,0xB0C,0xB22,0xB31,
0xB33,0xB37,0xB33,0xB1F,0xB09,0xAFB,
0xAF1,0xAF5,0xAF5,0xAFB,0xB06,0xB12,
0xB13,0xB08,0xAF4,0xAE3,0xAE1,0xAEB,
0xAF7,0xB05,0xB13,0xB17,0xB13,0xB0E,
0xB06,0xB05,0xB04,0xAFC,0xAF4,0xAF5,
0xAFC,0xB08,0xB1D,0xB3C,0xB4A,0xB46,
0xB3E,0xB37,0xB2A,0xB1B,0xB1C,0xB28,
0xB2B,0xB30,0xB2D,0xB1B,0xB09,0xAFA,
0xAEE,0xAE9,0xAF3,0xB04,0xB12,0xB23,
0xB32,0xB26,0xB10,0xAFB,0xAE8,0xADD,
0xADC,0xAEA,0xB00,0xB13,0xB1E,0xB23,
0xB28,0xB2B,0xB24,0xB23,0xB24,0xB22,
0xB28,0xB34,0xB3E,0xB3F,0xB31,0xB21,
0xB0E,0xAFC,0xAFD,0xB0D,0xB15,0xB1F,
0xB2A,0xB2A,0xB23,0xB1B,0xB11,0xB05,
0xAFF,0xAF6,0xAEB,0xAE1,0xADF,0xAEA,
0xAFD,0xB10,0xB23,0xB2D,0xB1F,0xB06,
0xAF3,0xAE3,0xADA,0xAE5,0xB01,0xB1E,
0xB3B,0xB4F,0xB4F,0xB43,0xB2E,0xB0F,
0xAFD,0xAFD,0xB04,0xB15,0xB2B,0xB32,
0xB33,0xB35,0xB28,0xB12,0xB03,0xAF7,
0xAF3,0xAF7,0xAF9,0xB04,0xB10,0xB17,
0xB13,0xB03,0xAED,0xAE2,0xAE7,0xAF4,
0xB03,0xB13,0xB1E,0xB1B,0xB17,0xB0E,
0xB08,0xB05,0xB00,0xAF7,0xAF2,0xAF7,
0xAFF,0xB0A,0xB22,0xB3B,0xB43,0xB3E,
0xB3A,0xB33,0xB26,0xB1E,0xB27,0xB2C,
0xB2E,0xB30,0xB25,0xB13,0xB03,0xAF3,
0xAEB,0xAEF,0xAFE,0xB0E,0xB1C,0xB2D,
0xB30,0xB1D,0xB09,0xAF7,0xAE8,0xAE2,
0xAE8,0xAF6,0xB09,0xB16,0xB19,0xB1D,
0xB26,0xB24,0xB1F,0xB22,0xB23,0xB25,
0xB2D,0xB37,0xB3A,0xB34,0xB25,0xB17,
0xB04,0xAFA,0xB03,0xB10,0xB17,0xB21,
0xB29,0xB27,0xB20,0xB17,0xB0C,0xB03,
0xAFD,0xAF3,0xAEA,0xAE3,0xAE4,0xAF2,
0xB05,0xB17,0xB28,0xB28,0xB15,0xB01,
0xAF2,0xAE5,0xAE3,0xAF4,0xB0B,0xB24,
0xB3A,0xB45,0xB41,0xB37,0xB1F,0xB08,
0xB02,0xB08,0xB11,0xB22,0xB2F,0xB30,
0xB33,0xB2F,0xB1D,0xB0C,0xB00,0xAF7,
0xAF7,0xAF9,0xAFF,0xB0C,0xB16,0xB19,
0xB12,0xB01,0xAF0,0xAEB,0xAF2,0xAFD,
0xB09,0xB17,0xB1A,0xB16,0xB0E,0xB07,
0xB07,0xB06,0xB02,0xAFA,0xAFA,0xB00,
0xB09,0xB16,0xB2D,0xB3B,0xB3A,0xB36,
0xB31,0xB28,0xB1C,0xB1E,0xB25,0xB28,
0xB2C,0xB2A,0xB1B,0xB0B,0xAFD,0xAF2,
0xAF0,0xAFB,0xB0A,0xB15,0xB22,0xB2D,
0xB24,0xB11,0xB04,0xAF7,0xAED,0xAED,
0xAF6,0xB03,0xB12,0xB1A,0xB1A,0xB1E,
0xB23,0xB1E,0xB20,0xB23,0xB23,0xB26,
0xB30,0xB37,0xB38,0xB2D,0xB20,0xB12,
0xB00,0xAFF,0xB0A,0xB11,0xB19,0xB24,
0xB25,0xB20,0xB1D,0xB16,0xB0D,0xB06,
0xAFF,0xAF4,0xAEE,0xAEA,0xAED,0xAFC,
0xB0D,0xB1F,0xB2A,0xB20,0xB0D,0xAFD,
0xAEF,0xAE3,0xAE9,0xAFB,0xB11,0xB29,
0xB3C,0xB3F,0xB3B,0xB2E,0xB16,0xB06,
0xB03,0xB06,0xB11,0xB20,0xB25,0xB26,
0xB2A,0xB25,0xB16,0xB0C,0xB02,0xAFC,
0xAFD,0xAFF,0xB04,0xB0F,0xB15,0xB15,
0xB0D,0xAFF,0xAF6,0xAF5,0xAF9,0xAFF,
0xB09,0xB11,0xB13,0xB11,0xB0C,0xB0C,
0xB0C,0xB08,0xB02,0xAFC,0xAFC,0xB02,
0xB0A,0xB1A,0xB2D,0xB34,0xB31,0xB30,
0xB2C,0xB22,0xB1C,0xB21,0xB25,0xB26,
0xB26,0xB1E,0xB11,0xB06,0xAFF,0xAFA,
0xAFD,0xB06,0xB11,0xB17,0xB24,0xB26,
0xB17,0xB08,0xAFD,0xAF3,0xAF1,0xAF7,
0xB00,0xB0C,0xB16,0xB18,0xB19,0xB1F,
0xB1E,0xB1B,0xB1D,0xB1F,0xB21,0xB2A,
0xB32,0xB36,0xB30,0xB23,0xB18,0xB07,
0xAFB,0xB00,0xB0B,0xB13,0xB1F,0xB2A,
0xB29,0xB23,0xB1E,0xB13,0xB0A,0xB03,
0xAFA,0xAF3,0xAF0,0xAEF,0xAF9,0xB08,
0xB17,0xB26,0xB26,0xB18,0xB09,0xAFE,
0xAEF,0xAEA,0xAF5,0xB06,0xB1B,0xB30,
0xB3B,0xB3A,0xB34,0xB23,0xB10,0xB07,
0xB08,0xB0E,0xB19,0xB24,0xB26,0xB27,
0xB28,0xB1D,0xB0E,0xB05,0xAFD,0xAFC,
0xAFE,0xB02,0xB0A,0xB12,0xB16,0xB15,
0xB0B,0xAFF,0xAF9,0xAFA,0xAFE,0xB05,
0xB0F,0xB13,0xB13,0xB10,0xB0E,0xB0E,
0xB0A,0xB05,0xB02,0xB00,0xB04,0xB0A,
0xB12,0xB22,0xB2E,0xB2E,0xB2B,0xB2A,
0xB24,0xB1E,0xB1D,0xB22,0xB25,0xB25,
0xB22,0xB18,0xB0D,0xB05,0xAFE,0xAFC,
0xB01,0xB09,0xB10,0xB19,0xB22,0xB1E,
0xB10,0xB05,0xAFC,0xAF6,0xAF9,0xAFF,
0xB07,0xB11,0xB18,0xB18,0xB19,0xB1C,
0xB18,0xB1A,0xB1C,0xB1D,0xB22,0xB2B,
0xB31,0xB30,0xB24,0xB17,0xB0D,0xB00,
0xAFE,0xB06,0xB0E,0xB15,0xB1F,0xB22,
0xB20,0xB1D,0xB17,0xB0F,0xB08,0xB01,
0xAF9,0xAF6,0xAF3,0xAF6,0xB02,0xB10,
0xB1D,0xB24,0xB1C,0xB0D,0xB02,0xAF7,
0xAF0,0xAF5,0xB04,0xB14,0xB25,0xB31,
0xB32,0xB30,0xB28,0xB18,0xB0C,0xB0A,
0xB0E,0xB14,0xB1D,0xB23,0xB24,0xB27,
0xB23,0xB16,0xB0C,0xB04,0xAFE,0xAFF,
0xAFF,0xB05,0xB10,0xB17,0xB18,0xB13,
0xB07,0xAFE,0xAFC,0xAFE,0xB02,0xB09,
0xB10,0xB13,0xB12,0xB0F,0xB0E,0xB0D,
0xB0A,0xB06,0xB04,0xB04,0xB08,0xB0E,
0xB18,0xB24,0xB29,0xB26,0xB26,0xB23,
0xB1D,0xB1A,0xB1F,0xB23,0xB24,0xB24,
0xB1D,0xB13,0xB0C,0xB05,0xAFF,0xB01,
0xB07,0xB0E,0xB13,0xB1B,0xB1E,0xB15,
0xB0A,0xB03,0xAFD,0xAFB,0xAFF,0xB06,
0xB0C,0xB13,0xB15,0xB15,0xB17,0xB18,
0xB17,0xB1C,0xB1E,0xB20,0xB25,0xB2B,
0xB2D,0xB27,0xB1D,0xB15,0xB0A,0xB02,
0xB04,0xB0A,0xB12,0xB1A,0xB20,0xB21,
0xB20,0xB1D,0xB16,0xB0F,0xB09,0xB01,
0xAFB,0xAF9,0xAF8,0xAFE,0xB0A,0xB15,
0xB20,0xB20,0xB14,0xB09,0xAFF,0xAF8,
0xAF7,0xB00,0xB0D,0xB1A,0xB28,0xB2D,
0xB2A,0xB25,0xB1B,0xB0E,0xB0A,0xB0C,
0xB11,0xB18,0xB20,0xB22,0xB22,0xB22,
0xB19,0xB0F,0xB09,0xB03,0xB00,0xB02,
0xB04,0xB0A,0xB11,0xB15,0xB16,0xB10,
0xB07,0xB01,0xB01,0xB03,0xB06,0xB0B,
0xB0E,0xB0F,0xB0E,0xB0D,0xB0E,0xB0D,
0xB0A,0xB07,0xB06,0xB08,0xB0B,0xB12,
0xB1B,0xB23,0xB22,0xB1E,0xB1E,0xB1C,
0xB18,0xB19,0xB20,0xB21,0xB22,0xB21,
0xB17,0xB0E,0xB09,0xB04,0xB02,0xB05,
0xB0C,0xB11,0xB15,0xB1B,0xB18,0xB0F,
0xB09,0xB04,0xB00,0xB01,0xB05,0xB0A,
0xB10,0xB15,0xB14,0xB14,0xB16,0xB15,
0xB17,0xB1B,0xB1B,0xB1F,0xB23,0xB27,
0xB26,0xB1F,0xB18,0xB0F,0xB06,0xB04,
0xB07,0xB0D,0xB12,0xB18,0xB1B,0xB1C,
0xB1C,0xB19,0xB13,0xB0E,0xB09,0xB03,
0xAFF,0xAFB,0xAFD,0xB05,0xB0D,0xB16,
0xB1D,0xB19,0xB10,0xB09,0xB01,0xAFE,
0xB01,0xB0A,0xB13,0xB1E,0xB25,0xB25,
0xB22,0xB1E,0xB13,0xB0E,0xB0E,0xB11,
0xB14,0xB1A,0xB1E,0xB1D,0xB1D,0xB1B,
0xB15,0xB0E,0xB0A,0xB06,0xB06,0xB07,
0xB09,0xB0D,0xB11,0xB14,0xB14,0xB0E,
0xB08,0xB07,0xB07,0xB09,0xB0B,0xB0E,
0xB0F,0xB0F,0xB0F,0xB0E,0xB0F,0xB0D,
0xB0C,0xB0A,0xB0B,0xB0D,0xB10,0xB16,
0xB1D,0xB21,0xB1E,0xB1C,0xB1B,0xB19,
0xB16,0xB1A,0xB1F,0xB1F,0xB20,0xB1C,
0xB14,0xB0E,0xB0A,0xB06,0xB07,0xB0B,
0xB10,0xB14,0xB18,0xB1B,0xB15,0xB0E,
0xB0A,0xB06,0xB05,0xB07,0xB0B,0xB10,
0xB14,0xB15,0xB15,0xB16,0xB15,0xB14,
0xB17,0xB19,0xB1B,0xB1F,0xB22,0xB23,
0xB21,0xB1B,0xB14,0xB0D,0xB08,0xB08,
0xB0C,0xB10,0xB14,0xB18,0xB1A,0xB1A,
0xB19,0xB15,0xB10,0xB0E,0xB09,0xB05,
0xB01,0xB00,0xB03,0xB0B,0xB10,0xB17,
0xB1A,0xB15,0xB0E,0xB09,0xB04,0xB04,
0xB08,0xB0E,0xB15,0xB1C,0xB1F,0xB1E,
0xB1C,0xB18,0xB11,0xB0E,0xB10,0xB12,
0xB15,0xB19,0xB1A,0xB1A,0xB1A,0xB18,
0xB12,0xB0E,0xB0B,0xB0A,0xB0A,0xB0A,
0xB0C,0xB10,0xB12,0xB14,0xB11,0xB0C,
0xB09,0xB09,0xB0A,0xB0B,0xB0E,0xB10,
0xB11,0xB10,0xB0F,0xB0F,0xB0E,0xB0D,
0xB0B,0xB0C,0xB0D,0xB10,0xB13,0xB18,
0xB1D,0xB1D,0xB18,0xB16,0xB16,0xB13,
0xB14,0xB18,0xB1A,0xB1B,0xB1B,0xB17,
0xB11,0xB0D,0xB0A,0xB09,0xB0A,0xB0E,
0xB11,0xB14,0xB18,0xB17,0xB11,0xB0E,
0xB0A,0xB08,0xB09,0xB0C,0xB0E,0xB12,
0xB14,0xB14,0xB13,0xB14,0xB12,0xB13,
0xB15,0xB17,0xB18,0xB1B,0xB1C,0xB1D,
0xB1A,0xB16,0xB12,0xB0D,0xB0B,0xB0B,
0xB0E,0xB11,0xB14,0xB16,0xB17,0xB17,
0xB16,0xB13,0xB11,0xB0E,0xB0A,0xB08,
0xB06,0xB07,0xB0A,0xB10,0xB14,0xB17,
0xB16,0xB12,0xB0E,0xB0A,0xB08,0xB0A,
0xB0D,0xB12,0xB17,0xB1B,0xB1C,0xB1A,
0xB18,0xB13,0xB0E,0xB0E,0xB10,0xB12,
0xB15,0xB18,0xB18,0xB18,0xB17,0xB14,
0xB10,0xB0E,0xB0C,0xB0C,0xB0C,0xB0E,
0xB0F,0xB12,0xB13,0xB12,0xB10,0xB0D,
0xB0C,0xB0C,0xB0E,0xB0F,0xB11,0xB12,
0xB11,0xB11,0xB10,0xB10,0xB0F,0xB0E,
0xB0E,0xB0E,0xB0F,0xB11,0xB14,0xB18,
0xB19,0xB18,0xB15,0xB14,0xB13,0xB12,
0xB14,0xB16,0xB16,0xB17,0xB16,0xB13,
0xB11,0xB0E,0xB0D,0xB0C,0xB0E,0xB10,
0xB12,0xB13,0xB15,0xB12,0xB0F,0xB0D,
0xB0D,0xB0C,0xB0D,0xB0F,0xB11,0xB12,
0xB13,0xB12,0xB12,0xB12,0xB12,0xB13,
0xB14,0xB14,0xB16,0xB17,0xB18,0xB17,
0xB15,0xB13,0xB10,0xB0E,0xB0D,0xB0E,
0xB10,0xB11,0xB13,0xB14,0xB14,0xB15,
0xB13,0xB12,0xB10,0xB0F,0xB0D,0xB0B,
0xB0B,0xB0C,0xB0E,0xB12,0xB14,0xB15,
0xB13,0xB10,0xB0F,0xB0C,0xB0D,0xB0E,
0xB11,0xB13,0xB15,0xB17,0xB16,0xB15,
0xB13,0xB10,0xB0F,0xB10,0xB11,0xB12,
0xB14,0xB15,0xB15,0xB15,0xB14,0xB11,
0xB10,0xB0F,0xB0F,0xB0F,0xB0F,0xB10,
0xB11,0xB12,0xB12,0xB11,0xB10,0xB0F,
0xB0F,0xB10,0xB10,0xB11,0xB11,0xB12,
0xB11,0xB11,0xB11,0xB11,0xB11,0xB10,
0xB10,0xB11,0xB11,0xB12,0xB13,0xB14,
0xB14,0xB13,0xB12,0xB12,0xB12,0xB12,
0xB12,0xB13,0xB13,0xB13,0xB13,0xB12,
0xB11,0xB11,0xB10,0xB10,0xB10,0xB12,
0xB11,0xB13,0xB12,0xB12,0xB11,0xB11,
0xB10,0xB11,0xB10,0xB12,0xB11,0xB12,
0xB12,0xB12,0xB12,0xB12,0xB12,0xB12,
0xB12,0xB12,0xB13,0xB12,0xB12,0xB13,
0xB12,0xB12,0xB11,0xB11,0xB11,0xB11,
0xB12,0xB12,0xB12,0xB12,0xB12,0xB12,
0xB12,0xB12,0xB11,0xB11,0xB12,0xB11,
0xB12,0xB11,0xB12,0xB11,0xB12,0xB11,
0xB12,0xB12,0xB11,0xB12,0xB11,0xB12,
0xB11,0xB12,0xB12,0xB11,0xB12,0xB12,
0xB11,0xB12,0xB11,0xB12,0xB11,0xB12,
0xB11,0xB12,0xB11,0xB12,0xB11,0xB12,
0xB12,0xB11,0xB12,0xB11,0xB11,0xB12,
0xB11,0xB12,0xB12,0xB11,0xB12,0xB11,
0xB11,0xB12,0xB11,0xB12,0xB11,0xB12,
0xB12,0xB12,0xB11,0xB12,0xB11,0xB12,
0xB11,0xB12,0xB11,0xB12,0xB11,0xB12,
0xB12,0xB12,0xB11,0xB12,0xB11,0xB12,
0xB11,0xB12,0xB11,0xB12,0xB11,0xB12,
0xB11,0xB12,0xB11,0xB12,0xB11,0xB12,
0xB12,0xB12,0xB11,0xB12,0xB11,0xB12,
0xB12,0xB11,0xB12,0xB12,0xB11,0xB12,
0xB11,0xB12,0xB11,0xB12,0xB11,0xB12,
0xB12,0xB11,0xB12,0xB11,0xB12,0xB11,
0xB12,0xB11,0xB12,0xB11,0xB12,0xB12,
0xB11,0xB12,0xB11,0xB12,0xB12,0xB12,
0xB12,0xB12,0xB11,0xB12,0xB11,0xB12,
0xB12,0xB11,0xB12,0xB11,0xB12,0xB11,
0xB12,0xB11,0xB12,0xB12,0xB12,0xB11,
0xB12,0xB11,0xB12,0xB11,0xB12,0xB12,
0xB11,0xB12,0xB11,0xB12,0xB12,0xB12,
0xB11,0xB12,0xB11,0xB12,0xB11,0xB12,
0xB11,0xB12,0xB11,0xB11,0xB12,0xB11,
0xB12,0xB12,0xB11,0xB12,0xB11,0xB12,
0xB12,0xB11,0xB12,0xB12,0xB11,0xB12,
0xB11,0xB12,0xB11,0xB12,0xB12,0xB11,
0xB12,0xB11,0xB12,0xB12,0xB11,0xB12,
0xB11,0xB12,0xB12,0xB12,0xB12,0xB12,
0xB12,0xB12,0xB11,0xB12,0xB12,0xB12,
0xB12,0xB11,0xB12,0xB12,0xB12,0xB11,
0xB12,0xB11,0xB12,0xB12,0xB11,0xB12,
0xB11,0xB12,0xB12,0xB12,0xB12,0xB11,
0xB12,0xB11,0xB12,0xB12,0xB12,0xB11,
0xB12,0xB11,0xB12,0xB12,0xB11,0xB12,
0xB12,0xB11,0xB12,0xB11,0xB12,0xB11,
0xB12,0xB11,0xB12,0xB12,0xB11,0xB12,
0xB11,0xB12,0xB11,0xB12,0xB12,0xB12,
0xB11,0xB12,0xB12,0xB11,0xB12,0xB11,
0xB12,0xB12,0xB11,0xB12,0xB11,0xB12,
0xB11,0xB12,0xB11,0xB12,0xB11,0xB12,
0xB11,0xB12,0xB11,0xB12,0xB11,0xB12,
0xB11,0xB12,0xB12,0xB12,0xB12,0xB12,
0xB12,0xB12,0xB12,0xB12,0xB12,0xB12,
0xB11,0xB12,0xB12,0xB12,0xB11,0xB12,
0xB11,0xB12,0xB11,0xB12,0xB11,0xB12,
0xB11,0xB12,0xB12,0xB12,0xB12,0xB11,
0xB12,0xB12,0xB12,0xB12,0xB11,0xB12,
0xB12,0xB12,0xB12,0xB11,0xB12,0xB12,
0xB12,0xB11,0xB12,0xB11,0xB12,0xB11,
0xB12,0xB11,0xB12,0xB12,0xB12,0xB12,
0xB12,0xB11,0xB12,0xB12,0xB11,0xB12,
0xB12,0xB12,0xB12,0xB11,0xB12,0xB12,
0xB11,0xB12,0xB11,0xB12,0xB11,0xB12,
0xB12,0xB11,0xB12,0xB11,0xB12,0xB11,
0xB12,0xB11,0xB12,0xB12,0xB12,0xB11,
0xB12,0xB11,0xB12,0xB11,0xB12,0xB12,
0xB11,0xB12,0xB11,0xB12,0xB12,0xB11,
0xB12,0xB12,0xB11,0xB12,0xB11,0xB12,
0xB11,0xB12,0xB11,0xB12,0xB11,0xB12,
0xB11,0xB12,0xB11,0xB12,0xB11,0xB12,
0xB12,0xB11,0xB12,0xB11,0xB12,0xB12,
0xB11,0xB12,0xB11,0xB12,0xB11,0xB12,
0xB11,0xB12,0xB12,0xB12,0xB12,0xB11,
0xB12,0xB11,0xB12,0xB11,0xB12,0xB11,
0xB12,0xB11,0xB12,0xB12,0xB11,0xB12,
0xB11,0xB12,0xB12,0xB11,0xB12,0xB11,
0xB12,0xB11,0xB12,0xB12,0xB11,0xB12,
0xB11,0xB12,0xB11,0xB12,0xB12,0xB11,
0xB12,0xB11,0xB12,0xB11,0xB12,0xB11,
0xB12,0xB12,0xB11,0xB12,0xB11,0xB12,
0xB12,0xB11,0xB12,0xB11,0xB12,0xB11,
0xB12,0xB11,0xB12,0xB12,0xB11,0xB12,
0xB11,0xB12,0xB11,0xB12,0xB11,0xB12,
0xB11,0xB12,0xB11,0xB12,0xB11,0xB12,
0xB11,0xB12,0xB11,0xB12,0xB12,0xB11,
0xB12,0xB11,0xB12,0xB12,0xB12,0xB12,
0xB12,0xB11,0xB12,0xB11,0xB12,0xB11,
0xB12,0xB12,0xB12,0xB12,0xB12,0xB12,
0xB11,0xB12,0xB11,0xB12,0xB11,0xB11,
0xB12,0xB11,0xB12,0xB12,0xB11,0xB12,
0xB11,0xB12,0xB11,0xB12,0xB12,0xB11,
0xB12,0xB11,0xB12,0xB12,0xB12,0xB12,
0xB12,0xB11,0xB12,0xB12,0xB11,0xB12,
0xB11,0xB12,0xB12,0xB12,0xB11,0xB12,
0xB12,0xB12,0xB12,0xB12,0xB12,0xB11,
0xB12,0xB11,0xB12,0xB11,0xB12,0xB12,
0xB11,0xB12,0xB11,0xB12,0xB11,0xB12,
0xB12,0xB11,0xB12,0xB11,0xB12,0xB11,
0xB12,0xB12,0xB11,0xB12,0xB11,0xB12,
0xB12,0xB12,0xB12,0xB12,0xB11,0xB12,
0xB11,0xB12,0xB12,0xB11,0xB12,0xB12,
0xB12,0xB12,0xB12,0xB12,0xB11,0xB12,
0xB11,0xB12,0xB12,0xB11,0xB12,0xB11,
0xB12,0xB11,0xB12,0xB11,0xB12,0xB11,
0xB12,0xB11,0xB12,0xB12,0xB12,0xB11,
0xB12,0xB11,0xB12,0xB12,0xB12,0xB11,
0xB12,0xB11,0xB12,0xB11,0xB12,0xB11,
0xB12,0xB11,0xB12,0xB11,0xB12,0xB11,
0xB12,0xB11,0xB12,0xB11,0xB12,0xB11,
0xB12,0xB11,0xB12,0xB11,0xB12,0xB11,
0xB12,0xB11,0xB12,0xB11,0xB12,0xB12,
0xB11,0xB12,0xB11,0xB12,0xB11,0xB12,
0xB11,0xB12,0xB12,0xB11,0xB12,0xB12,
0xB12,0xB12,0xB12,0xB12,0xB12,0xB11,
0xB12,0xB11,0xB12,0xB11,0xB12,0xB12,
0xB12,0xB12,0xB12,0xB12,0xB12,0xB11,
0xB12,0xB12,0xB11,0xB12,0xB11,0xB12,
0xB11,0xB12,0xB11,0xB12,0xB12,0xB11,
0xB12,0xB11,0xB12,0xB12,0xB12,0xB12,
0xB12,0xB12,0xB12,0xB11,0xB12,0xB11,
0xB12,0xB11,0xB12,0xB11,0xB12,0xB11,
0xB12,0xB11,0xB11,0xB12,0xB11,0xB12,
0xB12,0xB11,0xB12,0xB11,0xB12,0xB11,
0xB12,0xB11,0xB12,0xB12,0xB11,0xB12,
0xB11,0xB12,0xB12,0xB11,0xB12,0xB11,
0xB12,0xB11,0xB12,0xB11,0xB12,0xB11,
0xB12,0xB11,0xB12,0xB12,0xB11,0xB12,
0xB11,0xB12,0xB12,0xB11,0xB12,0xB12,
0xB11,0xB12,0xB11,0xB12,0xB12,0xB12,
0xB12,0xB12,0xB12,0xB12,0xB12,0xB12,
0xB11,0xB12,0xB11,0xB12,0xB11,0xB12,
0xB12,0xB11,0xB12,0xB11,0xB12,0xB11,
0xB12,0xB12,0xB12,0xB11,0xB12,0xB12,
0xB12,0xB12,0xB12,0xB11,0xB12,0xB11,
0xB12,0xB12,0xB11,0xB12,0xB11,0xB12,
0xB11,0xB12,0xB11,0xB12,0xB12,0xB11,
0xB12,0xB11,0xB12,0xB11,0xB12,0xB11,
0xB12,0xB11,0xB12,0xB11,0xB12,0xB11,
0xB12,0xB12,0xB12,0xB11,0xB12,0xB11,
0xB12,0xB12,0xB12,0xB11,0xB12,0xB11,
0xB12,0xB11,0xB12,0xB12,0xB11,0xB12,
0xB11,0xB12,0xB12,0xB12,0xB11,0xB12,
0xB11,0xB12,0xB12,0xB11,0xB12,0xB11,
0xB12,0xB11,0xB12,0xB11,0xB12,0xB11,
0xB12,0xB12,0xB12,0xB12,0xB12,0xB11,
0xB12,0xB11,0xB12,0xB11,0xB12,0xB11,
0xB12,0xB11,0xB11,0xB12,0xB11,0xB12,
0xB11,0xB12,0xB11,0xB12,0xB12,0xB11,
0xB12,0xB12,0xB11,0xB12,0xB11,0xB12,
0xB11,0xB12,0xB11,0xB12,0xB11,0xB12,
0xB11,0xB12,0xB11,0xB12,0xB11,0xB12,
0xB11,0xB12,0xB11,0xB12,0xB11,0xB12,
0xB11,0xB12,0xB11,0xB12,0xB11,0xB12,
0xB11,0xB12,0xB12,0xB12,0xB12,0xB12,
0xB11,0xB12,0xB11,0xB12,0xB11,0xB12,
0xB11,0xB12,0xB12,0xB11,0xB12,0xB12,
0xB11,0xB12,0xB11,0xB12,0xB12,0xB11,
0xB12,0xB11,0xB12,0xB11,0xB12,0xB11,
0xB12,0xB11,0xB12,0xB11,0xB12,0xB12,
0xB12,0xB12,0xB11,0xB12,0xB11,0xB12,
0xB11,0xB12,0xB12,0xB12,0xB12,0xB11,
0xB12,0xB12,0xB12,0xB12,0xB11,0xB12,
0xB11,0xB12,0xB11,0xB12,0xB11,0xB12,
0xB11,0xB12,0xB12,0xB11,0xB12,0xB12,
0xB11,0xB12,0xB12,0xB11,0xB12,0xB11,
0xB12,0xB12,0xB12,0xB12,0xB12,0xB12,
0xB11,0xB12,0xB11,0xB12,0xB12,0xB11,
0xB12,0xB12,0xB12,0xB12,0xB12,0xB11,
0xB12,0xB11,0xB12,0xB11,0xB12,0xB11,
0xB11,0xB12,0xB11,0xB12,0xB11,0xB11,
0xB12,0xB11,0xB12,0xB12,0xB11,0xB12,
0xB11,0xB12,0xB11,0xB12,0xB11,0xB12,
0xB11,0xB12,0xB12,0xB11,0xB12,0xB12,
0xB11,0xB12,0xB11,0xB12,0xB11,0xB12,
0xB11,0xB12,0xB11,0xB12,0xB12,0xB11,
0xB12,0xB11,0xB12,0xB12,0xB11,0xB12,
0xB11,0xB12,0xB12,0xB11,0xB12,0xB11,
0xB12,0xB12,0xB11,0xB12,0xB11,0xB12,
0xB11,0xB12,0xB11,0xB12,0xB11,0xB12,
0xB12,0xB11,0xB12,0xB11,0xB12,0xB11,
0xB12,0xB11,0xB12,0xB11,0xB12,0xB11,
0xB12,0xB12,0xB12,0xB12,0xB11,0xB12,
0xB11,0xB12,0xB11,0xB12,0xB11,0xB12,
0xB11,0xB12,0xB11,0xB12,0xB11,0xB12,
0xB11,0xB12,0xB12,0xB11,0xB12,0xB12,
0xB11,0xB12,0xB12,0xB11,0xB12,0xB11,
0xB12,0xB12,0xB11,0xB12,0xB12,0xB11,
0xB12,0xB11,0xB12,0xB12,0xB11,0xB12,
0xB11,0xB12,0xB12,0xB12,0xB11,0xB12,
0xB11,0xB12,0xB12,0xB11,0xB12,0xB11,
0xB12,0xB11,0xB12,0xB11,0xB12,0xB11,
0xB12,0xB11,0xB12,0xB12,0xB12,0xB11,
0xB12,0xB11,0xB12,0xB11,0xB12,0xB12,
0xB11,0xB12,0xB11,0xB12,0xB11,0xB12,
0xB11,0xB12,0xB12,0xB12,0xB12,0xB11,
0xB12,0xB11,0xB12,0xB11,0xB12,0xB11,
0xB12,0xB12,0xB11,0xB12,0xB11,0xB12,
0xB11,0xB12,0xB12,0xB11,0xB12,0xB11,
0xB12,0xB11,0xB12,0xB11,0xB12,0xB12,
0xB11,0xB12,0xB11,0xB12,0xB11,0xB12,
0xB12,0xB12,0xB11,0xB12,0xB11,0xB12,
0xB11,0xB12,0xB11,0xB12,0xB11,0xB12,
0xB11,0xB12,0xB11,0xB12,0xB12,0xB11,
0xB12,0xB11,0xB12,0xB11,0xB12,0xB11,
0xB12,0xB11,0xB12,0xB11,0xB12,0xB12,
0xB11,0xB12,0xB12,0xB11,0xB12,0xB11,
0xB12,0xB11,0xB12,0xB11,0xB12,0xB12,
0xB12,0xB12,0xB11,0xB12,0xB12,0xB11,
0xB12,0xB11,0xB12,0xB11,0xB12,0xB11,
0xB12,0xB11,0xB12,0xB12,0xB11,0xB12,
0xB11,0xB12,0xB11,0xB12,0xB11,0xB12,
0xB11,0xB12,0xB11,0xB12,0xB11,0xB12,
0xB12,0xB11,0xB12,0xB11,0xB12,0xB12,
0xB12,0xB11,0xB12,0xB11,0xB12,0xB11,
0xB12,0xB12,0xB11,0xB12,0xB11,0xB12,
0xB11,0xB12,0xB11,0xB12,0xB12,0xB11,
0xB12,0xB11,0xB12,0xB12,0xB12,0xB11,
0xB12,0xB12,0xB11,0xB12,0xB11,0xB12,
0xB11,0xB12,0xB12,0xB11,0xB12,0xB11,
0xB12,0xB11,0xB12,0xB11,0xB12,0xB12,
0xB11,0xB12,0xB12,0xB12,0xB11,0xB12,
0xB11,0xB12,0xB12,0xB11,0xB12,0xB12,
0xB11,0xB12,0xB11,0xB12,0xB12,0xB11,
0xB12,0xB11,0xB12,0xB12,0xB12,0xB11,
0xB12,0xB11,0xB12,0xB11,0xB12,0xB12,
0xB11,0xB12,0xB11,0xB12,0xB11,0xB12,
0xB12,0xB11,0xB12,0xB11,0xB12,0xB11,
0xB12,0xB12,0xB11,0xB12,0xB11,0xB12,
0xB12,0xB11,0xB12,0xB11,0xB12,0xB11,
0xB12,0xB11,0xB12,0xB12,0xB11,0xB12,
0xB12,0xB12,0xB12,0xB12,0xB11,0xB12,
0xB11,0xB12,0xB11,0xB12,0xB12,0xB11,
0xB12,0xB11,0xB12,0xB12,0xB11,0xB12,
0xB11,0xB12,0xB11,0xB12,0xB11,0xB12,
0xB11,0xB12,0xB11,0xB12,0xB11,0xB12,
0xB11,0xB12,0xB11,0xB12,0xB11,0xB12,
0xB11,0xB12,0xB12,0xB12,0xB11,0xB12,
0xB11,0xB12,0xB12,0xB11,0xB12,0xB11,
0xB12,0xB11,0xB12,0xB12,0xB11,0xB12,
0xB11,0xB12,0xB11,0xB12,0xB12,0xB11,
0xB12,0xB11,0xB12,0xB11,0xB12,0xB11,
0xB12,0xB11,0xB12,0xB11,0xB12,0xB11,
0xB12,0xB11,0xB12,0xB11,0xB12,0xB11,
0xB12,0xB11,0xB11,0xB12,0xB11,0xB12,
0xB12,0xB11,0xB12,0xB11,0xB12,0xB11,
0xB12,0xB12,0xB11,0xB12,0xB12,0xB12,
0xB11,0xB12,0xB11,0xB12,0xB11,0xB12,
0xB11,0xB12,0xB12,0xB11,0xB12,0xB12,
0xB11,0xB12,0xB11,0xB12,0xB11,0xB12,
0xB11,0xB12,0xB11,0xB12,0xB12,0xB12,
0xB12,0xB11,0xB12,0xB11,0xB12,0xB12,
0xB11,0xB12,0xB11,0xB12,0xB11,0xB12,
0xB11,0xB12,0xB12,0xB11,0xB12,0xB11,
0xB12,0xB12,0xB11,0xB12,0xB11,0xB12,
0xB11,0xB12,0xB11,0xB12,0xB12,0xB11,
0xB12,0xB11,0xB12,0xB11,0xB12,0xB12,
0xB11,0xB12,0xB11,0xB12,0xB11,0xB12,
0xB11,0xB12,0xB12,0xB11,0xB12,0xB11,
0xB12,0xB11,0xB12,0xB11,0xB12,0xB12,
0xB11,0xB12,0xB12,0xB11,0xB12,0xB11,
0xB12,0xB11,0xB12,0xB12,0xB11,0xB12,
0xB11,0xB12,0xB11,0xB12,0xB11,0xB12,
0xB12,0xB12,0xB12,0xB12,0xB11,0xB12,
0xB11,0xB12,0xB11,0xB12,0xB11,0xB12,
0xB11,0xB12,0xB12,0xB12,0xB12,0xB12,
0xB12,0xB12,0xB12,0xB12,0xB11,0xB12,
0xB11,0xB12,0xB12,0xB11,0xB12,0xB11,
0xB12,0xB11,0xB12,0xB11,0xB12,0xB11,
0xB12,0xB11,0xB12,0xB12,0xB12,0xB11,
0xB12,0xB11,0xB12,0xB11,0xB12,0xB11,
0xB12,0xB11,0xB12,0xB11,0xB12,0xB11,
0xB12,0xB11,0xB12,0xB12,0xB12,0xB12,
0xB12,0xB12,0xB12,0xB12,0xB11,0xB12,
0xB11,0xB12,0xB12,0xB11,0xB12,0xB11,
0xB12,0xB12,0xB11,0xB12,0xB12,0xB12,
0xB11,0xB12,0xB11,0xB12,0xB11,0xB11,
0xB12,0xB11,0xB12,0xB11,0xB12,0xB11,
0xB11,0xB12,0xB12,0xB12,0xB12,0xB11,
0xB12,0xB12,0xB11,0xB12,0xB11,0xB12,
0xB11,0xB12,0xB12,0xB12,0xB11,0xB12,
0xB11,0xB12,0xB11,0xB12,0xB11,0xB12,
0xB11,0xB12,0xB11,0xB11,0xB12,0xB11,
0xB12,0xB11,0xB12,0xB12,0xB12,0xB11,
0xB12,0xB12,0xB11,0xB12,0xB11,0xB12,
0xB12,0xB11,0xB12,0xB11,0xB12,0xB11,
0xB12,0xB12,0xB12,0xB12,0xB12,0xB11,
0xB12,0xB11,0xB12,0xB12,0xB11,0xB12,
0xB11,0xB12,0xB12,0xB11,0xB12,0xB12,
0xB11,0xB12,0xB11,0xB12,0xB11,0xB12,
0xB11,0xB12,0xB12,0xB11,0xB12,0xB11,
0xB12,0xB11,0xB12,0xB11,0xB12,0xB11,
0xB12,0xB11,0xB12,0xB12,0xB11,0xB12,
0xB11,0xB12,0xB12,0xB11,0xB12,0xB11,
0xB12,0xB12,0xB12,0xB11,0xB12,0xB11,
0xB12,0xB12,0xB12,0xB11,0xB12,0xB11,
0xB12,0xB12,0xB12,0xB11,0xB12,0xB11,
0xB12,0xB12,0xB12,0xB11,0xB12,0xB11,
0xB12,0xB11,0xB12,0xB12,0xB11,0xB12,
0xB11,0xB12,0xB11,0xB12,0xB11,0xB12,
0xB12,0xB12,0xB12,0xB11,0xB12,0xB11,
0xB12,0xB11,0xB12,0xB11,0xB12,0xB11,
0xB12,0xB12,0xB11,0xB12,0xB11,0xB12,
0xB12,0xB12,0xB12,0xB12,0xB11,0xB12,
0xB11,0xB12,0xB11,0xB12,0xB11,0xB12,
0xB11,0xB12,0xB11,0xB12,0xB12,0xB11,
0xB12,0xB12,0xB11,0xB12,0xB11,0xB12,
0xB11,0xB12,0xB11,0xB12,0xB11,0xB12,
0xB11,0xB12,0xB12,0xB11,0xB12,0xB11,
0xB12,0xB11,0xB12,0xB11,0xB12,0xB12,
0xB11,0xB12,0xB11,0xB12,0xB12,0xB11,
0xB12,0xB12,0xB12,0xB12,0xB12,0xB12,
0xB12,0xB11,0xB12,0xB12,0xB12,0xB12,
0xB12,0xB11,0xB12,0xB11,0xB12,0xB11,
0xB12,0xB11,0xB12,0xB11,0xB12,0xB12,
0xB12,0xB11,0xB12,0xB11,0xB12,0xB11,
0xB12,0xB12,0xB11,0xB12,0xB12,0xB11,
0xB12,0xB11,0xB12,0xB11,0xB12,0xB12,
0xB12,0xB11,0xB12,0xB11,0xB12,0xB11,
0xB12,0xB11,0xB12,0xB12,0xB12,0xB11,
0xB12,0xB11,0xB12,0xB12,0xB11,0xB12,
0xB12,0xB12,0xB11,0xB12,0xB11,0xB12,
0xB12,0xB11,0xB12,0xB11,0xB12,0xB12,
0xB12,0xB12,0xB11,0xB12,0xB11,0xB12,
0xB11,0xB12,0xB11,0xB12,0xB11,0xB12,
0xB12,0xB11,0xB12,0xB11,0xB12,0xB11,
0xB12,0xB11,0xB12,0xB12,0xB12,0xB11,
0xB12,0xB11,0xB12,0xB12,0xB11,0xB12,
0xB11,0xB12,0xB11,0xB12,0xB12,0xB11,
0xB12,0xB11,0xB12,0xB12,0xB12,0xB11,
0xB12,0xB11,0xB12,0xB12,0xB11,0xB12,
0xB11,0xB12,0xB11,0xB12,0xB12,0xB12,
0xB11,0xB12,0xB11,0xB12,0xB11,0xB11,
0xB12,0xB12,0xB12,0xB11,0xB12,0xB11,
0xB12,0xB11,0xB12,0xB11,0xB12,0xB11,
0xB12,0xB12,0xB11,0xB12,0xB12,0xB11,
0xB12,0xB11,0xB12,0xB12,0xB11,0xB12,
0xB11,0xB12,0xB12,0xB11,0xB12,0xB11,
0xB12,0xB11,0xB12,0xB11,0xB12,0xB11,
0xB12,0xB12,0xB11,0xB12,0xB11,0xB12,
0xB11,0xB12,0xB11,0xB12,0xB12,0xB11,
0xB12,0xB11,0xB12,0xB11,0xB12,0xB11,
0xB12,0xB11,0xB12,0xB12,0xB11,0xB12,
0xB11,0xB12,0xB12,0xB11,0xB12,0xB12,
0xB11,0xB12,0xB12,0xB12,0xB12,0xB11,
0xB12,0xB11,0xB12,0xB11,0xB12,0xB12,
0xB11,0xB12,0xB11,0xB12,0xB12,0xB11,
0xB12,0xB11,0xB12,0xB11,0xB11,0xB12,
0xB11,0xB12,0xB12,0xB11,0xB12,0xB12,
0xB12,0xB12,0xB12,0xB12,0xB12,0xB11,
0xB12,0xB11,0xB12,0xB12,0xB11,0xB12,
0xB11,0xB12,0xB11,0xB12,0xB12,0xB11,
0xB12,0xB11,0xB12,0xB11,0xB12,0xB12,
0xB12,0xB12,0xB12,0xB12,0xB11,0xB12,
0xB11,0xB12,0xB11,0xB12,0xB12,0xB11,
0xB12,0xB12,0xB11,0xB12,0xB12,0xB11,
0xB12,0xB11,0xB12,0xB11,0xB12,0xB11,
0xB12,0xB11,0xB12,0xB11,0xB12,0xB12,
0xB12,0xB12,0xB11,0xB12,0xB12,0xB12,
0xB12,0xB12,0xB11,0xB12,0xB11,0xB12,
0xB11,0xB12,0xB12,0xB12,0xB12,0xB11,
0xB12,0xB11,0xB12,0xB11,0xB11,0xB12,
0xB11,0xB12,0xB11,0xB12,0xB11,0xB12,
0xB11,0xB12,0xB12,0xB11,0xB12,0xB11,
0xB12,0xB11,0xB12,0xB12,0xB11,0xB12,
0xB11,0xB12,0xB11,0xB12,0xB11,0xB12,
0xB12,0xB11,0xB12,0xB12,0xB11,0xB12,
0xB11,0xB12,0xB12,0xB11,0xB12,0xB11,
0xB11,0xB12,0xB12,0xB11,0xB12,0xB11,
0xB12,0xB11,0xB11,0xB12,0xB11,0xB12,
0xB12,0xB11,0xB12,0xB11,0xB12,0xB12,
0xB11,0xB12,0xB11,0xB12,0xB12,0xB11,
0xB12,0xB11,0xB12,0xB11,0xB12,0xB11,
0xB12,0xB12,0xB11,0xB12,0xB12,0xB12,
0xB11,0xB12,0xB11,0xB12,0xB12,0xB11,
0xB12,0xB11,0xB12,0xB11,0xB12,0xB11,
0xB12,0xB12,0xB12,0xB11,0xB12,0xB11,
0xB12,0xB11,0xB12,0xB12,0xB11,0xB12,
0xB11,0xB12,0xB11,0xB12,0xB11,0xB12,
0xB11,0xB12,0xB11,0xB12,0xB11,0xB12,
0xB11,0xB12,0xB11,0xB12,0xB12,0xB11,
0xB12,0xB11,0xB12,0xB11,0xB12,0xB12,
0xB11,0xB12,0xB11,0xB12,0xB12,0xB11,
0xB12,0xB11,0xB12,0xB11,0xB12,0xB11,
0xB12,0xB12,0xB11,0xB12,0xB11,0xB12,
0xB12,0xB11,0xB12,0xB11,0xB12,0xB11,
0xB12,0xB12,0xB11,0xB12,0xB11,0xB12,
0xB11,0xB12,0xB11,0xB12,0xB11,0xB12,
0xB11,0xB12,0xB11,0xB12,0xB12,0xB11,
0xB12,0xB11,0xB12,0xB11,0xB12,0xB11,
0xB12,0xB11,0xB12,0xB12,0xB11,0xB12,
0xB11,0xB11,0xB12,0xB11,0xB12,0xB11,
0xB12,0xB11,0xB12,0xB11,0xB12,0xB12,
0xB11,0xB12,0xB12,0xB11,0xB12,0xB11,
0xB12,0xB12,0xB11,0xB12,0xB12,0xB11,
0xB12,0xB12,0xB12,0xB12,0xB12,0xB11,
0xB12,0xB11,0xB12,0xB11,0xB12,0xB11,
0xB12,0xB11,0xB12,0xB11,0xB12,0xB12,
0xB12,0xB12,0xB12,0xB12,0xB11,0xB12,
0xB11,0xB12,0xB11,0xB12,0xB11,0xB12,
0xB11,0xB12,0xB12,0xB11,0xB12,0xB11,
0xB12,0xB12,0xB11,0xB12,0xB11,0xB12,
0xB11,0xB12,0xB11,0xB12,0xB11,0xB12,
0xB12,0xB11,0xB12,0xB12,0xB11,0xB12,
0xB11,0xB12,0xB11,0xB12,0xB11,0xB12,
0xB12,0xB11,0xB12,0xB12,0xB11,0xB12,
0xB12,0xB11,0xB12,0xB11,0xB12,0xB11,
0xB12,0xB12,0xB11,0xB12,0xB12,0xB11,
0xB12,0xB11,0xB12,0xB12,0xB12,0xB12,
0xB12,0xB12,0xB12,0xB11,0xB12,0xB11,
0xB12,0xB11,0xB12,0xB11,0xB12,0xB12,
0xB12,0xB12,0xB12,0xB12,0xB11,0xB12,
0xB11,0xB12,0xB11,0xB12,0xB12,0xB12,
0xB12,0xB11,0xB12,0xB11,0xB12,0xB12,
0xB11,0xB12,0xB11,0xB12,0xB11,0xB12,
0xB11,0xB12,0xB12,0xB12,0xB12,0xB11,
0xB12,0xB11,0xB12,0xB11,0xB12,0xB12,
0xB12,0xB12,0xB11,0xB12,0xB11,0xB12,
0xB12,0xB11,0xB12,0xB12,0xB12,0xB11,
0xB12,0xB11,0xB12,0xB11,0xB12,0xB11,
0xB12,0xB11,0xB11,0xB12,0xB11,0xB12,
0xB11,0xB12,0xB11,0xB12,0xB11,0xB12,
0xB12,0xB11,0xB12,0xB11,0xB12,0xB12,
0xB11,0xB12,0xB12,0xB11,0xB12,0xB11,
0xB12,0xB12,0xB11,0xB12,0xB11,0xB12,
0xB11,0xB12,0xB11,0xB12,0xB12,0xB11,
0xB12,0xB11,0xB12,0xB12,0xB11,0xB12,
0xB11,0xB11,0xB12,0xB11,0xB12,0xB11,
0xB12,0xB11,0xB12,0xB11,0xB12,0xB12,
0xB12,0xB12,0xB12,0xB11,0xB12,0xB11,
0xB12,0xB11,0xB12,0xB11,0xB12,0xB12,
0xB11,0xB12,0xB12,0xB11,0xB12,0xB11,
0xB12,0xB12,0xB11,0xB12,0xB12,0xB11,
0xB12,0xB11,0xB12,0xB11,0xB12,0xB11,
0xB12,0xB11,0xB12,0xB11,0xB12,0xB12,
0xB11,0xB12,0xB11,0xB12,0xB12,0xB12,
0xB12,0xB12,0xB12,0xB12,0xB11,0xB12,
0xB11,0xB12,0xB11,0xB12,0xB12,0xB12,
0xB12,0xB11,0xB12,0xB12,0xB11,0xB12,
0xB11,0xB12,0xB11,0xB12,0xB11,0xB12,
0xB11,0xB12,0xB11,0xB12,0xB12,0xB11,
0xB12,0xB11,0xB12,0xB11,0xB12,0xB11,
0xB12,0xB11,0xB12,0xB12,0xB12,0xB11,
0xB12,0xB11,0xB12,0xB11,0xB12,0xB11,
0xB12,0xB11,0xB12,0xB12,0xB12,0xB11,
0xB12,0xB11,0xB12,0xB11,0xB12,0xB11,
0xB12,0xB11,0xB12,0xB11,0xB12,0xB11,
0xB12,0xB12,0xB11,0xB12,0xB12,0xB11,
0xB12,0xB12,0xB11,0xB12,0xB11,0xB12,
0xB11,0xB12,0xB11,0xB12,0xB11,0xB12,
0xB12,0xB12,0xB12,0xB12,0xB11,0xB12,
0xB11,0xB12,0xB12,0xB11,0xB12,0xB11,
0xB12,0xB12,0xB11,0xB12,0xB11,0xB12,
0xB11,0xB12,0xB11,0xB12,0xB12,0xB11,
0xB12,0xB11,0xB12,0xB11,0xB12,0xB12,
0xB11,0xB12,0xB12,0xB11,0xB12,0xB12,
0xB11,0xB12,0xB11,0xB12,0xB12,0xB11,
0xB12,0xB12,0xB12,0xB11,0xB12,0xB11,
0xB12,0xB11,0xB12,0xB11,0xB12,0xB11,
0xB12,0xB12,0xB11,0xB12,0xB12,0xB11,
0xB12,0xB11,0xB12,0xB11,0xB12,0xB12,
0xB11,0xB12,0xB11,0xB12,0xB11,0xB12,
0xB11,0xB11,0xB12,0xB11,0xB12,0xB11,
0xB12,0xB12,0xB12,0xB11,0xB12,0xB11,
0xB12,0xB11,0xB12,0xB11,0xB12,0xB11,
0xB12,0xB11,0xB12,0xB11,0xB12,0xB12,
0xB12,0xB12,0xB11,0xB12,0xB11,0xB12,
0xB11,0xB12,0xB12,0xB12,0xB12,0xB11,
0xB12,0xB12,0xB11,0xB12,0xB11,0xB12,
0xB12,0xB11,0xB12,0xB11,0xB12,0xB11,
0xB12,0xB11,0xB12,0xB11,0xB12,0xB11,
0xB12,0xB12,0xB11,0xB12,0xB11,0xB12,
0xB11,0xB12,0xB11,0xB12,0xB11,0xB12,
0xB12,0xB12,0xB12,0xB11,0xB12,0xB12,
0xB11,0xB12,0xB11,0xB12,0xB11,0xB12,
0xB11,0xB12,0xB11,0xB12,0xB12,0xB11,
0xB12,0xB12,0xB11,0xB12,0xB11,0xB12,
0xB11,0xB12,0xB11,0xB12,0xB11,0xB12,
0xB11,0xB12,0xB11,0xB12,0xB12,0xB11,
0xB12,0xB11,0xB12,0xB11,0xB12,0xB12,
0xB12,0xB12,0xB12,0xB12,0xB12,0xB12,
0xB12,0xB11,0xB12,0xB11,0xB12,0xB12,
0xB11,0xB12,0xB12,0xB12,0xB12,0xB11,
0xB12,0xB11,0xB12,0xB11,0xB12,0xB11,
0xB12,0xB12,0xB11,0xB12,0xB11,0xB12,
0xB12,0xB11,0xB12,0xB11,0xB12,0xB11,
0xB12,0xB11,0xB12,0xB11,0xB12,0xB11,
0xB12,0xB11,0xB12,0xB11,0xB12,0xB11,
0xB12,0xB11,0xB12,0xB12,0xB11,0xB12,
0xB11,0xB12,0xB12,0xB12,0xB11,0xB12,
0xB11,0xB12,0xB12,0xB11,0xB12,0xB12,
0xB11,0xB12,0xB12,0xB11,0xB12,0xB11,
0xB12,0xB11,0xB12,0xB11,0xB12,0xB11,
0xB12,0xB12,0xB11,0xB12,0xB11,0xB12,
0xB12,0xB11,0xB12,0xB11,0xB12,0xB12,
0xB11,0xB12,0xB11,0xB12,0xB11,0xB11,
0xB12,0xB11,0xB12,0xB12,0xB11,0xB12,
0xB11,0xB12,0xB11,0xB12,0xB11,0xB12,
0xB11,0xB12,0xB11,0xB12,0xB12,0xB11,
0xB12,0xB11,0xB12,0xB12,0xB12,0xB12,
0xB11,0xB12,0xB12,0xB12,0xB11,0xB12,
0xB12,0xB12,0xB12,0xB12,0xB12,0xB12,
0xB11,0xB12,0xB11,0xB12,0xB11,0xB12,
0xB11,0xB12,0xB11,0xB12,0xB12,0xB11,
0xB12,0xB12,0xB11,0xB12,0xB11,0xB12,
0xB12,0xB11,0xB12,0xB11,0xB12,0xB11,
0xB12,0xB11,0xB12,0xB12,0xB11,0xB12,
0xB11,0xB12,0xB12,0xB12,0xB11,0xB12,
0xB11,0xB12,0xB12,0xB12,0xB12,0xB12,
0xB12,0xB11,0xB12,0xB11,0xB12,0xB12,
0xB12,0xB11,0xB12,0xB11,0xB12,0xB12,
0xB12,0xB11,0xB12,0xB11,0xB12,0xB11,
0xB12,0xB12,0xB11,0xB12,0xB11,0xB12,
0xB12,0xB11,0xB12,0xB12,0xB12,0xB12,
0xB12,0xB12,0xB11,0xB12,0xB12,0xB12,
0xB11,0xB12,0xB11,0xB12,0xB11,0xB12,
0xB12,0xB12,0xB12,0xB11,0xB12,0xB11,
0xB12,0xB11,0xB12,0xB11,0xB12,0xB11,
0xB12,0xB11,0xB12,0xB11,0xB12,0xB12,
0xB12,0xB12,0xB11,0xB12,0xB12,0xB11,
0xB12,0xB11,0xB12,0xB12,0xB11,0xB12,
0xB11,0xB12,0xB11,0xB12,0xB11,0xB12,
0xB11,0xB12,0xB12,0xB12,0xB11,0xB12,
0xB11,0xB12,0xB11,0xB12,0xB11,0xB12,
0xB11,0xB12,0xB11,0xB12,0xB12,0xB11,
0xB12,0xB11,0xB12,0xB12,0xB12,0xB11,
0xB12,0xB12,0xB11,0xB12,0xB11,0xB12,
0xB11,0xB12,0xB12,0xB11,0xB12,0xB11,
0xB12,0xB12,0xB11,0xB12,0xB11,0xB12,
0xB12,0xB11,0xB12,0xB11,0xB11,0xB12,
0xB11,0xB11,0xB12,0xB11,0xB12,0xB11,
0xB12,0xB12,0xB12,0xB12,0xB12,0xB12,
0xB11,0xB12,0xB11,0xB12,0xB11,0xB12,
0xB12,0xB11,0xB12,0xB11,0xB12,0xB11,
0xB12,0xB12,0xB12,0xB12,0xB12,0xB12,
0xB11,0xB12,0xB11,0xB12,0xB11,0xB12,
0xB12,0xB11,0xB12,0xB12,0xB12,0xB11,
0xB12,0xB12,0xB12,0xB12,0xB12,0xB12,
0xB12,0xB12,0xB12,0xB12,0xB12,0xB12,
0xB12,0xB12,0xB12,0xB12,0xB11,0xB12,
0xB11,0xB12,0xB12,0xB11,0xB12,0xB11,
0xB12,0xB12,0xB11,0xB12,0xB12,0xB11,
0xB12,0xB11,0xB12,0xB11,0xB12,0xB11,
0xB12,0xB11,0xB12,0xB11,0xB12,0xB12,
0xB11,0xB12,0xB12,0xB11,0xB12,0xB11,
0xB12,0xB12,0xB11,0xB12,0xB11,0xB12,
0xB11,0xB12,0xB11,0xB12,0xB11,0xB12,
0xB11,0xB12,0xB11,0xB12,0xB12,0xB11,
0xB12,0xB12,0xB12,0xB11,0xB12,0xB11,
0xB12,0xB11,0xB12,0xB11,0xB11,0xB12,
0xB11,0xB12,0xB11,0xB12,0xB11,0xB12,
0xB11,0xB12,0xB11,0xB12,0xB11,0xB12,
0xB12,0xB11,0xB12,0xB12,0xB11,0xB12,
0xB11,0xB12,0xB11,0xB12,0xB12,0xB11,
0xB12,0xB12,0xB11,0xB12,0xB11,0xB12,
0xB11,0xB12,0xB12,0xB12,0xB12,0xB12,
0xB11,0xB12,0xB11,0xB12,0xB11,0xB12,
0xB11,0xB12,0xB11,0xB12,0xB11,0xB12,
0xB11,0xB12,0xB12,0xB12,0xB12,0xB11,
0xB12,0xB11,0xB12,0xB11,0xB12,0xB11,
0xB12,0xB11,0xB12,0xB11,0xB12,0xB11,
0xB12,0xB11,0xB12,0xB11,0xB12,0xB11,
0xB12,0xB11,0xB12,0xB12,0xB11,0xB12,
0xB12,0xB12,0xAF6,0xAE8,0xAEC,0xAE8,
0xAED,0xAEC,0xAE9,0xAEB,0xAF0,0xAF7,
0xAFA,0xAF8,0xAF4,0xAF7,0xAF9,0xAFB,
0xAF9,0xAF9,0xAFA,0xAFB,0xB01,0xB00,
0xAFF,0xAFC,0xAFD,0xAFC,0xAF8,0xAFB,
0xAFC,0xAF9,0xAF9,0xAFE,0xB00,0xAFC,
0xAF7,0xAFE,0xAFE,0xAFF,0xAFE,0xAFE,
0xAFF,0xAFA,0xAF8,0xAF8,0xAFC,0xAFA,
0xAFF,0xB03,0xB07,0xB05,0xB0A,0xB0A,
0xB0C,0xB12,0xB19,0xB1D,0xB22,0xB24,
0xB25,0xB29,0xB2B,0xB30,0xB33,0xB39,
0xB37,0xB36,0xB3E,0xB42,0xB3A,0xB3B,
0xB3B,0xB38,0xB37,0xB35,0xB38,0xB3B,
0xB40,0xB3D,0xB37,0xB3C,0xB49,0xB45,
0xB47,0xB4D,0xB4D,0xB4A,0xB4A,0xB47,
0xB40,0xB41,0xB46,0xB45,0xB45,0xB4B,
0xB4A,0xB4A,0xB49,0xB4A,0xB45,0xB3C,
0xB38,0xB32,0xB2C,0xB2A,0xB2D,0xB2A,
0xB28,0xB1D,0xB13,0xB11,0xB0B,0xB01,
0xAFA,0xAFA,0xAF9,0xAFA,0xAF6,0xAF6,
0xAFA,0xAFD,0xAF9,0xAF3,0xAF0,0xAEE,
0xAE9,0xAE3,0xAE1,0xADF,0xADE,0xAE2,
0xAE2,0xAE5,0xAED,0xAF2,0xAEF,0xAEE,
0xAED,0xAEF,0xAF5,0xAFF,0xB04,0xB09,
0xB0F,0xB12,0xB12,0xB12,0xB1A,0xB1A,
0xB13,0xB14,0xB10,0xB0F,0xB13,0xB11,
0xB0E,0xB0D,0xB09,0xB06,0xB05,0xB03,
0xB03,0xB06,0xB06,0xB03,0xB07,0xB0F,
0xB14,0xB15,0xB17,0xB1C,0xB20,0xB1D,
0xB20,0xB26,0xB25,0xB25,0xB26,0xB25,
0xB20,0xB18,0xB10,0xB0E,0xB06,0xB01,
0xAFC,0xAF4,0xAF6,0xAF5,0xAF6,0xB05,
0xB0A,0xB05,0xB04,0xB07,0xB08,0xB00,
0xAF7,0xAF5,0xAF8,0xAF4,0xAF4,0xAF2,
0xAF5,0xAF0,0xAE8,0xAE0,0xADB,0xAD8,
0xAD1,0xAD1,0xAD1,0xAD9,0xADE,0xAE2,
0xAE1,0xAEE,0xAF3,0xAF5,0xAF9,0xAFB,
0xB00,0xB01,0xB0A,0xB0F,0xB1B,0xB27,
0xB37,0xB35,0xB38,0xB3D,0xB3A,0xB35,
0xB30,0xB2D,0xB2D,0xB29,0xB24,0xB2F,
0xB32,0xB32,0xB2D,0xB35,0xB3F,0xB37,
0xB2E,0xB2F,0xB32,0xB2D,0xB2D,0xB33,
0xB3E,0xB3D,0xB3B,0xB43,0xB4F,0xB57,
0xB4D,0xB42,0xB41,0xB42,0xB37,0xB2D,
0xB31,0xB39,0xB32,0xB24,0xB2B,0xB2C,
0xB24,0xB1D,0xB18,0xB18,0xB20,0xB1C,
0xB15,0xB18,0xB1F,0xB1F,0xB18,0xB17,
0xB0D,0xB0D,0xB13,0xB12,0xB15,0xB1A,
0xB1E,0xB17,0xB0F,0xB0A,0xB0B,0xB08,
0xB09,0xB04,0xB0E,0xB1F,0xB18,0xB1D,
0xB2C,0xB31,0xB22,0xB15,0xB12,0xB15,
0xB09,0xAFC,0xAFD,0xB05,0xB06,0xAF5,
0xAF6,0xB00,0xB01,0xAEF,0xAE9,0xAED,
0xAE7,0xAD4,0xAD0,0xADE,0xAE2,0xADD,
0xAD4,0xAE5,0xAEF,0xAE5,0xAD7,0xAE4,
0xAEA,0xAE3,0xAE1,0xAEE,0xAF9,0xB02,
0xB09,0xB04,0xB01,0xAFC,0xAF9,0xAF7,
0xAF8,0xAF3,0xAF9,0xB02,0xB01,0xAFC,
0xB0D,0xB25,0xB26,0xB18,0xB16,0xB1E,
0xB20,0xB18,0xB15,0xB1D,0xB25,0xB21,
0xB1D,0xB24,0xB29,0xB22,0xB16,0xB0F,
0xB09,0xB05,0xAFD,0xAF4,0xAFC,0xB06,
0xAFE,0xAF9,0xB01,0xB03,0xAF9,0xAF0,
0xAF1,0xAF9,0xAF9,0xAEF,0xAF5,0xB02,
0xAFF,0xAF6,0xAF9,0xAFE,0xAF6,0xAE2,
0xADD,0xAE8,0xAEE,0xAEC,0xAEC,0xAEA,
0xAF0,0xAF6,0xAFC,0xAFE,0xAF8,0xAFC,
0xB03,0xAFF,0xB04,0xB11,0xB1D,0xB24,
0xB24,0xB1C,0xB1E,0xB27,0xB1A,0xB0B,
0xB0D,0xB11,0xB11,0xB1E,0xB30,0xB3E,
0xB40,0xB40,0xB44,0xB45,0xB4D,0xB51,
0xB49,0xB4A,0xB5E,0xB62,0xB68,0xB71,
0xB76,0xB72,0xB78,0xB7B,0xB7B,0xB7D,
0xB86,0xB7F,0xB76,0xB89,0xB8C,0xB8A,
0xB89,0xB97,0xB9B,0xB9A,0xB99,0xB9A,
0xB9E,0xBAA,0xBA2,0xB9E,0xBAC,0xBAE,
0xBAD,0xBB0,0xBB2,0xBAE,0xBB2,0xBB1,
0xBAA,0xB9C,0xB9D,0xB93,0xB8B,0xB89,
0xB8B,0xB7F,0xB73,0xB75,0xB65,0xB56,
0xB59,0xB53,0xB45,0xB42,0xB35,0xB38,
0xB3D,0xB33,0xB20,0xB27,0xB32,0xB1D,
0xB0B,0xB15,0xB10,0xAF7,0xAE5,0xAD7,
0xACD,0xABF,0xAB3,0xAA5,0xAAA,0xAA2,
0xA92,0xA8D,0xA94,0xA91,0xA85,0xA7C,
0xA76,0xA6E,0xA65,0xA60,0xA57,0xA5E,
0xA5E,0xA58,0xA61,0xA6E,0xA6C,0xA66,
0xA6E,0xA75,0xA6E,0xA6F,0xA7F,0xA80,
0xA7E,0xA85,0xA8D,0xA98,0xAAA,0xAB0,
0xAB7,0xAC9,0xACC,0xAC2,0xACE,0xAE3,
0xAE5,0xADF,0xAE9,0xAFA,0xAFE,0xAFB,
0xB05,0xB1A,0xB25,0xB28,0xB29,0xB2C,
0xB32,0xB24,0xB15,0xB18,0xB11,0xB0D,
0xB0F,0xB08,0xB0C,0xB13,0xB03,0xB07,
0xB0F,0xB0C,0xB01,0xAF8,0xAF8,0xAF1,
0xAE3,0xAE2,0xAE6,0xAE0,0xAD3,0xAC9,
0xAD6,0xAE3,0xADE,0xADA,0xAE7,0xAE9,
0xAE1,0xAE4,0xAE9,0xAE9,0xAEA,0xAEB,
0xAF7,0xB09,0xB04,0xB0B,0xB1A,0xB20,
0xB16,0xB11,0xB12,0xB12,0xB0F,0xB09,
0xB07,0xB10,0xB11,0xB0F,0xB1C,0xB30,
0xB2D,0xB1B,0xB29,0xB37,0xB2B,0xB21,
0xB2B,0xB37,0xB3D,0xB36,0xB3D,0xB4D,
0xB47,0xB2E,0xB29,0xB3C,0xB38,0xB21,
0xB18,0xB1A,0xB14,0xB14,0xB0F,0xB0A,
0xB14,0xB25,0xB1E,0xB12,0xB10,0xB0B,
0xB04,0xAFD,0xAF4,0xAEF,0xAFD,0xB04,
0xAFF,0xB07,0xB19,0xB1C,0xB16,0xB11,
0xB14,0xB13,0xB0C,0xB0B,0xB04,0xB05,
0xB0F,0xB18,0xB1D,0xB1A,0xB14,0xB2D,
0xB35,0xB18,0xB0A,0xB1A,0xB1C,0xB01,
0xAF8,0xB06,0xB10,0xB0E,0xB12,0xB1E,
0xB33,0xB3E,0xB35,0xB3B,0xB56,0xB50,
0xB37,0xB41,0xB55,0xB57,0xB5E,0xB66,
0xB5E,0xB65,0xB6F,0xB6F,0xB70,0xB75,
0xB71,0xB73,0xB7C,0xB79,0xB6B,0xB6E,
0xB71,0xB58,0xB56,0xB64,0xB5D,0xB52,
0xB60,0xB64,0xB64,0xB6B,0xB73,0xB6B,
0xB5B,0xB56,0xB52,0xB4B,0xB3C,0xB3C,
0xB43,0xB49,0xB42,0xB35,0xB3A,0xB42,
0xB25,0xB0C,0xB0D,0xB02,0xAED,0xAEE,
0xAFE,0xAFB,0xAF2,0xAEE,0xAF6,0xAF9,
0xAF3,0xAEA,0xAF1,0xAE8,0xAD7,0xAD1,
0xAE1,0xAE0,0xAC9,0xAD1,0xADE,0xAD7,
0xAC5,0xAC3,0xACF,0xAD9,0xAC5,0xABF,
0xACB,0xAE3,0xAE2,0xAD0,0xADD,0xAF6,
0xAEC,0xAD9,0xAE6,0xAEE,0xAE0,0xAC5,
0xAC9,0xADC,0xAF1,0xAF6,0xB07,0xB21,
0xB2E,0xB23,0xB25,0xB33,0xB2C,0xB23,
0xB25,0xB33,0xB41,0xB52,0xB55,0xB65,
0xB74,0xB75,0xB6A,0xB71,0xB6C,0xB57,
0xB4B,0xB4F,0xB59,0xB62,0xB66,0xB66,
0xB70,0xB73,0xB71,0xB61,0xB54,0xB50,
0xB49,0xB3B,0xB38,0xB39,0xB3F,0xB33,
0xB21,0xB20,0xB1E,0xB0A,0xAF9,0xAF3,
0xAE0,0xAD2,0xACB,0xAD1,0xAD0,0xAC7,
0xABF,0xAC8,0xAC3,0xAAD,0xAA8,0xAB7,
0xAB3,0xA9E,0xAA1,0xAB1,0xAB6,0xAAB,
0xAB0,0xABA,0xAB5,0xAA8,0xAAF,0xAC1,
0xABD,0xAA2,0xAA0,0xABE,0xACE,0xAC9,
0xAC9,0xACB,0xAD5,0xADD,0xAD1,0xAD2,
0xAEA,0xAF2,0xAE0,0xAF0,0xB0E,0xB11,
0xB0D,0xB0F,0xB13,0xB15,0xB27,0xB2D,
0xB23,0xB2C,0xB3C,0xB34,0xB2F,0xB43,
0xB43,0xB3C,0xB3A,0xB3A,0xB3E,0xB41,
0xB35,0xB3C,0xB54,0xB4B,0xB3C,0xB4B,
0xB65,0xB60,0xB52,0xB66,0xB66,0xB4C,
0xB4E,0xB59,0xB4E,0xB48,0xB3F,0xB2D,
0xB3B,0xB45,0xB2B,0xB2F,0xB48,0xB35,
0xB2D,0xB3C,0xB35,0xB36,0xB3A,0xB3A,
0xB36,0xB38,0xB34,0xB2B,0xB2E,0xB34,
0xB23,0xB1E,0xB2C,0xB22,0xB12,0xB17,
0xB1E,0xB1C,0xB1B,0xB14,0xB18,0xB1E,
0xB1D,0xB1C,0xB29,0xB2D,0xB2D,0xB33,
0xB32,0xB2B,0xB24,0xB21,0xB12,0xB0E,
0xB02,0xB06,0xB09,0xB0E,0xB1E,0xB18,
0xB09,0xB0E,0xB0A,0xB09,0xB01,0xAE7,
0xAF8,0xAFF,0xAF3,0xAF0,0xB08,0xB07,
0xAF3,0xAFB,0xB09,0xAF9,0xAEF,0xAF4,
0xAF3,0xAF8,0xAE9,0xAE9,0xB06,0xB0B,
0xAF1,0xAE4,0xADD,0xACD,0xAB8,0xAB7,
0xAB1,0xAB0,0xAB4,0xAB3,0xAC1,0xAD3,
0xAC6,0xAAD,0xAB4,0xAB9,0xAA1,0xA9A,
0xAAF,0xA9D,0xA90,0xAA8,0xAB9,0xABE,
0xAC0,0xAC1,0xACA,0xACB,0xAB5,0xA9C,
0xAA1,0xAB9,0xAAC,0xA97,0xAA3,0xAC1,
0xAC5,0xABA,0xABF,0xADC,0xAE7,0xAE1,
0xAE2,0xAF1,0xAEE,0xAE9,0xAFA,0xB10,
0xB1D,0xB23,0xB24,0xB2E,0xB3E,0xB4A,
0xB58,0xB60,0xB65,0xB61,0xB5A,0xB60,
0xB76,0xB74,0xB6B,0xB6F,0xB7D,0xB85,
0xB7E,0xB77,0xB84,0xB8A,0xB84,0xB8A,
0xB8C,0xB85,0xB70,0xB6E,0xB7D,0xB82,
0xB7C,0xB76,0xB78,0xB89,0xB7A,0xB68,
0xB69,0xB63,0xB57,0xB50,0xB54,0xB4C,
0xB3D,0xB38,0xB3C,0xB36,0xB46,0xB48,
0xB43,0xB41,0xB39,0xB30,0xB32,0xB39,
0xB2D,0xB21,0xB28,0xB35,0xB27,0xB1F,
0xB1E,0xB1E,0xB19,0xB15,0xB0E,0xB1C,
0xB17,0xAFD,0xAF4,0xB01,0xB09,0xB04,
0xB03,0xAFE,0xB02,0xAF4,0xAF2,0xAF8,
0xAFE,0xAF0,0xAEF,0xAF5,0xAF3,0xAF4,
0xAF1,0xAE9,0xAED,0xAFB,0xAF0,0xAE8,
0xAE7,0xAEB,0xAEC,0xAF2,0xAE5,0xAE2,
0xAEF,0xAE4,0xAD3,0xADF,0xAE7,0xAD3,
0xAD4,0xAE4,0xADE,0xAD7,0xAE3,0xAE6,
0xAF3,0xAF0,0xAEB,0xAE6,0xAE8,0xAF2,
0xAF1,0xAE4,0xAEF,0xAFD,0xAF3,0xB01,
0xB0C,0xB0F,0xB06,0xB1F,0xB21,0xB19,
0xB29,0xB24,0xB18,0xB20,0xB2B,0xB26,
0xB25,0xB1A,0xB23,0xB2A,0xB34,0xB2E,
0xB29,0xB28,0xB27,0xB1F,0xB13,0xB0B,
0xB07,0xB06,0xB03,0xB02,0xB06,0xB18,
0xB12,0xB0B,0xB08,0xB15,0xB09,0xAF7,
0xAF8,0xAFD,0xAFD,0xAFE,0xB00,0xB03,
0xB19,0xB17,0xB0B,0xB08,0xB17,0xB0B,
0xB00,0xAF6,0xAF0,0xAFE,0xB00,0xAF2,
0xAF4,0xB07,0xB10,0xB0D,0xB18,0xB28,
0xB1B,0xB16,0xB14,0xB16,0xB17,0xB19,
0xB26,0xB24,0xB1F,0xB40,0xB4A,0xB3B,
0xB46,0xB4E,0xB4D,0xB41,0xB44,0xB41,
0xB30,0xB2E,0xB41,0xB46,0xB40,0xB47,
0xB4C,0xB4B,0xB38,0xB28,0xB30,0xB35,
0xB2A,0xB31,0xB31,0xB31,0xB48,0xB50,
0xB47,0xB3E,0xB41,0xB44,0xB34,0xB36,
0xB43,0xB32,0xB41,0xB58,0xB4F,0xB4C,
0xB59,0xB57,0xB4C,0xB52,0xB48,0xB3A,
0xB3B,0xB3A,0xB37,0xB2F,0xB2F,0xB37,
0xB30,0xB2F,0xB27,0xB19,0xB17,0xB1D,
0xB1F,0xB17,0xB13,0xB1D,0xB11,0xAF3,
0xAF8,0xAF9,0xAF0,0xADD,0xAE6,0xAF5,
0xAE3,0xACD,0xAC8,0xAD0,0xADD,0xAD2,
0xAB7,0xAC1,0xAD7,0xAC9,0xAAD,0xAC0,
0xAD1,0xAC9,0xAC9,0xAD9,0xAD9,0xAD5,
0xACE,0xACC,0xAD6,0xAE3,0xADC,0xAD3,
0xAE3,0xAD8,0xACF,0xAD5,0xAE4,0xAE5,
0xAE4,0xAE0,0xAE3,0xAEA,0xAE0,0xADD,
0xAEE,0xAFA,0xAE6,0xAFA,0xB01,0xAFD,
0xB0B,0xB1C,0xB1F,0xB18,0xB1B,0xB2D,
0xB34,0xB1C,0xB1A,0xB1C,0xB25,0xB31,
0xB30,0xB23,0xB31,0xB44,0xB32,0xB26,
0xB2B,0xB2A,0xB20,0xB1D,0xB14,0xB14,
0xB1B,0xB21,0xB22,0xB2B,0xB33,0xB2A,
0xB1E,0xB26,0xB29,0xB11,0xB17,0xB21,
0xB1C,0xB1F,0xB29,0xB23,0xB22,0xB1A,
0xB15,0xB22,0xB29,0xB1F,0xB12,0xB17,
0xB17,0xB10,0xB10,0xB1A,0xB15,0xB12,
0xB14,0xB09,0xAF5,0xAFD,0xB02,0xAF7,
0xAF3,0xAF1,0xAF7,0xAFB,0xAFD,0xAF5,
0xAF7,0xAFD,0xB04,0xAFE,0xAF5,0xAF4,
0xAF8,0xAF4,0xAF7,0xB05,0xB0D,0xB14,
0xB04,0xB01,0xB0D,0xB15,0xB11,0xB0C,
0xB06,0xB0E,0xB0D,0xB0D,0xB1B,0xB1E,
0xB11,0xB12,0xB1A,0xB0D,0xB0D,0xB06,
0xB01,0xAF5,0xAEF,0xAEE,0xAF6,0xAF3,
0xAF9,0xAFF,0xAF1,0xAEF,0xAF4,0xAF2,
0xADA,0xAE1,0xAF1,0xAFD,0xAFB,0xAFD,
0xB0A,0xB18,0xB17,0xB15,0xB22,0xB28,
0xB27,0xB18,0xB1E,0xB32,0xB33,0xB27,
0xB37,0xB49,0xB44,0xB49,0xB51,0xB55,
0xB5E,0xB64,0xB58,0xB5F,0xB76,0xB78,
0xB71,0xB7E,0xB82,0xB79,0xB7E,0xB8A,
0xB9A,0xB98,0xB87,0xB86,0xB8C,0xB7D,
0xB6B,0xB67,0xB6B,0xB5B,0xB49,0xB50,
0xB54,0xB4C,0xB3E,0xB3C,0xB3E,0xB3C,
0xB25,0xB1D,0xB22,0xB19,0xB06,0xB07,
0xB0D,0xB0A,0xAFF,0xAFA,0xB0B,0xB10,
0xB03,0xAF3,0xAF8,0xAFA,0xAF3,0xAE3,
0xAE4,0xAF3,0xAFC,0xAEB,0xAF0,0xB07,
0xB0F,0xB07,0xB01,0xB0A,0xB07,0xAFB,
0xAF7,0xAFC,0xAFB,0xB0D,0xB0F,0xB14,
0xB27,0xB34,0xB2D,0xB31,0xB2E,0xB1A,
0xB18,0xB20,0xB26,0xB10,0xAFC,0xB01,
0xB1A,0xB24,0xB26,0xB17,0xB0D,0xB0A,
0xAF9,0xAE9,0xAEC,0xAF5,0xAE3,0xADF,
0xAF0,0xAEC,0xADD,0xAE5,0xAEC,0xAE7,
0xAE4,0xAEB,0xAF2,0xAEE,0xAEF,0xAF6,
0xB00,0xB03,0xB00,0xB02,0xB03,0xAF8,
0xAF2,0xAF7,0xB02,0xB0C,0xB07,0xAFD,
0xAFD,0xAFE,0xAFA,0xAFB,0xAF3,0xAEB,
0xAEE,0xAEC,0xAE7,0xAE5,0xAE5,0xADD,
0xACC,0xAC3,0xAC2,0xAB6,0xAB6,0xABB,
0xAB1,0xA9B,0xA90,0xA9D,0xAAF,0xAA3,
0xA8C,0xA8B,0xA87,0xA72,0xA67,0xA73,
0xA79,0xA82,0xA7E,0xA7F,0xA8E,0xAA1,
0xA98,0xA9C,0xAB3,0xAAE,0xAA7,0xAAD,
0xAC3,0xAC8,0xAC3,0xAC4,0xAEC,0xAFC,
0xAE8,0xAE7,0xAFF,0xB0F,0xB05,0xB0A,
0xB2E,0xB5F,0xB64,0xB4F,0xB66,0xB83,
0xB78,0xB70,0xB7A,0xB7E,0xB7F,0xB83,
0xB87,0xB96,0xB90,0xB8E,0xB9D,0xBA2,
0xB90,0xB87,0xB89,0xB87,0xB8B,0xB7B,
0xB76,0xB6E,0xB70,0xB6E,0xB6B,0xB69,
0xB6E,0xB74,0xB78,0xB6F,0xB54,0xB48,
0xB56,0xB5D,0xB44,0xB35,0xB29,0xB28,
0xB28,0xB1D,0xB17,0xB26,0xB23,0xB10,
0xB04,0xB03,0xB04,0xAFF,0xB00,0xB04,
0xB07,0xB0E,0xB1F,0xB1B,0xB0E,0xB11,
0xB0E,0xB06,0xAFE,0xAF3,0xAF1,0xAF5,
0xAEE,0xAEC,0xAF7,0xAFB,0xAFB,0xAF2,
0xAF1,0xAF0,0xAEF,0xAE6,0xAE8,0xADA,
0xAC3,0xACF,0xADB,0xAD5,0xAD9,0xAE3,
0xAD1,0xAD2,0xADC,0xAD9,0xAD6,0xAE1,
0xAE6,0xAF2,0xB0C,0xB19,0xB0C,0xB03,
0xB10,0xB15,0xB1B,0xB2A,0xB39,0xB3F,
0xB3E,0xB2F,0xB2A,0xB32,0xB34,0xB21,
0xB1B,0xB1E,0xB1C,0xB1C,0xB23,0xB1C,
0xB17,0xB15,0xB13,0xB14,0xB10,0xB0D,
0xB0B,0xB09,0xB02,0xB10,0xB23,0xB1E,
0xB07,0xB0F,0xB24,0xB22,0xB0B,0xB0C,
0xB23,0xB2B,0xB22,0xB16,0xB19,0xB23,
0xB21,0xB13,0xB11,0xB15,0xB1C,0xB1D,
0xB20,0xB1B,0xB2D,0xB2B,0xB1E,0xB26,
0xB1F,0xB23,0xB27,0xB28,0xB3F,0xB4E,
0xB38,0xB45,0xB58,0xB4E,0xB43,0xB4B,
0xB52,0xB4F,0xB3E,0xB43,0xB55,0xB43,
0xB42,0xB51,0xB55,0xB4C,0xB37,0xB23,
0xB26,0xB2D,0xB1E,0xB14,0xB15,0xB14,
0xB12,0xB23,0xB2C,0xB2E,0xB25,0xB1E,
0xB1D,0xB10,0xB18,0xB0D,0xAFD,0xB15,
0xB25,0xB16,0xB18,0xB13,0xB08,0xAFC,
0xAEF,0xAE3,0xADE,0xAEB,0xAEB,0xADF,
0xAD1,0xAE0,0xAF4,0xAE5,0xAD8,0xADC,
0xADE,0xAE6,0xAE0,0xAD8,0xADC,0xAE5,
0xAE8,0xAEA,0xAF3,0xAFA,0xAFB,0xB04,
0xB05,0xAFD,0xB09,0xB0F,0xB13,0xB01,
0xAF4,0xAF9,0xAFD,0xAF3,0xAE4,0xAF2,
0xB07,0xAFF,0xAFF,0xB17,0xB18,0xB13,
0xB15,0xB23,0xB26,0xB2C,0xB29,0xB25,
0xB3C,0xB48,0xB39,0xB4C,0xB67,0xB65,
0xB5D,0xB63,0xB6C,0xB66,0xB68,0xB6D,
0xB66,0xB62,0xB5F,0xB58,0xB5B,0xB55,
0xB45,0xB3E,0xB4C,0xB4A,0xB35,0xB2C,
0xB36,0xB43,0xB44,0xB42,0xB3C,0xB39,
0xB32,0xB32,0xB28,0xB12,0xB0E,0xB15,
0xB17,0xB13,0xB0B,0xAEE,0xAE7,0xAEA,
0xAEB,0xAE3,0xACE,0xACE,0xADA,0xAD0,
0xABF,0xAC2,0xABA,0xAB9,0xACB,0xAD7,
0xAD3,0xADC,0xAE3,0xADD,0xAE2,0xADF,
0xAE9,0xAF9,0xB08,0xAFA,0xAF6,0xB0A,
0xB13,0xB17,0xB12,0xB16,0xB18,0xB10,
0xB00,0xAFB,0xB04,0xB02,0xAF8,0xB0B,
0xB12,0xB07,0xB09,0xAFE,0xAF2,0xAF2,
0xAED,0xAE2,0xAE8,0xAF0,0xAF0,0xAEB,
0xAE9,0xAF4,0xAFA,0xAF6,0xAEF,0xAFF,
0xB01,0xAF0,0xAEA,0xAF0,0xAF2,0xAE2,
0xAE7,0xAFF,0xAF8,0xADE,0xAE1,0xAE9,
0xADE,0xAC7,0xABF,0xACA,0xAC6,0xACC,
0xACF,0xAD7,0xAE5,0xAE6,0xAE5,0xAEB,
0xAE4,0xAE0,0xAE2,0xAF4,0xAFF,0xAF5,
0xB01,0xB08,0xB10,0xB21,0xB17,0xB0B,
0xB19,0xB20,0xB1B,0xB1A,0xB28,0xB34,
0xB30,0xB2F,0xB2F,0xB25,0xB1E,0xB25,
0xB2B,0xB2F,0xB29,0xB24,0xB2A,0xB2C,
0xB27,0xB2A,0xB2D,0xB29,0xB38,0xB36,
0xB24,0xB2A,0xB37,0xB2E,0xB40,0xB4C,
0xB31,0xB39,0xB54,0xB4B,0xB43,0xB48,
0xB43,0xB41,0xB3F,0xB43,0xB3B,0xB3A,
0xB40,0xB34,0xB22,0xB25,0xB28,0xB13,
0xB16,0xB28,0xB22,0xB1C,0xB1D,0xB18,
0xB2E,0xB3D,0xB37,0xB3B,0xB3D,0xB43,
0xB3C,0xB28,0xB28,0xB3B,0xB40,0xB2F,
0xB39,0xB3D,0xB2B,0xB24,0xB18,0xB0B,
0xB01,0xB07,0xB0F,0xB0D,0xB01,0xAFE,
0xB00,0xB00,0xAFD,0xAFE,0xAFB,0xB0A,
0xB09,0xAFC,0xB0A,0xB05,0xB0C,0xB1B,
0xB13,0xB19,0xB21,0xB11,0xB1F,0xB2F,
0xB1F,0xB1C,0xB2B,0xB2B,0xB18,0xB17,
0xB11,0xB0B,0xB19,0xB1C,0xB16,0xB09,
0xB00,0xB09,0xAFF,0xAF8,0xB00,0xAFC,
0xB00,0xB0E,0xB0F,0xB15,0xB25,0xB28,
0xB26,0xB3A,0xB35,0xB23,0xB24,0xB26,
0xB1B,0xB13,0xB1F,0xB23,0xB19,0xB1F,
0xB27,0xB0D,0xAF2,0xAF2,0xAF4,0xAEF,
0xAE6,0xAD9,0xAD0,0xAE2,0xAF0,0xAE9,
0xAEF,0xAF8,0xAFC,0xB06,0xB02,0xAF1,
0xAEC,0xAF8,0xB01,0xB09,0xB06,0xB07,
0xB16,0xB18,0xB08,0xB03,0xB00,0xAF8,
0xAF3,0xAFC,0xB06,0xB00,0xAF6,0xB00,
0xB0C,0xB0F,0xB12,0xB12,0xB13,0xB13,
0xB21,0xB23,0xB15,0xB1F,0xB2B,0xB2C,
0xB34,0xB32,0xB37,0xB47,0xB57,0xB53,
0xB4A,0xB54,0xB5C,0xB54,0xB49,0xB4F,
0xB4D,0xB4F,0xB5A,0xB5E,0xB52,0xB44,
0xB3C,0xB43,0xB44,0xB2E,0xB25,0xB2D,
0xB2D,0xB22,0xB25,0xB1B,0xB12,0xB17,
0xB11,0xB0C,0xB18,0xB19,0xB14,0xB10,
0xB04,0xB02,0xB00,0xAF0,0xAED,0xAF1,
0xAE8,0xAE5,0xAE5,0xAE4,0xAE2,0xAE3,
0xAEE,0xAFD,0xAEF,0xADF,0xAED,0xAFF,
0xB08,0xB10,0xB21,0xB2F,0xB2F,0xB1F,
0xB20,0xB2C,0xB2F,0xB33,0xB35,0xB2F,
0xB31,0xB2D,0xB29,0xB39,0xB35,0xB30,
0xB3C,0xB40,0xB2B,0xB26,0xB2D,0xB3A,
0xB42,0xB31,0xB29,0xB36,0xB37,0xB29,
0xB30,0xB37,0xB29,0xB13,0xB0A,0xB0F,
0xB1C,0xB1F,0xB0B,0xAFE,0xAF6,0xAF6,
0xAF2,0xAEC,0xAEA,0xAEE,0xAED,0xAEC,
0xAEE,0xAE9,0xAE9,0xAF5,0xAFC,0xAF4,
0xAEB,0xAEA,0xAE9,0xAEA,0xAF2,0xAF6,
0xAFC,0xB0A,0xB0F,0xAF9,0xB00,0xB25,
0xB2B,0xB24,0xB20,0xB1D,0xB26,0xB30,
0xB20,0xB21,0xB2A,0xB1D,0xB1D,0xB3B,
0xB44,0xB31,0xB2A,0xB29,0xB31,0xB23,
0xB10,0xB18,0xB28,0xB2D,0xB27,0xB19,
0xB08,0xB0A,0xB04,0xB07,0xB11,0xB08,
0xB01,0xAFF,0xAF8,0xAF4,0xAF4,0xAEB,
0xAE7,0xAEB,0xAE3,0xACF,0xAC8,0xAC8,
0xAB7,0xAAE,0xABE,0xAC1,0xAB9,0xABF,
0xACB,0xAC1,0xAB7,0xABE,0xACF,0xAD7,
0xAC7,0xABF,0xAD1,0xAE7,0xAEA,0xADF,
0xAD4,0xAE2,0xAF7,0xAF9,0xAF9,0xAFB,
0xAFD,0xAFB,0xB02,0xB0F,0xB11,0xB0E,
0xB13,0xB0B,0xAF9,0xAF7,0xAFD,0xAF5,
0xAF4,0xAFF,0xB07,0xB0D,0xB15,0xB17,
0xB18,0xB11,0xB0D,0xB12,0xB0B,0xB0A,
0xB06,0xB07,0xB16,0xB18,0xB0C,0xB1B,
0xB28,0xB1E,0xB16,0xB18,0xB17,0xAFD,
0xAEF,0xAFD,0xB09,0xB03,0xB07,0xB12,
0xB0C,0xB02,0xAF8,0xB03,0xB1C,0xB1C,
0xB0A,0xB1A,0xB2B,0xB21,0xB1F,0xB34,
0xB48,0xB51,0xB53,0xB4A,0xB48,0xB49,
0xB51,0xB5D,0xB5F,0xB5A,0xB5A,0xB59,
0xB55,0xB52,0xB4C,0xB46,0xB40,0xB3F,
0xB35,0xB31,0xB2B,0xB1F,0xB1B,0xB21,
0xB26,0xB2A,0xB2C,0xB24,0xB24,0xB25,
0xB20,0xB16,0xB1B,0xB2E,0xB33,0xB1B,
0xB11,0xB19,0xB14,0xB0B,0xB07,0xAFE,
0xB08,0xB12,0xB05,0xB0D,0xB11,0xB04,
0xB0B,0xB16,0xB12,0xB14,0xB16,0xB12,
0xB19,0xB12,0xB0F,0xB20,0xB27,0xB1B,
0xB22,0xB30,0xB2C,0xB21,0xB2E,0xB3C,
0xB30,0xB25,0xB2D,0xB2D,0xB15,0xB0F,
0xB14,0xB13,0xB12,0xB0F,0xB11,0xB15,
0xAFA,0xAE6,0xAED,0xAE5,0xAD8,0xAD1,
0xAD1,0xADE,0xADC,0xAC9,0xAD3,0xAD7,
0xACF,0xAD6,0xAF0,0xAF1,0xAE6,0xAF2,
0xAFD,0xAFC,0xAF5,0xAFB,0xB04,0xB02,
0xAF2,0xAEF,0xAEB,0xAF2,0xAF8,0xAF4,
0xAFF,0xAFF,0xAEA,0xADF,0xAF5,0xB01,
0xAFB,0xAFD,0xAFF,0xAFB,0xB05,0xB09,
0xB0B,0xB18,0xB1E,0xB21,0xB21,0xB25,
0xB26,0xB1F,0xB21,0xB24,0xB16,0xB20,
0xB28,0xB21,0xB25,0xB22,0xB0C,0xB07,
0xB12,0xB00,0xAEE,0xAF3,0xAFA,0xAF6,
0xAFC,0xAF3,0xAE5,0xAE0,0xAE2,0xAE6,
0xADF,0xADD,0xAE1,0xAE2,0xAE3,0xAF3,
0xAF1,0xAF7,0xAFE,0xAFC,0xB0B,0xB1C,
0xB18,0xB0E,0xB12,0xB1B,0xB1C,0xB18,
0xB24,0xB23,0xB19,0xB1F,0xB21,0xB19,
0xB25,0xB34,0xB32,0xB31,0xB32,0xB2A,
0xB30,0xB37,0xB37,0xB40,0xB42,0xB4A,
0xB52,0xB50,0xB4A,0xB44,0xB44,0xB52,
0xB4B,0xB41,0xB4E,0xB56,0xB58,0xB54,
0xB49,0xB49,0xB63,0xB65,0xB4D,0xB49,
0xB50,0xB50,0xB51,0xB4E,0xB4E,0xB4F,
0xB43,0xB4E,0xB5B,0xB50,0xB47,0xB3E,
0xB38,0xB44,0xB4A,0xB4A,0xB52,0xB52,
0xB46,0xB4E,0xB4E,0xB47,0xB4A,0xB49,
0xB40,0xB3E,0xB38,0xB2E,0xB2B,0xB25,
0xB1E,0xB19,0xB0A,0xB02,0xB0D,0xAFC,
0xAEA,0xAEE,0xAF8,0xB03,0xB00,0xAF1,
0xAF9,0xB07,0xB03,0xB01,0xAF7,0xAEE,
0xAF3,0xAF4,0xAF6,0xB00,0xB02,0xB0F,
0xB22,0xB1E,0xB18,0xB20,0xB1D,0xB1A,
0xB1F,0xB22,0xB28,0xB24,0xB1F,0xB27,
0xB22,0xB11,0xB0B,0xB0B,0xB0F,0xB03,
0xAF1,0xAFC,0xB11,0xB00,0xAF8,0xB0E,
0xB12,0xB04,0xB0A,0xB0C,0xB03,0xB04,
0xB0A,0xB08,0xAFD,0xB02,0xB05,0xAFC,
0xAF5,0xAEE,0xADE,0xAD4,0xAC2,0xAB1,
0xAB3,0xAB6,0xAA3,0xA9E,0xAB3,0xAB8,
0xAB0,0xAB4,0xAC3,0xAC2,0xAB8,0xAC8,
0xADD,0xAD7,0xADE,0xAEC,0xAED,0xAF7,
0xB01,0xAFA,0xAF6,0xAFE,0xAFF,0xAFD,
0xB06,0xB05,0xB00,0xB0F,0xB14,0xB09,
0xB03,0xB11,0xB21,0xB11,0xB07,0xB10,
0xB0B,0xB07,0xB03,0xAFD,0xB00,0xB05,
0xB04,0xAFC,0xB02,0xB0A,0xB00,0xAFD,
0xB06,0xB01,0xAFE,0xAF2,0xAEC,0xAF6,
0xAFF,0xAF9,0xAF3,0xAFC,0xB04,0xB03,
0xAF3,0xAE0,0xAF3,0xB06,0xAF3,0xAF4,
0xB02,0xB07,0xB07,0xB0B,0xB0F,0xB12,
0xB18,0xB2B,0xB37,0xB3C,0xB3A,0xB2E,
0xB2D,0xB3B,0xB41,0xB3B,0xB3E,0xB49,
0xB4E,0xB48,0xB36,0xB23,0xB20,0xB2A,
0xB26,0xB18,0xB28,0xB3D,0xB2E,0xB1F,
0xB23,0xB20,0xB17,0xB17,0xB17,0xB1A,
0xB19,0xB09,0xB0E,0xB1A,0xB14,0xB08,
0xB02,0xB07,0xB0A,0xB00,0xAF9,0xB03,
0xB07,0xB09,0xB11,0xB13,0xB0E,0xB0B,
0xB0C,0xB10,0xB17,0xB10,0xB09,0xB07,
0xB0E,0xB21,0xB25,0xB12,0xB12,0xB21,
0xB27,0xB28,0xB20,0xB1B,0xB27,0xB38,
0xB2F,0xB26,0xB32,0xB37,0xB37,0xB3A,
0xB34,0xB33,0xB2E,0xB31,0xB3B,0xB33,
0xB23,0xB1A,0xB21,0xB36,0xB33,0xB14,
0xB0C,0xB1D,0xB19,0xB04,0xB04,0xB0A,
0xB08,0xB09,0xB07,0xB0B,0xB10,0xB0B,
0xB03,0xB04,0xB14,0xB14,0xB08,0xB1B,
0xB2E,0xB2D,0xB2E,0xB34,0xB37,0xB3F,
0xB43,0xB38,0xB2E,0xB32,0xB31,0xB2E,
0xB2D,0xB22,0xB1D,0xB19,0xB17,0xB15,
0xB0D,0xAFE,0xAF3,0xAF4,0xB00,0xB04,
0xAF7,0xAF3,0xAF8,0xAF0,0xAE4,0xAE9,
0xAF0,0xAF9,0xAFC,0xAF9,0xAFE,0xAF9,
0xAF1,0xAF3,0xAF4,0xAFB,0xAFF,0xAF5,
0xAF9,0xAFE,0xAF7,0xAF2,0xAF4,0xAF5,
0xAFE,0xB05,0xAF8,0xAF5,0xB03,0xAFE,
0xB02,0xB0D,0xB10,0xB11,0xB0D,0xB13,
0xB2B,0xB30,0xB26,0xB26,0xB35,0xB41,
0xB40,0xB41,0xB4B,0xB4C,0xB3C,0xB34,
0xB44,0xB4A,0xB40,0xB32,0xB28,0xB28,
0xB21,0xB12,0xB07,0xB01,0xAFE,0xB01,
0xAFB,0xAED,0xAEA,0xAF9,0xAF4,0xAE5,
0xAF0,0xB00,0xB07,0xB09,0xB0A,0xB08,
0xB02,0xAFA,0xB04,0xB14,0xB1A,0xB11,
0xB1B,0xB32,0xB36,0xB28,0xB25,0xB2E,
0xB2D,0xB2D,0xB36,0xB39,0xB2E,0xB26,
0xB2C,0xB37,0xB32,0xB31,0xB30,0xB30,
0xB39,0xB34,0xB2A,0xB2E,0xB35,0xB3D,
0xB33,0xB1F,0xB1D,0xB24,0xB25,0xB1F,
0xB17,0xB11,0xB14,0xB0A,0xAF6,0xAF7,
0xAF8,0xAE5,0xAE4,0xAEA,0xAE1,0xADD,
0xADD,0xADE,0xADE,0xAD3,0xAD0,0xAD8,
0xAE0,0xAEC,0xAF0,0xAF1,0xB00,0xB0A,
0xAFC,0xB03,0xB1A,0xB20,0xB29,0xB36,
0xB31,0xB33,0xB34,0xB2B,0xB2E,0xB2F,
0xB29,0xB2A,0xB31,0xB32,0xB32,0xB27,
0xB18,0xB20,0xB26,0xB1E,0xB23,0xB24,
0xB28,0xB2D,0xB22,0xB1A,0xB1A,0xB13,
0xB12,0xB1F,0xB20,0xB1A,0xB1A,0xB1C,
0xB16,0xB13,0xB12,0xB12,0xB13,0xB12,
0xB0D,0xB05,0xB08,0xB10,0xB0D,0xB07,
0xAFE,0xAFB,0xB01,0xAF7,0xAEA,0xAED,
0xAF8,0xAF9,0xAF0,0xAF4,0xB0B,0xB0D,
0xB03,0xB0A,0xB1F,0xB31,0xB3C,0xB47,
0xB4C,0xB53,0xB52,0xB5D,0xB63,0xB57,
0xB5A,0xB67,0xB68,0xB6C,0xB6B,0xB66,
0xB62,0xB51,0xB44,0xB3E,0xB2C,0xB1C,
0xB1B,0xB1B,0xB0E,0xB06,0xAFC,0xAEF,
0xAEF,0xAF0,0xAE8,0xADE,0xADC,0xADC,
0xADE,0xAEA,0xAEB,0xAE3,0xAE3,0xADC,
0xAD4,0xADA,0xAD9,0xAD9,0xAD6,0xAD5,
0xADC,0xACC,0xAC3,0xAC5,0xAC0,0xAB9,
0xAC3,0xACF,0xACD,0xAD0,0xAD4,0xAD1,
0xADC,0xAE6,0xAEB,0xB01,0xB0F,0xB13,
0xB19,0xB18,0xB20,0xB20,0xB26,0xB38,
0xB39,0xB33,0xB2E,0xB32,0xB30,0xB27,
0xB22,0xB23,0xB25,0xB1F,0xB1A,0xB1E,
0xB24,0xB21,0xB17,0xB11,0xB15,0xB1D,
0xB1F,0xB2C,0xB28,0xB25,0xB31,0xB39,
0xB36,0xB31,0xB39,0xB43,0xB47,0xB41,
0xB3B,0xB37,0xB3A,0xB35,0xB2C,0xB2E,
0xB32,0xB22,0xB11,0xB14,0xB08,0xAFC,
0xB0B,0xB0E,0xB03,0xAFA,0xAF5,0xAF7,
0xAF7,0xAF4,0xAF1,0xAFD,0xB04,0xB04,
0xB03,0xAFF,0xB00,0xB06,0xB09,0xB0B,
0xB19,0xB1A,0xB1E,0xB1F,0xB18,0xB1F,
0xB1D,0xB0D,0xB10,0xB18,0xB0C,0xB02,
0xB07,0xB00,0xAF7,0xAF3,0xAE8,0xAF0,
0xAF0,0xADF,0xADE,0xAE2,0xAE3,0xAF2,
0xAEE,0xAEB,0xAFC,0xB05,0xB07,0xB0A,
0xB10,0xB19,0xB20,0xB16,0xB19,0xB25,
0xB25,0xB25,0xB23,0xB1B,0xB18,0xB13,
0xB0B,0xB0B,0xB03,0xAF7,0xAFB,0xAF7,
0xAF3,0xAFC,0xAF1,0xAF5,0xB0F,0xB1B,
0xB18,0xB1E,0xB27,0xB27,0xB2A,0xB2E,
0xB3C,0xB45,0xB39,0xB37,0xB52,0xB58,
0xB51,0xB53,0xB5D,0xB5C,0xB4E,0xB46,
0xB50,0xB57,0xB46,0xB39,0xB3C,0xB35,
0xB28,0xB24,0xB1C,0xB19,0xB1F,0xB22,
0xB21,0xB16,0xB0F,0xB16,0xB1B,0xB10,
0xB12,0xB18,0xB10,0xB08,0xB0B,0xAFC,
0xAEF,0xAEB,0xAE9,0xAE6,0xADA,0xAC9,
0xABE,0xAB3,0xAAB,0xA9A,0xA92,0xA99,
0xA89,0xA78,0xA72,0xA73,0xA74,0xA74,
0xA73,0xA70,0xA7A,0xA90,0xA98,0xA97,
0xA9E,0xAAD,0xAB2,0xAB3,0xAC0,0xAC8,
0xACB,0xADD,0xAE8,0xAEA,0xAFA,0xAF9,
0xAF9,0xB0A,0xB0F,0xB0A,0xB0D,0xB14,
0xB13,0xB0B,0xB08,0xB17,0xB17,0xB0A,
0xB0C,0xB0F,0xB09,0xB0C,0xB12,0xB14,
0xB1A,0xB19,0xB1B,0xB35,0xB3D,0xB32,
0xB34,0xB40,0xB4A,0xB54,0xB52,0xB4F,
0xB59,0xB50,0xB47,0xB42,0xB3F,0xB39,
0xB30,0xB28,0xB21,0xB19,0xB17,0xB19,
0xB23,0xB27,0xB26,0xB29,0xB2E,0xB33,
0xB3E,0xB45,0xB4E,0xB5F,0xB69,0xB74,
0xB79,0xB7A,0xB75,0xB73,0xB6D,0xB64,
0xB68,0xB6E,0xB69,0xB61,0xB63,0xB66,
0xB5F,0xB54,0xB52,0xB4D,0xB4B,0xB4D,
0xB40,0xB3C,0xB4B,0xB43,0xB2D,0xB2D,
0xB33,0xB30,0xB27,0xB1D,0xB1B,0xB1D,
0xB0D,0xB02,0xB05,0xAFE,0xB01,0xB00,
0xAFA,0xB04,0xB0B,0xAFA,0xAF4,0xB05,
0xB0F,0xB14,0xB19,0xB19,0xB15,0xB1B,
0xB1D,0xB1F,0xB22,0xB22,0xB2B,0xB34,
0xB35,0xB35,0xB39,0xB3B,0xB3B,0xB3F,
0xB3D,0xB38,0xB46,0xB4F,0xB47,0xB47,
0xB4D,0xB4C,0xB44,0xB3F,0xB3F,0xB43,
0xB3A,0xB3E,0xB44,0xB42,0xB3F,0xB3C,
0xB31,0xB32,0xB37,0xB2E,0xB35,0xB3E,
0xB2E,0xB21,0xB28,0xB2B,0xB23,0xB19,
0xB10,0xB14,0xB12,0xB09,0xB07,0xB02,
0xAFC,0xAF9,0xAEC,0xADC,0xADE,0xAD4,
0xAC6,0xAC7,0xAC9,0xACA,0xAD5,0xAE0,
0xAD5,0xAD9,0xAE6,0xAED,0xAEA,0xAEB,
0xAF6,0xB00,0xB02,0xB16,0xB26,0xB22,
0xB22,0xB24,0xB23,0xB21,0xB19,0xB19,
0xB22,0xB22,0xB1E,0xB23,0xB25,0xB16,
0xB12,0xB18,0xB11,0xB08,0xB0B,0xB05,
0xAF3,0xAF0,0xAF4,0xAF1,0xAF1,0xAFC,
0xB00,0xB02,0xB06,0xB08,0xB0A,0xB11,
0xB0F,0xB06,0xB04,0xB0A,0xB0D,0xB0E,
0xB10,0xB0D,0xB05,0xB09,0xB0B,0xAFD,
0xAF8,0xAF1,0xAE3,0xAE1,0xAED,0xAF5,
0xAFD,0xAFC,0xAFB,0xB00,0xB04,0xB07,
0xB05,0xB0D,0xB19,0xB1A,0xB1F,0xB2E,
0xB3A,0xB3A,0xB3D,0xB40,0xB34,0xB32,
0xB35,0xB29,0xB26,0xB20,0xB17,0xB0F,
0xB0C,0xB16,0xB10,0xAFE,0xAFA,0xAEE,
0xADD,0xADE,0xADD,0xAD4,0xAD7,0xAE4,
0xAE9,0xAE8,0xAEC,0xAF5,0xAF8,0xAF8,
0xB01,0xB08,0xB04,0xB03,0xAFE,0xAFD,
0xB02,0xAFB,0xAF6,0xAFC,0xAF7,0xAE9,
0xAE6,0xAE9,0xAE4,0xAE1,0xAE3,0xADC,
0xADC,0xAE3,0xAE9,0xAE3,0xADA,0xAE8,
0xAF5,0xAF8,0xAFA,0xAF4,0xAF4,0xAFE,
0xAFE,0xB00,0xB04,0xB0A,0xB0F,0xB12,
0xB17,0xB15,0xB14,0xB19,0xB16,0xB12,
0xB0E,0xB07,0xB06,0xB03,0xB06,0xB08,
0xB07,0xB07,0xB0A,0xB05,0xAF9,0xAF9,
0xAFD,0xB04,0xB0D,0xB0E,0xB17,0xB2C,
0xB25,0xB1A,0xB23,0xB25,0xB19,0xB19,
0xB1F,0xB25,0xB2C,0xB2E,0xB29,0xB21,
0xB1E,0xB23,0xB1D,0xB07,0xB01,0xB03,
0xB05,0xB04,0xAF6,0xAF4,0xB03,0xB0B,
0xB07,0xB0B,0xB0E,0xB0C,0xB10,0xB1D,
0xB1D,0xB1C,0xB29,0xB2A,0xB27,0xB36,
0xB43,0xB3C,0xB35,0xB3D,0xB40,0xB3E,
0xB3B,0xB39,0xB3C,0xB38,0xB2C,0xB23,
0xB21,0xB23,0xB23,0xB29,0xB2D,0xB25,
0xB1E,0xB25,0xB2F,0xB32,0xB3E,0xB49,
0xB4A,0xB4D,0xB58,0xB5B,0xB55,0xB58,
0xB66,0xB65,0xB62,0xB67,0xB63,0xB5B,
0xB5A,0xB5C,0xB58,0xB54,0xB4D,0xB45,
0xB3F,0xB37,0xB2F,0xB28,0xB2C,0xB31,
0xB29,0xB25,0xB28,0xB22,0xB26,0xB2F,
0xB2D,0xB2F,0xB32,0xB30,0xB36,0xB3E,
0xB3A,0xB2D,0xB32,0xB34,0xB29,0xB1E,
0xB1A,0xB1A,0xB12,0xB06,0xB02,0xB03,
0xB09,0xB07,0xAF7,0xAF4,0xAF6,0xAEF,
0xAE2,0xADD,0xAE0,0xAE1,0xAE1,0xAEB,
0xAED,0xAED,0xAF0,0xAFA,0xB01,0xB00,
0xAFA,0xAF7,0xAFF,0xAFF,0xAF6,0xAF7,
0xAF8,0xAEF,0xAEC,0xAEA,0xADF,0xACF,
0xAC7,0xAC1,0xABE,0xABE,0xAAC,0xA9A,
0xA9A,0xAA2,0xAA8,0xAAE,0xAAB,0xAAD,
0xAB6,0xAC3,0xAC6,0xACE,0xAD8,0xAD7,
0xAE4,0xAF9,0xB05,0xB07,0xB0A,0xB14,
0xB1B,0xB19,0xB19,0xB1B,0xB1B,0xB1C,
0xB1D,0xB1F,0xB1D,0xB16,0xB10,0xB18,
0xB1D,0xB0C,0xAFE,0xB05,0xB05,0xAFC,
0xAF9,0xAFB,0xB02,0xB0C,0xB0C,0xB09,
0xB06,0xB06,0xB13,0xB1B,0xB13,0xB13,
0xB18,0xB12,0xB13,0xB18,0xB18,0xB13,
0xB08,0xAFA,0xAFE,0xB00,0xAF6,0xAF5,
0xAF1,0xAE3,0xAE1,0xAE9,0xAF3,0xAF8,
0xAF5,0xAF6,0xAFB,0xAFD,0xB02,0xB08,
0xB07,0xB08,0xB0C,0xB15,0xB20,0xB2D,
0xB37,0xB39,0xB35,0xB2C,0xB29,0xB2A,
0xB28,0xB24,0xB26,0xB29,0xB26,0xB27,
0xB29,0xB2B,0xB2C,0xB2B,0xB2C,0xB32,
0xB35,0xB2F,0xB2A,0xB2D,0xB35,0xB40,
0xB43,0xB44,0xB43,0xB3F,0xB39,0xB3B,
0xB3F,0xB40,0xB3A,0xB34,0xB37,0xB38,
0xB32,0xB2C,0xB23,0xB19,0xB18,0xB19,
0xB20,0xB24,0xB22,0xB1E,0xB25,0xB2D,
0xB2B,0xB2A,0xB2A,0xB2D,0xB31,0xB36,
0xB3F,0xB48,0xB4B,0xB4D,0xB4C,0xB4F,
0xB50,0xB49,0xB46,0xB45,0xB43,0xB3F,
0xB37,0xB36,0xB39,0xB33,0xB26,0xB1F,
0xB1C,0xB14,0xB0E,0xB10,0xB0C,0xB0D,
0xB17,0xB17,0xB14,0xB16,0xB15,0xB12,
0xB13,0xB1E,0xB20,0xB17,0xB15,0xB18,
0xB16,0xB12,0xB0A,0xB06,0xB07,0xB04,
0xAFD,0xAF9,0xAF7,0xAF2,0xAEC,0xAED,
0xAE9,0xAE6,0xAE4,0xADC,0xADB,0xAE2,
0xAE4,0xAE5,0xAE5,0xAE1,0xAE7,0xAEE,
0xAF3,0xAF5,0xAFA,0xB01,0xB10,0xB18,
0xB10,0xB0C,0xB0F,0xB15,0xB15,0xB0F,
0xB0F,0xB18,0xB1A,0xB18,0xB0E,0xB09,
0xB05,0xAFF,0xAFB,0xAFB,0xAF7,0xAF2,
0xAF0,0xAF4,0xAF2,0xAF7,0xB03,0xB0A,
0xB0E,0xB11,0xB17,0xB28,0xB3E,0xB44,
0xB41,0xB4A,0xB58,0xB5A,0xB59,0xB58,
0xB56,0xB5A,0xB65,0xB65,0xB59,0xB55,
0xB52,0xB49,0xB47,0xB4C,0xB49,0xB42,
0xB3E,0xB43,0xB42,0xB42,0xB41,0xB3C,
0xB33,0xB2D,0xB2A,0xB2A,0xB26,0xB1B,
0xB16,0xB17,0xB1D,0xB1D,0xB1B,0xB15,
0xB0E,0xB11,0xB10,0xB00,0xAF4,0xAF0,
0xAEA,0xAE2,0xAE0,0xAE1,0xADE,0xADB,
0xAD6,0xAD0,0xACB,0xAC9,0xAC7,0xAC8,
0xACA,0xAD0,0xACC,0xACF,0xADA,0xAE0,
0xAEA,0xAF7,0xAF7,0xAF7,0xB02,0xB07,
0xAFC,0xAF8,0xAFE,0xAFE,0xB03,0xB00,
0xAF6,0xAF9,0xAFF,0xAF7,0xAEE,0xAF4,
0xAF7,0xAF5,0xAF6,0xAFB,0xAFB,0xB00,
0xB06,0xB0A,0xB05,0xB06,0xB06,0xAFF,
0xB03,0xB06,0xB02,0xB09,0xB10,0xB0A,
0xB09,0xB11,0xB13,0xB0A,0xB00,0xAFD,
0xB00,0xB00,0xB00,0xAF8,0xAF2,0xAF5,
0xAF3,0xAEE,0xAED,0xAE5,0xAE0,0xADE,
0xADA,0xAD5,0xAD6,0xAD9,0xAD6,0xAD8,
0xADF,0xAE2,0xAE2,0xAE6,0xAE9,0xAE8,
0xAE9,0xAF3,0xAFA,0xAF6,0xAEF,0xAEE,
0xAF1,0xAF1,0xAEC,0xAED,0xAF8,0xAF3,
0xAEA,0xAF1,0xAF8,0xAF3,0xAEA,0xAE9,
0xAEF,0xAF3,0xAF1,0xAF1,0xAF7,0xAFF,
0xB00,0xB00,0xB02,0xB06,0xB0B,0xB0C,
0xB0B,0xB13,0xB1A,0xB19,0xB1C,0xB25,
0xB2B,0xB2D,0xB33,0xB35,0xB37,0xB39,
0xB39,0xB39,0xB3C,0xB39,0xB35,0xB3D,
0xB41,0xB40,0xB40,0xB3E,0xB3A,0xB3A,
0xB3C,0xB3B,0xB35,0xB33,0xB36,0xB42,
0xB4A,0xB46,0xB43,0xB41,0xB3D,0xB37,
0xB37,0xB3B,0xB36,0xB33,0xB38,0xB39,
0xB37,0xB3C,0xB37,0xB2F,0xB31,0xB31,
0xB2A,0xB22,0xB19,0xB15,0xB1E,0xB26,
0xB1F,0xB14,0xB0F,0xB10,0xB0D,0xB0B,
0xB02,0xB04,0xB0F,0xB13,0xB10,0xB15,
0xB1E,0xB2A,0xB2C,0xB25,0xB25,0xB29,
0xB2A,0xB2E,0xB36,0xB39,0xB3B,0xB41,
0xB4D,0xB50,0xB47,0xB35,0xB29,0xB20,
0xB22,0xB1E,0xB16,0xB12,0xB0C,0xB0A,
0xB09,0xB08,0xB05,0xB02,0xAFB,0xAF4,
0xAF4,0xAFE,0xB02,0xB01,0xB05,0xB0C,
0xB0C,0xB10,0xB16,0xB12,0xB0B,0xB0B,
0xB11,0xB1D,0xB22,0xB19,0xB15,0xB17,
0xB18,0xB13,0xB15,0xB17,0xB17,0xB0D,
0xB05,0xB08,0xB0C,0xB02,0xAF4,0xAF5,
0xAFE,0xB03,0xAFB,0xAF4,0xAF9,0xAFF,
0xB03,0xB03,0xAFF,0xB05,0xB0A,0xB0F,
0xB10,0xB0C,0xB0A,0xB0A,0xB0C,0xB0D,
0xB0C,0xB07,0xB01,0xAFA,0xAFC,0xAFB,
0xAFA,0xAF7,0xAF5,0xAED,0xAED,0xAEC,
0xAE4,0xAE7,0xAEF,0xAF2,0xAF4,0xAF4,
0xAF4,0xAFC,0xB03,0xB05,0xB04,0xB0D,
0xB16,0xB1A,0xB1B,0xB23,0xB25,0xB25,
0xB26,0xB28,0xB2A,0xB28,0xB22,0xB21,
0xB28,0xB26,0xB1A,0xB14,0xB17,0xB0F,
0xB00,0xAF8,0xAF7,0xAFB,0xAFB,0xAF3,
0xAF3,0xAFE,0xB05,0xB04,0xB05,0xB12,
0xB1C,0xB1C,0xB21,0xB29,0xB32,0xB3B,
0xB40,0xB40,0xB43,0xB45,0xB45,0xB41,
0xB3E,0xB42,0xB42,0xB3C,0xB34,0xB37,
0xB36,0xB2F,0xB2A,0xB29,0xB24,0xB1E,
0xB1E,0xB26,0xB2B,0xB28,0xB2A,0xB36,
0xB40,0xB3D,0xB36,0xB36,0xB3E,0xB44,
0xB47,0xB3E,0xB3A,0xB40,0xB41,0xB45,
0xB45,0xB42,0xB3C,0xB35,0xB2E,0xB31,
0xB30,0xB29,0xB1F,0xB23,0xB27,0xB1C,
0xB16,0xB15,0xB0F,0xB09,0xB07,0xB07,
0xB0B,0xB0E,0xB0D,0xB0E,0xB11,0xB12,
0xB0D,0xB16,0xB22,0xB21,0xB25,0xB2F,
0xB2F,0xB2D,0xB30,0xB2D,0xB27,0xB26,
0xB27,0xB22,0xB1E,0xB20,0xB1B,0xB1A,
0xB20,0xB1F,0xB1B,0xB1B,0xB1C,0xB1B,
0xB17,0xB15,0xB14,0xB11,0xB0D,0xB14,
0xB1B,0xB19,0xB16,0xB15,0xB13,0xB11,
0xB14,0xB14,0xB11,0xB0D,0xB0E,0xB0A,
0xB04,0xAFF,0xAFE,0xB00,0xB00,0xAFB,
0xAF6,0xAFA,0xAFE,0xAFE,0xAFA,0xAF9,
0xAF8,0xAF4,0xAEF,0xAE4,0xADE,0xADE,
0xAE2,0xAE5,0xAE8,0xAE5,0xAE0,0xAE2,
0xAE8,0xAE9,0xAE9,0xAEC,0xAF1,0xAF4,
0xAF4,0xAF3,0xAF4,0xAF3,0xAF2,0xAF3,
0xAF4,0xAF0,0xAE9,0xADF,0xADF,0xAE6,
0xAEA,0xAE4,0xAE2,0xAE4,0xAE8,0xAEF,
0xAEE,0xAED,0xAEE,0xAF1,0xAF0,0xAEF,
0xAEB,0xAE8,0xAE7,0xAE6,0xAE9,0xAF3,
0xAF8,0xAF2,0xAED,0xAEF,0xAF7,0xAFD,
0xB01,0xB01,0xB01,0xB04,0xB0D,0xB19,
0xB1E,0xB15,0xB0E,0xB15,0xB1E,0xB1B,
0xB13,0xB13,0xB14,0xB16,0xB1E,0xB2B,
0xB2C,0xB24,0xB1D,0xB20,0xB28,0xB28,
0xB1C,0xB15,0xB20,0xB27,0xB22,0xB20,
0xB21,0xB1D,0xB21,0xB25,0xB23,0xB21,
0xB1B,0xB15,0xB17,0xB1F,0xB1E,0xB17,
0xB12,0xB17,0xB1B,0xB1A,0xB13,0xB0E,
0xB09,0xB06,0xB06,0xB02,0xAFD,0xAFA,
0xAF5,0xAF1,0xAF6,0xAF4,0xAEA,0xAE3,
0xADF,0xADE,0xAE3,0xAEB,0xAEC,0xAE9,
0xAEA,0xAF8,0xB02,0xAFF,0xAFD,0xB00,
0xB0B,0xB10,0xB15,0xB19,0xB1D,0xB22,
0xB22,0xB25,0xB24,0xB1F,0xB1C,0xB1D,
0xB18,0xB14,0xB0F,0xB0C,0xB13,0xB16,
0xB10,0xB0C,0xB15,0xB1D,0xB1E,0xB21,
0xB23,0xB20,0xB27,0xB33,0xB3B,0xB39,
0xB37,0xB3A,0xB42,0xB45,0xB3E,0xB36,
0xB37,0xB39,0xB34,0xB32,0xB32,0xB2E,
0xB28,0xB26,0xB27,0xB19,0xB0A,0xB09,
0xB09,0xAFC,0xAF5,0xAEF,0xAED,0xAED,
0xAEB,0xAE8,0xAEE,0xAF9,0xB00,0xB05,
0xB0B,0xB0F,0xB12,0xB1B,0xB21,0xB1E,
0xB18,0xB1F,0xB2A,0xB27,0xB1E,0xB1C,
0xB1B,0xB16,0xB11,0xB0B,0xB09,0xB09,
0xB08,0xB0B,0xB0F,0xB0A,0xB01,0xB04,
0xB11,0xB1A,0xB19,0xB19,0xB20,0xB2B,
0xB32,0xB2F,0xB2E,0xB31,0xB32,0xB37,
0xB3B,0xB37,0xB31,0xB2C,0xB2D,0xB32,
0xB31,0xB2D,0xB28,0xB21,0xB1A,0xB1A,
0xB1E,0xB1B,0xB17,0xB11,0xB13,0xB1F,
0xB24,0xB19,0xB0F,0xB0C,0xB15,0xB1B,
0xB15,0xB12,0xB15,0xB17,0xB1E,0xB29,
0xB2D,0xB2B,0xB2E,0xB36,0xB3E,0xB39,
0xB30,0xB31,0xB34,0xB2C,0xB26,0xB26,
0xB24,0xB21,0xB1F,0xB1C,0xB16,0xB14,
0xB17,0xB14,0xB0C,0xB04,0xB07,0xB15,
0xB1E,0xB1E,0xB1D,0xB22,0xB30,0xB39,
0xB34,0xB2D,0xB2D,0xB33,0xB38,0xB37,
0xB31,0xB27,0xB1F,0xB24,0xB31,0xB2C,
0xB18,0xB0E,0xB15,0xB18,0xB12,0xB08,
0xAFD,0xAFA,0xB00,0xB01,0xAFF,0xAFA,
0xAF7,0xAFB,0xAFC,0xAFA,0xAFA,0xAFA,
0xAFC,0xB00,0xB06,0xB0A,0xB0F,0xB17,
0xB1D,0xB1D,0xB17,0xB18,0xB1F,0xB22,
0xB22,0xB1C,0xB0E,0xB0D,0xB16,0xB10,
0xAFF,0xAF7,0xAF7,0xAF6,0xAF3,0xAF4,
0xAF5,0xAF7,0xAFC,0xAFD,0xB00,0xB0A,
0xB0F,0xB0D,0xB12,0xB19,0xB1C,0xB21,
0xB28,0xB2E,0xB2E,0xB2A,0xB2A,0xB2E,
0xB2F,0xB20,0xB13,0xB19,0xB1F,0xB14,
0xB05,0xAFF,0xB00,0xAFE,0xAF3,0xAEA,
0xAE6,0xAE5,0xAE6,0xAE5,0xAE6,0xAEA,
0xAF1,0xAF1,0xAF8,0xB00,0xB01,0xB01,
0xB01,0xB03,0xB06,0xB06,0xB06,0xB0C,
0xB11,0xB10,0xB0B,0xB0D,0xB0C,0xB08,
0xB07,0xB07,0xB01,0xAF5,0xAEE,0xAF6,
0xAF3,0xAE5,0xADE,0xAE7,0xAEF,0xAEC,
0xAE2,0xADE,0xAE7,0xAF2,0xAF0,0xAE7,
0xAE7,0xAF0,0xAF4,0xAEC,0xAE4,0xADD,
0xAE0,0xAE7,0xAE7,0xADE,0xADD,0xADC,
0xADA,0xAD8,0xAD7,0xAD7,0xADB,0xADB,
0xAD8,0xAE1,0xAE8,0xAE9,0xAE7,0xAE6,
0xAE7,0xAE8,0xAE9,0xAF0,0xAF6,0xAF5,
0xAF4,0xAF9,0xB04,0xB09,0xB0D,0xB0F,
0xB0D,0xB0B,0xB10,0xB18,0xB1E,0xB1D,
0xB1E,0xB1E,0xB23,0xB2B,0xB2C,0xB28,
0xB24,0xB27,0xB30,0xB35,0xB2E,0xB29,
0xB2A,0xB2F,0xB2E,0xB2B,0xB27,0xB27,
0xB29,0xB2A,0xB29,0xB28,0xB2A,0xB2D,
0xB2F,0xB2C,0xB2A,0xB29,0xB2A,0xB29,
0xB29,0xB2B,0xB30,0xB35,0xB3B,0xB3B,
0xB35,0xB2F,0xB2C,0xB29,0xB29,0xB2F,
0xB2E,0xB20,0xB19,0xB1C,0xB1D,0xB20,
0xB23,0xB1D,0xB1D,0xB23,0xB25,0xB26,
0xB2A,0xB30,0xB39,0xB41,0xB46,0xB48,
0xB49,0xB4B,0xB50,0xB4F,0xB4B,0xB4A,
0xB48,0xB51,0xB58,0xB4F,0xB49,0xB4F,
0xB50,0xB51,0xB4E,0xB47,0xB46,0xB49,
0xB4B,0xB49,0xB45,0xB40,0xB39,0xB3A,
0xB41,0xB44,0xB40,0xB41,0xB44,0xB40,
0xB3B,0xB3A,0xB36,0xB35,0xB34,0xB2D,
0xB29,0xB2C,0xB28,0xB1B,0xB14,0xB10,
0xB05,0xB01,0xB02,0xAF9,0xAF2,0xAF4,
0xAFA,0xAFE,0xAFD,0xAF6,0xAF5,0xB00,
0xB01,0xAFB,0xAF5,0xAF5,0xAFD,0xB05,
0xB02,0xAFD,0xAFE,0xAFF,0xAFD,0xAF9,
0xAF4,0xAF6,0xAF8,0xAF8,0xAFC,0xAFC,
0xAFB,0xAFD,0xAF8,0xAF9,0xAFA,0xAF6,
0xAF7,0xAFA,0xAF5,0xAF6,0xB00,0xB06,
0xB05,0xB00,0xAFA,0xAFD,0xB04,0xB03,
0xAFB,0xAF6,0xAF2,0xAEF,0xAF0,0xAF0,
0xAF2,0xAF1,0xAEA,0xAE5,0xAEE,0xAF5,
0xAEE,0xAE5,0xAE9,0xAF0,0xAF5,0xAF4,
0xAF2,0xAF6,0xAF6,0xAF4,0xAF4,0xAF7,
0xAF6,0xAEF,0xAED,0xAF5,0xAF8,0xAF5,
0xAFB,0xAFF,0xAF8,0xAF5,0xAF8,0xAF6,
0xAF8,0xAF8,0xAF8,0xAFF,0xB09,0xB09,
0xB0D,0xB0F,0xB0E,0xB0F,0xB10,0xB0B,
0xB09,0xB03,0xB00,0xB04,0xB06,0xB07,
0xB05,0xB06,0xB0D,0xB14,0xB13,0xB13,
0xB17,0xB1A,0xB1F,0xB22,0xB1C,0xB1B,
0xB1E,0xB1F,0xB24,0xB25,0xB1A,0xB18,
0xB20,0xB20,0xB19,0xB10,0xB11,0xB17,
0xB20,0xB26,0xB1F,0xB19,0xB1C,0xB20,
0xB1E,0xB13,0xB09,0xB06,0xB09,0xB0F,
0xB11,0xB0F,0xB16,0xB25,0xB2A,0xB28,
0xB1E,0xB1A,0xB1C,0xB1D,0xB20,0xB28,
0xB27,0xB22,0xB27,0xB2D,0xB2B,0xB21,
0xB17,0xB13,0xB18,0xB18,0xB12,0xB0C,
0xB10,0xB11,0xB14,0xB14,0xB16,0xB18,
0xB19,0xB1F,0xB1E,0xB17,0xB10,0xB0F,
0xB12,0xB19,0xB1B,0xB1D,0xB21,0xB23,
0xB1F,0xB1A,0xB17,0xB19,0xB1A,0xB12,
0xB0E,0xB10,0xB0F,0xB0A,0xB0B,0xB0B,
0xB0A,0xB0D,0xB16,0xB16,0xB10,0xB15,
0xB21,0xB24,0xB1C,0xB14,0xB13,0xB18,
0xB1D,0xB1E,0xB1F,0xB20,0xB1A,0xB14,
0xB10,0xB0F,0xB0E,0xB0B,0xB0B,0xB12,
0xB1B,0xB19,0xB10,0xB0E,0xB11,0xB11,
0xB0C,0xB0A,0xB0B,0xB09,0xB04,0xAFD,
0xAFB,0xAF9,0xAF0,0xAE9,0xAEB,0xAF3,
0xAFC,0xB07,0xB0E,0xB0D,0xB0B,0xB0F,
0xB13,0xB15,0xB19,0xB1F,0xB1F,0xB1D,
0xB23,0xB24,0xB19,0xB11,0xB18,0xB1B,
0xB17,0xB19,0xB1F,0xB1C,0xB1C,0xB25,
0xB2C,0xB28,0xB1F,0xB14,0xB0D,0xB11,
0xB17,0xB0F,0xB03,0xB00,0xB04,0xB0E,
0xB16,0xB1B,0xB1E,0xB1A,0xB14,0xB18,
0xB15,0xB09,0xB01,0xAFF,0xAFE,0xB04,
0xB09,0xB0D,0xB15,0xB1E,0xB27,0xB2F,
0xB2A,0xB1D,0xB19,0xB19,0xB1A,0xB1C,
0xB15,0xB12,0xB17,0xB19,0xB22,0xB2B,
0xB2F,0xB2C,0xB21,0xB1D,0xB20,0xB13,
0xB02,0xAF7,0xAE6,0xAE4,0xAEB,0xAEB,
0xAE7,0xAE4,0xAE1,0xADF,0xAE0,0xAE6,
0xAE7,0xAE3,0xAE7,0xAF0,0xAEE,0xAE8,
0xAE4,0xAE1,0xAE4,0xAF2,0xAFC,0xAFC,
0xAF1,0xADB,0xAC9,0xAC7,0xAD0,0xAE1,
0xAF1,0xAF7,0xAFA,0xAFD,0xAFB,0xAFA,
0xAF9,0xAF3,0xAF5,0xAFE,0xB03,0xB07,
0xB0A,0xB0F,0xB1A,0xB1D,0xB1C,0xB18,
0xB0A,0xB0B,0xB21,0xB28,0xB22,0xB22,
0xB19,0xB12,0xB1B,0xB24,0xB24,0xB20,
0xB14,0xB08,0xB05,0xB11,0xB1F,0xB34,
0xB56,0xB66,0xB69,0xB69,0xB4C,0xB2C,
0xB0F,0xAEC,0xADA,0xAE0,0xAF7,0xB1E,
0xB4E,0xB7C,0xB93,0xB96,0xB95,0xB81,
0xB61,0xB45,0xB22,0xB03,0xB0A,0xB10,
0xB13,0xB48,0xB79,0xB81,0xB7D,0xB74,
0xB60,0xB45,0xB26,0xB04,0xAF8,0xB11,
0xB28,0xB2C,0xB2F,0xB33,0xB28,0xB18,
0xB13,0xB20,0xB4A,0xB5F,0xB51,0xB5B,
0xB62,0xB4A,0xB3B,0xB26,0xB03,0xAED,
0xAE5,0xAF2,0xB02,0xB1F,0xB50,0xB60,
0xB63,0xB7B,0xB5C,0xB10,0xAE7,0xAD2,
0xABF,0xAD9,0xB14,0xB29,0xB52,0xB8D,
0xB82,0xB62,0xB53,0xAF9,0xAAB,0xAA2,
0xA6B,0xA69,0xAC4,0xADA,0xB06,0xB6E,
0xB93,0xBC6,0xC12,0xC41,0xC36,0xBC5,
0xB0E,0xA4A,0x990,0x91C,0x8EF,0x936,
0x9EB,0xAA1,0xB9B,0xCB7,0xD62,0xD83,
0xD21,0xC49,0xB48,0xA7D,0xA06,0x9C7,
0x9C5,0x9EB,0xA16,0xA44,0xAAB,0xB0C,
0xB2A,0xB97,0xBE2,0xBD8,0xBE7,0xBCA,
0xBAE,0xB73,0xAE8,0xA7A,0x9EE,0x97D,
0x999,0x9CF,0xA3C,0xB22,0xBDB,0xC3F,
0xCD1,0xD43,0xD5E,0xD13,0xC11,0xA87,
0x903,0x82C,0x7CB,0x7F1,0x8F8,0xA25,
0xB78,0xC9C,0xD1A,0xD6A,0xCEB,0xBBC,
0xA84,0x96C,0x8F9,0x93F,0x9FF,0xADE,
0xBD0,0xC8C,0xCB7,0xCCA,0xC80,0xBE5,
0xB8F,0xB45,0xB22,0xAF7,0xAB3,0xA7B,
0xA12,0x9BA,0x98A,0x9B6,0xA54,0xADA,
0xB70,0xC22,0xC7B,0xC84,0xC30,0xB97,
0xAE2,0xA1A,0x959,0x8B1,0x893,0x938,
0xA3C,0xB97,0xCCE,0xD2D,0xD08,0xCDA,
0xC91,0xC36,0xBD6,0xB0C,0xA18,0x980,
0x8CD,0x831,0x87F,0x9A7,0xB50,0xCE9,
0xDDE,0xE24,0xDB1,0xCA5,0xB88,0xAD2,
0xAA7,0xAA5,0xA38,0x9D4,0x9CF,0x998,
0x956,0x95A,0x9AC,0xA5C,0xB36,0xC05,
0xC84,0xC95,0xC09,0xAC1,0x9B4,0x949,
0x935,0x9CB,0xAE5,0xC04,0xCD6,0xD21,
0xD34,0xCFF,0xC6D,0xBC8,0xB42,0xAFB,
0xA8B,0x9CE,0x91B,0x883,0x831,0x844,
0x8D4,0x9B6,0xAA0,0xBB9,0xC65,0xC68,
0xBF0,0xB09,0xA2B,0x981,0x943,0x98D,
0xA51,0xB45,0xBB9,0xBF3,0xC11,0xBEC,
0xBD3,0xBC5,0xC0B,0xC5F,0xC9E,0xC8A,
0xBD5,0xB6D,0xB17,0xAA5,0xAAB,0xA93,
0xA72,0xA3C,0x9C4,0x9AC,0x9A6,0x9EA,
0xA70,0xAA1,0xADA,0xAFA,0xAB4,0xA68,
0xA5F,0xAAA,0xB2C,0xBC6,0xC54,0xC97,
0xC5D,0xBEE,0xB8E,0xB3D,0xB23,0xB04,
0xB3A,0xB85,0xB80,0xBE6,0xC0C,0xC1E,
0xC99,0xC61,0xBF0,0xB85,0xA82,0x97A,
0x8C4,0x868,0x856,0x884,0x8B1,0x974,
0xAF7,0xC47,0xDB2,0xF0C,0xF8F,0xF22,
0xDA2,0xBE5,0xA8D,0x9B8,0x988,0x986,
0x9D6,0xA4C,0xADA,0xB9C,0xC76,0xD6D,
0xDEE,0xDDB,0xD60,0xC39,0xAC1,0x97A,
0x8A2,0x85C,0x8DC,0x9C2,0xA5B,0xB3C,
0xBFE,0xC1E,0xC30,0xC20,0xBD9,0xB97,
0xB6C,0xB7E,0xB8C,0xB29,0xA80,0x9C4,
0x918,0x8F1,0x92D,0x9F4,0xB8E,0xCAA,
0xD6E,0xE3E,0xE48,0xDC6,0xCA9,0xB1B,
0x9B7,0x8CA,0x8E0,0x96B,0xA23,0xB2E,
0xBF7,0xC6E,0xC7B,0xC45,0xB93,0xA3B,
0x8D9,0x7B7,0x737,0x76F,0x843,0x99A,
0xB17,0xCDD,0xE08,0xE26,0xDE6,0xCEA,
0xBC6,0xAF5,0xA4E,0xA6A,0xA8F,0xA8B,
0xB14,0xB5B,0xB2F,0xB26,0xB60,0xBCF,
0xC29,0xC5C,0xC70,0xC21,0xB19,0x9A2,
0x872,0x7A2,0x715,0x6EE,0x735,0x82E,
0x9BE,0xB84,0xD22,0xDFA,0xDFA,0xD8E,
0xCF6,0xC4E,0xB98,0xAF2,0xA6F,0x9FE,
0x9DC,0x9F4,0xA10,0xA8D,0xBB4,0xCE6,
0xD70,0xD7A,0xD26,0xC28,0xAE6,0x9ED,
0x970,0x9D1,0xA81,0xAA8,0xAD4,0xB04,
0xAA3,0xA44,0x9EF,0x987,0x970,0x9DC,
0xA99,0xB04,0xB17,0xAF3,0xA85,0xA25,
0x9FF,0xA85,0xB99,0xC8F,0xD68,0xDC5,
0xDA1,0xD31,0xC59,0xB87,0xB02,0xACD,
0xAF2,0xAE0,0xA7B,0xA58,0xA4C,0xA0F,
0xA25,0xA30,0x9C4,0x965,0x951,0x9AC,
0xA2F,0xA9F,0xB2D,0xB95,0xBDA,0xC2E,
0xC69,0xCE2,0xD87,0xDA1,0xD42,0xCC7,
0xC07,0xB5A,0xAB1,0x9D4,0x9B7,0xA55,
0xB04,0xB97,0xC3A,0xD20,0xD8F,0xD48,
0xCB0,0xBBF,0xAB2,0x980,0x8A2,0x897,
0x8E6,0x97A,0xA7F,0xBF8,0xD3D,0xDD2,
0xE04,0xDBE,0xD4E,0xD02,0xC94,0xC0A,
0xB3A,0xA53,0x960,0x8CC,0x925,0x9D6,
0xAD8,0xBF7,0xC86,0xD05,0xD47,0xCF5,
0xCDB,0xCC4,0xC23,0xB20,0x9E3,0x8DE,
0x856,0x817,0x8B8,0x9F1,0xA87,0xAF8,
0xC0B,0xD5C,0xE32,0xE2B,0xD7A,0xC03,
0xA15,0x894,0x783,0x765,0x888,0xA34,
0xBE3,0xD19,0xDB6,0xDF8,0xD8A,0xC97,
0xBB1,0xAED,0xA53,0x9C5,0x952,0x93E,
0x9A6,0xA28,0xA6A,0xAC3,0xB12,0xB3A,
0xB6E,0xB1E,0xA8F,0xA05,0x981,0x945,
0x8E5,0x8EB,0x98A,0xA1F,0xADE,0xB89,
0xC12,0xC88,0xC9C,0xC63,0xBD7,0xB63,
0xACD,0xA04,0x935,0x7D8,0x6D6,0x6D9,
0x797,0x92C,0xB2B,0xD02,0xE45,0xF09,
0xF0C,0xE18,0xD05,0xB5F,0x98E,0x835,
0x690,0x5AB,0x5C4,0x66D,0x833,0xA45,
0xC2C,0xD8E,0xDF6,0xDF2,0xDB2,0xD6D,
0xD1E,0xC5D,0xB37,0xA55,0x9E0,0x949,
0x8F6,0x91F,0x969,0xA0B,0xAF7,0xC4A,
0xDA5,0xE1B,0xD98,0xCAE,0xBE4,0xB1E,
0xA93,0xA74,0xA3F,0xA0B,0xA04,0xA22,
0xA8E,0xB1A,0xBB9,0xC1E,0xC05,0xBA9,
0xB3A,0xAB3,0xA53,0xA4C,0xA5D,0xAAB,
0xB1A,0xB4A,0xBB5,0xC02,0xBEB,0xC08,
0xBA6,0xACF,0xA26,0x9BA,0x9B9,0xA1D,
0xAC8,0xB57,0xB8B,0xBBA,0xBCE,0xC02,
0xC4E,0xC6A,0xCD1,0xD4A,0xD72,0xD14,
0xC4A,0xBAC,0xADE,0xA04,0x9D8,0x9BE,
0x95D,0x8E3,0x89E,0x8C2,0x94A,0xA2A,
0xAF1,0xB6F,0xB91,0xB70,0xB30,0xB10,
0xB49,0xBA0,0xBF0,0xC44,0xC96,0xC89,
0xBEF,0xB70,0xABC,0x9D3,0x954,0x930,
0x9BA,0xAA7,0xBA3,0xCBB,0xD6D,0xDE2,
0xE3B,0xDC1,0xCEA,0xC07,0xAD7,0x9AE,
0x8F8,0x8B0,0x8B7,0x886,0x83E,0x91D,
0xAD6,0xCC9,0xEB0,0xFDF,0x1016,0xF37,
0xD51,0xB7D,0xA34,0x967,0x921,0x940,
0x9D0,0xA76,0xB0B,0xBC4,0xCEF,0xE3E,
0xEF3,0xEEB,0xE38,0xCF6,0xB68,0x9F6,
0x8BE,0x7FD,0x822,0x88A,0x905,0xA1F,
0xB30,0xBC0,0xC37,0xC2D,0xC03,0xC3D,
0xC68,0xCBB,0xCD2,0xC09,0xABD,0x934,
0x7F4,0x75C,0x756,0x86A,0xA66,0xBF6,
0xCD8,0xDA9,0xDDF,0xD8A,0xC7A,0xADE,
0x9B2,0x942,0x97B,0x957,0x94B,0xA03,
0xA9E,0xB09,0xB95,0xC4F,0xCF5,0xC87,
0xB39,0x9B1,0x826,0x73D,0x71F,0x7BA,
0x93E,0xB78,0xD07,0xDA5,0xD98,0xC54,
0xAC5,0x93F,0x7E9,0x7E7,0x844,0x8D3,
0xA34,0xB22,0xB5F,0xB65,0xB61,0xB80,
0xB8A,0xB9A,0xBC7,0xBEC,0xB72,0xA5E,
0x94C,0x87F,0x839,0x811,0x7B9,0x7E2,
0x8D0,0x9BA,0xA36,0xAB2,0xB40,0xBE4,
0xCF0,0xE34,0xF15,0xF3A,0xE5C,0xCB1,
0xAE2,0x911,0x7A3,0x727,0x7C4,0x941,
0xAB8,0xBCE,0xCBC,0xCFB,0xCBB,0xC96,
0xC79,0xCD8,0xD41,0xCEF,0xCBA,0xC40,
0xB3A,0xA76,0x967,0x87B,0x879,0x91C,
0xA4E,0xB52,0xBDA,0xC0E,0xBB5,0xB65,
0xB6E,0xC2A,0xD10,0xD52,0xD40,0xCAC,
0xBA1,0xAEB,0xAB6,0xAAD,0xACA,0xAF9,
0xB0F,0xAE6,0xA97,0xA31,0xA2E,0xA68,
0xA9D,0xAE4,0xAD1,0xAEC,0xB43,0xB38,
0xB27,0xB09,0xAFA,0xAED,0xACC,0xAF8,
0xB5A,0xBE8,0xC4D,0xC3F,0xC1A,0xC62,
0xCAB,0xCFF,0xD57,0xD1E,0xCF8,0xCEA,
0xC9E,0xC6A,0xC3D,0xC2B,0xBD6,0xB35,
0xA76,0x975,0x8D2,0x874,0x895,0x972,
0xA6A,0xB8C,0xCFB,0xE32,0xEDD,0xEA7,
0xDEA,0xD1C,0xC7E,0xC57,0xC3F,0xC23,
0xB99,0xAB8,0x9D1,0x8E1,0x89A,0x8FE,
0x9D3,0xB06,0xBC4,0xC8C,0xD5B,0xD69,
0xD81,0xD15,0xBAA,0xA60,0x91E,0x827,
0x7FF,0x7FB,0x90D,0xABB,0xB58,0xBED,
0xD29,0xEA1,0xFA5,0xFBE,0xEF5,0xD27,
0xAF8,0x8EC,0x764,0x74E,0x85E,0x9C6,
0xB42,0xC43,0xCC3,0xCF0,0xC54,0xB8D,
0xB35,0xAE0,0xAA3,0xA60,0x9CB,0x959,
0x96E,0x9AC,0xA23,0xAD6,0xB35,0xBAF,
0xC06,0xB9D,0xB14,0x9F7,0x8DD,0x8A2,
0x884,0x8FE,0x986,0x969,0x965,0x94C,
0x9B4,0xA94,0xB0E,0xB6D,0xB7A,0xB6F,
0xB52,0xADD,0xA39,0x94A,0x8B6,0x89C,
0x8D1,0x9DF,0xB2A,0xC04,0xC5D,0xC78,
0xC97,0xC32,0xB76,0xA81,0x9E5,0x982,
0x881,0x7AB,0x748,0x771,0x86C,0x9A2,
0xAC0,0xC03,0xCCC,0xD0F,0xD44,0xD1D,
0xCE8,0xC60,0xB56,0xAAB,0xA39,0x9D8,
0x982,0x928,0x963,0xA07,0xADA,0xBEF,
0xC98,0xC8B,0xBE1,0xAD4,0xA23,0x9C7,
0x9B9,0xA08,0xA37,0xA65,0xAC1,0xB09,
0xB4B,0xBA0,0xBD7,0xBAE,0xB6F,0xB27,
0xB05,0xB3C,0xB69,0xBA2,0xBBA,0xB74,
0xB00,0xA62,0x9EF,0x9BA,0x981,0x9B9,
0x9E8,0x9B1,0x9DD,0xAA1,0xBE0,0xD3A,
0xE22,0xE67,0xE21,0xD8A,0xC76,0xB40,
0xA7F,0x9F8,0x9EA,0xA21,0xA84,0xAFA,
0xB47,0xBA9,0xBDF,0xC17,0xC62,0xC5B,
0xBD1,0xAF1,0x9F9,0x927,0x8CD,0x8E4,
0x90F,0x934,0x99B,0xA29,0xA96,0xB50,
0xC49,0xD36,0xE45,0xED2,0xEAE,0xE12,
0xCF5,0xBC3,0xA5A,0x923,0x878,0x81A,
0x866,0x927,0xA2F,0xB7B,0xC86,0xD77,
0xE31,0xE31,0xDD5,0xD2C,0xC54,0xBA4,
0xB28,0xB00,0xADA,0xA4E,0xA2F,0xB4B,
0xCFE,0xE8F,0xFBA,0xFF9,0xF59,0xDE6,
0xB89,0x96B,0x7E8,0x6F9,0x706,0x7D9,
0x91A,0xA7B,0xBFB,0xDD1,0xFF2,0x11A7,
0x121B,0x112E,0xF11,0xC7A,0xA44,0x8A4,
0x799,0x790,0x845,0x8E7,0x9D9,0xB70,
0xCA9,0xD52,0xDA9,0xD90,0xD53,0xCDC,
0xC2F,0xB8E,0xAA7,0x983,0x843,0x6FE,
0x674,0x687,0x710,0x8C4,0xB32,0xD46,
0xED5,0xFDE,0x101A,0xFC3,0xE72,0xC90,
0xAFA,0xA07,0x994,0x8D5,0x849,0x87B,
0x8BF,0x8D2,0x942,0xA74,0xBA5,0xBBF,
0xB11,0xA14,0x933,0x8CD,0x8D4,0x981,
0xACD,0xC2B,0xD17,0xD95,0xD64,0xC7C,
0xB3B,0x98E,0x860,0x835,0x83B,0x889,
0x956,0xA1B,0xAB0,0xB1C,0xB60,0xB30,
0xA8A,0x9E6,0x991,0x996,0x94F,0x8A8,
0x81C,0x836,0x904,0x987,0x99A,0x9F3,
0xA96,0xAF9,0xAFF,0xACF,0xA61,0xA52,
0xB06,0xC0C,0xD0C,0xD94,0xD24,0xBFA,
0xAA1,0x918,0x7D9,0x745,0x755,0x80C,
0x8D8,0x9D8,0xB0F,0xBE6,0xCBC,0xD6D,
0xDF2,0xEB9,0xEF1,0xE66,0xDC1,0xCC8,
0xB7F,0xA41,0x898,0x72A,0x6D3,0x73F,
0x81E,0x919,0x9E0,0xA89,0xB23,0xB79,
0xC05,0xCF5,0xD75,0xD60,0xCEC,0xC09,
0xAE5,0xA14,0x9D9,0xA15,0xA7D,0xAF4,
0xB84,0xBBC,0xBB4,0xBBF,0xBA2,0xB8C,
0xB98,0xB49,0xA8F,0x9E5,0x981,0x94A,
0x967,0x9AF,0xA11,0xAD0,0xB9F,0xC26,
0xC92,0xCE6,0xCA9,0xBF7,0xB66,0xB2B,
0xB2E,0xB73,0xBA4,0xBB5,0xC60,0xD5A,
0xDD8,0xDE7,0xDD4,0xDD8,0xDA0,0xCEE,
0xBB4,0xA2C,0x8BE,0x7BE,0x7A6,0x828,
0x8FE,0xA4A,0xC02,0xDDB,0xF0D,0xF33,
0xED2,0xE47,0xDDB,0xDCD,0xD7A,0xCC4,
0xBB3,0xA4B,0x8B1,0x767,0x730,0x7BA,
0x8EF,0xA89,0xBE5,0xD90,0xEBF,0xEB5,
0xE43,0xD17,0xB69,0x9B4,0x7F2,0x759,
0x7C0,0x86C,0xA27,0xBE1,0xC80,0xD3B,
0xEA8,0x1026,0x10E2,0x1092,0xF2E,0xCAC,
0x9C8,0x729,0x56E,0x569,0x6CF,0x8C7,
0xAE3,0xCA1,0xDD9,0xE75,0xE19,0xD78,
0xCC3,0xBC9,0xAFA,0x9E1,0x8A0,0x817,
0x838,0x8A8,0x9B7,0xB26,0xC64,0xD9A,
0xE4E,0xE3D,0xD9D,0xC57,0xAFC,0x991,
0x85C,0x817,0x7F9,0x7E3,0x810,0x863,
0x95B,0xA7E,0xB15,0xB68,0xB8C,0xB59,
0xAFD,0xAF3,0xADB,0xA44,0x9D7,0x9AD,
0x9C0,0xA77,0xB86,0xC2E,0xC3A,0xC1C,
0xBAE,0xAC6,0x9C9,0x8E8,0x8E0,0x913,
0x8D4,0x8BB,0x8CC,0x954,0xA5B,0xB55,
0xC18,0xCBC,0xCB1,0xC5B,0xC3B,0xBF3,
0xBE1,0xB8B,0xAB3,0xA0A,0x982,0x962,
0x9B9,0xA37,0xB15,0xBF8,0xCB4,0xD2F,
0xCF9,0xC17,0xAAE,0x958,0x88A,0x80E,
0x810,0x89C,0x96A,0xA59,0xB47,0xC4F,
0xD59,0xE1A,0xE54,0xDC0,0xCDA,0xBF3,
0xB10,0xA5A,0x9ED,0x9CF,0x9B5,0x98D,
0x947,0x8E3,0x8E5,0x960,0x9F2,0xAB6,
0xB08,0xAE9,0xB4F,0xBDE,0xC7F,0xD39,
0xDA5,0xDA0,0xD24,0xC47,0xB31,0xA64,
0x9C9,0x94A,0x95E,0x9C4,0xA66,0xB0E,
0xB67,0xBC3,0xC16,0xC54,0xC7C,0xC1B,
0xB1B,0xA08,0x980,0x96A,0x97A,0x9CC,
0x9F7,0x9BE,0x993,0x998,0x9BA,0xA55,
0xB5C,0xC94,0xDC9,0xE87,0xEB7,0xE0C,
0xCDF,0xBDD,0xAAE,0x99B,0x8D7,0x850,
0x883,0x938,0xA59,0xB98,0xC8B,0xD82,
0xE23,0xE3B,0xDE6,0xCEF,0xBCA,0xB08,
0xAA3,0xA9D,0xAD3,0xAB4,0xAE5,0xBF1,
0xD24,0xE2C,0xEC9,0xEC0,0xE15,0xCB7,
0xAEB,0x965,0x87E,0x822,0x85F,0x944,
0xA72,0xBB9,0xCFF,0xE59,0xFE0,0x109E,
0x1055,0xF18,0xCCB,0xA8C,0x8D8,0x7BC,
0x72C,0x76E,0x896,0x995,0xAC5,0xC7C,
0xDC2,0xE70,0xE9D,0xE34,0xD9C,0xCB8,
0xB7B,0xA55,0x93B,0x853,0x7A3,0x70F,
0x725,0x792,0x82D,0x9B9,0xBA3,0xD35,
0xE9F,0xF7F,0xF7C,0xE9C,0xCFD,0xB76,
0xA57,0x9E8,0x9E6,0x99D,0x9BA,0xA22,
0xA51,0xA4E,0xA57,0xAE2,0xB73,0xB6F,
0xAE7,0x9F6,0x905,0x88D,0x87F,0x8D5,
0x9CE,0xB06,0xBCB,0xC5E,0xC7B,0xC10,
0xB83,0xA7F,0x9CC,0x9D6,0x9EA,0xA21,
0xA4F,0xA53,0xA6E,0xA75,0xA99,0xA67,
0x9E4,0x9AC,0x9BB,0x9F5,0x9D7,0x970,
0x8F6,0x8B4,0x927,0x9BF,0xA01,0xA5E,
0xADA,0xB03,0xAF3,0xAD8,0xAA7,0xADF,
0xB6C,0xC00,0xC96,0xCBE,0xC3B,0xB27,
0x9F8,0x8C4,0x7DF,0x7CE,0x875,0x982,
0xA79,0xB66,0xC3F,0xCB6,0xD26,0xD7D,
0xDB2,0xDDB,0xD6F,0xCB2,0xBEB,0xAF1,
0xA27,0x95B,0x86D,0x7DE,0x7F5,0x8E4,
0x9FC,0xAAB,0xB1E,0xB3C,0xB61,0xB78,
0xB9E,0xC21,0xC6A,0xC53,0xBEE,0xB43,
0xAA3,0xA7D,0xB0E,0xC1E,0xCFA,0xD79,
0xD97,0xD09,0xC30,0xB5A,0xA6A,0x999,
0x94A,0x911,0x8DE,0x91F,0x986,0xA0E,
0xAA3,0xB09,0xB98,0xC30,0xCB9,0xCD8,
0xC79,0xC1C,0xB75,0xAC2,0xA8A,0xA7F,
0xAA3,0xB21,0xB62,0xBB4,0xCA2,0xD6E,
0xDDA,0xDDA,0xD94,0xD4F,0xCCC,0xC09,
0xAF4,0x9B9,0x89B,0x7EB,0x814,0x8BB,
0x9BF,0xB1D,0xC86,0xDD3,0xE55,0xDD9,
0xD14,0xC55,0xC0E,0xC41,0xC37,0xBBE,
0xAD0,0x9DA,0x8E2,0x803,0x809,0x8BC,
0x9F5,0xB22,0xC04,0xD4A,0xE3E,0xE76,
0xE8D,0xDFD,0xCD5,0xBA0,0xA37,0x994,
0x999,0x9B6,0xA8B,0xB20,0xAE5,0xB0B,
0xBD8,0xCD7,0xD7B,0xD54,0xC61,0xB04,
0x998,0x862,0x7DE,0x85C,0x9BA,0xB3A,
0xC85,0xD68,0xDB9,0xDB8,0xD5F,0xD0F,
0xCAB,0xBF6,0xB47,0xA6A,0x946,0x891,
0x85A,0x84B,0x921,0xA9C,0xBD3,0xD10,
0xDCB,0xDD9,0xD7B,0xC40,0xAF2,0x9BE,
0x8C1,0x847,0x7CC,0x7D0,0x84E,0x8F1,
0xA25,0xB31,0xBAA,0xBBF,0xB5E,0xAD5,
0xA8C,0xABA,0xAC3,0xA6E,0xA28,0xA06,
0xA58,0xB2A,0xC34,0xCC5,0xC90,0xC0B,
0xB24,0xA3C,0x996,0x921,0x9B7,0xA7E,
0xA8D,0xA55,0x9FA,0x9D5,0x9F7,0x9FC,
0xA06,0xA47,0xA52,0xA4E,0xA61,0xAC4,
0xB7D,0xB97,0xB51,0xB48,0xB3C,0xB2B,
0xB27,0xB2B,0xB44,0xB6A,0xBD5,0xC65,
0xC60,0xBC6,0xAAA,0x975,0x8E9,0x8A8,
0x8C1,0x916,0x950,0x9FA,0xAE1,0xBF4,
0xD08,0xDC8,0xE1D,0xD8E,0xC77,0xB5A,
0xA69,0x9D1,0x986,0x96D,0x96A,0x986,
0x96C,0x91D,0x959,0x9DD,0xA76,0xB5F,
0xBC6,0xBF7,0xC7D,0xD04,0xD39,0xD1B,
0xCEB,0xC5A,0xBBC,0xB49,0xA7D,0x9C1,
0x949,0x952,0x9CF,0xA91,0xB5A,0xB97,
0xBB2,0xBAD,0xB9E,0xBD5,0xBFA,0xBC1,
0xADF,0x9BB,0x916,0x8FD,0x948,0x990,
0x952,0x90D,0x958,0x9B5,0x9FE,0xADF,
0xC3D,0xDA8,0xEC0,0xF19,0xEB0,0xD81,
0xC05,0xAD6,0x993,0x89E,0x833,0x808,
0x888,0x93D,0xA3F,0xB96,0xCB4,0xDCA,
0xE67,0xE52,0xDBE,0xC9A,0xB63,0xA9C,
0xA72,0xADE,0xB2D,0xAEF,0xAEE,0xBA7,
0xCAF,0xDD1,0xE7F,0xE6C,0xDED,0xC7F,
0xA93,0x93B,0x86F,0x840,0x881,0x952,
0xAC3,0xC31,0xDAA,0xEFD,0x1036,0x10E5,
0x103C,0xE94,0xC51,0xA53,0x8E0,0x7B6,
0x732,0x78E,0x87B,0x967,0xAB3,0xC58,
0xD96,0xE56,0xE60,0xDD0,0xD42,0xC85,
0xB69,0xA51,0x960,0x8A5,0x814,0x7BF,
0x7FC,0x834,0x89E,0xA1B,0xBFE,0xD5B,
0xE42,0xEC6,0xE92,0xD7E,0xBC1,0xA15,
0x912,0x90E,0x96B,0x969,0x9CE,0xAB9,
0xB57,0xB81,0xBAB,0xC1E,0xC54,0xBC5,
0xAB2,0x977,0x89A,0x875,0x88B,0x8DA,
0x9BA,0xABB,0xB6A,0xBD1,0xBEE,0xBA7,
0xAEE,0xA05,0x9C5,0xA20,0xA48,0xA7F,
0xAE5,0xB2B,0xB3A,0xB15,0xAF3,0xA7E,
0xA01,0x9EB,0xA11,0xA6E,0xA8E,0xA1F,
0x94B,0x8DB,0x932,0x9A6,0xA28,0xAE0,
0xB74,0xBB7,0xB90,0xB2F,0xADE,0xACD,
0xB2C,0xBC7,0xC4E,0xC84,0xC08,0xB0E,
0x9E6,0x8C1,0x823,0x826,0x8E5,0xA02,
0xAD7,0xB94,0xC3A,0xC90,0xCDB,0xD1E,
0xD7B,0xDFD,0xDD6,0xD16,0xC18,0xAE2,
0xA0E,0x962,0x89F,0x85B,0x8C8,0x9F4,
0xB39,0xC0A,0xC82,0xC71,0xC1D,0xB9E,
0xB28,0xB2F,0xB3F,0xB13,0xAA9,0xA18,
0x9E0,0xA1D,0xAC0,0xBBD,0xCC1,0xD48,
0xD19,0xC81,0xB9D,0xAA6,0x9DC,0x97E,
0x9BF,0x9E8,0xA1A,0xA94,0xACC,0xAF9,
0xB18,0xB2A,0xB89,0xBE3,0xC19,0xBFC,
0xB93,0xB23,0xA95,0xA40,0xA64,0xAE1,
0xBA0,0xC0D,0xBEA,0xBE9,0xC65,0xCD8,
0xCDC,0xCB1,0xC9E,0xC94,0xC59,0xBD0,
0xB12,0xA28,0x921,0x87D,0x89C,0x922,
0x9FA,0xB16,0xC32,0xD1D,0xD62,0xD27,
0xCAA,0xC04,0xBF3,0xC26,0xC13,0xBFB,
0xB71,0xA76,0x960,0x8B4,0x8D8,0x961,
0xA5E,0xB4A,0xBE2,0xC9C,0xCD5,0xCAF,
0xCC3,0xC9E,0xC2E,0xB72,0xAB8,0xA7F,
0xA79,0xAB5,0xB50,0xB84,0xB2A,0xB08,
0xB62,0xBC8,0xBF5,0xBE6,0xB63,0xA8A,
0x9BD,0x930,0x939,0x9EB,0xAFF,0xC13,
0xCEC,0xD72,0xDB1,0xD82,0xCF6,0xC73,
0xBDC,0xB2C,0xA77,0x998,0x8CA,0x867,
0x842,0x853,0x92D,0xA8E,0xBBB,0xCD7,
0xDA0,0xDDA,0xD6E,0xC62,0xB4A,0xA2A,
0x94B,0x8BC,0x837,0x801,0x806,0x89C,
0x9D0,0xAE4,0xB8C,0xBA1,0xB55,0xAF4,
0xAD5,0xB2D,0xB6C,0xB7A,0xB56,0xB13,
0xB40,0xBCF,0xC64,0xC83,0xC1A,0xB85,
0xAD5,0xA59,0x9D3,0x972,0x9F9,0xA7C,
0xA7E,0xA59,0x9ED,0x9B3,0x9E6,0xA02,
0xA30,0xA6A,0xA44,0xA19,0xA2E,0xAB4,
0xB39,0xB36,0xB4B,0xB80,0xB8C,0xB95,
0xB86,0xB96,0xBAD,0xBC2,0xC4D,0xCE2,
0xCE2,0xC2B,0xAC9,0x979,0x8AA,0x846,
0x85D,0x89A,0x92D,0xA25,0xB11,0xC08,
0xCEE,0xDB9,0xE2A,0xDB1,0xC9A,0xB76,
0xA6D,0x9A8,0x954,0x936,0x94B,0x970,
0x918,0x8A2,0x8A7,0x91A,0xA2A,0xB62,
0xBFB,0xC6D,0xD26,0xDD0,0xE09,0xDE9,
0xD97,0xCFD,0xC69,0xBB3,0xAB2,0x9DA,
0x93E,0x8F9,0x92E,0x9CA,0xA79,0xB12,
0xBAB,0xBE6,0xBFA,0xC24,0xBEE,0xB30,
0xA1F,0x91A,0x890,0x892,0x8EC,0x94F,
0x96F,0x987,0x9E1,0xA3B,0xA78,0xB17,
0xC4C,0xD8B,0xE55,0xE9D,0xE25,0xCDF,
0xB87,0xA85,0x9C7,0x955,0x913,0x8FD,
0x924,0x97A,0xA32,0xB1E,0xC27,0xD43,
0xDDF,0xDEA,0xD9B,0xCE2,0xBF6,0xB67,
0xB8B,0xBE7,0xBA6,0xAE7,0xA9E,0xB13,
0xBD4,0xCA6,0xD2B,0xD30,0xCBD,0xB76,
0x9FB,0x920,0x8C0,0x919,0x9F9,0xAF2,
0xC26,0xD4E,0xE41,0xF43,0x1026,0x1040,
0xF71,0xDCD,0xB6F,0x958,0x7DE,0x6D0,
0x6AB,0x79F,0x8E3,0xA0B,0xBC2,0xDA7,
0xEA8,0xEE2,0xE97,0xDEA,0xD19,0xC0D,
0xAEA,0x9EF,0x913,0x863,0x7CF,0x7B8,
0x86D,0x90A,0x9BA,0xB47,0xCE4,0xDE6,
0xE8D,0xECF,0xE6C,0xD59,0xBE4,0xAA1,
0xA06,0xA51,0xAD5,0xAE9,0xB27,0xBA1,
0xBDE,0xBD9,0xBDD,0xC32,0xC59,0xBBC,
0xA8D,0x930,0x843,0x80A,0x80D,0x869,
0x94A,0xA50,0xB38,0xBC6,0xBE6,0xBB6,
0xB19,0xA4E,0x9F7,0xA03,0xA00,0xA15,
0xA55,0xA76,0xA64,0xA82,0xAB3,0xA84,
0xA5C,0xA68,0xAA5,0xAEB,0xA9F,0x9DD,
0x903,0x8B3,0x932,0x9CC,0xA64,0xB2B,
0xBD7,0xBED,0xB88,0xAF0,0xA6B,0xA88,
0xB2E,0xBFB,0xCA5,0xCAC,0xBE8,0xABF,
0x925,0x78D,0x6C9,0x6C9,0x7B6,0x913,
0xA43,0xB82,0xC68,0xCDA,0xD5D,0xDE1,
0xE81,0xEE0,0xE66,0xD69,0xC28,0xAAF,
0x99A,0x8E4,0x851,0x82D,0x880,0x978,
0xA9E,0xB5A,0xB93,0xB69,0xB2C,0xAD3,
0xAC1,0xB0E,0xB1E,0xAEC,0xA74,0x9B8,
0x95E,0x9E9,0xB16,0xC4F,0xD36,0xD8D,
0xD2F,0xC55,0xB4F,0xA6D,0x9D0,0x9A8,
0x9DC,0x9E3,0x9EE,0xA2D,0xA85,0xB1B,
0xB8C,0xBE3,0xC5F,0xCBD,0xCF9,0xCD0,
0xC59,0xBC7,0xACF,0xA18,0xA20,0xA83,
0xB26,0xB9D,0xBB6,0xBFB,0xC92,0xD0F,
0xD03,0xCBD,0xCA5,0xC76,0xC15,0xB55,
0xA25,0x8F7,0x7FD,0x77D,0x7E4,0x8C5,
0x9D1,0xB3B,0xCA3,0xDA2,0xDF2,0xDAF,
0xD2E,0xCCE,0xCE1,0xCFF,0xCC0,0xC20,
0xAFE,0x996,0x831,0x79A,0x808,0x8CC,
0x9E7,0xAD5,0xBB1,0xCBB,0xD17,0xD31,
0xD7E,0xD55,0xCB5,0xBDB,0xB21,0xABF,
0xA48,0xA29,0xA7F,0xA4B,0x9BA,0x9D3,
0xAAF,0xBB0,0xC5D,0xCCE,0xCC5,0xC22,
0xB45,0xA53,0x9D7,0xA2E,0xAE1,0xB9F,
0xC57,0xCEC,0xD55,0xD4F,0xCE5,0xC70,
0xBC5,0xAF5,0xA33,0x948,0x88D,0x855,
0x862,0x8EB,0xA3A,0xBA8,0xCC5,0xD7E,
0xDAF,0xD83,0xCDF,0xBD1,0xAC6,0x9CE,
0x91A,0x880,0x7E5,0x7B3,0x7E4,0x8BB,
0xA2B,0xB76,0xC56,0xCBC,0xCA6,0xC45,
0xC05,0xC0B,0xBE7,0xB9C,0xB2D,0xA9C,
0xA88,0xB1A,0xBB8,0xC00,0xC1D,0xC1C,
0xBE3,0xB82,0xAB9,0xA37,0xA7B,0xA75,
0xA1E,0x9CF,0x97C,0x976,0x99F,0x992,
0x9A8,0x9BF,0x9AF,0x9F9,0xA75,0xB4D,
0xC16,0xC20,0xC27,0xC21,0xBB5,0xB5E,
0xAF2,0xAAD,0xAC2,0xB06,0xBBC,0xC91,
0xCB4,0xBED,0xAC1,0x9CD,0x910,0x89B,
0x8BB,0x911,0x997,0xA7D,0xB68,0xC45,
0xD10,0xDBF,0xDF9,0xD63,0xC51,0xB34,
0xA4D,0x9C8,0x9A0,0x990,0x987,0x97B,
0x936,0x904,0x934,0x9A4,0xA63,0xB37,
0xB8C,0xBDD,0xCA0,0xD74,0xE1D,0xE6F,
0xE37,0xD93,0xCC1,0xBAE,0xA6A,0x975,
0x91A,0x932,0x9BB,0xAA3,0xB30,0xB70,
0xBD6,0xBE5,0xBC4,0xBC7,0xB75,0xA81,
0x952,0x84E,0x7C9,0x7E3,0x850,0x8CB,
0x910,0x953,0x9D9,0xA48,0xAA8,0xB83,
0xCB2,0xDD2,0xE92,0xE77,0xDA8,0xC93,
0xB56,0xA27,0x933,0x8A4,0x889,0x8D2,
0x978,0xA72,0xBB0,0xCA1,0xD2A,0xD98,
0xDA1,0xD6A,0xCF7,0xC33,0xB8A,0xB4E,
0xB9C,0xBF4,0xB6D,0xA81,0xA7A,0xB1A,
0xBD7,0xC9A,0xCED,0xCCC,0xC37,0xAEB,
0x99A,0x90C,0x914,0x985,0xA48,0xB3C,
0xC3D,0xD32,0xE47,0xF82,0x1080,0x10B9,
0x1009,0xE4D,0xBCA,0x97F,0x7D6,0x6E1,
0x6D8,0x7BE,0x905,0xA42,0xBCB,0xD35,
0xDE6,0xE04,0xD88,0xCD0,0xC3D,0xB78,
0xA9F,0x9F1,0x956,0x8C1,0x81F,0x7B7,
0x7D3,0x7FE,0x8C6,0xA8F,0xC41,0xD9F,
0xEBA,0xF1A,0xEA9,0xD9C,0xC48,0xB27,
0xA8F,0xA85,0xA81,0xA60,0xA84,0xAE1,
0xB07,0xB06,0xB5F,0xBFA,0xC17,0xB63,
0xA23,0x8CC,0x7F7,0x7A1,0x7B0,0x857,
0x972,0xA65,0xB0C,0xB7A,0xB91,0xB75,
0xB09,0xA84,0xAA0,0xAE8,0xAAB,0xAA0,
0xAD4,0xAE3,0xACE,0xAB3,0xAAE,0xA75,
0xA70,0xAD6,0xB44,0xB7C,0xB33,0xA7E,
0x98C,0x910,0x93F,0x94E,0x98C,0xA1E,
0xA78,0xA93,0xA76,0xA37,0xA5C,0xAF5,
0xBE5,0xD14,0xDC7,0xD77,0xC5F,0xAF2,
0x923,0x74B,0x63F,0x62A,0x70D,0x853,
0x97B,0xAD9,0xC23,0xD69,0xE9B,0xF36,
0xFC6,0xFD7,0xECB,0xD83,0xBFB,0xA48,
0x913,0x825,0x789,0x770,0x830,0x9C0,
0xB0A,0xBDC,0xC40,0xC1D,0xBC4,0xB68,
0xB79,0xB9A,0xB44,0xAFA,0xA7B,0x9AD,
0x98A,0xA4C,0xB92,0xCBD,0xD72,0xDF9,
0xE0D,0xD6C,0xC46,0xB06,0xA21,0x9A3,
0x94E,0x91E,0x95A,0x9D9,0xA83,0xB69,
0xC2C,0xCC0,0xD37,0xD6D,0xD60,0xCE6,
0xC26,0xB34,0xA0A,0x96D,0x97C,0x9C9,
0xA9F,0xB5B,0xBBA,0xC76,0xD30,0xD92,
0xD6C,0xCF6,0xCA1,0xC5F,0xBEE,0xB0C,
0x9FC,0x8F4,0x7E1,0x75E,0x7D4,0x8AF,
0x9F8,0xB96,0xD25,0xE27,0xE47,0xDEC,
0xD5B,0xCED,0xCF7,0xCF3,0xC79,0xBDB,
0xADC,0x982,0x848,0x7DD,0x83E,0x911,
0xA52,0xB62,0xC92,0xDCD,0xE09,0xE15,
0xE1A,0xD72,0xC7C,0xB3D,0xA51,0x9C9,
0x925,0x946,0xA0B,0xA2E,0xA20,0xAA8,
0xB81,0xC4C,0xCDA,0xD2B,0xD1F,0xC6A,
0xB43,0xA5C,0xA1E,0xA73,0xB16,0xBBB,
0xC37,0xCB9,0xD28,0xD19,0xCB0,0xC4F,
0xBC7,0xB0D,0xA5A,0x97D,0x8B2,0x864,
0x857,0x8E4,0xA43,0xB6A,0xC4B,0xCF3,
0xD04,0xCDF,0xC4F,0xB56,0xA79,0x99C,
0x900,0x895,0x813,0x7CC,0x807,0x8F2,
0xA3E,0xB4D,0xBD8,0xC03,0xBDE,0xB82,
0xB72,0xBA7,0xBA0,0xB43,0xAA7,0xA29,
0xA13,0xA80,0xB20,0xB94,0xBF1,0xC11,
0xBE1,0xB96,0xAF3,0xAA2,0xADF,0xA90,
0x9FA,0x966,0x8CB,0x8CC,0x8FF,0x8F3,
0x929,0x963,0x9A9,0xA10,0xA93,0xB9A,
0xC52,0xC69,0xC85,0xC65,0xC02,0xB9B,
0xB26,0xAE7,0xAD1,0xB41,0xC08,0xC98,
0xC9D,0xBAE,0xA75,0x9C5,0x94D,0x913,
0x93C,0x94F,0x9AA,0xA1E,0xA8E,0xB4F,
0xC2F,0xD0D,0xD58,0xCCE,0xC19,0xB7E,
0xACF,0xA42,0x9F8,0x99D,0x92C,0x8A7,
0x804,0x7BA,0x80E,0x8DA,0x9EE,0xAEF,
0xB95,0xC50,0xD5C,0xE42,0xED7,0xF06,
0xE73,0xD79,0xC77,0xB29,0x9DC,0x8F3,
0x8A0,0x8E4,0x965,0xA23,0xAE4,0xB92,
0xC58,0xCB1,0xC99,0xC9F,0xC3E,0xB19,
0x9C7,0x8A5,0x7F5,0x7B7,0x7F1,0x86B,
0x8BF,0x967,0xA2F,0xAB5,0xB53,0xC41,
0xD77,0xE7D,0xEE8,0xECA,0xE1A,0xD03,
0xBEA,0xABF,0x998,0x8E0,0x89C,0x8A3,
0x8ED,0x9BF,0xB1E,0xC57,0xD3C,0xDEE,
0xE1D,0xDA6,0xCC1,0xBAF,0xACB,0xA8F,
0xAF4,0xB56,0xB30,0xAE0,0xB32,0xBE8,
0xC8B,0xD19,0xD31,0xCC2,0xBD8,0xA4C,
0x91E,0x8E5,0x915,0x9A1,0xA81,0xB9B,
0xCE4,0xE05,0xF12,0x1028,0x10D2,0x10C4,
0xFAF,0xD98,0xB39,0x935,0x7D9,0x709,
0x716,0x813,0x93E,0xA7B,0xC38,0xDB5,
0xE6A,0xE9C,0xE24,0xD6E,0xC95,0xB90,
0xADC,0xA2A,0x93B,0x88C,0x7F5,0x7C0,
0x7EF,0x810,0x923,0xB20,0xCB2,0xDD9,
0xECD,0xF1B,0xEB2,0xDAC,0xC7C,0xB7C,
0xAF8,0xB1A,0xB16,0xAD8,0xAE6,0xB06,
0xAE9,0xACD,0xB20,0xBA5,0xBB6,0xB0B,
0x9C8,0x891,0x7EA,0x7B4,0x7DA,0x86F,
0x965,0xA79,0xB26,0xB4F,0xB28,0xAB1,
0x9FE,0x952,0x935,0x98E,0x9CD,0xA4E,
0xAEF,0xB39,0xB3F,0xB08,0xAB2,0xA6A,
0xA4E,0xAA1,0xB0B,0xB16,0xAA1,0x9BF,
0x8EE,0x8AD,0x8BD,0x8E1,0x974,0xA2C,
0xA8D,0xAB0,0xAB2,0xAA1,0xAB9,0xB3F,
0xC2F,0xD17,0xDA5,0xD4E,0xBFD,0xA71,
0x8A0,0x6E7,0x60F,0x60B,0x6FC,0x887,
0xA03,0xB8C,0xCF4,0xE29,0xEF6,0xF53,
0xFBA,0xF81,0xE78,0xD44,0xBD4,0xA85,
0x9A7,0x8DD,0x83F,0x806,0x8B6,0x9EC,
0xAB2,0xB32,0xB6F,0xB2F,0xAC9,0xA89,
0xA93,0xAC7,0xAD4,0xACD,0xA8D,0xA1D,
0xA25,0xABB,0xB9C,0xC8D,0xD0D,0xD4F,
0xD4B,0xCAB,0xBB9,0xAAD,0x9E5,0x97F,
0x93D,0x919,0x939,0x9BA,0xA8D,0xB80,
0xC61,0xD26,0xDD3,0xE10,0xDB1,0xCCF,
0xBAF,0xA80,0x933,0x889,0x8C3,0x97B,
0xAB8,0xBC8,0xC6F,0xD5B,0xE44,0xEAE,
0xE6D,0xDDB,0xD63,0xCDC,0xC2E,0xB42,
0xA35,0x945,0x87C,0x85F,0x8E5,0x997,
0xAC5,0xC13,0xD4B,0xE2C,0xE54,0xE27,
0xDB6,0xD7D,0xD9C,0xD6F,0xCF2,0xC05,
0xAA1,0x919,0x7DF,0x7AC,0x80F,0x8E8,
0xA2B,0xB1D,0xC58,0xD65,0xD97,0xDDD,
0xE02,0xD88,0xCB5,0xB80,0xA91,0x9F1,
0x93C,0x926,0x964,0x91E,0x903,0x99B,
0xA70,0xB32,0xBC2,0xBF4,0xBA1,0xB09,
0xA70,0xA24,0xA6B,0xB0A,0xBB7,0xC41,
0xC83,0xCAA,0xCB2,0xC45,0xBC5,0xB4B,
0xAAC,0xA35,0x9BF,0x91C,0x8B9,0x8B6,
0x8E9,0x9A6,0xAF6,0xC11,0xCFD,0xD97,
0xD8A,0xD65,0xCCA,0xBE8,0xB3B,0xA53,
0x9A1,0x91B,0x87B,0x838,0x847,0x8FD,
0xA49,0xB59,0xBEA,0xC3A,0xC6E,0xC45,
0xC34,0xC3D,0xBDE,0xB69,0xAF1,0xABE,
0xB2C,0xBBC,0xC1B,0xC29,0xC0A,0xBD8,
0xB53,0xADE,0xA63,0xA1E,0xA3D,0x9ED,
0x96B,0x8D2,0x821,0x82E,0x86A,0x894,
0x90D,0x943,0x984,0x9E5,0xA64,0xB25,
0xB7B,0xB7F,0xB8E,0xB71,0xB2F,0xAFF,
0xB13,0xB3C,0xB89,0xC21,0xCAF,0xD01,
0xCAF,0xBA0,0xA94,0x9E6,0x93C,0x8E0,
0x8F6,0x920,0x9A0,0xA47,0xB0E,0xC05,
0xCCE,0xD7A,0xDA7,0xD23,0xC82,0xBEA,
0xB61,0xAFC,0xADD,0xAA6,0xA22,0x993,
0x8D4,0x84A,0x87C,0x922,0xA3D,0xB75,
0xC31,0xD01,0xE01,0xEE1,0xF71,0xF55,
0xEBD,0xDE8,0xCBD,0xB4B,0x9F7,0x926,
0x8BE,0x8BE,0x93E,0x9E9,0xA92,0xB25,
0xB93,0xBBC,0xBB4,0xBB6,0xB59,0xA65,
0x93A,0x845,0x7C7,0x777,0x763,0x786,
0x7B0,0x856,0x91A,0x9D4,0xAD0,0xBFA,
0xD4A,0xE55,0xEB9,0xE89,0xDAC,0xC62,
0xB28,0x9F1,0x8FF,0x894,0x894,0x8F8,
0x997,0xA96,0xBE2,0xCC1,0xD64,0xDD2,
0xDBA,0xD38,0xC52,0xB55,0xA8F,0xA3F,
0xA8C,0xAFD,0xAE2,0xACA,0xB81,0xC72,
0xD25,0xDA6,0xDB3,0xD6B,0xC8A,0xAFB,
0x9E2,0x991,0x985,0x9BF,0xA55,0xB64,
0xCD9,0xE1C,0xF45,0x1074,0x1118,0x10DA,
0xF75,0xD2F,0xACF,0x8F0,0x7C2,0x6F0,
0x6E7,0x7D6,0x8B4,0x9D5,0xB99,0xCE3,
0xD93,0xDBA,0xD42,0xCEC,0xC55,0xB6B,
0xAC4,0x9F7,0x929,0x856,0x77B,0x750,
0x773,0x7CB,0x90C,0xAB3,0xC23,0xD52,
0xE31,0xE84,0xE40,0xD55,0xC25,0xB4E,
0xAE3,0xB01,0xB05,0xAC1,0xACB,0xADE,
0xAD4,0xAF7,0xB5F,0xBF7,0xBFE,0xB2C,
0x9F2,0x8D3,0x858,0x839,0x853,0x905,
0xA0D,0xB11,0xBE8,0xC2C,0xBE7,0xB51,
0xA6E,0x9C8,0x9D5,0xA04,0xA33,0xAB1,
0xB29,0xB89,0xB9C,0xB72,0xB78,0xB7D,
0xB7D,0xBC2,0xBF7,0xBC0,0xB0D,0xA1B,
0x951,0x915,0x936,0x93A,0x96F,0x9BB,
0xA0E,0xA21,0x9D8,0x9F5,0xA6E,0xB2D,
0xC47,0xD24,0xD70,0xCC2,0xB69,0x9E2,
0x80C,0x688,0x5B4,0x5E7,0x725,0x881,
0x9E5,0xB87,0xCD1,0xDC0,0xE69,0xEC3,
0xF20,0xED8,0xDCB,0xCBC,0xB56,0x9F7,
0x926,0x841,0x7A5,0x7CF,0x8B2,0xA14,
0xB27,0xBA9,0xBCC,0xB9B,0xB3D,0xACE,
0xAC0,0xAE1,0xAAB,0xA68,0xA09,0x9B1,
0xA0A,0xAFC,0xC0E,0xD17,0xDD3,0xE31,
0xE2C,0xD7C,0xC62,0xB48,0xA78,0xA00,
0x993,0x93F,0x986,0xA4D,0xB4E,0xC5A,
0xD07,0xD93,0xE1E,0xE4C,0xE0E,0xD20,
0xBF9,0xAE7,0x993,0x8E6,0x900,0x97C,
0xA67,0xB3B,0xC06,0xD15,0xE04,0xE63,
0xE27,0xD9C,0xD1A,0xC99,0xBEA,0xAE8,
0x99F,0x858,0x767,0x726,0x78F,0x83D,
0x998,0xB6F,0xD00,0xE0A,0xE42,0xDF3,
0xD82,0xD3B,0xD17,0xCA2,0xBE2,0xAF1,
0x9A3,0x820,0x728,0x748,0x81D,0x95C,
0xA74,0xB45,0xC70,0xD4E,0xD8B,0xDF8,
0xE2C,0xDA8,0xCB1,0xB7C,0xA97,0x9F8,
0x999,0x9CD,0xA05,0x9B1,0x98C,0xA44,
0xB4A,0xC13,0xCC6,0xD1D,0xCBE,0xC0D,
0xB37,0xA88,0xA83,0xAF9,0xBA8,0xC64,
0xCEB,0xD43,0xD4E,0xCEB,0xC67,0xBC6,
0xB24,0xAB1,0xA2B,0x97F,0x904,0x8D6,
0x8E2,0x987,0xABE,0xBC8,0xC9C,0xD30,
0xD29,0xCB7,0xBC4,0xAAC,0x9D6,0x90C,
0x876,0x7F0,0x789,0x7A0,0x810,0x8EC,
0x9F9,0xAB6,0xB2D,0xB82,0xB93,0xB83,
0xB9A,0xBA3,0xB65,0xB01,0xAA0,0xA9A,
0xB11,0xBA6,0xBF2,0xBCE,0xB8E,0xB43,
0xB09,0xAC8,0xA43,0xA2F,0xA5A,0x9FE,
0x97D,0x8E3,0x88C,0x8F5,0x93E,0x95E,
0x9B6,0xA02,0xA5F,0xAAF,0xB1E,0xBC8,
0xC10,0xC31,0xC7E,0xC97,0xC79,0xC40,
0xC00,0xBD6,0xBE9,0xC42,0xCDE,0xD39,
0xCD3,0xBC6,0xADC,0xA5B,0x998,0x93F,
0x92A,0x8E5,0x943,0x9FB,0xACD,0xBCE,
0xCD0,0xDB7,0xDCF,0xD0F,0xC35,0xB84,
0xB0E,0xAE2,0xA9B,0x9F4,0x935,0x83E,
0x768,0x751,0x7E0,0x900,0xA7B,0xBB5,
0xC57,0xCE2,0xD9C,0xE1E,0xE60,0xE71,
0xE18,0xD74,0xC82,0xB15,0x990,0x87C,
0x81C,0x86D,0x92D,0xA05,0xABE,0xB6A,
0xBE7,0xC1C,0xC4A,0xC56,0xBE6,0xADE,
0x9BC,0x8FE,0x886,0x84F,0x859,0x858,
0x87D,0x91B,0x9E0,0xA8F,0xB5A,0xC8B,
0xDF8,0xEEF,0xF1A,0xEAA,0xDA5,0xC55,
0xB3B,0xA3C,0x97B,0x92E,0x93E,0x988,
0x9F0,0xAC9,0xC02,0xCFB,0xDCC,0xE43,
0xDF8,0xD34,0xC1C,0xADD,0x9E5,0x9C3,
0xA61,0xAE0,0xAAE,0xAA6,0xB7A,0xC7F,
0xD59,0xDCE,0xDB4,0xD17,0xBB2,0x9F6,
0x8EC,0x895,0x8A5,0x90D,0x9F6,0xB2B,
0xC3B,0xD5C,0xEA7,0xFB9,0x1040,0xFE6,
0xE90,0xC91,0xA79,0x907,0x823,0x782,
0x7A7,0x882,0x923,0xA14,0xBC0,0xCE5,
0xD7D,0xDA1,0xD60,0xD37,0xCAE,0xBDC,
0xB2A,0xA36,0x935,0x82E,0x765,0x771,
0x780,0x7D1,0x91A,0xAB9,0xC48,0xD7E,
0xE6E,0xEF1,0xEA4,0xDD0,0xCCF,0xBF3,
0xBB9,0xBE5,0xB8E,0xB18,0xB04,0xAE1,
0xA8F,0xA64,0xAEE,0xB8D,0xB6A,0xAD2,
0x9B9,0x8B9,0x861,0x82F,0x869,0x93A,
0xA39,0xB2E,0xBCE,0xBD4,0xB91,0xB03,
0xA0C,0x987,0x9A7,0x9C8,0x9E8,0xA22,
0xA81,0xACF,0xADB,0xB17,0xB56,0xB55,
0xB6F,0xBA3,0xBD6,0xBB2,0xB00,0xA2E,
0x98B,0x981,0x9CA,0x9E8,0xA27,0xA56,
0xA60,0xA53,0xA16,0xA3D,0xAD3,0xBB7,
0xCE8,0xDC9,0xDF4,0xD32,0xBC2,0xA26,
0x890,0x73C,0x69A,0x706,0x821,0x968,
0xACD,0xC19,0xD2E,0xE2C,0xEBC,0xF31,
0xFA0,0xF37,0xE3A,0xD26,0xBD5,0xAA7,
0x9A6,0x8AF,0x825,0x83E,0x926,0xA63,
0xB5E,0xBFB,0xC0D,0xBC2,0xB4F,0xAE3,
0xACD,0xAAC,0xA40,0x9D2,0x944,0x8F6,
0x964,0xA57,0xB85,0xC88,0xD15,0xD43,
0xD16,0xC6C,0xB82,0xAA0,0x9E1,0x969,
0x919,0x8CF,0x8EF,0x996,0xA7E,0xB52,
0xBFC,0xCCD,0xD8A,0xDC0,0xD55,0xC57,
0xB3D,0xA15,0x909,0x8CE,0x920,0x9C9,
0xA9B,0xB11,0xB96,0xC67,0xD2A,0xD81,
0xD76,0xD37,0xD01,0xCAE,0xBE5,0xAD4,
0x9B6,0x8A1,0x7DE,0x7D3,0x831,0x8E2,
0xA35,0xBC0,0xCFF,0xD9C,0xDA2,0xD77,
0xD46,0xD63,0xD97,0xD45,0xC98,0xB89,
0xA25,0x8BC,0x7D9,0x7F9,0x8AE,0x9BA,
0xAB9,0xB9A,0xCC5,0xD70,0xD8D,0xDF8,
0xE13,0xD70,0xC77,0xB45,0xA57,0x9B5,
0x95B,0x986,0x991,0x92B,0x93E,0xA12,
0xB10,0xBE3,0xC89,0xCCB,0xC6F,0xBB6,
0xAEE,0xA9B,0xAC7,0xB28,0xBB6,0xC11,
0xC1C,0xC3B,0xC47,0xC25,0xBFA,0xBC2,
0xB82,0xB34,0xAA2,0x9BF,0x928,0x8E4,
0x8D8,0x96F,0xA6A,0xB51,0xC1F,0xC99,
0xCAD,0xC6C,0xBBE,0xB11,0xA6C,0x9B2,
0x941,0x8E7,0x885,0x86C,0x8CF,0x9AE,
0xAA4,0xB51,0xBCA,0xC20,0xC1F,0xC00,
0xC42,0xC74,0xC48,0xC1C,0xBC8,0xBA1,
0xBE9,0xC50,0xC82,0xC46,0xBFF,0xBB3,
0xB29,0xA8A,0xA0B,0xA21,0xA61,0xA1E,
0x9AD,0x93B,0x8F9,0x90D,0x90C,0x92B,
0x974,0x997,0x9D9,0xA12,0xA8C,0xB57,
0xBBB,0xC07,0xC7E,0xC96,0xC44,0xBC3,
0xB4C,0xB01,0xB00,0xBA0,0xC86,0xCF4,
0xC69,0xB38,0xA39,0x995,0x908,0x8E9,
0x8FC,0x909,0x988,0xA5D,0xB63,0xC51,
0xD12,0xD84,0xD37,0xC6C,0xBCC,0xB61,
0xB2D,0xB37,0xB26,0xAD6,0xA3D,0x933,
0x848,0x824,0x8AE,0x9BE,0xAE7,0xBB6,
0xC48,0xCD9,0xD96,0xE5E,0xEE1,0xEFC,
0xEA1,0xE24,0xD54,0xBF3,0xA73,0x92F,
0x870,0x86A,0x8D5,0x976,0xA3A,0xB03,
0xB7F,0xB8B,0xBBE,0xBED,0xB6B,0xA4F,
0x911,0x813,0x773,0x748,0x78A,0x7B7,
0x7E7,0x883,0x929,0x9E9,0xB1E,0xCA4,
0xE0B,0xEB1,0xE7C,0xDD0,0xCD8,0xBB9,
0xA9D,0x99F,0x8F0,0x89E,0x8B5,0x906,
0x96B,0xA36,0xB46,0xC2D,0xD2E,0xE0E,
0xE33,0xDB7,0xC9D,0xB21,0xA01,0x9CD,
0xA5E,0xACD,0xA8C,0xA99,0xB8F,0xC99,
0xD7F,0xE04,0xDDD,0xD54,0xBFE,0xA42,
0x958,0x903,0x8FB,0x957,0xA21,0xB3D,
0xC5E,0xDCA,0xF67,0x10AB,0x1139,0x10A1,
0xED9,0xC68,0xA18,0x8A2,0x7CB,0x741,
0x791,0x882,0x958,0xA8A,0xC2F,0xD43,
0xDB0,0xDA7,0xD49,0xD0B,0xC5E,0xB6F,
0xAA1,0x9A0,0x892,0x7A5,0x6F7,0x6DA,
0x70C,0x7D4,0x98B,0xB3F,0xC8C,0xD77,
0xDEA,0xDE5,0xD61,0xC98,0xBD3,0xB4E,
0xB76,0xBC3,0xB76,0xB0E,0xAE4,0xAD2,
0xAA8,0xA9B,0xB11,0xB6F,0xB33,0xA98,
0x98D,0x8B8,0x85E,0x83C,0x893,0x971,
0xA80,0xB6E,0xBFD,0xC18,0xBE0,0xB65,
0xAA8,0xA43,0xA79,0xA9B,0xAA3,0xABF,
0xAC0,0xAD4,0xAF1,0xAF5,0xB1B,0xB52,
0xBA4,0xC18,0xC3A,0xBE5,0xB23,0xA57,
0x9BD,0x99B,0x9C7,0x9F5,0xA5D,0xA91,
0xA85,0xA7A,0xA5A,0xA4D,0xAB6,0xBC3,
0xD0A,0xDD8,0xDCA,0xCBE,0xB09,0x92B,
0x767,0x629,0x5CC,0x672,0x7C8,0x917,
0xA6B,0xBEA,0xD16,0xDD9,0xE46,0xEBB,
0xF1A,0xEA8,0xDBC,0xCDD,0xBB3,0xA8B,
0x98E,0x891,0x819,0x84E,0x94C,0xA78,
0xB40,0xBC1,0xBF4,0xBCC,0xB4B,0xAF1,
0xB11,0xB02,0xA9C,0xA5B,0x9EA,0x97C,
0x9B8,0xA84,0xBA3,0xCB2,0xD6C,0xDEB,
0xDF4,0xD55,0xC5B,0xB43,0xA4B,0x99B,
0x926,0x907,0x977,0xA3D,0xB10,0xC12,
0xCF0,0xD6B,0xDF2,0xE28,0xDA7,0xCDF,
0xBCC,0xA5A,0x941,0x8FD,0x93D,0x9E7,
0xAA2,0xB3A,0xC0C,0xD02,0xDD7,0xE2E,
0xDFE,0xD88,0xD06,0xC6F,0xB89,0xA4D,
0x8FE,0x7F3,0x757,0x762,0x7CF,0x886,
0x9CD,0xB44,0xC8A,0xD68,0xDA2,0xD7C,
0xD4A,0xD54,0xD65,0xD12,0xC30,0xADD,
0x970,0x819,0x74B,0x790,0x88F,0x9DA,
0xB17,0xC19,0xD2B,0xDD2,0xDD1,0xDE6,
0xDE6,0xD4F,0xC5F,0xB50,0xA6C,0x9B5,
0x95F,0x98A,0x976,0x933,0x9B1,0xAB6,
0xBC3,0xC8D,0xCFC,0xD16,0xC98,0xBE8,
0xB59,0xB14,0xB49,0xBDE,0xC76,0xCE4,
0xD17,0xD30,0xD14,0xCBD,0xC4E,0xBDF,
0xB57,0xAB6,0x9F6,0x947,0x919,0x922,
0x93C,0x9E6,0xADE,0xBA3,0xC62,0xCA7,
0xC71,0xC07,0xB44,0xA6F,0x99B,0x8C5,
0x858,0x80B,0x7DB,0x815,0x8BD,0x9D1,
0xAAB,0xB24,0xB5F,0xB68,0xB6F,0xB8F,
0xBC4,0xBC4,0xB7A,0xB38,0xACE,0xA98,
0xAFE,0xB7C,0xBAB,0xBCA,0xBBD,0xB8C,
0xB2E,0xA75,0x9DD,0x9BC,0x9B1,0x96F,
0x925,0x8C9,0x8CB,0x931,0x976,0x9C7,
0xA2C,0xA5B,0xAA4,0xAD5,0xB21,0xBAC,
0xBE2,0xBF8,0xC37,0xC5D,0xC2E,0xBD7,
0xBAB,0xB94,0xBD0,0xC7F,0xCE1,0xCFA,
0xC62,0xB34,0xA65,0x9FE,0x9A6,0x9A7,
0x99E,0x98E,0x9DA,0xA45,0xAD4,0xB54,
0xC13,0xCCD,0xCB6,0xC32,0xBD0,0xB66,
0xB19,0xAEF,0xAB9,0xA24,0x969,0x89B,
0x7F5,0x7F3,0x855,0x92B,0xA62,0xB28,
0xBBB,0xCB1,0xD83,0xE37,0xEB2,0xEA9,
0xE47,0xD89,0xC49,0xB0C,0x9D2,0x8DC,
0x88D,0x8BF,0x946,0x9EA,0xAAB,0xB8A,
0xC10,0xC0E,0xC21,0xC03,0xB46,0x9FB,
0x8B8,0x806,0x7BB,0x7B9,0x830,0x861,
0x8A2,0x97C,0xA2C,0xAD5,0xBFA,0xD53,
0xE93,0xF29,0xECF,0xE0C,0xCF6,0xBDF,
0xAA5,0x96D,0x8E8,0x8FD,0x94B,0x9D3,
0xA66,0xB49,0xC74,0xD3C,0xDCD,0xE0D,
0xDB4,0xD0F,0xBFE,0xAAD,0xA0A,0xA49,
0xAC0,0xADA,0xA97,0xAB5,0xB8E,0xC49,
0xCF6,0xD5D,0xD1E,0xC8E,0xB66,0x9F2,
0x934,0x907,0x90F,0x993,0xAA1,0xBD5,
0xCC1,0xDD9,0xF45,0x1078,0x10F1,0x106C,
0xEC6,0xC7E,0xA43,0x8B2,0x7CE,0x778,
0x82D,0x948,0xA0E,0xB3E,0xC9C,0xD51,
0xDBB,0xDA4,0xD58,0xD3D,0xC86,0xBA9,
0xB1B,0xA3E,0x973,0x88B,0x7CB,0x7E2,
0x7F0,0x87B,0xA13,0xB94,0xCCC,0xDC4,
0xE19,0xE12,0xDBA,0xCF7,0xC2F,0xBBA,
0xBD5,0xC22,0xBDE,0xB7D,0xB41,0xAE8,
0xA75,0xA56,0xAEC,0xB5D,0xB18,0xA56,
0x929,0x856,0x823,0x7FC,0x85F,0x94A,
0xA09,0xAC1,0xB45,0xB23,0xAF3,0xA77,
0x98A,0x95C,0x999,0x9A9,0x9E0,0xA11,
0xA66,0xABA,0xABC,0xAE3,0xB0E,0xB0A,
0xB10,0xB37,0xB65,0xB59,0xAB7,0x9EF,
0x98F,0x99A,0x9A5,0x992,0x9AF,0x9A3,
0x994,0x995,0x97E,0x9E0,0xAC8,0xC08,
0xD73,0xE23,0xDD6,0xC9F,0xACB,0x8F7,
0x76F,0x666,0x63E,0x6F8,0x817,0x969,
0xAFA,0xC91,0xDD8,0xEB9,0xF38,0xFC7,
0x1002,0xF47,0xE06,0xCA3,0xB3D,0xA33,
0x961,0x8B1,0x876,0x8D2,0x9C1,0xAA4,
0xB3D,0xB97,0xB99,0xB5B,0xB21,0xB20,
0xB53,0xB27,0xAA1,0x9FF,0x96A,0x92B,
0x962,0xA40,0xB6E,0xC59,0xCFC,0xD62,
0xD18,0xC30,0xB25,0xA13,0x95F,0x8F6,
0x867,0x859,0x8D2,0x995,0xADD,0xC16,
0xCDA,0xD80,0xDDD,0xDB9,0xD13,0xBE2,
0xAAC,0x951,0x840,0x835,0x8B1,0x98E,
0xA94,0xB65,0xC5C,0xD41,0xDBC,0xDD7,
0xD64,0xCDB,0xC9D,0xC4A,0xBB1,0xABB,
0x989,0x86E,0x7C0,0x7B6,0x822,0x8EC,
0xA50,0xBE2,0xD36,0xE1D,0xE78,0xE77,
0xE4C,0xE2D,0xDEC,0xD4A,0xC32,0xAEA,
0x995,0x865,0x7E6,0x826,0x8EF,0xA33,
0xB51,0xC5A,0xD71,0xDE7,0xE19,0xE57,
0xE10,0xD48,0xC3E,0xAF5,0x9FF,0x960,
0x92B,0x96C,0x982,0x96C,0x9D5,0xAB9,
0xB8F,0xC30,0xC9D,0xCA9,0xC3A,0xB89,
0xAEE,0xA9D,0xAC0,0xB3F,0xBDE,0xC8C,
0xCEE,0xD24,0xD06,0xCD7,0xCA8,0xC10,
0xB61,0xAC4,0xA00,0x92D,0x8E9,0x90B,
0x972,0xA72,0xB74,0xC3C,0xCE4,0xCED,
0xCAF,0xC2A,0xB38,0xA61,0x995,0x8BB,
0x834,0x7FB,0x814,0x88B,0x960,0xA68,
0xB20,0xB9A,0xBFB,0xC1F,0xC09,0xC10,
0xBF5,0xB72,0xAE6,0xA7F,0xA31,0xA46,
0xAB4,0xB3C,0xBA5,0xBD1,0xBDC,0xB9A,
0xAED,0xA14,0x982,0x971,0x96F,0x931,
0x8CF,0x85E,0x84E,0x895,0x8E7,0x966,
0x9ED,0xA55,0xAC3,0xAED,0xB45,0xBCF,
0xBD5,0xBC5,0xBED,0xBF5,0xBE2,0xBED,
0xC04,0xC36,0xC8B,0xD09,0xD7F,0xD85,
0xCA4,0xB63,0xA7B,0x9CA,0x94A,0x909,
0x8E1,0x915,0x9AC,0xA72,0xB62,0xC35,
0xD05,0xD5C,0xCEB,0xC58,0xBCF,0xB42,
0xAEC,0xAA2,0xA44,0x9D3,0x935,0x86F,
0x7E4,0x7E8,0x887,0x9D7,0xB21,0xBE3,
0xC8D,0xD52,0xDFE,0xE85,0xEB7,0xE93,
0xE0A,0xD41,0xC37,0xB21,0xA3F,0x9A1,
0x94F,0x94E,0x9A8,0xA1A,0xA98,0xB1E,
0xB7C,0xB8E,0xBB8,0xBBC,0xB32,0xA35,
0x92A,0x878,0x810,0x7EB,0x81B,0x850,
0x8AE,0x976,0xA57,0xB19,0xC02,0xD3A,
0xE19,0xE78,0xE3E,0xD7E,0xC98,0xBB7,
0xA85,0x951,0x8E4,0x8E5,0x93C,0x9EC,
0xAA2,0xBC0,0xCCC,0xD5B,0xDCC,0xDC1,
0xD35,0xC60,0xB35,0xA1C,0x9C4,0xA15,
0xAAD,0xB01,0xADB,0xB0F,0xBCC,0xC82,
0xD1C,0xD47,0xCF5,0xC50,0xB08,0x9A2,
0x8E9,0x8CA,0x8ED,0x99C,0xAEB,0xC3B,
0xD59,0xEB1,0x100E,0x1107,0x1145,0x104F,
0xE49,0xBEE,0x9FF,0x8AB,0x7D7,0x7B3,
0x857,0x935,0xA38,0xBA9,0xCFA,0xDB4,
0xDDC,0xD6A,0xCEF,0xC55,0xB63,0xAC2,
0xA2C,0x97C,0x90F,0x87E,0x82D,0x824,
0x7F7,0x8AF,0xA31,0xBA4,0xD08,0xDFB,
0xE52,0xE40,0xD9E,0xCA0,0xBD3,0xB6A,
0xB79,0xB9B,0xB4F,0xB2B,0xB5F,0xB47,
0xB20,0xB53,0xB9F,0xB93,0xB12,0xA05,
0x8D5,0x820,0x7E5,0x7EF,0x861,0x93A,
0xA35,0xB0C,0xB6E,0xB70,0xB49,0xAB5,
0xA0D,0x9EB,0x9E7,0x9E5,0xA14,0xA5A,
0xAB7,0xAC0,0xA91,0xAAF,0xAC5,0xADB,
0xB09,0xB47,0xB75,0xB30,0xA87,0x9D3,
0x970,0x966,0x950,0x95C,0x9B5,0x9E5,
0x9FE,0x9FA,0x9E9,0xA2E,0xAC3,0xBCD,
0xCE9,0xD3C,0xCD4,0xBAE,0xA13,0x854,
0x6C9,0x5DF,0x5F9,0x70E,0x833,0x997,
0xAF2,0xC2F,0xD83,0xE40,0xEA8,0xF2C,
0xF09,0xE5A,0xDA3,0xC81,0xB36,0xA37,
0x96E,0x8BF,0x869,0x8E7,0xA19,0xB24,
0xBDC,0xC1C,0xC18,0xC11,0xBDD,0xBD4,
0xBB8,0xB4E,0xADC,0xA34,0x989,0x955,
0x9BE,0xA9C,0xBA6,0xC7D,0xD37,0xDE6,
0xDD3,0xCD7,0xBB7,0xAB0,0xA15,0x9D3,
0x936,0x912,0x989,0xA4C,0xB69,0xC3D,
0xCD5,0xD97,0xE23,0xE0E,0xD6F,0xC89,
0xB66,0xA08,0x925,0x8E6,0x92E,0x9C5,
0xA5C,0xB3B,0xC33,0xD04,0xDCD,0xDDE,
0xD38,0xCD5,0xC91,0xC00,0xB3B,0xA33,
0x8F4,0x7D9,0x76B,0x79E,0x82C,0x950,
0xABA,0xC1A,0xD58,0xDE3,0xDE0,0xD97,
0xD50,0xD90,0xD9D,0xD28,0xC78,0xB54,
0x9EA,0x8CC,0x856,0x879,0x939,0xA48,
0xB36,0xC6B,0xD83,0xDE9,0xE1D,0xE22,
0xD90,0xC91,0xB5F,0xA4B,0x983,0x8DD,
0x8AD,0x90C,0x938,0x8F5,0x942,0xA28,
0xB25,0xC00,0xC6F,0xC7A,0xC17,0xB6A,
0xAF9,0xADD,0xB30,0xBCF,0xC34,0xCA5,
0xD0C,0xD23,0xD10,0xCBD,0xC38,0xBA9,
0xAEE,0xA28,0x95F,0x89B,0x862,0x88D,
0x90A,0xA25,0xB2B,0xC06,0xCD8,0xD0E,
0xD0E,0xC8A,0xB72,0xA9A,0x9E1,0x942,
0x8CA,0x881,0x882,0x89E,0x924,0x9FC,
0xAC4,0xB70,0xC07,0xC44,0xC30,0xC4E,
0xC3F,0xBE2,0xB96,0xB68,0xB78,0xBB6,
0xC24,0xC7F,0xC4A,0xC12,0xBDC,0xB61,
0xAED,0xA5D,0x9F9,0xA2B,0xA3D,0x9F4,
0x98D,0x8FF,0x8C5,0x8E5,0x909,0x948,
0x99B,0x9C2,0x9FD,0xA6A,0xAFE,0xB66,
0xB6C,0xB8E,0xBC0,0xBBE,0xBD1,0xBEF,
0xBE2,0xBCE,0xBFD,0xC86,0xD16,0xD1D,
0xC1F,0xAE4,0xA27,0x986,0x903,0x8CC,
0x8A4,0x8F1,0x9A7,0xA53,0xB06,0xBB6,
0xC63,0xC60,0xBB4,0xB38,0xAE8,0xA91,
0xA49,0xA04,0x9BE,0x971,0x900,0x86A,
0x7F8,0x7DC,0x861,0x97F,0xA8B,0xB5E,
0xC2F,0xD12,0xDFB,0xE95,0xED8,0xEB9,
0xE24,0xD7D,0xC86,0xB57,0xA71,0x9B1,
0x937,0x94B,0x9B2,0xA2B,0xABE,0xB4B,
0xB83,0xBAA,0xC16,0xC0C,0xB54,0xA60,
0x95D,0x8C7,0x898,0x85D,0x846,0x847,
0x892,0x96A,0xA35,0xAEB,0xC08,0xD5F,
0xE9D,0xF3A,0xEE1,0xE17,0xD14,0xBE3,
0xA7D,0x94F,0x8DA,0x8F2,0x96F,0x9F3,
0xA9E,0xBE6,0xCE5,0xD90,0xE24,0xDC9,
0xD1B,0xC67,0xB47,0xA4E,0x9EA,0xA10,
0xA8E,0xAD2,0xAA3,0xAFB,0xBC4,0xC56,
0xCDA,0xCFE,0xCE5,0xC77,0xB3F,0xA09,
0x96E,0x947,0x98D,0xA33,0xB13,0xC02,
0xD15,0xE85,0xFDC,0x109B,0x10C8,0xFD2,
0xDD5,0xBC8,0xA0A,0x8DD,0x849,0x833,
0x8F1,0x9EA,0xAB2,0xBFE,0xD18,0xD78,
0xD77,0xD07,0xC67,0xBE3,0xB30,0xA58,
0x9B9,0x930,0x88F,0x816,0x7FE,0x7E9,
0x80B,0x8D8,0xA44,0xBDE,0xD43,0xE42,
0xE92,0xE71,0xDEE,0xD30,0xC8A,0xC26,
0xC25,0xC07,0xB6F,0xB06,0xACD,0xA8F,
0xA97,0xAD9,0xB47,0xB4C,0xAB0,0x9CC,
0x8F4,0x8A3,0x89C,0x8AA,0x931,0xA03,
0xAF7,0xBC2,0xBE4,0xBBC,0xB61,0xA99,
0xA20,0xA1A,0x9FF,0xA05,0xA47,0xAA8,
0xAFB,0xB13,0xB1C,0xB2C,0xAF8,0xAE7,
0xB31,0xB59,0xB4E,0xB09,0xA57,0x9BB,
0x9BB,0x9F5,0xA23,0xA3C,0xA50,0xA69,
0xA2C,0x9B6,0x98E,0x9B8,0xA66,0xBB1,
0xCA8,0xCEE,0xC8A,0xB40,0x9A1,0x809,
0x688,0x5A2,0x5D2,0x6D6,0x80B,0x977,
0xB01,0xC70,0xD9E,0xE5A,0xED6,0xF47,
0xF27,0xE58,0xD68,0xC54,0xB2A,0xA1F,
0x908,0x81C,0x7E8,0x88C,0x9B6,0xABE,
0xB6B,0xBA9,0xB96,0xB6A,0xB32,0xB27,
0xAF8,0xA7D,0xA06,0x990,0x91D,0x908,
0x9B8,0xAED,0xC25,0xD06,0xD8A,0xDC3,
0xD73,0xC9A,0xB8C,0xA96,0xA01,0x97E,
0x8FF,0x8FA,0x958,0xA30,0xB3B,0xC0B,
0xCE2,0xDAE,0xE17,0xDF7,0xD42,0xC59,
0xB46,0xA3E,0x9B9,0x982,0x9C0,0xA50,
0xADA,0xB9D,0xC86,0xD69,0xE07,0xDE5,
0xD73,0xD10,0xC71,0xBDE,0xB3A,0xA0D,
0x8BE,0x7D6,0x778,0x798,0x82E,0x940,
0xACD,0xC54,0xD50,0xDCA,0xDF2,0xDEA,
0xDEC,0xE01,0xDD3,0xD40,0xC22,0xABF,
0x943,0x810,0x7B6,0x80A,0x8FA,0xA1E,
0xB0F,0xC38,0xD31,0xD76,0xDA2,0xDC2,
0xD68,0xC97,0xB6E,0xA55,0x98C,0x910,
0x901,0x953,0x955,0x91B,0x98D,0xA57,
0xB26,0xC09,0xC96,0xCAC,0xC46,0xBA7,
0xB1B,0xAE4,0xB35,0xBA3,0xC29,0xC87,
0xCA3,0xCDF,0xCCC,0xC71,0xBF6,0xB6E,
0xB2D,0xAD2,0xA0A,0x96B,0x925,0x8FF,
0x95A,0xA4D,0xB72,0xC9A,0xD53,0xD5A,
0xD1A,0xC6F,0xB75,0xA88,0x993,0x8D5,
0x872,0x835,0x7FD,0x7EC,0x87A,0x975,
0xA3E,0xAC5,0xB3A,0xB7E,0xB9B,0xBF4,
0xC50,0xC6C,0xC49,0xBE2,0xB7F,0xB75,
0xBAD,0xBC7,0xB9D,0xB63,0xB36,0xB0D,
0xACB,0xA82,0xA46,0xA41,0xA35,0x9CF,
0x93F,0x8A6,0x85E,0x87D,0x8C1,0x943,
0x9BB,0x9F4,0xA47,0xAB0,0xB36,0xBA2,
0xBBE,0xBF4,0xC3A,0xC59,0xC29,0xBE1,
0xBDA,0xBE0,0xC20,0xCAC,0xCF2,0xCC8,
0xBF2,0xACE,0xA2F,0x9C1,0x95C,0x94B,
0x92A,0x954,0x9E2,0xA69,0xB1C,0xBF5,
0xCC4,0xD08,0xCA2,0xC3B,0xBC8,0xB39,
0xAB5,0xA40,0x9F0,0x96B,0x8B6,0x7FE,
0x798,0x7E5,0x8CD,0x9E5,0xAD0,0xBA7,
0xC78,0xD71,0xE54,0xECB,0xF1C,0xEF6,
0xE61,0xDB8,0xC57,0xAE0,0x9ED,0x92E,
0x90B,0x95C,0x9E6,0xAB3,0xB6C,0xBED,
0xBDA,0xB97,0xBDA,0xBBA,0xAED,0x9EA,
0x925,0x8F6,0x8B2,0x87D,0x881,0x878,
0x8F2,0x9A3,0xA27,0xAF7,0xC3C,0xD9D,
0xEBB,0xF37,0xEF1,0xE32,0xD12,0xBCD,
0xA8C,0x992,0x922,0x930,0x9B8,0xA60,
0xB2A,0xC21,0xCB6,0xD32,0xDB0,0xDA8,
0xD27,0xC5A,0xB66,0xA67,0x9F4,0xA32,
0xA7D,0xA8E,0xA88,0xB08,0xBF3,0xC9E,
0xD05,0xD14,0xCD1,0xC31,0xB0B,0x9FC,
0x96F,0x934,0x924,0x9A6,0xAAB,0xBCC,
0xD1D,0xE76,0xF96,0x1057,0x107F,0xF91,
0xD91,0xB4A,0x982,0x871,0x7EB,0x7FA,
0x8D8,0x9D7,0xAAF,0xBD6,0xCD1,0xD32,
0xD2B,0xCFF,0xCA0,0xC16,0xB6A,0xAAF,
0x9EB,0x918,0x838,0x79C,0x7AA,0x7E3,
0x858,0x988,0xB13,0xC5C,0xD42,0xDCB,
0xDF9,0xDD2,0xD4B,0xCBC,0xC6C,0xC38,
0xC34,0xC1C,0xB9D,0xB58,0xB38,0xAD7,
0xAB4,0xAE7,0xB34,0xB25,0xA7E,0x993,
0x8B7,0x866,0x86D,0x88D,0x919,0x9BF,
0xA74,0xB0C,0xB13,0xB00,0xAC0,0xA29,
0x9D5,0x9EB,0x9F5,0x9E9,0xA26,0xA84,
0xAB7,0xACA,0xAEA,0xB07,0xAE4,0xAD3,
0xB00,0xB2E,0xB1E,0xA94,0x9D1,0x94D,
0x941,0x999,0x9F0,0xA33,0xA7F,0xA8C,
0xA4B,0x9FB,0x9BD,0x9CD,0xA8D,0xBBE,
0xC90,0xCF2,0xC78,0xB3D,0xA06,0x8AB,
0x780,0x6F4,0x723,0x7F2,0x8D5,0x9DB,
0xB3D,0xCAF,0xDBA,0xE62,0xEFD,0xF7A,
0xF37,0xE63,0xD86,0xC6E,0xB56,0xA6A,
0x97B,0x8CC,0x89F,0x948,0xA6A,0xB37,
0xBBF,0xBEA,0xBC2,0xB88,0xB48,0xB3D,
0xB11,0xAA6,0xA5F,0x9F2,0x96F,0x94A,
0x996,0xA51,0xB29,0xBEF,0xCCC,0xD6F,
0xD4D,0xC8C,0xBAA,0xADD,0xA35,0x958,
0x871,0x866,0x90F,0xA0E,0xB3F,0xC1F,
0xCED,0xDBE,0xDE9,0xD88,0xCF6,0xC14,
0xAF1,0x9E1,0x944,0x954,0xA04,0xAE7,
0xB84,0xC0F,0xCD8,0xDA0,0xDF1,0xDD0,
0xD64,0xCC8,0xC4D,0xBD7,0xB03,0x9F4,
0x8C5,0x7F3,0x7D8,0x7E9,0x851,0x94A,
0xAA5,0xC16,0xD27,0xDBC,0xE07,0xE2F,
0xE3D,0xE3E,0xE1F,0xD70,0xC25,0xAB0,
0x90A,0x7D9,0x7C3,0x84B,0x947,0xA77,
0xB6D,0xC94,0xD8D,0xD9E,0xDBA,0xDC4,
0xD32,0xC73,0xB5F,0xA62,0x9A8,0x912,
0x90F,0x970,0x953,0x93B,0x9ED,0xAA6,
0xB58,0xC1F,0xC78,0xC67,0xBF3,0xB84,
0xB54,0xB2C,0xB5B,0xBAB,0xC1B,0xC97,
0xCE3,0xCFB,0xCB3,0xC4B,0xC02,0xBA7,
0xB46,0xAD9,0xA11,0x954,0x8E5,0x8BD,
0x93D,0xA4E,0xB53,0xC46,0xCEB,0xD09,
0xCEB,0xC3C,0xB11,0xA04,0x918,0x887,
0x840,0x810,0x805,0x847,0x93C,0xA54,
0xB17,0xBA4,0xBCC,0xBD2,0xBEB,0xBF2,
0xC1C,0xC31,0xC00,0xBB9,0xB73,0xBA3,
0xC27,0xC40,0xBEB,0xB9F,0xB67,0xAEB,
0xA66,0xA00,0x9AA,0x9DD,0x9F5,0x9A8,
0x94F,0x8DE,0x8A6,0x8AC,0x8D5,0x92E,
0x976,0x9C3,0xA2F,0xAAD,0xB70,0xBE4,
0xBF7,0xC45,0xC5A,0xC1E,0xBD4,0xB84,
0xB8C,0xB96,0xBDF,0xCB3,0xD21,0xCB3,
0xBB7,0xAB3,0xA10,0x9A7,0x970,0x951,
0x93D,0x991,0xA0A,0xA8D,0xB24,0xBBE,
0xC6E,0xC9F,0xC2C,0xBCA,0xB64,0xAD1,
0xA54,0xA22,0x9D1,0x944,0x8B8,0x814,
0x7F0,0x869,0x93F,0xA76,0xB4C,0xBCC,
0xC99,0xD65,0xE13,0xE86,0xEA7,0xE6C,
0xDFB,0xD5D,0xC31,0xAF6,0xA08,0x957,
0x933,0x985,0xA09,0xAA2,0xB3C,0xBBB,
0xBB7,0xBB1,0xBF3,0xBA4,0xAAF,0x995,
0x8C4,0x866,0x842,0x845,0x82C,0x810,
0x883,0x932,0x9D8,0xAB0,0xBEE,0xD79,
0xE8C,0xED5,0xEA6,0xDD6,0xC9A,0xB62,
0xA01,0x910,0x8D6,0x8F6,0x971,0xA15,
0xB04,0xC09,0xCA9,0xD5B,0xDCE,0xDAE,
0xD3A,0xC65,0xB6A,0xA55,0x9D6,0xA2F,
0xAA8,0xACB,0xAEC,0xBB4,0xCB9,0xD4C,
0xD6F,0xD1F,0xCB6,0xBD6,0xA51,0x958,
0x8FC,0x917,0x97A,0xA29,0xB30,0xC4C,
0xD9E,0xEF1,0xFF7,0x10B2,0x1092,0xF39,
0xD0B,0xAC8,0x93F,0x832,0x7B9,0x81E,
0x912,0xA0F,0xAFA,0xC04,0xCDE,0xD3F,
0xD44,0xCF4,0xC95,0xC02,0xB2E,0xA76,
0x98D,0x88A,0x7AA,0x71E,0x73E,0x7AC,
0x83D,0x99B,0xB59,0xC86,0xD62,0xDFB,
0xDF0,0xD7B,0xCCB,0xC2C,0xBC3,0xBB8,
0xBF5,0xBC6,0xB6F,0xB30,0xAE3,0xAA8,
0xA9E,0xAE2,0xB3F,0xB13,0xA75,0x9C0,
0x902,0x898,0x87F,0x8A6,0x93B,0xA0F,
0xAC0,0xB36,0xB6D,0xB61,0xAFC,0xA5F,
0x9FE,0x9FA,0x9F2,0x9F7,0xA5C,0xAEE,
0xB27,0xB2C,0xB63,0xB72,0xB72,0xB91,
0xBB2,0xBC0,0xB7F,0xADB,0xA3C,0x9EA,
0x9DF,0xA1C,0xA79,0xAD2,0xB04,0xAD6,
0xA6A,0xA0A,0x9DA,0xA27,0xAF8,0xC23,
0xD25,0xD7A,0xCD9,0xB90,0xA2D,0x8E0,
0x7B4,0x6FF,0x715,0x7CD,0x8E6,0xA0C,
0xB5A,0xCA0,0xD91,0xE34,0xEB9,0xF1C,
0xEDB,0xE10,0xD2C,0xC1F,0xB31,0xA60,
0x978,0x8C7,0x87E,0x931,0xA45,0xB02,
0xB73,0xBA2,0xBBD,0xBA8,0xB7A,0xB89,
0xB4C,0xAD8,0xA7E,0x9D6,0x952,0x959,
0x9FE,0xAFF,0xBCE,0xC40,0xCBB,0xD02,
0xCA6,0xBEC,0xB22,0xA90,0xA52,0x9D1,
0x930,0x928,0x97C,0xA26,0xB0B,0xBCF,
0xCB3,0xD93,0xDE4,0xDB7,0xD0C,0xC31,
0xB4A,0xA57,0x9B6,0x9B7,0xA45,0xADF,
0xB41,0xBC5,0xCB4,0xDA0,0xE2A,0xE02,
0xD80,0xD0C,0xC69,0xBA1,0xAC4,0x99D,
0x856,0x789,0x771,0x7BE,0x882,0x9A3,
0xB02,0xC6A,0xD3B,0xDA8,0xDC4,0xDBF,
0xE13,0xE49,0xDEF,0xD1E,0xBF0,0xA81,
0x8FB,0x7F6,0x7D6,0x857,0x97F,0xAC6,
0xBD6,0xD1C,0xDE1,0xDD5,0xE0D,0xDE7,
0xD1F,0xC29,0xAF1,0xA10,0x94C,0x8B9,
0x8FD,0x958,0x933,0x952,0x9F2,0xAA6,
0xB51,0xC0D,0xC64,0xC2E,0xBB3,0xB23,
0xAC3,0xAAC,0xAF2,0xB5E,0xBD1,0xC5C,
0xCCF,0xCF6,0xCEC,0xC99,0xC38,0xBEC,
0xB7E,0xAC1,0x9C6,0x90F,0x8AC,0x8A0,
0x953,0xA55,0xB2E,0xC03,0xC7E,0xCAF,
0xC85,0xBDC,0xAF8,0x9D8,0x8D9,0x845,
0x7D9,0x7C3,0x7E7,0x847,0x945,0xA7B,
0xB44,0xB91,0xBB4,0xBB8,0xBAB,0xBD7,
0xBF9,0xBF1,0xBEF,0xBA9,0xB68,0xB75,
0xB99,0xB9C,0xB6E,0xB43,0xB36,0xB0F,
0xADB,0xA8F,0xA63,0xA73,0xA3D,0x9C8,
0x930,0x8BF,0x885,0x856,0x879,0x8F0,
0x958,0x9C5,0xA27,0xAAF,0xB6D,0xBE6,
0xC2B,0xC65,0xC5D,0xC12,0xBD4,0xBDB,
0xBE5,0xBEA,0xC6F,0xD2E,0xD64,0xCF2,
0xC06,0xB01,0xA76,0xA07,0x996,0x97E,
0x986,0x9C5,0xA2A,0xA7D,0xAD8,0xB9F,
0xC6D,0xC65,0xC04,0xBC0,0xB64,0xAED,
0xA85,0xA39,0x9D5,0x96A,0x8BE,0x802,
0x7E4,0x82C,0x918,0xA62,0xB1C,0xBCB,
0xCCE,0xDCE,0xEAE,0xF21,0xF09,0xE99,
0xDDE,0xCE0,0xB90,0xA4E,0x97E,0x939,
0x94A,0x989,0xA23,0xAC9,0xB4E,0xB95,
0xB98,0xBE1,0xC29,0xB9D,0xA88,0x95E,
0x882,0x7FF,0x7C6,0x7D8,0x7CE,0x7E0,
0x87B,0x931,0x9F4,0xB12,0xC78,0xDF2,
0xEFE,0xF40,0xEC5,0xDC6,0xC8B,0xB3B,
0x9FF,0x980,0x980,0x9A5,0x9F4,0xA53,
0xB35,0xC56,0xCF7,0xD71,0xDC4,0xD70,
0xCAD,0xB9C,0xA8D,0x9B3,0x98E,0xA0A,
0xA79,0xA8F,0xACC,0xBBA,0xCAE,0xD33,
0xD74,0xD3E,0xC95,0xB61,0x9D9,0x8F1,
0x8C7,0x927,0x9D8,0xABD,0xBA1,0xCA9,
0xDF7,0xF33,0x1010,0x107F,0x1039,0xEFA,
0xCDB,0xAAD,0x93C,0x823,0x7A3,0x805,
0x8D6,0x9A6,0xA9D,0xBE7,0xCE5,0xD4D,
0xD44,0xCF6,0xC8C,0xBBE,0xAD7,0xA11,
0x92A,0x873,0x7EE,0x7A4,0x7CC,0x809,
0x89D,0xA00,0xB75,0xC9C,0xD6E,0xDE8,
0xE19,0xDBD,0xCF2,0xC3D,0xBDA,0xBD7,
0xC0B,0xBE1,0xB86,0xB72,0xB43,0xAEC,
0xAC8,0xAFE,0xB34,0xAE5,0xA2E,0x943,
0x8A1,0x85A,0x83A,0x871,0x8FC,0x9C6,
0xA91,0xB32,0xB76,0xB41,0xADD,0xA71,
0xA4B,0xA63,0xA5D,0xA5F,0xA9F,0xAF3,
0xAF7,0xADE,0xB0B,0xB19,0xB00,0xB2D,
0xB71,0xB9A,0xB7B,0xAE0,0xA17,0x994,
0x995,0x9F0,0xA26,0xA4A,0xA76,0xA6D,
0x9FD,0x98F,0x99F,0xA25,0xB15,0xC61,
0xD7E,0xDAA,0xCC4,0xB47,0x9D2,0x86F,
0x748,0x6C2,0x70B,0x7FC,0x93B,0xA96,
0xC17,0xD6B,0xE2B,0xE8B,0xEF4,0xF18,
0xE7A,0xD88,0xC84,0xB75,0xAB9,0xA18,
0x956,0x8DD,0x90A,0xA04,0xAF1,0xB91,
0xC09,0xBE7,0xB98,0xB5E,0xB3D,0xB48,
0xB06,0xA97,0xA49,0x9C8,0x95B,0x97D,
0xA52,0xB5D,0xC2C,0xCD6,0xD40,0xD37,
0xCB5,0xBAB,0xA8A,0x9E3,0x98E,0x927,
0x8D9,0x91E,0x9D9,0xAF3,0xBFF,0xCBE,
0xD7E,0xE14,0xE0E,0xD67,0xC6C,0xB7E,
0xA95,0x9AD,0x935,0x947,0x9B9,0xA57,
0xAF7,0xBC5,0xCC7,0xD8A,0xDDE,0xDCA,
0xD90,0xD53,0xCEC,0xC4C,0xB62,0xA14,
0x8A0,0x7A8,0x764,0x78C,0x816,0x947,
0xAE7,0xC6A,0xD78,0xDD8,0xDBD,0xD90,
0xDAB,0xDCA,0xD61,0xCAE,0xBCC,0xA7A,
0x8FE,0x83D,0x869,0x918,0xA18,0xAFB,
0xC08,0xD2F,0xD95,0xD98,0xD9F,0xD5C,
0xCED,0xC1A,0xAFF,0xA2C,0x94B,0x8DE,
0x93F,0x94F,0x90A,0x959,0xA17,0xADB,
0xBA0,0xC4D,0xC98,0xC52,0xBAE,0xB10,
0xAC1,0xAD1,0xB32,0xBAF,0xC37,0xCC1,
0xD3A,0xD60,0xD16,0xC92,0xC0F,0xB97,
0xB02,0xA2E,0x962,0x908,0x8D6,0x8E9,
0x9B5,0xAB2,0xB8A,0xC4A,0xC95,0xCBA,
0xCA0,0xBD3,0xAD2,0x9E7,0x928,0x8A4,
0x84D,0x839,0x858,0x8B8,0x988,0xA73,
0xB26,0xBA1,0xBDE,0xBE7,0xBE6,0xC1A,
0xC57,0xC6D,0xC65,0xC29,0xBE3,0xBCB,
0xBD6,0xB9E,0xB3F,0xB02,0xAB7,0xA74,
0xA21,0x9C2,0x9F7,0xA56,0xA41,0x9E2,
0x971,0x935,0x915,0x908,0x93D,0x989,
0x9E9,0xA3B,0xA69,0xABC,0xB04,0xB43,
0xB92,0xBDA,0xC15,0xC20,0xC13,0xC1D,
0xC2D,0xC4C,0xCA9,0xD15,0xD08,0xC48,
0xB3C,0xA61,0x9E6,0x9B2,0x995,0x95C,
0x96D,0x9EE,0xA74,0xADF,0xB3D,0xBEB,
0xC83,0xC33,0xB97,0xB46,0xB08,0xAEB,
0xAE7,0xABB,0xA4A,0x99F,0x8BB,0x81B,
0x81C,0x878,0x95D,0xA75,0xB17,0xBB3,
0xC92,0xD7C,0xE37,0xE97,0xE99,0xE44,
0xDB6,0xCAE,0xB51,0xA3D,0x98F,0x951,
0x953,0x987,0xA0E,0xA9C,0xB47,0xBA9,
0xB9D,0xBD5,0xBF7,0xB5D,0xA5D,0x968,
0x8B1,0x841,0x7FB,0x7C3,0x797,0x7B5,
0x84D,0x92F,0xA10,0xB14,0xC6A,0xDBB,
0xE7A,0xE82,0xDF5,0xD1F,0xC33,0xB29,
0xA27,0x975,0x939,0x983,0x9EB,0xA68,
0xB60,0xC5E,0xD11,0xDAA,0xDCC,0xD5A,
0xC8D,0xB61,0xA1D,0x973,0x9B6,0xA62,
0xAE4,0xAE4,0xB17,0xBF2,0xCB1,0xD0A,
0xD1E,0xCD4,0xC3E,0xB04,0x98C,0x8DD,
0x8D2,0x920,0x9CE,0xAE6,0xC02,0xD21,
0xE6D,0xF9C,0x107C,0x10C9,0x100F,0xE7C,
0xC53,0xA59,0x92A,0x849,0x7E5,0x877,
0x965,0xA09,0xAD5,0xBED,0xCB6,0xD0B,
0xD09,0xCC3,0xC6E,0xBDA,0xB2E,0xA96,
0x9D7,0x8F4,0x835,0x7EE,0x7FB,0x7FF,
0x86F,0x9D4,0xB63,0xC82,0xD70,0xE20,
0xE5C,0xE18,0xD70,0xCD0,0xC81,0xC89,
0xC61,0xBAF,0xAFE,0xAB1,0xA87,0xA52,
0xA4B,0xAA1,0xAEB,0xAB7,0xA31,0x98C,
0x90C,0x8E2,0x8DE,0x8F1,0x96B,0xA33,
0xACE,0xB4D,0xB90,0xB5E,0xAFB,0xA57,
0xA20,0xA60,0xA3B,0xA1E,0xA70,0xABE,
0xAD1,0xADF,0xAF5,0xAE2,0xACF,0xAE6,
0xAFF,0xAF5,0xAB4,0xA3F,0x9B7,0x9A0,
0xA04,0xA75,0xAA3,0xA8A,0xA6B,0xA43,
0x9CB,0x953,0x966,0xA12,0xB4F,0xCAB,
0xD77,0xD5B,0xC6B,0xAF1,0x981,0x830,
0x6FA,0x694,0x70C,0x7F5,0x921,0xA76,
0xBF1,0xD5C,0xE49,0xEC6,0xF40,0xF56,
0xEB5,0xDC0,0xCA0,0xB64,0xA65,0x98B,
0x8BA,0x83B,0x87A,0x997,0xAA5,0xB76,
0xBF8,0xBE9,0xBD1,0xB9C,0xB7B,0xB8E,
0xB33,0xAB8,0xA3B,0x998,0x91F,0x92F,
0x9F7,0xAEA,0xBC7,0xC9D,0xD1C,0xCFE,
0xC5F,0xB7E,0xAA7,0xA15,0x9AC,0x948,
0x921,0x958,0x9F6,0xAD8,0xBA7,0xC74,
0xD1E,0xD76,0xD82,0xD25,0xC7F,0xBBA,
0xADB,0xA12,0x9A6,0x9C2,0xA2B,0xABB,
0xB51,0xC0E,0xD27,0xE0E,0xE4A,0xDFA,
0xD83,0xD21,0xC8C,0xBBB,0xABA,0x969,
0x80B,0x749,0x741,0x784,0x833,0x98E,
0xB52,0xCF2,0xDC9,0xE1C,0xE30,0xE0B,
0xE2E,0xE25,0xDA6,0xCDE,0xBA5,0xA51,
0x8C7,0x799,0x791,0x83C,0x961,0xA86,
0xBA3,0xCF2,0xD93,0xDD8,0xE29,0xDF8,
0xD43,0xC33,0xB03,0x9E5,0x8F1,0x89B,
0x8EC,0x91A,0x908,0x9A3,0xAA6,0xB79,
0xC3E,0xCE2,0xD1F,0xC9C,0xBE8,0xB38,
0xAA1,0xAA5,0xAE2,0xB49,0xBF6,0xC7F,
0xCD6,0xD0D,0xCF6,0xC9C,0xC3C,0xBB0,
0xAEA,0x9F0,0x8FD,0x89C,0x894,0x8E3,
0x9F8,0xB1A,0xBF9,0xCBC,0xCFF,0xD08,
0xCAB,0xBC1,0xAAD,0x99B,0x8FD,0x898,
0x85C,0x862,0x85C,0x8ED,0x9EA,0xAB2,
0xB48,0xBAF,0xC09,0xC24,0xC21,0xC5E,
0xC8B,0xC95,0xC61,0xBF3,0xBC4,0xBD3,
0xBE3,0xBB2,0xB5C,0xB2F,0xB09,0xACA,
0xA73,0xA42,0xA75,0xA9F,0xA67,0x9E1,
0x96D,0x940,0x92B,0x932,0x955,0x991,
0x9EF,0xA3C,0xA75,0xAF1,0xB80,0xBA9,
0xBBA,0xBF9,0xBFC,0xBCD,0xBC0,0xBD1,
0xBED,0xC30,0xC84,0xCD0,0xCC2,0xBE7,
0xABF,0xA0A,0x99C,0x94B,0x94F,0x96A,
0x9CA,0xA60,0xAD1,0xB4F,0xBD1,0xC50,
0xC7C,0xBFE,0xB69,0xB1F,0xB00,0xAED,
0xACD,0xA92,0xA27,0x980,0x8AC,0x7FB,
0x7BD,0x81F,0x91C,0xA2F,0xB0E,0xBF6,
0xCF6,0xE11,0xEDF,0xF1D,0xEF2,0xE5A,
0xD7A,0xC5F,0xB39,0xA29,0x95E,0x920,
0x942,0x9CA,0xA84,0xB0E,0xB8F,0xBD2,
0xBCA,0xBD3,0xBCE,0xB38,0xA1E,0x904,
0x837,0x7D1,0x7C8,0x7E1,0x7E9,0x811,
0x89B,0x94D,0xA14,0xB2D,0xC9C,0xE04,
0xED9,0xEFF,0xE91,0xD95,0xC68,0xB0A,
0x9A8,0x8FB,0x8E5,0x913,0x983,0xA71,
0xBD0,0xCEC,0xDBC,0xE4A,0xE1E,0xD68,
0xC72,0xB32,0x9E7,0x957,0x9B1,0xA34,
0xA8B,0xA9B,0xAF3,0xBDC,0xCB6,0xD3D,
0xD42,0xCE9,0xC4E,0xB00,0x99E,0x8E1,
0x8C0,0x906,0x995,0xA94,0xB8F,0xCB7,
0xE3B,0xF83,0x1070,0x10B5,0xFF8,0xE60,
0xC28,0xA40,0x8FE,0x7FB,0x7AE,0x84A,
0x918,0x9DD,0xB1C,0xC76,0xD55,0xDB4,
0xD6A,0xCE2,0xC53,0xB6B,0xA80,0x9C2,
0x922,0x8A0,0x828,0x7F4,0x808,0x832,
0x8EC,0xA6B,0xBD7,0xCC2,0xD8C,0xE19,
0xE07,0xD85,0xCF0,0xC4E,0xBCB,0xBD0,
0xBC0,0xB48,0xB0C,0xB0C,0xB0E,0xAE1,
0xADB,0xB40,0xB47,0xAD4,0xA18,0x93C,
0x8DE,0x8C8,0x8C5,0x8F8,0x977,0xA36,
0xAD2,0xB5D,0xBBC,0xB85,0xADA,0xA2A,
0xA06,0xA0A,0x9D9,0x9FA,0xA62,0xACA,
0xB11,0xB2D,0xB31,0xAF0,0xAC1,0xAE0,
0xB07,0xB21,0xB11,0xABC,0xA0D,0x9B3,
0xA00,0xA4B,0xA78,0xA78,0xA5C,0xA5A,
0xA00,0x9AB,0x9DA,0xA90,0xBD1,0xCF3,
0xD62,0xD09,0xBF9,0xA69,0x8DF,0x77A,
0x66F,0x660,0x705,0x805,0x956,0xAD1,
0xC4C,0xD7C,0xE3A,0xEA2,0xF11,0xF20,
0xE64,0xD86,0xC9D,0xB90,0xAB7,0x9B9,
0x8AE,0x81E,0x87C,0x9D9,0xB0E,0xBB9,
0xC07,0xBF0,0xBCD,0xB6F,0xB0E,0xAF3,
0xAA7,0xA56,0x9DB,0x933,0x8FB,0x969,
0xA55,0xB44,0xC08,0xCBE,0xD42,0xD2B,
0xC4E,0xB2A,0xA50,0x9D8,0x964,0x8EE,
0x8D0,0x908,0x9BC,0xAD0,0xBBD,0xC8A,
0xD32,0xDB3,0xDEE,0xD79,0xCCB,0xC00,
0xAE2,0x9FB,0x99F,0x9AA,0x9FE,0xA77,
0xAF1,0xBB1,0xCDD,0xDDE,0xE29,0xDDB,
0xD65,0xCF7,0xC66,0xBA3,0xA8E,0x942,
0x808,0x75B,0x776,0x7C4,0x87F,0x9EF,
0xB70,0xCB2,0xD97,0xE0E,0xE30,0xE25,
0xE5A,0xE6C,0xDE2,0xCF8,0xB9C,0x9F7,
0x885,0x7DF,0x82C,0x915,0xA31,0xB20,
0xC52,0xD90,0xDE5,0xDD7,0xDDA,0xD9E,
0xCF6,0xBCF,0xAA9,0x9B3,0x8E4,0x8C9,
0x941,0x95E,0x959,0xA07,0xAF7,0xBA1,
0xC40,0xCD2,0xCEF,0xC7A,0xBE1,0xB52,
0xAFE,0xB1C,0xB5F,0xBB6,0xC22,0xC86,
0xCCB,0xCD7,0xCEE,0xCEB,0xC78,0xBF5,
0xB4D,0xA5C,0x96C,0x8E2,0x8D2,0x930,
0xA32,0xB59,0xC23,0xC92,0xC81,0xC49,
0xBDC,0xB03,0xA12,0x93A,0x8BE,0x895,
0x862,0x833,0x85E,0x90D,0xA04,0xACE,
0xB4D,0xBBC,0xBF1,0xBC8,0xBB8,0xBF3,
0xC23,0xC37,0xC13,0xBD3,0xBC6,0xBB7,
0xB94,0xB68,0xB2D,0xB09,0xAF9,0xADE,
0xAA0,0xA62,0xA66,0xA48,0x9B8,0x914,
0x8B5,0x898,0x8AE,0x8F1,0x95C,0x9C1,
0xA1D,0xA56,0xA4F,0xA91,0xAE4,0xAE9,
0xB1E,0xB63,0xB91,0xBB6,0xBB0,0xBE8,
0xC56,0xCC9,0xD5C,0xDC7,0xD93,0xC9E,
0xB5C,0xA4C,0x962,0x8E2,0x8EB,0x90F,
0x98C,0xA40,0xAD2,0xB44,0xB9D,0xC18,
0xC40,0xBC7,0xB44,0xAEE,0xAB9,0xA72,
0x9FE,0x9BE,0x96D,0x8CA,0x821,0x7E1,
0x82A,0x8DC,0x9F0,0xAED,0xB93,0xC33,
0xCE7,0xD8F,0xE00,0xE32,0xE35,0xDEF,
0xD60,0xC53,0xB20,0xA38,0x98A,0x940,
0x973,0xA08,0xAA6,0xB14,0xB76,0xB86,
0xB40,0xB52,0xB55,0xAB1,0x9F6,0x968,
0x8FF,0x8C5,0x88F,0x854,0x825,0x835,
0x8BA,0x95C,0xA1F,0xB35,0xC89,0xDDF,
0xEA6,0xEB5,0xE49,0xD81,0xC73,0xB47,
0xA2E,0x98A,0x972,0x995,0x9E0,0xABC,
0xC04,0xCFB,0xDC6,0xE48,0xE11,0xD57,
0xC64,0xB53,0xA46,0x9CF,0x9F9,0xA45,
0xA7D,0xA83,0xAF5,0xBE3,0xCA2,0xD33,
0xD43,0xCE7,0xC53,0xB08,0x9C2,0x932,
0x915,0x959,0xA12,0xB25,0xC4B,0xD98,
0xEED,0xFF7,0x1096,0x1073,0xF96,0xDF8,
0xBEF,0xA48,0x907,0x83E,0x811,0x88D,
0x979,0xA5A,0xB9D,0xCD7,0xD55,0xD8E,
0xD4E,0xCCA,0xC50,0xB5C,0xA84,0x9D6,
0x928,0x89A,0x802,0x7E8,0x824,0x86C,
0x96E,0xB1D,0xC96,0xD9E,0xE38,0xE60,
0xE1D,0xD73,0xC93,0xBE8,0xBB4,0xBF5,
0xC0B,0xB9B,0xB56,0xB54,0xB30,0xAC6,
0xAA3,0xAF9,0xAE5,0xA68,0x9CB,0x92B,
0x90C,0x918,0x91D,0x95F,0x9E7,0xAAB,
0xB1C,0xB3F,0xB3C,0xAD1,0xA2D,0x9D7,
0x9F2,0xA00,0x9EF,0xA25,0xA94,0xAF7,
0xB40,0xB7C,0xB76,0xB27,0xB14,0xB2D,
0xB53,0xB3A,0xABA,0xA46,0x9BA,0x983,
0x9C6,0xA18,0xA7B,0xA9C,0xA8E,0xA5B,
0x9E7,0x9B2,0x9A7,0xA31,0xB7E,0xC9B,
0xD2C,0xCCF,0xBDA,0xAB4,0x95B,0x819,
0x71C,0x70B,0x7A8,0x870,0x982,0xAD5,
0xC32,0xD5F,0xE11,0xE80,0xF0B,0xF13,
0xE41,0xD45,0xC6D,0xB98,0xAD4,0x9FD,
0x931,0x89E,0x8D4,0x9D8,0xA9E,0xB16,
0xB6A,0xB88,0xB69,0xB11,0xAFC,0xAEC,
0xA96,0xA45,0x9C8,0x948,0x919,0x97F,
0xA76,0xB6E,0xC45,0xCDA,0xD2B,0xD00,
0xC19,0xB0E,0xA28,0x988,0x92C,0x8CD,
0x8D5,0x93E,0xA0D,0xB20,0xBD1,0xC8B,
0xD3A,0xDAF,0xDBE,0xD19,0xC4F,0xB72,
0xA5C,0x996,0x963,0x9A0,0xA1A,0xA8B,
0xB00,0xBC2,0xCE5,0xDAB,0xDA3,0xD3D,
0xCCE,0xC60,0xBCB,0xB10,0xA22,0x902,
0x7F2,0x78A,0x7D9,0x872,0x942,0xA5D,
0xBA7,0xCB7,0xD5E,0xD9D,0xD87,0xDB2,
0xE0D,0xDD3,0xD2E,0xC47,0xB0E,0x9B7,
0x86A,0x7EF,0x861,0x917,0xA0D,0xB23,
0xC5F,0xD6D,0xD9D,0xDA8,0xDDF,0xD88,
0xCA3,0xB99,0xAB0,0x9D5,0x90D,0x8FF,
0x992,0x9A7,0x991,0xA2C,0xAE4,0xB5B,
0xBE5,0xC56,0xC6C,0xC20,0xBAF,0xB6B,
0xB3E,0xB69,0xBB6,0xBEF,0xC48,0xC8E,
0xCAC,0xC9B,0xC6A,0xC36,0xBD2,0xB4F,
0xAC9,0xA10,0x972,0x948,0x957,0x9B6,
0xAB4,0xBC5,0xC6E,0xCC4,0xCC0,0xC7F,
0xBD6,0xABB,0x9BA,0x8F8,0x885,0x852,
0x835,0x837,0x86C,0x91F,0xA1C,0xAE2,
0xB6A,0xBAA,0xBAB,0xBA8,0xBD3,0xC1C,
0xC35,0xC2D,0xBF3,0xBD4,0xC1A,0xC3B,
0xC0E,0xB9D,0xB1C,0xAC6,0xA58,0xA1A,
0x9DC,0x9D2,0xA39,0xA3A,0xA00,0x9A6,
0x932,0x92C,0x958,0x984,0x9BD,0x9CD,
0x9F8,0x9FD,0x9EC,0xA53,0xAB1,0xAE9,
0xB32,0xB7C,0xBC0,0xBD3,0xBCF,0xBE2,
0xBF3,0xC3E,0xCCE,0xD0E,0xCDA,0xC15,
0xB15,0xA6D,0x9C6,0x971,0x98A,0x982,
0x9C3,0xA55,0xADA,0xB69,0xBF3,0xC9A,
0xCA4,0xBF4,0xB83,0xB2C,0xAEF,0xAD1,
0xAAE,0xA97,0xA39,0x98E,0x8D5,0x850,
0x84A,0x8DE,0x9F7,0xAED,0xB92,0xC54,
0xD40,0xE23,0xE9A,0xEAD,0xE8F,0xE0B,
0xD40,0xC1D,0xAF9,0xA2C,0x960,0x931,
0x9A7,0xA3E,0xAD8,0xB60,0xC04,0xC4B,
0xC0C,0xC00,0xBC7,0xB03,0xA00,0x911,
0x895,0x86E,0x87E,0x867,0x835,0x88D,
0x92F,0x9C0,0xA85,0xBAE,0xD20,0xE2D,
0xE8A,0xE5A,0xDAC,0xCD1,0xBC6,0xA9E,
0x9C1,0x953,0x93A,0x98F,0xA45,0xB4F,
0xC73,0xD4E,0xDFB,0xE44,0xDD3,0xD19,
0xC4E,0xB2E,0xA23,0x9B2,0x9D9,0xA31,
0xA53,0xA82,0xB37,0xC46,0xD22,0xD7B,
0xD7A,0xD1B,0xC28,0xABB,0x98D,0x909,
0x8F6,0x93C,0x9F6,0xB18,0xC3A,0xD4C,
0xE63,0xF60,0x1027,0x1032,0xF45,0xD8B,
0xB91,0xA1A,0x8DF,0x7F5,0x7EB,0x8A3,
0x970,0xA42,0xBA5,0xCE7,0xD6E,0xDAB,
0xD80,0xD06,0xC60,0xB57,0xA7A,0x9CC,
0x90E,0x850,0x7AB,0x793,0x7D1,0x830,
0x93C,0xAE4,0xC3C,0xCE4,0xD4C,0xD97,
0xD8B,0xD33,0xCB1,0xC27,0xBF0,0xC1E,
0xBF3,0xB77,0xB53,0xB50,0xB21,0xAE7,
0xB03,0xB53,0xB22,0xA87,0x9B4,0x8E4,
0x89B,0x8A9,0x8D1,0x92F,0x9E6,0xAAB,
0xB11,0xB54,0xB73,0xB28,0xA77,0x9D4,
0x9AC,0x982,0x938,0x954,0x9CB,0xA61,
0xAE1,0xB54,0xB9F,0xB9D,0xB93,0xB74,
0xB69,0xB35,0xAAF,0xA35,0x9C3,0x9C5,
0xA29,0xA5E,0xA86,0xA80,0xA65,0xA30,
0x9B0,0x97A,0x9AF,0xA6A,0xB8A,0xC68,
0xCE8,0xCA9,0xBA0,0xA57,0x91D,0x80A,
0x736,0x717,0x7A7,0x87A,0x990,0xAF7,
0xC63,0xD97,0xE62,0xEBD,0xEFB,0xEE4,
0xE36,0xD47,0xC29,0xB2C,0xA6E,0x98B,
0x8DB,0x8A1,0x933,0xA50,0xB07,0xB7A,
0xBAD,0xBA9,0xBA5,0xB53,0xB22,0xAF6,
0xA6D,0xA15,0x99F,0x939,0x954,0x9D9,
0xAD4,0xB95,0xC04,0xC8F,0xCDF,0xCB6,
0xBF0,0xAF0,0xA45,0x9E1,0x994,0x948,
0x93A,0x9AD,0xA90,0xB86,0xC4C,0xCFD,
0xD71,0xDA4,0xD6B,0xCA5,0xBC7,0xAE8,
0x9FA,0x965,0x95D,0x9DE,0xAAC,0xB38,
0xBB0,0xC83,0xD7F,0xE0D,0xDE3,0xD6E,
0xD04,0xC76,0xBC3,0xAD6,0x9B9,0x8C7,
0x802,0x7C5,0x7FE,0x854,0x92A,0xA73,
0xBCF,0xCD6,0xD73,0xDD4,0xDD2,0xDF6,
0xE54,0xE39,0xD9B,0xC68,0xAEF,0x988,
0x843,0x7D3,0x82A,0x8F9,0xA25,0xB57,
0xCAD,0xD9A,0xDCF,0xE12,0xE2C,0xDB1,
0xCC5,0xB99,0xA6D,0x94E,0x8A4,0x8D7,
0x95C,0x975,0x981,0xA13,0xAD5,0xB81,
0xC10,0xC71,0xC68,0xBE6,0xB70,0xB24,
0xB00,0xB33,0xB78,0xBE0,0xC61,0xCA6,
0xCB7,0xC88,0xC53,0xC28,0xBB1,0xB00,
0xA47,0x98E,0x8FD,0x8B6,0x8AC,0x939,
0xA64,0xB77,0xC50,0xCE2,0xCE3,0xC86,
0xB98,0xA63,0x960,0x8A0,0x84E,0x810,
0x7D5,0x7D2,0x818,0x8F8,0xA1A,0xAFD,
0xBB0,0xC0A,0xC10,0xBFF,0xC21,0xC3B,
0xC18,0xC04,0xBBB,0xB93,0xBD6,0xC0B,
0xC1A,0xBB6,0xB22,0xACF,0xA88,0xA5F,
0xA0A,0x9F4,0xA4C,0xA4D,0xA0D,0x98A,
0x923,0x918,0x8DE,0x8CC,0x907,0x92F,
0x978,0x9D3,0xA51,0xB17,0xB82,0xBAC,
0xC00,0xC35,0xC2E,0xC02,0xBFD,0xC1A,
0xC0A,0xC33,0xC8C,0xCA7,0xC59,0xB72,
0xA87,0xA12,0x9B2,0x9B2,0x9BF,0x9A1,
0x9E6,0xA44,0xAA4,0xB20,0xBC5,0xC8C,
0xC8F,0xBF4,0xBA2,0xB74,0xB42,0xAFE,
0xAB6,0xA64,0x9DF,0x907,0x811,0x7A3,
0x7CF,0x894,0x9E8,0xB11,0xBE0,0xCB8,
0xD9C,0xE7A,0xF11,0xF0E,0xE72,0xDAF,
0xCFA,0xBF4,0xADE,0xA08,0x97F,0x95E,
0x996,0xA3C,0xAF6,0xB88,0xC00,0xC3A,
0xC67,0xCB5,0xC64,0xB55,0xA20,0x901,
0x84B,0x805,0x803,0x7F3,0x7F5,0x898,
0x96D,0x9F1,0xAAD,0xBD6,0xD37,0xE5A,
0xEF5,0xEFD,0xE4B,0xD3B,0xC03,0xAA6,
0x9B5,0x941,0x93B,0x98E,0xA16,0xB2F,
0xC64,0xD4F,0xDEE,0xE02,0xDB8,0xD10,
0xC1C,0xB14,0xA38,0xA18,0xA96,0xADA,
0xAD4,0xB10,0xBD4,0xC92,0xD11,0xD66,
0xD50,0xCEF,0xBF5,0xA79,0x973,0x901,
0x90E,0x991,0xA6E,0xB93,0xC87,0xD8A,
0xE9E,0xF7C,0x101C,0x1007,0xF02,0xD1E,
0xB2C,0x9D5,0x8CA,0x82F,0x844,0x900,
0x9BE,0xA9B,0xBF9,0xCF4,0xD88,0xDB1,
0xD4E,0xCC0,0xBE2,0xADF,0xA11,0x93D,
0x884,0x7E1,0x771,0x79B,0x7E0,0x856,
0x995,0xB28,0xC40,0xCEA,0xD54,0xD76,
0xD4D,0xCD7,0xC61,0xC1A,0xC1D,0xC67,
0xC19,0xB54,0xB0C,0xADA,0xAA1,0xA96,
0xACC,0xB0E,0xAE1,0xA71,0x9C0,0x911,
0x8C6,0x893,0x89B,0x90C,0x9AF,0xA66,
0xAFF,0xB34,0xB19,0xAB9,0xA1D,0x9B1,
0x9A1,0x999,0x9AC,0xA13,0xAA0,0xB07,
0xB2C,0xB6A,0xB78,0xB33,0xB1A,0xB20,
0xB32,0xB0D,0xA8A,0x9FD,0x99E,0x9B3,
0x9FD,0xA2F,0xA6E,0xA8C,0xA8D,0xA49,
0x9CA,0x99E,0x9EB,0xAD3,0xBFB,0xCCE,
0xD23,0xC9E,0xB60,0x9E9,0x87F,0x758,
0x6C4,0x724,0x818,0x910,0xA2D,0xB6D,
0xC8D,0xD86,0xE1C,0xE6C,0xEBB,0xE88,
0xDD5,0xD26,0xC34,0xB3D,0xA74,0x981,
0x8C5,0x893,0x92D,0xA20,0xAD0,0xB58,
0xB9C,0xB9B,0xB8A,0xB57,0xB4F,0xB41,
0xB01,0xAC8,0xA2E,0x98C,0x965,0x9B6,
0xA7A,0xB36,0xBE6,0xC8D,0xCD7,0xCB7,
0xBF1,0xAED,0xA48,0x9E0,0x98C,0x946,
0x94D,0x9CF,0xAA4,0xB93,0xC64,0xCFA,
0xD58,0xD64,0xCFF,0xC5B,0xBAF,0xAF2,
0xA47,0x9E7,0x9ED,0xA61,0xAFB,0xB5A,
0xBBB,0xC8B,0xD94,0xE24,0xE0D,0xD9D,
0xD21,0xC9B,0xBE2,0xAE6,0x9C1,0x8A1,
0x7C9,0x78D,0x7D2,0x862,0x954,0xA9B,
0xBE4,0xCC9,0xD3C,0xD4B,0xD5B,0xDCC,
0xE3A,0xE40,0xDAD,0xC74,0xAF6,0x96B,
0x829,0x7BE,0x82A,0x91F,0xA41,0xB7C,
0xCC8,0xD93,0xDBB,0xDC7,0xDC8,0xD5D,
0xC75,0xB5C,0xA40,0x94A,0x8C2,0x8EC,
0x952,0x957,0x99A,0xA5F,0xB29,0xBCD,
0xC22,0xC6F,0xC75,0xBFE,0xBAB,0xB6F,
0xB63,0xBAA,0xBD6,0xC0B,0xC27,0xC31,
0xC4D,0xC22,0xC19,0xC1E,0xBDD,0xB8C,
0xAF1,0xA25,0x980,0x900,0x8CE,0x94D,
0xA4C,0xB3F,0xC05,0xC98,0xCC3,0xC86,
0xBD3,0xAD3,0x9D5,0x919,0x8D1,0x8B1,
0x897,0x88C,0x8A0,0x911,0x9B7,0xA5E,
0xB00,0xB70,0xBAF,0xBE1,0xC27,0xC5C,
0xC78,0xC82,0xC28,0xBB8,0xB98,0xB9B,
0xB80,0xB2C,0xAE5,0xAB3,0xA6D,0xA2D,
0xA0A,0xA58,0xAAE,0xA7B,0x9FE,0x96A,
0x909,0x8DB,0x8B4,0x8D1,0x924,0x988,
0xA01,0xA58,0xABE,0xB4D,0xB84,0xBA0,
0xBF7,0xC22,0xC1A,0xBF6,0xBE5,0xBF6,
0xC17,0xC7F,0xCDE,0xCD2,0xC5C,0xB62,
0xA75,0x9EE,0x997,0x98D,0x98C,0x9A0,
0xA0E,0xA7C,0xAC9,0xB22,0xBAD,0xC13,
0xBC8,0xB4B,0xB12,0xAF0,0xAF1,0xAFE,
0xB03,0xAE2,0xA52,0x959,0x869,0x7E3,
0x7D3,0x890,0x9E9,0xAF5,0xB96,0xC5A,
0xD6E,0xE5C,0xECA,0xEC3,0xE7B,0xDDE,
0xCD5,0xB9E,0xA87,0x9AA,0x94D,0x97E,
0xA02,0xAA1,0xB0A,0xB8F,0xBFE,0xBE2,
0xBC2,0xBDE,0xB7A,0xA88,0x9A4,0x906,
0x8AB,0x888,0x87B,0x846,0x842,0x8CA,
0x96F,0x9FB,0xAF0,0xC4E,0xDA6,0xE8B,
0xEDD,0xE97,0xDC7,0xCCD,0xBA2,0xA5C,
0x97C,0x911,0x938,0x9B9,0xA56,0xB7A,
0xC92,0xD57,0xE19,0xE5A,0xDEB,0xD12,
0xBEF,0xAC9,0x9FF,0x9FB,0xA9D,0xB17,
0xB08,0xAFD,0xB8C,0xC34,0xCA1,0xCCD,
0xCC3,0xC90,0xBA0,0xA39,0x96A,0x94D,
0x980,0x9EA,0xABB,0xBBA,0xCC7,0xE20,
0xF48,0x1009,0x1057,0xFCE,0xE68,0xC80,
0xAC4,0x977,0x87E,0x7FE,0x816,0x8E1,
0x9A4,0xA68,0xB8B,0xC61,0xCF2,0xD21,
0xCDA,0xC97,0xBDA,0xACD,0x9FF,0x94F,
0x8BA,0x800,0x789,0x7AA,0x7DE,0x844,
0x965,0xAE3,0xC10,0xCF8,0xDA0,0xDE5,
0xDC5,0xD48,0xCBD,0xC51,0xC41,0xC5A,
0xBC5,0xB04,0xAC5,0xA95,0xA55,0xA37,
0xA65,0xA84,0xA4B,0x9F7,0x96C,0x900,
0x8FF,0x917,0x948,0x99B,0xA1B,0xAA3,
0xAEB,0xB10,0xB03,0xA98,0xA05,0x9A6,
0x993,0x992,0x9A2,0xA04,0xAAD,0xB31,
0xB83,0xBCC,0xBA2,0xB39,0xB17,0xB09,
0xAEF,0xAA5,0xA35,0x9B6,0x985,0xA07,
0xA84,0xAC8,0xAEE,0xAAC,0xA51,0x9CB,
0x945,0x93E,0x998,0xA8E,0xBC5,0xCB0,
0xD28,0xCC0,0xBB7,0xA5F,0x8D7,0x7A7,
0x728,0x767,0x804,0x8D9,0xA1A,0xB91,
0xD02,0xE07,0xE66,0xE9E,0xEC6,0xE70,
0xDCE,0xD10,0xC1E,0xB57,0xA9A,0x9A9,
0x8EB,0x8A2,0x90D,0x9C1,0xA4D,0xADC,
0xB35,0xB77,0xBD7,0xC0D,0xC32,0xC16,
0xB9B,0xAF5,0xA02,0x94E,0x925,0x988,
0xA67,0xB22,0xBEF,0xCCD,0xD20,0xCD4,
0xBEE,0xAFA,0xA7A,0xA24,0x9C7,0x98C,
0x99B,0x9F1,0xAA2,0xB78,0xC1E,0xC9E,
0xD10,0xD49,0xD11,0xC83,0xBEA,0xB3B,
0xA91,0xA43,0xA38,0xA76,0xAEE,0xB52,
0xBD1,0xCC1,0xDCB,0xE2B,0xE00,0xDC8,
0xD62,0xCBC,0xBF9,0xB0D,0x9DE,0x8BA,
0x801,0x7BD,0x7DD,0x86F,0x990,0xB16,
0xC83,0xD70,0xDC9,0xDC1,0xDC0,0xDF7,
0xE13,0xDCE,0xD25,0xC10,0xAAE,0x92B,
0x810,0x7ED,0x885,0x96F,0xA96,0xBF5,
0xD4A,0xDE4,0xDEC,0xE05,0xDD4,0xD1E,
0xC1E,0xB0B,0xA06,0x912,0x891,0x8D3,
0x924,0x91F,0x969,0xA44,0xB23,0xBC2,
0xC40,0xC86,0xC63,0xC0B,0xBA8,0xB48,
0xB35,0xB47,0xB3F,0xB5D,0xBA0,0xBD2,
0xBE7,0xBF2,0xBF5,0xBD0,0xBB1,0xB75,
0xAAD,0x9B0,0x92F,0x908,0x906,0x9B7,
0xAEF,0xBD3,0xC58,0xC73,0xC45,0xBF1,
0xB32,0xA41,0x95B,0x8C4,0x8A8,0x89E,
0x8A5,0x8B2,0x8DE,0x974,0xA05,0xA83,
0xB1E,0xB93,0xBBD,0xBC3,0xBF2,0xC0F,
0xC06,0xC07,0xBDC,0xBDA,0xC05,0xBEB,
0xB99,0xB21,0xAB9,0xA6C,0xA3D,0xA30,
0xA1F,0xA67,0xAC0,0xA8A,0x9FB,0x960,
0x911,0x8E7,0x8D5,0x932,0x99D,0x9DF,
0xA19,0xA27,0xA69,0xAE2,0xB1B,0xB66,
0xBD3,0xC0A,0xC1F,0xC1D,0xC20,0xC2B,
0xC44,0xC91,0xCE5,0xCD5,0xC19,0xAF4,
0xA20,0x9A4,0x941,0x93A,0x95A,0x9B0,
0xA57,0xADC,0xB45,0xB99,0xBFF,0xC42,
0xBCE,0xB59,0xB31,0xB0F,0xB18,0xB29,
0xB1A,0xAC2,0xA2A,0x93F,0x862,0x816,
0x83F,0x915,0xA33,0xAFC,0xBAF,0xC8C,
0xDA3,0xE80,0xED0,0xEA9,0xE22,0xD80,
0xC9A,0xB6D,0xA76,0x9AF,0x96C,0x9B9,
0xA23,0xAB9,0xB2E,0xBA9,0xBEC,0xBA3,
0xB95,0xB9E,0xB26,0xA63,0x994,0x910,
0x8B3,0x86D,0x83F,0x803,0x844,0x8EF,
0x97E,0xA24,0xB31,0xC94,0xDE3,0xEA0,
0xECF,0xE68,0xD78,0xC65,0xB1F,0x9D9,
0x92B,0x902,0x946,0x9DC,0xA9A,0xBB7,
0xC9F,0xD46,0xDFB,0xDFA,0xD5F,0xC9A,
0xBA1,0xABB,0xA16,0xA0A,0xA6D,0xAAC,
0xABA,0xB01,0xBD9,0xCAC,0xCFC,0xCFC,
0xCD8,0xC77,0xB76,0xA1D,0x956,0x921,
0x929,0x97D,0xA44,0xB64,0xC8A,0xDDF,
0xF4B,0x1046,0x1091,0x100D,0xEAB,0xCA1,
0xAB5,0x969,0x884,0x7EF,0x820,0x906,
0x9DC,0xAD1,0xBF8,0xCD3,0xD4D,0xD35,
0xCDA,0xC6F,0xBA3,0xABD,0x9FA,0x946,
0x88C,0x7CA,0x77D,0x7BA,0x806,0x8CC,
0xA4E,0xBBB,0xC9E,0xD3E,0xDA7,0xDAB,
0xD6A,0xCEA,0xC56,0xBED,0xBD3,0xBBF,
0xB3B,0xAD5,0xACB,0xAB9,0xAAF,0xAC6,
0xB35,0xB78,0xB2B,0xA95,0x9C5,0x931,
0x8F4,0x8DB,0x8FD,0x970,0xA11,0xAAC,
0xB21,0xB57,0xB4B,0xAD0,0xA2A,0x9FA,
0x9DB,0x995,0x9A5,0xA1C,0xAB8,0xB2A,
0xB8C,0xBD7,0xB9A,0xB27,0xB02,0xAF9,
0xAE4,0xA92,0xA1F,0x9B8,0x99E,0x9EC,
0xA30,0xA7B,0xABE,0xAA0,0xA69,0xA15,
0x9C3,0x9BA,0xA00,0xAE5,0xC08,0xCDC,
0xD17,0xC67,0xB20,0x9C1,0x876,0x784,
0x72A,0x76A,0x813,0x920,0xA99,0xC0E,
0xD2F,0xDDD,0xE1D,0xE4E,0xE6B,0xE29,
0xD8A,0xCC0,0xBE8,0xB2A,0xA66,0x982,
0x8E7,0x8E3,0x97F,0xA47,0xAED,0xB61,
0xB95,0xBA3,0xBA9,0xBB5,0xBB6,0xB67,
0xAE2,0xA63,0x9CF,0x959,0x952,0x9C5,
0xA7D,0xB2E,0xBD8,0xC86,0xCEC,0xCAC,
0xBD2,0xB08,0xA97,0xA43,0x9C0,0x953,
0x95A,0x9DD,0xAD8,0xBB7,0xC37,0xCAD,
0xD17,0xD42,0xD14,0xCA5,0xC0D,0xB2C,
0xA4E,0x9E5,0x9D8,0xA06,0xA53,0xAA2,
0xB58,0xC89,0xDA6,0xE0B,0xDDA,0xD94,
0xD51,0xCF2,0xC39,0xB45,0xA20,0x8E2,
0x7F1,0x77C,0x772,0x7EE,0x914,0xA8D,
0xBE7,0xCFF,0xDB5,0xDE4,0xDCE,0xE08,
0xE27,0xDDE,0xD18,0xBB3,0xA35,0x8BF,
0x7EA,0x816,0x8D2,0x9EC,0xB0D,0xC2F,
0xD54,0xDC8,0xDC3,0xDD9,0xDAE,0xD05,
0xC10,0xAF1,0x9EE,0x8ED,0x867,0x8DA,
0x946,0x95F,0x9DC,0xAB8,0xB75,0xBFE,
0xC69,0xC90,0xC48,0xBCE,0xB5D,0xB13,
0xB21,0xB49,0xB71,0xBA4,0xBFF,0xC73,
0xCA6,0xCAE,0xC96,0xC3F,0xBC7,0xB3A,
0xA63,0x973,0x8FB,0x8DB,0x8F7,0x9C4,
0xADF,0xBA6,0xC32,0xC7F,0xCA8,0xC60,
0xB72,0xA7F,0x99C,0x8F9,0x8C5,0x8A4,
0x8A4,0x8A3,0x8D7,0x97A,0xA17,0xA99,
0xB04,0xB59,0xB89,0xB91,0xBC5,0xC04,
0xC33,0xC39,0xBEE,0xBF9,0xC36,0xC10,
0xBAF,0xB1E,0xAA8,0xA3B,0x9CF,0x9B4,
0x9A1,0x9E5,0xA52,0xA49,0xA0C,0x9B9,
0x97C,0x948,0x906,0x948,0x9B0,0x9CE,
0xA00,0xA08,0xA37,0xAC3,0xB16,0xB71,
0xBD2,0xC09,0xC3D,0xC4E,0xC58,0xC5C,
0xC5D,0xCAD,0xD08,0xCEE,0xC35,0xB1C,
0xA54,0x9F4,0x9B2,0x9B4,0x9BD,0x9F9,
0xA6E,0xAB3,0xAF5,0xB69,0xC14,0xC54,
0xBD0,0xB64,0xB4A,0xB31,0xB14,0xB07,
0xB0A,0xAF1,0xA6C,0x975,0x8AF,0x86B,
0x8AE,0x97A,0xA79,0xB5D,0xC3F,0xD38,
0xE0D,0xE9F,0xEBA,0xE57,0xDD0,0xD4D,
0xC95,0xB9B,0xAB0,0x9E8,0x966,0x962,
0x9BD,0xA4F,0xAE0,0xB73,0xBBA,0xBBF,
0xC16,0xC20,0xB95,0xAD6,0x9EB,0x931,
0x8AC,0x84D,0x824,0x800,0x83E,0x8E5,
0x980,0xA4E,0xB81,0xCE5,0xE39,0xEF3,
0xF00,0xE68,0xD4B,0xC19,0xADA,0x9B0,
0x8F1,0x8B1,0x8F1,0x986,0xA5F,0xB85,
0xC8C,0xD51,0xDF9,0xE27,0xDB4,0xCEA,
0xBE3,0xAD0,0xA1F,0xA1A,0xA6C,0xAA4,
0xAB5,0xB27,0xBF0,0xC86,0xCDB,0xCE5,
0xCBA,0xC42,0xB2A,0xA0E,0x964,0x910,
0x91A,0x97C,0xA54,0xB52,0xC55,0xDAC,
0xEF5,0xFDE,0x103D,0xFBB,0xE52,0xC50,
0xA88,0x960,0x88F,0x837,0x891,0x95D,
0xA13,0xB07,0xC24,0xCC4,0xD22,0xD1B,
0xCB3,0xC27,0xB36,0xA2D,0x964,0x8B2,
0x83F,0x80B,0x810,0x85D,0x8AE,0x94D,
0xA7A,0xB97,0xC3B,0xCBA,0xD43,0xD86,
0xD53,0xCDE,0xC65,0xC08,0xBFA,0xBCF,
0xB4A,0xAEF,0xAC8,0xA95,0xA57,0xA5E,
0xAD0,0xAF7,0xABA,0xA42,0x9B0,0x984,
0x976,0x957,0x969,0x9B3,0xA2E,0xA9E,
0xAA7,0xA6C,0xA25,0x9BA,0x95A,0x960,
0x982,0x983,0x9C0,0xA23,0xA89,0xAF7,
0xB4E,0xB75,0xB52,0xB41,0xB53,0xB42,
0xB25,0xACA,0xA43,0x9C5,0x9A0,0xA02,
0xA5B,0xA98,0xAC0,0xA9D,0xA65,0x9F8,
0x98A,0x981,0x9F4,0xAFF,0xBFB,0xC9E,
0xCC9,0xBF5,0xAB5,0x97C,0x844,0x77D,
0x73F,0x793,0x840,0x933,0xABC,0xC42,
0xD6E,0xE51,0xEC7,0xF22,0xF28,0xE90,
0xDCB,0xCE2,0xBCE,0xADF,0x9E7,0x916,
0x8BA,0x8DD,0x99A,0xA62,0xAEA,0xB34,
0xB39,0xB69,0xB9C,0xBB1,0xBD4,0xB96,
0xB32,0xAB5,0x9CE,0x92A,0x93C,0x9CF,
0xA94,0xB42,0xC07,0xCBF,0xCF2,0xC8C,
0xBA9,0xAD9,0xA8D,0xA4E,0x9D3,0x974,
0x977,0x9F3,0xACB,0xBA9,0xC6B,0xD10,
0xD81,0xD87,0xD1C,0xC6C,0xB9B,0xAD6,
0xA36,0x9F1,0xA11,0xA70,0xADF,0xB2C,
0xBBE,0xCC1,0xD93,0xDCE,0xD86,0xD2F,
0xCFD,0xC98,0xBE3,0xAF3,0x9CD,0x8B7,
0x7FE,0x7CC,0x7FD,0x87E,0x982,0xAD5,
0xC14,0xD27,0xDDD,0xE27,0xE4F,0xE6D,
0xE4D,0xDD3,0xCC9,0xB60,0x9DE,0x871,
0x7D3,0x808,0x8D2,0x9F4,0xB0C,0xC57,
0xD66,0xDAB,0xDC5,0xDF1,0xDC3,0xD03,
0xBFC,0xAF9,0x9ED,0x8F8,0x890,0x8D7,
0x903,0x8F6,0x981,0xA8D,0xB7C,0xC30,
0xCC7,0xD0E,0xCB5,0xC1E,0xB9A,0xB3D,
0xB4B,0xB90,0xBB8,0xBD2,0xC1E,0xC61,
0xC5F,0xC4C,0xC29,0xBEA,0xBA1,0xB41,
0xA95,0x9E7,0x99B,0x96B,0x97D,0xA49,
0xB3E,0xBEB,0xC7B,0xCC4,0xCCC,0xC6D,
0xB90,0xA7C,0x96B,0x8E8,0x8B4,0x871,
0x869,0x87E,0x8F9,0x9B1,0xA2C,0xABC,
0xB3E,0xB8D,0xBB6,0xBD7,0xC14,0xC27,
0xC36,0xC22,0xBF0,0xC19,0xC3A,0xC0E,
0xBA8,0xB24,0xABD,0xA3B,0x9F8,0x9E7,
0x9CB,0xA3B,0xA9A,0xA74,0xA16,0x989,
0x944,0x923,0x909,0x92E,0x94E,0x993,
0x9E9,0xA06,0xA64,0xAC1,0xAFA,0xB88,
0xBDD,0xBDC,0xBE8,0xBED,0xC1B,0xC27,
0xC2F,0xC9B,0xCCB,0xC9A,0xBE6,0xADE,
0xA4F,0x9CA,0x970,0x97F,0x978,0x9CA,
0xA4A,0xAAF,0xB1F,0xB98,0xC3E,0xC54,
0xBE3,0xBAC,0xB71,0xB49,0xB36,0xB17,
0xAF6,0xA97,0x9E4,0x8EC,0x81B,0x7C5,
0x807,0x90B,0xA40,0xB02,0xBB5,0xCD2,
0xE11,0xEDD,0xF03,0xEC8,0xE3A,0xD71,
0xC6C,0xB28,0xA2C,0x98F,0x949,0x975,
0xA11,0xAEC,0xB8C,0xBF4,0xBF9,0xBCB,
0xBF6,0xBCA,0xB10,0xA3E,0x98C,0x924,
0x8DC,0x89D,0x851,0x808,0x82B,0x89A,
0x91C,0x9FF,0xB46,0xCA2,0xDDE,0xE89,
0xE89,0xDE4,0xCD1,0xBC3,0xAA5,0x9B3,
0x924,0x901,0x967,0x9F4,0xACB,0xC02,
0xCDA,0xD74,0xDDC,0xDA0,0xCF7,0xC17,
0xB2D,0xA51,0x9C4,0x9F4,0xA64,0xAA7,
0xAE5,0xB6E,0xC34,0xC94,0xC9F,0xC99,
0xC59,0xBCB,0xAB5,0x9B9,0x961,0x930,
0x937,0x9A4,0xA70,0xB6D,0xC81,0xDE6,
0xF3C,0x1004,0x1037,0xF93,0xDFE,0xC09,
0xA5E,0x93E,0x876,0x822,0x8AF,0x9A6,
0xA8D,0xBAF,0xCCE,0xD89,0xDD3,0xD95,
0xD18,0xC57,0xB45,0xA31,0x92D,0x85C,
0x7CD,0x7A5,0x7DE,0x814,0x87B,0x998,
0xB2F,0xC7A,0xD17,0xD69,0xD9F,0xD8D,
0xD23,0xC94,0xC54,0xC43,0xC37,0xC07,
0xB6A,0xAFC,0xAC6,0xA82,0xA6C,0xAA6,
0xB28,0xB4B,0xB01,0xA9F,0x9F6,0x97E,
0x942,0x8FA,0x910,0x977,0xA03,0xA86,
0xAC1,0xABF,0xA7E,0xA1C,0x9C2,0x9AB,
0x9A9,0x97D,0x9A3,0xA1F,0xAD2,0xB64,
0xB95,0xBC8,0xBB2,0xB64,0xB2D,0xB05,
0xAE5,0xA9C,0xA49,0xA11,0xA22,0xA6C,
0xA8A,0xAB0,0xABD,0xA8C,0xA3F,0x99C,
0x933,0x93F,0x9CA,0xAFE,0xC20,0xCDC,
0xCEE,0xC15,0xAC8,0x967,0x817,0x706,
0x6CD,0x77C,0x855,0x97D,0xAFD,0xC4A,
0xD78,0xE3A,0xE9C,0xEF4,0xED2,0xE35,
0xD6C,0xC70,0xB7B,0xAD1,0xA16,0x954,
0x8C1,0x8DC,0x9C4,0xA79,0xADD,0xB3C,
0xB71,0xBC6,0xBF5,0xBDE,0xBCA,0xB5A,
0xAF1,0xA6C,0x98D,0x926,0x957,0x9FB,
0xAD5,0xB8D,0xC56,0xCE9,0xD06,0xC8C,
0xB91,0xAD2,0xA66,0x9F1,0x97A,0x932,
0x95C,0xA05,0xAF8,0xBD0,0xC72,0xD12,
0xD99,0xDB9,0xD39,0xC86,0xBD9,0xAE4,
0xA27,0x9D8,0x9D6,0xA21,0xA6B,0xAC3,
0xB8B,0xCBC,0xDAC,0xDB1,0xD66,0xD3E,
0xD03,0xC80,0xB99,0xA8F,0x977,0x87B,
0x7F9,0x7E9,0x819,0x8A1,0x9B7,0xB22,
0xC74,0xD65,0xDC8,0xDF3,0xE29,0xE50,
0xE3A,0xDB5,0xCB3,0xB56,0x9D8,0x884,
0x7F2,0x826,0x8CD,0x9DB,0xB2A,0xCA9,
0xDD0,0xE1A,0xE20,0xE23,0xDB1,0xCBB,
0xB9B,0xA83,0x97E,0x8BE,0x8AB,0x921,
0x951,0x93A,0x9CA,0xABC,0xB48,0xBD1,
0xC66,0xC85,0xC24,0xBC2,0xB92,0xB88,
0xBAF,0xBCE,0xBC7,0xBD9,0xC06,0xC1F,
0xC25,0xC24,0xC3E,0xC3C,0xBFF,0xB87,
0xABC,0x9F9,0x96C,0x903,0x92F,0x9F9,
0xACA,0xB83,0xC25,0xC7C,0xC7E,0xC1D,
0xB5A,0xA5F,0x988,0x926,0x8ED,0x8B6,
0x8A4,0x8A6,0x8F0,0x981,0x9F3,0xA76,
0xB1C,0xBA0,0xC02,0xC4B,0xC7C,0xC9A,
0xCA4,0xC5E,0xBF6,0xBE0,0xBF2,0xBC4,
0xB31,0xA9E,0xA6D,0xA58,0xA2C,0xA07,
0xA15,0xA88,0xAC0,0xA5F,0x9BD,0x940,
0x90E,0x8E9,0x8E2,0x905,0x95A,0x9D7,
0xA2A,0xA79,0xAE7,0xB37,0xB7D,0xBEA,
0xC39,0xC3D,0xC20,0xBEF,0xBD6,0xBD1,
0xBCC,0xC11,0xC6E,0xC61,0xBE1,0xB2A,
0xAB8,0xA51,0x9E8,0x9A4,0x966,0x99D,
0xA05,0xA5E,0xAB9,0xB3A,0xC07,0xC31,
0xBB9,0xB8D,0xB80,0xB5D,0xB27,0xB0A,
0xAF3,0xA6E,0x99A,0x896,0x7E2,0x7D8,
0x85A,0x98E,0xAB9,0xB45,0xC04,0xD2F,
0xE38,0xEC3,0xECE,0xE89,0xE10,0xD59,
0xC47,0xB08,0xA0A,0x964,0x90E,0x947,
0x9E7,0xA83,0xB2D,0xBDB,0xBFA,0xBE7,
0xC0D,0xBEA,0xB3E,0xA50,0x9A0,0x94C,
0x907,0x8B8,0x86C,0x84D,0x895,0x92C,
0x9C2,0xA77,0xB7E,0xCB5,0xDDC,0xE6E,
0xE4F,0xDA4,0xCA5,0xB8F,0xA6B,0x98D,
0x931,0x932,0x98B,0xA38,0xB2C,0xC3E,
0xD0E,0xDAB,0xE0E,0xDE9,0xD52,0xC8B,
0xBA0,0xA9C,0x9FC,0xA20,0xA78,0xA86,
0xAC1,0xBA5,0xCA1,0xD19,0xD2B,0xCE5,
0xC6D,0xBAD,0xA76,0x9A5,0x963,0x935,
0x958,0x9C7,0xA8D,0xB84,0xC9D,0xDEB,
0xF05,0xFC1,0xFDF,0xF07,0xD70,0xBA2,
0xA3A,0x94D,0x888,0x856,0x905,0x9EF,
0xAB6,0xBB3,0xCAD,0xD37,0xD62,0xD31,
0xCCE,0xC26,0xB22,0xA22,0x941,0x85A,
0x7A2,0x75F,0x780,0x7CD,0x865,0x99E,
0xB3D,0xC63,0xCDF,0xD43,0xD99,0xD76,
0xCE0,0xC50,0xC20,0xC36,0xC5C,0xC21,
0xB8C,0xB35,0xB08,0xAD0,0xA7B,0xA76,
0xAD5,0xADC,0xAA4,0xA42,0x9AC,0x95A,
0x907,0x8BD,0x8FD,0x97D,0xA2D,0xAC5,
0xAF8,0xAFB,0xABF,0xA49,0x9D3,0x9AA,
0x99D,0x97E,0x9CC,0xA70,0xAFB,0xB53,
0xB9F,0xBEA,0xBBB,0xB5E,0xB3E,0xB13,
0xAC5,0xA64,0x9FD,0x9BD,0x9F6,0xA7F,
0xADE,0xAEF,0xAD0,0xAA5,0xA42,0x9A1,
0x966,0x99B,0xA44,0xB6E,0xC5D,0xCCF,
0xC9D,0xBAA,0xA85,0x955,0x812,0x728,
0x71B,0x7B5,0x870,0x98A,0xB0E,0xC77,
0xD89,0xDFE,0xE2A,0xE65,0xE3D,0xDB7,
0xD2F,0xC93,0xC01,0xB5E,0xA58,0x966,
0x8D8,0x8E3,0x974,0xA00,0xA9E,0xB41,
0xBB6,0xC05,0xC07,0xC22,0xC29,0xBAE,
0xB15,0xA3C,0x954,0x8F7,0x939,0xA02,
0xAD2,0xB85,0xC49,0xCD3,0xCEC,0xC65,
0xB8B,0xAF8,0xA89,0xA0A,0x977,0x929,
0x960,0x9ED,0xAC3,0xBAC,0xC77,0xD29,
0xD9A,0xDB0,0xD59,0xCC6,0xBF5,0xAF0,
0xA3C,0x9FE,0xA1D,0xA6C,0xAA8,0xB14,
0xBE8,0xCFB,0xDA5,0xD98,0xD87,0xD77,
0xD18,0xC72,0xB8E,0xA8E,0x951,0x835,
0x7C9,0x7B8,0x7C9,0x848,0x972,0xB05,
0xC53,0xD29,0xDA2,0xDDA,0xE16,0xE50,
0xE45,0xDBD,0xC9B,0xB31,0x9AF,0x856,
0x7CC,0x808,0x8C4,0x9E9,0xB45,0xCA4,
0xD9A,0xDED,0xE0E,0xE16,0xDA3,0xCAC,
0xB8C,0xA5C,0x941,0x893,0x896,0x901,
0x91E,0x93C,0x9F4,0xAAA,0xB0D,0xB68,
0xBC1,0xBF6,0xBDA,0xBB9,0xB9B,0xB8C,
0xBAF,0xBD3,0xBF5,0xBFF,0xC19,0xC3D,
0xC31,0xC47,0xC5B,0xC0A,0xBB7,0xB49,
0xA8A,0x9D6,0x959,0x92D,0x98D,0xA77,
0xB43,0xBB0,0xC1A,0xC46,0xC20,0xB94,
0xAB0,0x9E2,0x93C,0x8E6,0x8B8,0x8B8,
0x8B4,0x89C,0x919,0x9B4,0xA2C,0xAC1,
0xB51,0xBD5,0xC1B,0xC54,0xCA1,0xCD3,
0xCE9,0xC8B,0xC0E,0xBEC,0xBD5,0xB81,
0xAD3,0xA4D,0xA46,0xA2A,0x9EC,0x9C4,
0x9E4,0xA5F,0xA96,0xA57,0x9E9,0x9AD,
0x9A5,0x979,0x967,0x972,0x978,0x995,
0x9A2,0x9CA,0xA57,0xAF4,0xB76,0xBF6,
0xC30,0xC1B,0xBF4,0xBCB,0xBC2,0xBAF,
0xBC9,0xC5B,0xCA2,0xC55,0xBAD,0xAED,
0xA77,0xA0D,0x9C7,0x9AD,0x991,0x9D8,
0xA30,0xA7E,0xAF6,0xB88,0xC11,0xBEE,
0xB70,0xB38,0xB12,0xAF8,0xADE,0xACE,
0xAB0,0xA53,0x9B2,0x8C1,0x805,0x7CE,
0x85B,0x98D,0xA86,0xB44,0xC3B,0xD75,
0xEB6,0xF52,0xF35,0xE9D,0xDD0,0xCD5,
0xB8A,0xA77,0x9B3,0x959,0x997,0xA0D,
0xAAF,0xB22,0xB5C,0xB99,0xB55,0xB2A,
0xB6D,0xB56,0xADE,0xA29,0x9AD,0x979,
0x914,0x8A7,0x83A,0x807,0x85D,0x8E9,
0x991,0xA8A,0xBCC,0xD22,0xE4B,0xEDF,
0xEA2,0xDE0,0xCE8,0xBBF,0xA7A,0x975,
0x916,0x95B,0x9ED,0xAB0,0xBB0,0xCA0,
0xD39,0xDA9,0xDDF,0xDA2,0xD18,0xC4F,
0xB74,0xAB7,0xA4E,0xA80,0xACA,0xAC1,
0xAEA,0xBB4,0xCA0,0xD1C,0xD2F,0xD05,
0xCB2,0xBE3,0xAA4,0x9B0,0x93F,0x92B,
0x957,0x9D8,0xAC7,0xBEA,0xD3B,0xE82,
0xF79,0x1004,0xFF8,0xF10,0xD55,0xB87,
0xA4C,0x960,0x898,0x885,0x958,0xA33,
0xADF,0xBF8,0xCEC,0xD5C,0xD5F,0xCE9,
0xC64,0xBBF,0xAD0,0xA0B,0x96E,0x8BC,
0x823,0x7E1,0x7F2,0x825,0x8AA,0x9DB,
0xB5B,0xC54,0xCDA,0xD32,0xD56,0xD47,
0xCF3,0xCB4,0xCC4,0xCE8,0xCF8,0xC90,
0xBCB,0xB50,0xB04,0xAA7,0xA4D,0xA5F,
0xAC3,0xAD1,0xA90,0xA1E,0x9B4,0x9A6,
0x98E,0x958,0x971,0x9DE,0xA6C,0xAB6,
0xABF,0xAB3,0xA6B,0x9E8,0x97F,0x972,
0x964,0x971,0x9E4,0xA98,0xB60,0xBBE,
0xBCB,0xBC7,0xB76,0xB2A,0xAE3,0xAA9,
0xA97,0xA4C,0xA07,0xA0B,0xA67,0xAE8,
0xB25,0xB3A,0xB0C,0xAB2,0xA2E,0x993,
0x95E,0x984,0xA30,0xB52,0xC47,0xCD3,
0xC9D,0xB96,0xA55,0x92E,0x82A,0x754,
0x735,0x7D8,0x8BC,0x9F7,0xB58,0xCAC,
0xDB7,0xE31,0xE59,0xE5B,0xE08,0xD8A,
0xD0B,0xC49,0xB94,0xAFB,0xA25,0x945,
0x8B3,0x8E3,0x991,0xA20,0xAA5,0xB08,
0xB65,0xBC2,0xBBD,0xBDE,0xBD8,0xB58,
0xAD3,0xA1B,0x983,0x950,0x97F,0xA05,
0xA87,0xB3A,0xC18,0xCB0,0xCC7,0xC3A,
0xB77,0xAE1,0xA60,0x9DB,0x943,0x903,
0x953,0xA23,0xB27,0xC04,0xCD2,0xD69,
0xDAA,0xD7C,0xCC3,0xBF7,0xB37,0xA80,
0x9FB,0x9C6,0xA06,0xA6E,0xACF,0xB53,
0xC2A,0xD56,0xE0C,0xDFC,0xDC1,0xD7F,
0xD2D,0xC89,0xB69,0xA39,0x910,0x811,
0x797,0x77C,0x7A0,0x83F,0x985,0xB0C,
0xC6B,0xD71,0xDDE,0xDFC,0xE3A,0xE57,
0xE05,0xD49,0xC1C,0xAB1,0x94B,0x84A,
0x809,0x879,0x95E,0xA4D,0xB79,0xCF1,
0xDBF,0xDD2,0xDE2,0xDD6,0xD3F,0xC37,
0xB34,0xA50,0x960,0x8CB,0x8EB,0x935,
0x92C,0x956,0xA16,0xAD4,0xB45,0xB95,
0xBCE,0xBD9,0xB9E,0xB78,0xB7A,0xB94,
0xBCD,0xBF7,0xBFE,0xBF9,0xC0C,0xC2B,
0xC33,0xC32,0xC22,0xBDE,0xB66,0xAAA,
0x9DB,0x94A,0x90B,0x907,0x973,0xA77,
0xB61,0xBFA,0xC6D,0xC55,0xC09,0xB83,
0xA95,0x9AA,0x8EA,0x8A2,0x894,0x884,
0x882,0x891,0x904,0x9BB,0xA63,0xB2C,
0xBE4,0xC3C,0xC5A,0xC69,0xC5B,0xC32,
0xC0E,0xBC4,0xB7D,0xB80,0xBA0,0xB7E,
0xAFD,0xA97,0xA78,0xA53,0xA25,0x9F3,
0x9F7,0xA5A,0xA9D,0xA63,0x9D3,0x977,
0x967,0x972,0x996,0x9BA,0x9F0,0xA34,
0xA4A,0xA76,0xADD,0xB1E,0xB44,0xB9E,
0xBEF,0xC0F,0xC2E,0xC31,0xC18,0xBF4,
0xC06,0xC58,0xC62,0xBFC,0xB3B,0xA90,
0xA3D,0x9E0,0x9A6,0x9A7,0x9C8,0xA3A,
0xACA,0xB53,0xBC5,0xC2B,0xC89,0xC4C,
0xBB6,0xB4E,0xAF3,0xAD6,0xAE2,0xAFD,
0xB01,0xA9F,0x9E0,0x8F9,0x843,0x816,
0x8B4,0x9E0,0xAE7,0xB90,0xC61,0xD7B,
0xE59,0xE8B,0xE49,0xDE0,0xD55,0xC8E,
0xB8E,0xAB8,0xA1B,0x9B3,0x9A8,0x9EA,
0xA6D,0xB0D,0xB9E,0xBE1,0xBA8,0xBBA,
0xC11,0xBC5,0xB00,0xA3C,0x9B8,0x958,
0x8D6,0x866,0x7FC,0x7C6,0x826,0x8BE,
0x979,0xA89,0xC03,0xD99,0xE9C,0xEE6,
0xE8E,0xDA7,0xC76,0xB15,0x9E3,0x92B,
0x90B,0x96B,0x9D8,0xA95,0xBC7,0xCE7,
0xD9D,0xDEF,0xDF0,0xD83,0xCCF,0xBE6,
0xAC9,0xA20,0xA25,0xA79,0xAC3,0xAD9,
0xB47,0xC40,0xD10,0xD67,0xD57,0xD21,
0xCC9,0xBDE,0xAA2,0x9CB,0x968,0x945,
0x96E,0xA0C,0xB16,0xC30,0xD6D,0xEC5,
0xFCB,0x104A,0x1027,0xF16,0xD3A,0xB67,
0xA0B,0x8ED,0x80B,0x80C,0x8E9,0x9EA,
0xB07,0xC47,0xD2D,0xD92,0xD7C,0xD08,
0xC90,0xBC3,0xAA7,0x9D2,0x922,0x87A,
0x7F8,0x7D0,0x7FA,0x820,0x8AD,0xA0B,
0xB74,0xC4D,0xCC8,0xD0B,0xD48,0xD36,
0xCC7,0xC70,0xC53,0xC7B,0xC96,0xC16,
0xB5D,0xB04,0xAD1,0xA77,0xA1A,0xA2E,
0xA73,0xA67,0xA31,0x9D2,0x993,0x98C,
0x96C,0x947,0x977,0x9F0,0xA62,0xABB,
0xAD5,0xA9D,0xA43,0x9DF,0x9B7,0x9BC,
0x98F,0x998,0x9EB,0xA70,0xB22,0xB85,
0xBB6,0xB91,0xB23,0xAD9,0xA9B,0xA74,
0xA3A,0x9EB,0x9D8,0x9F8,0xA5D,0xAC2,
0xAFF,0xB11,0xABD,0xA51,0x9C9,0x931,
0x904,0x943,0xA13,0xB39,0xC27,0xCB7,
0xC81,0xB7C,0xA5B,0x949,0x83C,0x797,
0x7B6,0x85E,0x93A,0xA5C,0xB94,0xC8E,
0xD35,0xD84,0xDBF,0xDFD,0xDAE,0xD0F,
0xC8C,0xBE8,0xB69,0xADC,0xA0D,0x96F,
0x921,0x957,0x9BF,0xA0E,0xAA1,0xB1A,
0xB6D,0xBCE,0xC25,0xC83,0xC43,0xB90,
0xAE4,0x9FB,0x936,0x8E0,0x910,0x9BF,
0xA8E,0xB93,0xC76,0xCE3,0xCE1,0xC43,
0xB7F,0xAEF,0xA7E,0x9FE,0x976,0x94A,
0x99F,0xA5F,0xB47,0xC17,0xCC9,0xD46,
0xD84,0xD50,0xCBF,0xC25,0xB5E,0xAB0,
0xA6B,0xA6D,0xA82,0xA98,0xAE5,0xB75,
0xC55,0xD55,0xDD8,0xDC7,0xDA3,0xD75,
0xD13,0xC72,0xB8C,0xA7C,0x959,0x868,
0x801,0x80A,0x865,0x94E,0xAC5,0xC4A,
0xD6B,0xE03,0xE25,0xE10,0xE16,0xDFD,
0xD7E,0xCB5,0xBA4,0xA95,0x995,0x8BE,
0x89A,0x91A,0x9DF,0xAA5,0xB9F,0xCE0,
0xD94,0xDAA,0xDC4,0xDAC,0xD0A,0xC19,
0xB42,0xA72,0x999,0x941,0x981,0x9BB,
0x98F,0x9B4,0xA78,0xB1A,0xB71,0xBBE,
0xC07,0xC2B,0xBF5,0xBAA,0xB72,0xB5C,
0xB79,0xB7D,0xB71,0xB87,0xBB0,0xBD7,
0xBF1,0xC13,0xC24,0xBEF,0xB88,0xAEA,
0xA27,0x98A,0x931,0x933,0x9D4,0xACB,
0xB8B,0xC31,0xC91,0xC7A,0xBFA,0xB11,
0xA23,0x955,0x8C7,0x8B6,0x8D9,0x91C,
0x942,0x954,0x9A9,0x9ED,0xA5D,0xAF3,
0xB54,0xB90,0xBBA,0xBF8,0xC0D,0xC08,
0xC1E,0xBED,0xB9A,0xB87,0xB77,0xB35,
0xAA4,0xA3C,0xA39,0xA3F,0xA2F,0xA2F,
0xA72,0xAC9,0xACF,0xA5B,0x9D4,0x99A,
0x98A,0x97E,0x97F,0x99F,0x9FA,0xA3B,
0xA4B,0xA7B,0xAB0,0xAD1,0xAEC,0xB36,
0xB7D,0xB9C,0xBCA,0xBEE,0xC11,0xC0B,
0xC01,0xC19,0xBF2,0xB97,0xB14,0xAAF,
0xA76,0xA3E,0xA27,0xA05,0xA02,0xA5E,
0xAD0,0xB27,0xB63,0xBB8,0xC02,0xBC1,
0xB4A,0xAFB,0xACD,0xAD0,0xACB,0xAC0,
0xA97,0xA1D,0x958,0x890,0x82F,0x852,
0x907,0xA1A,0xB0F,0xBCC,0xC9A,0xD6F,
0xDF7,0xE06,0xDC2,0xD49,0xCB7,0xC13,
0xB5D,0xAB8,0xA18,0x9A5,0x986,0x9C3,
0xA4E,0xAE2,0xB74,0xBBE,0xB9C,0xBA3,
0xBB5,0xB48,0xA9C,0x9F0,0x97B,0x937,
0x8E4,0x894,0x852,0x865,0x8F8,0x9AA,
0xA52,0xB23,0xC4E,0xD70,0xE08,0xE03,
0xD97,0xCE3,0xBF2,0xAF3,0xA23,0x998,
0x97E,0x9CB,0xA2D,0xAE4,0xBE4,0xCBF,
0xD3C,0xD7C,0xD7D,0xD14,0xC81,0xBBC,
0xAD4,0xA4E,0xA5D,0xAB0,0xADB,0xAE3,
0xB5F,0xC19,0xC85,0xCB9,0xCBB,0xC95,
0xC42,0xB8F,0xAB5,0xA21,0x9C0,0x99F,
0x9DC,0xA7B,0xB56,0xC3A,0xD3C,0xE4A,
0xF0E,0xF5A,0xF07,0xDEB,0xC67,0xB15,
0xA30,0x97D,0x8F4,0x91B,0x9CA,0xA6F,
0xB32,0xC29,0xCBB,0xCD2,0xCAE,0xC64,
0xC09,0xB55,0xA82,0x9E5,0x95D,0x8EE,
0x898,0x8AC,0x8FA,0x92C,0x9B5,0xABF,
0xBA7,0xC13,0xC4A,0xC83,0xCA9,0xC8E,
0xC56,0xC27,0xC1A,0xC44,0xC41,0xBBE,
0xB37,0xB05,0xAEF,0xAAC,0xA54,0xA5F,
0xA81,0xA76,0xA5D,0xA25,0xA23,0xA37,
0xA1B,0xA0F,0xA17,0xA49,0xA8B,0xA9B,
0xA9F,0xA89,0xA3B,0x9E2,0x9BE,0x9D1,
0x9BC,0x9B8,0xA09,0xAA6,0xB4C,0xBAD,
0xBF3,0xBF7,0xBA4,0xB38,0xADA,0xA9D,
0xA42,0x9F4,0x9DD,0xA0C,0xA90,0xAF4,
0xB2B,0xB31,0xAE8,0xA8A,0x9FB,0x980,
0x95F,0x994,0xA6E,0xB76,0xC47,0xCBD,
0xC6A,0xB85,0xA8C,0x999,0x8A2,0x810,
0x847,0x8E8,0x9B1,0xAA2,0xB9B,0xC8C,
0xD20,0xD4F,0xD88,0xD97,0xD2C,0xCB2,
0xC55,0xBEB,0xB90,0xB16,0xA76,0x9CF,
0x967,0x999,0x9F6,0xA36,0xAA6,0xB2A,
0xBA5,0xC02,0xC30,0xC4D,0xBFA,0xB65,
0xAD5,0xA25,0x98C,0x950,0x99F,0xA49,
0xAE0,0xB80,0xC23,0xC80,0xC66,0xBDE,
0xB3E,0xAB0,0xA4F,0x9ED,0x98F,0x970,
0x9BC,0xA83,0xB64,0xC18,0xCA8,0xCFA,
0xD1A,0xCE2,0xC61,0xBD6,0xB04,0xA5C,
0xA21,0xA26,0xA5A,0xA92,0xAEC,0xB7A,
0xC2F,0xCFE,0xD53,0xD3A,0xD09,0xCA5,
0xC3D,0xBC0,0xB02,0xA05,0x922,0x8A1,
0x876,0x889,0x8C9,0x974,0xA98,0xBAC,
0xC90,0xD29,0xD5F,0xD83,0xDA2,0xD9C,
0xD3D,0xC7C,0xB7C,0xA68,0x969,0x8E5,
0x8F7,0x97A,0xA37,0xAFC,0xBF1,0xCE2,
0xD2C,0xD0A,0xD02,0xCC9,0xC2E,0xB61,
0xAC3,0xA41,0x9C0,0x9AB,0x9F5,0xA0C,
0x9EB,0xA09,0xAA0,0xB19,0xB43,0xB83,
0xBC1,0xBC3,0xB89,0xB54,0xB43,0xB60,
0xB9E,0xBCF,0xBDA,0xBE0,0xBF1,0xC04,
0xBF4,0xBDC,0xBB6,0xB6B,0xB0A,0xA8D,
0xA11,0x9B8,0x987,0x9A0,0xA3D,0xB17,
0xBBA,0xC10,0xC3C,0xC24,0xBC2,0xB20,
0xA5C,0x9AE,0x950,0x93A,0x93B,0x95F,
0x979,0x99B,0x9EA,0xA41,0xABD,0xB36,
0xB6E,0xB96,0xBB4,0xBD8,0xBE4,0xBDE,
0xBE7,0xBC9,0xBBA,0xBCE,0xBC8,0xB76,
0xAFA,0xAA2,0xA73,0xA4E,0xA3B,0xA28,
0xA5D,0xAB7,0xABC,0xA73,0xA23,0x9F0,
0x9C6,0x9AA,0x9A9,0x9B4,0x9D4,0x9F0,
0xA07,0xA5F,0xAAC,0xAD9,0xB18,0xB6A,
0xBAF,0xBCA,0xBDE,0xC04,0xC27,0xC27,
0xC32,0xC2D,0xC0F,0xBC1,0xB41,0xADA,
0xA95,0xA62,0xA4F,0xA46,0xA67,0xAAD,
0xAF4,0xB3F,0xB66,0xB9B,0xBA8,0xB48,
0xAED,0xAD8,0xADE,0xAF0,0xB09,0xB14,
0xADA,0xA6D,0x9D5,0x92B,0x8BC,0x8A4,
0x947,0xA3F,0xAF9,0xBA4,0xC6C,0xD34,
0xDCE,0xDF3,0xDCC,0xD68,0xCDF,0xC2B,
0xB48,0xA8D,0x9FE,0x99C,0x996,0x9FD,
0xA98,0xB1A,0xB87,0xBC2,0xBAB,0xBBB,
0xBB8,0xB4E,0xACA,0xA4C,0x9E5,0x985,
0x923,0x8CD,0x884,0x890,0x904,0x988,
0xA2E,0xB0F,0xC2D,0xD2F,0xDBB,0xDD0,
0xD6F,0xCA5,0xBB3,0xAC2,0xA00,0x999,
0x99A,0x9F6,0xA6A,0xB27,0xC09,0xCB1,
0xD0F,0xD37,0xD0D,0xC98,0xBF0,0xB3D,
0xA90,0xA24,0xA3E,0xA8C,0xAC5,0xAE7,
0xB5F,0xC16,0xC8C,0xC9F,0xC88,0xC61,
0xC16,0xB60,0xA8F,0xA18,0x9D6,0x9C1,
0x9E3,0xA74,0xB4B,0xC2B,0xD31,0xE43,
0xEED,0xF14,0xE99,0xD78,0xC24,0xB0A,
0xA35,0x98A,0x931,0x985,0xA35,0xABC,
0xB83,0xC6A,0xCE5,0xCF3,0xCBC,0xC65,
0xBF2,0xB2E,0xA50,0x99E,0x91E,0x8B3,
0x875,0x8B7,0x92C,0x98B,0xA2D,0xB47,
0xC46,0xCB3,0xCC2,0xCC7,0xCC3,0xC84,
0xC21,0xBF5,0xBF3,0xC1F,0xC32,0xBD8,
0xB82,0xB45,0xB0B,0xAB7,0xA58,0xA4E,
0xA55,0xA46,0xA21,0x9DE,0x9E1,0xA01,
0xA0C,0xA25,0xA56,0xAAE,0xAE1,0xAE6,
0xACD,0xA7F,0xA0A,0x9B9,0x9B2,0x9B6,
0x9B3,0x9E3,0xA5C,0xB12,0xBA2,0xBE6,
0xBFC,0xBD3,0xB8D,0xB3D,0xAD8,0xA7E,
0xA3F,0xA1F,0xA1A,0xA34,0xA8C,0xADF,
0xB01,0xADE,0xA95,0xA3E,0x9C7,0x972,
0x95E,0x9C3,0xAAE,0xBA0,0xC4F,0xC81,
0xC07,0xB24,0xA27,0x925,0x835,0x7F0,
0x852,0x8E7,0x9CC,0xADF,0xBDD,0xCB5,
0xD2A,0xD65,0xD9B,0xD90,0xD2E,0xCBA,
0xC4A,0xBCD,0xB57,0xAC2,0xA15,0x977,
0x936,0x997,0xA0E,0xA5E,0xACB,0xB46,
0xBC1,0xBF1,0xC02,0xC11,0xBAC,0xB1D,
0xA87,0x9EB,0x97A,0x94E,0x999,0xA3F,
0xAEF,0xBB5,0xC71,0xCB7,0xC6E,0xBD4,
0xB26,0xAAB,0xA50,0x9D7,0x998,0x9AD,
0xA39,0xAFD,0xBA0,0xC33,0xC92,0xCCA,
0xCD1,0xC7C,0xBFB,0xB74,0xAE6,0xA7F,
0xA4A,0xA5F,0xA94,0xAB8,0xAFA,0xB63,
0xC0B,0xCB8,0xCDD,0xCC3,0xCA9,0xC87,
0xC61,0xBE4,0xB16,0xA2E,0x956,0x8CB,
0x898,0x89C,0x8DF,0x994,0xA99,0xB9A,
0xC78,0xD17,0xD6E,0xD8E,0xDB9,0xDA7,
0xD21,0xC6A,0xB72,0xA53,0x94A,0x8D8,
0x8FA,0x966,0xA29,0xB13,0xC31,0xD2C,
0xD6C,0xD75,0xD7B,0xD2A,0xC65,0xB70,
0xACA,0xA17,0x963,0x938,0x988,0x9D7,
0x9EC,0xA58,0xB1C,0xB95,0xBC7,0xBEA,
0xC1C,0xC2D,0xBF5,0xBAE,0xB7F,0xB85,
0xB78,0xB60,0xB65,0xB7F,0xBAA,0xBBE,
0xBCE,0xBFB,0xBFA,0xBC6,0xB68,0xADE,
0xA61,0xA05,0x9F8,0xA20,0xAA5,0xB5E,
0xBD9,0xC20,0xC22,0xBF1,0xBAB,0xB20,
0xA67,0x9CA,0x987,0x982,0x96C,0x963,
0x954,0x975,0x9D9,0xA29,0xAA5,0xB2F,
0xB85,0xBBE,0xBEE,0xC2A,0xC31,0xC16,
0xC0B,0xBD8,0xBAA,0xBA5,0xB8E,0xB3C,
0xAD2,0xA8A,0xA79,0xA86,0xA85,0xA8A,
0xACB,0xB17,0xAFE,0xA92,0xA41,0x9F8,
0x9A7,0x98D,0x98D,0x994,0x9B3,0x9E2,
0xA1F,0xA69,0xAB3,0xAFB,0xB5E,0xBC5,
0xBDD,0xBD3,0xBC6,0xBC2,0xBC0,0xB96,
0xBA6,0xBC2,0xBAF,0xB86,0xB27,0xAEA,
0xAC0,0xA74,0xA5D,0xA49,0xA6A,0xAA7,
0xAD5,0xB2D,0xB5C,0xBA1,0xBBA,0xB62,
0xB18,0xAE4,0xAC8,0xAD6,0xAFF,0xB1B,
0xADC,0xA72,0x9E5,0x951,0x8FC,0x8DB,
0x96E,0xA52,0xAF1,0xB96,0xC6A,0xD2F,
0xD9F,0xDA8,0xD76,0xD06,0xC66,0xBB9,
0xAFD,0xA74,0xA13,0x9E5,0xA07,0xA59,
0xAA8,0xAEF,0xB5A,0xB98,0xB83,0xB9C,
0xBA0,0xB48,0xABC,0xA3D,0xA06,0x9BC,
0x94A,0x8CE,0x868,0x864,0x8B8,0x92B,
0x9D4,0xAD3,0xC13,0xD39,0xDE9,0xE0A,
0xD9B,0xCC4,0xBC4,0xAA8,0x9C5,0x96C,
0x97C,0x9DD,0xA65,0xB35,0xC21,0xCAB,
0xD03,0xD2A,0xD03,0xC97,0xC01,0xB7A,
0xAE0,0xA8D,0xAB1,0xAE9,0xB0D,0xB17,
0xB77,0xC2D,0xC85,0xC6C,0xC4C,0xC3D,
0xC19,0xB69,0xAB1,0xA63,0xA20,0xA01,
0xA2D,0xAAB,0xB51,0xC10,0xD02,0xDEB,
0xE80,0xEB1,0xE4D,0xD47,0xC00,0xB05,
0xA56,0x9B6,0x96F,0x9C3,0xA64,0xAEE,
0xBC0,0xC8A,0xCDA,0xCF0,0xCBC,0xC7C,
0xC22,0xB60,0xAA0,0x9F7,0x96A,0x8FF,
0x8B1,0x8E1,0x92B,0x95F,0x9EF,0xAE7,
0xBB9,0xC13,0xC4D,0xC7C,0xC7D,0xC58,
0xC1B,0xBFB,0xC0D,0xC25,0xBFF,0xB94,
0xB3C,0xB00,0xAC0,0xA5D,0xA39,0xA63,
0xA7D,0xA81,0xA4F,0xA20,0xA1C,0xA09,
0x9EE,0x9CA,0x9B4,0x9E3,0xA1C,0xA40,
0xA3F,0xA07,0x9C5,0x999,0x9A6,0x9B7,
0x9B5,0x9E7,0xA3C,0xAA1,0xB06,0xB51,
0xB72,0xB4D,0xB1F,0xB04,0xABA,0xA77,
0xA47,0xA1F,0xA2D,0xA6B,0xACA,0xB09,
0xB36,0xB42,0xB0B,0xABC,0xA31,0x9C3,
0x9AC,0x9E6,0xA9C,0xB5F,0xBF0,0xC39,
0xBDF,0xB36,0xA79,0x995,0x8CC,0x891,
0x8E2,0x94C,0xA0C,0xB1D,0xBEF,0xC93,
0xD0C,0xD3F,0xD53,0xD38,0xCFB,0xCBA,
0xC5A,0xBEF,0xB81,0xAF3,0xA56,0x9CA,
0x9B5,0xA02,0xA47,0xA95,0xAF5,0xB68,
0xBBD,0xBD3,0xC09,0xC26,0xBE0,0xB71,
0xAE1,0xA39,0x9B4,0x981,0x9A5,0xA10,
0xAC4,0xB8F,0xC4C,0xCB5,0xC80,0xC09,
0xB88,0xB12,0xA90,0xA04,0x9B9,0x9C2,
0xA35,0xAE8,0xB9A,0xC39,0xC9F,0xCDA,
0xCE5,0xC94,0xC29,0xBB4,0xB27,0xAB6,
0xA83,0xAA1,0xAD4,0xADE,0xAFB,0xB5F,
0xC11,0xC96,0xC86,0xC66,0xC6A,0xC47,
0xC00,0xB92,0xAFE,0xA38,0x97C,0x8FD,
0x8A9,0x895,0x8D4,0x98A,0xA92,0xB73,
0xC2C,0xCB0,0xCD2,0xCFD,0xD4F,0xD3F,
0xCCA,0xC08,0xB12,0xA08,0x91A,0x89E,
0x8AF,0x92E,0x9DE,0xACF,0xC03,0xCC9,
0xD01,0xD11,0xCEC,0xCAD,0xC0D,0xB50,
0xACD,0xA20,0x986,0x948,0x967,0x990,
0x991,0x9E4,0xA5F,0xAB7,0xB20,0xB85,
0xBCC,0xBDA,0xBDD,0xBBF,0xB9B,0xBA1,
0xB87,0xB84,0xB94,0xB9E,0xBC5,0xBE9,
0xC0A,0xC34,0xC2E,0xBF5,0xB94,0xB0E,
0xA80,0xA24,0xA02,0xA0B,0xAAE,0xB5F,
0xBB0,0xC06,0xC32,0xC20,0xBC4,0xB16,
0xA6E,0x9E6,0x9A3,0x98C,0x97F,0x98A,
0x976,0x996,0x9FB,0xA5A,0xACA,0xB3E,
0xBC6,0xC33,0xC63,0xC86,0xC8E,0xC92,
0xC52,0xBEE,0xBD9,0xBB1,0xB56,0xAEA,
0xA80,0xA52,0xA4B,0xA3E,0xA39,0xA5E,
0xAB8,0xAF3,0xACB,0xA71,0xA23,0x9E0,
0x9AA,0x9A4,0x9C2,0x9F0,0xA15,0xA21,
0xA30,0xA57,0xA8F,0xAC7,0xB1B,0xB7C,
0xBB3,0xBC2,0xBB8,0xBC6,0xBD2,0xBC5,
0xBE1,0xBEB,0xBD4,0xB9E,0xB46,0xB1C,
0xAF0,0xAB5,0xA97,0xA76,0xA8A,0xABC,
0xAE7,0xB14,0xB50,0xBA6,0xB96,0xB49,
0xB1B,0xB05,0xB06,0xB05,0xB3A,0xB71,
0xB3C,0xABC,0x9F4,0x952,0x900,0x8F6,
0x9A4,0xAA1,0xB76,0xC3B,0xD0C,0xDC9,
0xE21,0xE02,0xD8A,0xCED,0xC55,0xB9C,
0xAD9,0xA54,0xA11,0xA05,0xA18,0xA79,
0xAE7,0xB37,0xB8B,0xB97,0xB94,0xBA9,
0xB86,0xB2F,0xAA0,0xA16,0x9A6,0x933,
0x8CF,0x86D,0x835,0x85B,0x8DC,0x985,
0xA44,0xB4A,0xC73,0xD56,0xDAF,0xD8D,
0xCFE,0xC20,0xB1F,0xA15,0x961,0x92F,
0x974,0xA16,0xACE,0xBA7,0xC5E,0xCA5,
0xCC4,0xCB2,0xC71,0xC0E,0xB98,0xB2E,
0xAB3,0xA8C,0xACB,0xB02,0xB0E,0xB0A,
0xB7B,0xC2B,0xC74,0xC72,0xC53,0xC3E,
0xBF9,0xB36,0xAA7,0xA59,0x9F4,0x9CE,
0xA04,0xA8D,0xB41,0xC0B,0xD0D,0xE00,
0xE9D,0xED2,0xE54,0xD2E,0xBE4,0xAD4,
0x9F7,0x95C,0x939,0x9A1,0xA33,0xAC6,
0xBB9,0xC83,0xCD1,0xCDD,0xCB3,0xC7F,
0xC01,0xB36,0xA7D,0x9CC,0x940,0x8C0,
0x873,0x8A1,0x8DE,0x932,0x9EC,0xAFD,
0xBE1,0xC54,0xC94,0xCBB,0xCAB,0xC69,
0xC31,0xC0B,0xC00,0xC1C,0xBEE,0xB6E,
0xB10,0xADA,0xAC4,0xA90,0xA82,0xABA,
0xAB9,0xAA4,0xA74,0xA2E,0xA17,0x9FE,
0x9DF,0x9EC,0xA25,0xA71,0xA95,0xAA7,
0xAAE,0xA79,0xA09,0x9BE,0x9D7,0x9EA,
0x9E3,0xA13,0xA8C,0xB1D,0xB90,0xBD9,
0xBED,0xBB2,0xB5B,0xAFF,0xAA8,0xA6F,
0xA3D,0xA1E,0xA0D,0xA48,0xAB3,0xAEF,
0xB1E,0xB08,0xAC7,0xA7E,0xA02,0x9BD,
0x9C2,0xA20,0xAE5,0xB97,0xC20,0xC33,
0xB9F,0xAD5,0xA17,0x938,0x86D,0x842,
0x888,0x8FC,0x9D7,0xAE8,0xBCD,0xC77,
0xCCE,0xCEB,0xCF1,0xCCF,0xC92,0xC53,
0xBFE,0xBA0,0xB35,0xA9B,0x9FF,0x985,
0x96C,0x9B3,0x9EF,0xA3D,0xAA8,0xB10,
0xB86,0xBCE,0xBEF,0xBF1,0xBA2,0xB3B,
0xAAD,0xA01,0x9A6,0x9B0,0x9FE,0xA7A,
0xB18,0xBDF,0xC81,0xC9C,0xC5F,0xBF9,
0xB7E,0xB17,0xAA7,0xA2A,0x9CC,0x9D8,
0xA60,0xAF1,0xB8C,0xC33,0xC9A,0xCD6,
0xCE3,0xCAB,0xC4A,0xBAC,0xB0C,0xAB2,
0xA86,0xAA1,0xADB,0xB1B,0xB80,0xC01,
0xCB9,0xD41,0xD3F,0xD15,0xCE5,0xC8D,
0xC2C,0xB94,0xACA,0x9F7,0x935,0x8D4,
0x8B8,0x8D1,0x946,0xA11,0xB03,0xBE8,
0xC9B,0xD02,0xD27,0xD4E,0xD68,0xD31,
0xC92,0xBBC,0xADF,0x9E3,0x90E,0x8D3,
0x932,0x9EC,0xABF,0xB93,0xC91,0xD3D,
0xD41,0xD1F,0xCF6,0xC93,0xBF9,0xB53,
0xAB2,0x9FC,0x985,0x980,0x9AF,0x9C4,
0x9D2,0xA47,0xACA,0xB0E,0xB51,0xB9F,
0xBD8,0xBDC,0xBB8,0xB82,0xB63,0xB5B,
0xB48,0xB35,0xB3A,0xB6F,0xBBA,0xBF2,
0xC09,0xC07,0xBEA,0xB92,0xAF3,0xA3C,
0x9A6,0x963,0x96D,0x9C7,0xA80,0xB46,
0xBBC,0xBF9,0xC15,0xBDF,0xB5E,0xAB6,
0xA07,0x98D,0x96A,0x95D,0x96C,0x97E,
0x968,0x997,0x9E4,0xA37,0xAC2,0xB4B,
0xBC4,0xC15,0xC3F,0xC5E,0xC63,0xC5C,
0xC2C,0xBE4,0xBC7,0xBA9,0xB5B,0xAF2,
0xA8D,0xA67,0xA70,0xA61,0xA51,0xA8A,
0xAEF,0xB00,0xAC1,0xA7A,0xA41,0xA0D,
0x9E9,0x9E4,0x9F2,0xA12,0xA37,0xA4A,
0xA55,0xA88,0xAC0,0xB05,0xB67,0xBAA,
0xBC8,0xBD6,0xBCC,0xBC6,0xBA1,0xB7C,
0xBA3,0xBBE,0xBB1,0xB62,0xB0B,0xAF3,
0xAC5,0xA8A,0xA4E,0xA37,0xA6C,0xAA6,
0xAE3,0xB1B,0xB68,0xBB9,0xB87,0xB34,
0xB11,0xAEF,0xAF3,0xB01,0xB13,0xB29,
0xAE9,0xA6B,0x9AA,0x8ED,0x8A1,0x8D1,
0x984,0xA5F,0xB38,0xC15,0xCF3,0xDA7,
0xDEE,0xDD2,0xD61,0xCBC,0xC32,0xB79,
0xAAB,0xA26,0x9E5,0x9EC,0xA3D,0xAB8,
0xB0E,0xB55,0xB8E,0xB7B,0xB71,0xB91,
0xB6C,0xAFE,0xA73,0xA0C,0x9C3,0x962,
0x907,0x8A9,0x876,0x8BD,0x94F,0x9E8,
0xAB4,0xBC3,0xCD9,0xD95,0xDCA,0xDA8,
0xD11,0xC1A,0xB0A,0xA0E,0x977,0x972,
0x9D5,0xA64,0xB0E,0xBE7,0xCA2,0xCEB,
0xCED,0xCB2,0xC3E,0xBD1,0xB6A,0xADF,
0xA71,0xA61,0xAA5,0xB00,0xB11,0xB2C,
0xBAF,0xC25,0xC53,0xC3D,0xC04,0xBD6,
0xB74,0xABC,0xA2C,0x9EE,0x9B9,0x9B5,
0xA0A,0xA8F,0xB44,0xC37,0xD43,0xE15,
0xE86,0xE86,0xE06,0xCE5,0xB9C,0xAB0,
0x9E6,0x933,0x8FC,0x972,0xA2B,0xAEA,
0xBD5,0xC9D,0xCF4,0xCD7,0xC83,0xC25,
0xB7E,0xAB1,0x9ED,0x943,0x8E2,0x893,
0x892,0x8EB,0x93F,0x9C8,0xAB5,0xBB2,
0xC55,0xC98,0xCB5,0xCBF,0xC9A,0xC55,
0xC29,0xC18,0xC38,0xC67,0xC34,0xBB3,
0xB59,0xB23,0xAD3,0xA68,0xA51,0xA66,
0xA5A,0xA57,0xA45,0xA47,0xA53,0xA35,
0xA2A,0xA56,0xA8A,0xAC2,0xAD8,0xAE3,
0xAE0,0xAA3,0xA48,0xA08,0x9F4,0x9D7,
0x9D7,0xA1A,0xA92,0xB0D,0xB77,0xBD0,
0xBF0,0xBB8,0xB6A,0xB29,0xAE2,0xAA5,
0xA6B,0xA45,0xA39,0xA77,0xAD9,0xB0D,
0xB2A,0xB06,0xABE,0xA79,0xA16,0x9E0,
0x9E2,0xA36,0xB0B,0xBDB,0xC48,0xC2C,
0xB8C,0xADD,0xA2A,0x949,0x8A8,0x89C,
0x8F9,0x995,0xA80,0xB97,0xC72,0xCED,
0xD15,0xD22,0xD2E,0xCFE,0xCB0,0xC7A,
0xC28,0xBBE,0xB4C,0xAB6,0xA1B,0x992,
0x980,0x9CF,0xA0E,0xA67,0xADD,0xB55,
0xBC2,0xC0D,0xC4D,0xC3C,0xBB4,0xB19,
0xA7A,0x9E5,0x9A8,0x9CC,0xA23,0xA8F,
0xB1E,0xBD6,0xC61,0xC6C,0xC20,0xBAE,
0xB48,0xAF9,0xA87,0xA21,0x9F5,0x9FA,
0xA5E,0xB12,0xBC4,0xC4E,0xCAD,0xCCF,
0xCA4,0xC3F,0xBCA,0xB58,0xAE5,0xA8E,
0xA78,0xAB1,0xAF5,0xB10,0xB4F,0xBE4,
0xCAF,0xD37,0xD1D,0xCD7,0xCAC,0xC57,
0xBD2,0xB32,0xA77,0x9B3,0x902,0x8B6,
0x8B2,0x8BD,0x908,0x9CA,0xAC7,0xB9E,
0xC59,0xCDF,0xD2B,0xD6E,0xD7B,0xD21,
0xC75,0xB85,0xA6A,0x96A,0x8C3,0x8B7,
0x929,0x9D7,0xA93,0xB5A,0xC3A,0xCBA,
0xCB6,0xCA8,0xC92,0xC39,0xBAB,0xB18,
0xA85,0x9E5,0x989,0x99D,0x9E1,0x9EF,
0x9E4,0xA4E,0xAD1,0xB12,0xB5A,0xBAB,
0xBE4,0xBED,0xBC5,0xB92,0xB6B,0xB52,
0xB28,0xB05,0xB13,0xB4C,0xB90,0xBBD,
0xBD0,0xBE5,0xBCC,0xB75,0xAFB,0xA61,
0x9E4,0x9A4,0x997,0x9EA,0xAA6,0xB65,
0xBD7,0xC11,0xC2D,0xC00,0xB90,0xAF3,
0xA3D,0x9C1,0x986,0x970,0x969,0x94E,
0x920,0x93B,0x995,0xA03,0xA90,0xB1D,
0xB9B,0xBF5,0xC24,0xC42,0xC63,0xC5D,
0xC09,0xBB0,0xB70,0xB30,0xAD8,0xA6B,
0xA23,0xA2E,0xA59,0xA74,0xA7A,0xA8E,
0xADE,0xAFC,0xAB5,0xA51,0xA01,0x9CB,
0x9C7,0x9ED,0xA0F,0xA38,0xA6E,0xA85,
0xAA1,0xAD4,0xAE8,0xAFA,0xB39,0xB6F,
0xB7D,0xB72,0xB91,0xBB5,0xB93,0xBA1,
0xBC4,0xBB9,0xBA6,0xB4F,0xAE7,0xAB8,
0xA7E,0xA56,0xA50,0xA58,0xA91,0xADC,
0xB44,0xB80,0xBA7,0xBEE,0xBD8,0xB8E,
0xB70,0xB55,0xB3C,0xB43,0xB5A,0xB54,
0xB0B,0xA7D,0x9BB,0x927,0x8EE,0x92A,
0x9E3,0xAB0,0xB7B,0xC5C,0xD28,0xDB8,
0xDF1,0xDD3,0xD5E,0xCB1,0xC1E,0xB7E,
0xAD1,0xA51,0xA21,0xA2E,0xA7F,0xAFF,
0xB58,0xBA2,0xBCA,0xBA8,0xB89,0xB78,
0xB22,0xAB3,0xA53,0xA19,0x9FF,0x9AA,
0x92B,0x8C0,0x887,0x89E,0x90E,0x9A8,
0xA84,0xB9D,0xCC0,0xD9E,0xDE5,0xD9D,
0xCD5,0xBE2,0xAD9,0x9CD,0x925,0x924,
0x9A0,0xA46,0xAF8,0xBE2,0xCAA,0xCF9,
0xD04,0xCC3,0xC54,0xBD0,0xB31,0xA99,
0xA23,0xA1D,0xA57,0xA75,0xA80,0xAB5,
0xB6C,0xC1A,0xC46,0xC3E,0xC19,0xBFE,
0xB9F,0xAE5,0xA75,0xA36,0x9EC,0x9CB,
0x9F9,0xA85,0xB53,0xC49,0xD48,0xE26,
0xEA5,0xE92,0xDC6,0xC7D,0xB4E,0xA61,
0x9A7,0x912,0x90B,0x9AC,0xA41,0xADF,
0xBDD,0xC8E,0xCC0,0xCA7,0xC5F,0xC13,
0xB6C,0xA83,0x9C3,0x94A,0x8EA,0x88F,
0x8A8,0x91D,0x98E,0xA22,0xB03,0xC12,
0xCBD,0xCDD,0xCD8,0xCBF,0xC93,0xC40,
0xBEF,0xBF2,0xC31,0xC4E,0xC0E,0xB94,
0xB52,0xB3A,0xAE9,0xA7F,0xA82,0xA98,
0xA81,0xA74,0xA41,0xA36,0xA54,0xA3C,
0xA51,0xA93,0xACB,0xB26,0xB5C,0xB58,
0xB29,0xAC3,0xA67,0xA4B,0xA2E,0x9ED,
0x9D8,0xA23,0xAA7,0xB25,0xB9A,0xC03,
0xC12,0xBC8,0xB6D,0xB13,0xAE3,0xA9A,
0xA32,0xA06,0xA1E,0xA66,0xAB5,0xAF3,
0xAF7,0xAC9,0xAA9,0xA59,0x9E8,0x9C1,
0x9B3,0xA37,0xB25,0xBE7,0xC6E,0xC51,
0xBAF,0xB08,0xA4A,0x957,0x8AC,0x8A1,
0x8EC,0x984,0xA80,0xB85,0xC52,0xCC6,
0xCDE,0xD06,0xD14,0xCDC,0xCB1,0xC7D,
0xC1F,0xBC2,0xB55,0xAA8,0x9FA,0x995,
0x99D,0x9E2,0xA1F,0xA6C,0xAD6,0xB51,
0xBAF,0xBDE,0xC31,0xC34,0xBAF,0xB2A,
0xA91,0x9EF,0x999,0x98F,0x9BD,0xA3C,
0xAF4,0xBBA,0xC5F,0xC7A,0xC24,0xBB9,
0xB57,0xAE3,0xA47,0x9CE,0x997,0x9B1,
0xA44,0xAEC,0xB99,0xC2C,0xC76,0xCAA,
0xC97,0xC38,0xBC7,0xB3F,0xACB,0xA89,
0xA80,0xAA0,0xAA9,0xACB,0xB2B,0xBBE,
0xC82,0xCE7,0xCE9,0xCE0,0xCB3,0xC77,
0xC18,0xB79,0xAC8,0xA03,0x964,0x92C,
0x908,0x8DA,0x90A,0x9BB,0xAB1,0xB7F,
0xC3A,0xCC3,0xD26,0xD94,0xDB2,0xD57,
0xCAC,0xBB7,0xA9B,0x99D,0x8E1,0x8B2,
0x8FE,0x993,0xA40,0xB15,0xC1F,0xCC1,
0xCD0,0xCE0,0xCCC,0xC4B,0xBA1,0xB03,
0xA68,0x9C4,0x97A,0x98E,0x9B4,0x9A9,
0x9AD,0xA28,0xAC3,0xB22,0xB62,0xBBD,
0xC03,0xC02,0xBED,0xBBC,0xB98,0xB7E,
0xB44,0xB2C,0xB09,0xB08,0xB58,0xB9E,
0xBD4,0xBF8,0xBED,0xBA4,0xB06,0xA5A,
0x9DF,0x9AB,0x9CD,0xA36,0xB0B,0xBCE,
0xC22,0xC60,0xC60,0xC09,0xB78,0xA99,
0x9E2,0x98B,0x964,0x956,0x95B,0x960,
0x967,0x9A0,0x9CA,0xA1D,0xAAE,0xB1F,
0xB8D,0xBDA,0xC20,0xC53,0xC67,0xC6B,
0xC20,0xBD6,0xBA9,0xB5E,0xAFC,0xA7E,
0xA43,0xA49,0xA69,0xABC,0xAE0,0xAFA,
0xB4A,0xB60,0xB11,0xAA8,0xA57,0xA29,
0xA0D,0x9E9,0x9E9,0xA31,0xA5F,0xA6F,
0xAA1,0xAE5,0xB12,0xB36,0xB84,0xBD1,
0xBF3,0xBF5,0xBF7,0xC0C,0xBF9,0xBEE,
0xC06,0xBEF,0xBE0,0xBAA,0xB64,0xB4B,
0xAEA,0xA9F,0xA74,0xA58,0xA9D,0xADE,
0xB0E,0xB37,0xB60,0xB82,0xB43,0xB0B,
0xB01,0xAFE,0xAFF,0xB0D,0xB3A,0xB26,
0xAB4,0xA16,0x93D,0x88C,0x855,0x8B5,
0x9B5,0xABE,0xB93,0xC8E,0xD8A,0xE0B,
0xE19,0xDC9,0xD1C,0xC6F,0xBCF,0xB26,
0xA96,0xA31,0x9FD,0x9F0,0xA32,0xAAA,
0xAF6,0xB3A,0xB56,0xB4E,0xB4E,0xB1D,
0xAE1,0xAAA,0xA68,0xA30,0x9EE,0x99E,
0x933,0x8C4,0x88C,0x8B5,0x93F,0x9E4,
0xAB9,0xBD2,0xCEA,0xDAD,0xDDB,0xD92,
0xCD6,0xBE5,0xAE5,0x9E2,0x946,0x945,
0x9B1,0xA4C,0xB09,0xBE8,0xC82,0xCB7,
0xCCC,0xC9B,0xC38,0xBB3,0xB34,0xABE,
0xA4E,0xA4D,0xA8F,0xAB0,0xAD5,0xB2D,
0xBC6,0xC41,0xC66,0xC50,0xC1F,0xBF7,
0xB7E,0xAC8,0xA57,0xA1D,0x9DB,0x9C8,
0xA29,0xAC5,0xB99,0xC98,0xD7B,0xE28,
0xE79,0xE3A,0xD59,0xC29,0xB25,0xA59,
0x9B4,0x93D,0x968,0xA21,0xABF,0xB53,
0xC05,0xC86,0xCAB,0xC7E,0xC34,0xBC5,
0xB17,0xA62,0x99D,0x90C,0x8BC,0x888,
0x8A7,0x8E1,0x93E,0x9EF,0xAE2,0xBE9,
0xC73,0xC90,0xC9A,0xC9A,0xC78,0xC11,
0xBCF,0xBC4,0xBD6,0xC04,0xBD0,0xB71,
0xB4B,0xB34,0xADB,0xA7B,0xA73,0xA83,
0xA86,0xA77,0xA64,0xA8C,0xAB3,0xA94,
0xA6E,0xA7B,0xAAC,0xAE0,0xAEB,0xAD4,
0xABE,0xA89,0xA47,0xA38,0xA2B,0x9FC,
0x9FB,0xA50,0xAC9,0xB3A,0xBA8,0xC0F,
0xC0B,0xBE3,0xBB2,0xB5E,0xB2B,0xABF,
0xA48,0xA1E,0xA20,0xA67,0xAAB,0xAE8,
0xB24,0xB16,0xAF1,0xA91,0xA2A,0x9F9,
0x9EA,0xA6B,0xB29,0xBCC,0xC50,0xC1C,
0xB66,0xAAB,0x9B3,0x8C2,0x84A,0x85E,
0x8E3,0x99E,0xAA4,0xBB2,0xC7A,0xCFA,
0xD08,0xD12,0xD1E,0xCED,0xCB0,0xC70,
0xC38,0xBE7,0xB5D,0xAA1,0x9E5,0x976,
0x97F,0x9C5,0xA0E,0xA76,0xAEC,0xB6A,
0xBD1,0xC08,0xC30,0xBF1,0xB73,0xAF9,
0xA61,0x9E1,0x987,0x96A,0x9AA,0xA40,
0xB02,0xBBF,0xC4F,0xC5E,0xC01,0xB87,
0xB22,0xAAD,0xA1B,0x9CA,0x9B1,0x9E4,
0xA70,0xB00,0xB8C,0xBF9,0xC38,0xC5E,
0xC4D,0xC1D,0xBC7,0xB49,0xAD1,0xA71,
0xA46,0xA4F,0xA4D,0xA7C,0xAFA,0xBC8,
0xCB4,0xD08,0xCFD,0xCE9,0xCAE,0xC59,
0xBBF,0xB07,0xA61,0x9B2,0x937,0x904,
0x903,0x927,0x972,0xA12,0xB00,0xBED,
0xCAD,0xD26,0xD8E,0xDFB,0xDED,0xD6B,
0xCAE,0xB90,0xA3F,0x92E,0x893,0x896,
0x918,0x9D2,0xAB4,0xBCA,0xCD6,0xD55,
0xD5D,0xD50,0xD00,0xC4B,0xB91,0xAEF,
0xA41,0x997,0x94C,0x985,0x9C9,0x9C8,
0x9FE,0xA89,0xB16,0xB78,0xBA9,0xBE8,
0xC0D,0xBF0,0xBB5,0xB71,0xB6C,0xB61,
0xB2C,0xB3C,0xB68,0xBA8,0xBDE,0xC00,
0xC1A,0xC15,0xBF6,0xB8E,0xAF2,0xA53,
0x9E6,0x9C0,0x9CC,0xA4F,0xB1B,0xB9C,
0xC04,0xC37,0xC1B,0xBC3,0xB22,0xA7B,
0x9F2,0x99B,0x99A,0x9B3,0x9D6,0x9D1,
0x9B3,0x9DB,0x9F4,0xA29,0xA8D,0xAE1,
0xB2B,0xB71,0xBCC,0xC28,0xC6A,0xC7B,
0xC3A,0xBE7,0xB96,0xB43,0xAEB,0xA75,
0xA28,0xA2C,0xA5E,0xA8B,0xA99,0xAB8,
0xB04,0xB03,0xABA,0xA7B,0xA3D,0xA0D,
0x9F0,0x9D1,0x9C1,0x9B8,0x9C4,0x9EC,
0xA1C,0xA80,0xAD6,0xB28,0xBAA,0xBEC,
0xC02,0xC1B,0xC19,0xC15,0xBCE,0xBAC,
0xBB1,0xB6E,0xB4D,0xB08,0xAC0,0xAC9,
0xABE,0xAC4,0xAC1,0xAC3,0xB0B,0xB37,
0xB44,0xB48,0xB6E,0xB83,0xB35,0xAF1,
0xACE,0xAC3,0xADA,0xB06,0xB46,0xB43,
0xAEB,0xA4E,0x982,0x8EF,0x8B1,0x8F3,
0x9B3,0xA75,0xB40,0xC44,0xD40,0xDDE,
0xE01,0xDC5,0xD3F,0xCAA,0xC0D,0xB5F,
0xAC2,0xA50,0xA1E,0xA2D,0xA84,0xAF1,
0xB5C,0xBC7,0xBE3,0xBBF,0xBB0,0xBBD,
0xB9F,0xB41,0xADC,0xA83,0xA1D,0x985,
0x8D0,0x832,0x7EB,0x83B,0x8F4,0x9CB,
0xAE4,0xC34,0xD54,0xE0B,0xE31,0xDB9,
0xCE7,0xBEF,0xAC9,0x9DA,0x975,0x995,
0xA09,0xAA9,0xB7D,0xC62,0xCE9,0xD17,
0xD0A,0xCB1,0xC30,0xB9B,0xB06,0xA70,
0xA15,0xA44,0xAAB,0xAE1,0xAFF,0xB63,
0xC1A,0xC87,0xC66,0xC17,0xBE9,0xBBA,
0xB2E,0xA85,0xA34,0xA11,0x9DF,0x9F1,
0xA3D,0xACF,0xBB9,0xC9A,0xD7F,0xE36,
0xE63,0xE21,0xD2F,0xBDC,0xADF,0xA1A,
0x976,0x916,0x94D,0x9F3,0xA91,0xB3F,
0xBDE,0xC51,0xC91,0xC77,0xC5B,0xC05,
0xB4C,0xA7B,0x9A6,0x922,0x8A2,0x832,
0x85E,0x8AF,0x91C,0x9D8,0xAE3,0xBF6,
0xC52,0xC4C,0xC58,0xC4A,0xC1B,0xBDE,
0xBC1,0xBDD,0xC09,0xC06,0xBAA,0xB44,
0xB09,0xAD9,0xA80,0xA41,0xA55,0xA78,
0xA8F,0xA94,0xA99,0xAAE,0xAA4,0xA75,
0xA55,0xA45,0xA50,0xA77,0xA9D,0xAA6,
0xA98,0xA5A,0xA2A,0xA33,0xA25,0x9F9,
0x9ED,0xA39,0xAA9,0xAFA,0xB5E,0xBBE,
0xBC0,0xBA3,0xB7E,0xB56,0xB24,0xAD0,
0xA84,0xA3C,0xA41,0xAA4,0xAD5,0xAEC,
0xB07,0xAEC,0xAB0,0xA36,0x9C8,0x9A5,
0x9CF,0xA74,0xB4C,0xC0C,0xC7C,0xC34,
0xB7A,0xAA6,0x9AE,0x8AC,0x829,0x855,
0x8C7,0x97F,0xAA6,0xBC3,0xCA1,0xD1C,
0xD21,0xD2D,0xD1D,0xCD2,0xC81,0xC18,
0xBB6,0xB49,0xAB5,0xA2A,0x99A,0x959,
0x997,0x9EF,0xA51,0xACF,0xB3D,0xBA5,
0xBF6,0xC20,0xC34,0xBF2,0xB69,0xACC,
0xA31,0x9B6,0x97F,0x99E,0x9EA,0xA7C,
0xB45,0xC00,0xC8E,0xC92,0xC2B,0xBA5,
0xB33,0xAC1,0xA21,0x9CC,0x9B5,0x9D4,
0xA68,0xB04,0xB8C,0xC08,0xC4D,0xC6B,
0xC48,0xC0A,0xBAA,0xB21,0xAB0,0xA5F,
0xA3A,0xA52,0xA67,0xAA3,0xB35,0xC09,
0xCCE,0xCF5,0xCDA,0xCD2,0xC98,0xC3C,
0xBBB,0xAF8,0xA1D,0x957,0x8D3,0x8A3,
0x8AE,0x8DC,0x975,0xA73,0xB5F,0xC38,
0xCE8,0xD44,0xD8D,0xDB3,0xD80,0xD05,
0xC23,0xB15,0x9FB,0x906,0x8A5,0x8CC,
0x961,0xA3A,0xB15,0xC34,0xD2D,0xD7A,
0xD6F,0xD5D,0xD24,0xC7C,0xBBE,0xB2A,
0xA68,0x9B2,0x983,0x9B8,0x9E5,0x9CE,
0xA07,0xAA5,0xB0A,0xB55,0xBB8,0xC1A,
0xC58,0xC3B,0xBF3,0xBBB,0xBA5,0xB7F,
0xB49,0xB5B,0xB88,0xBB9,0xBCD,0xBE2,
0xC13,0xC0C,0xBD2,0xB72,0xAF7,0xAA3,
0xA60,0xA39,0xA63,0xAE5,0xB86,0xBF2,
0xC25,0xC30,0xC06,0xB9B,0xAF0,0xA4A,
0x9E5,0x9C5,0x9D6,0x9EC,0xA00,0x9F0,
0x9D1,0x9D5,0x9E4,0xA2B,0xAB1,0xB32,
0xB99,0xBFC,0xC58,0xC92,0xCB6,0xCA9,
0xC63,0xC0F,0xBB6,0xB5C,0xAEE,0xA71,
0xA4B,0xA61,0xA64,0xA70,0xA8B,0xAD0,
0xB10,0xB01,0xAB1,0xA58,0xA2A,0x9F2,
0x9C5,0x9D1,0x9E3,0xA06,0xA27,0xA2A,
0xA57,0xA82,0xAB0,0xB28,0xBA2,0xBEC,
0xC15,0xC11,0xBFD,0xBDF,0xBA4,0xBAB,
0xBBE,0xB9A,0xB6C,0xB16,0xB01,0xB09,
0xAE2,0xACC,0xAA3,0xABE,0xB08,0xB0E,
0xB1D,0xB43,0xB59,0xB57,0xB21,0xB15,
0xB2F,0xB33,0xB26,0xB45,0xB70,0xB32,
0xAAC,0x9E1,0x924,0x8B1,0x89A,0x922,
0x9ED,0xAA7,0xB8C,0xC7A,0xD4D,0xDC4,
0xDC7,0xD83,0xCE9,0xC42,0xBA3,0xAF2,
0xA69,0xA12,0x9DD,0x9E6,0xA2B,0xA8C,
0xAE7,0xB39,0xB5F,0xB5F,0xB6C,0xB6B,
0xB2F,0xACD,0xA5D,0xA07,0x9AC,0x912,
0x88A,0x820,0x820,0x89F,0x943,0x9F3,
0xAEC,0xC2A,0xD49,0xDE9,0xDE8,0xD69,
0xC9A,0xB9F,0xA94,0x9AF,0x947,0x98D,
0x9F8,0xA94,0xB8C,0xC6A,0xCCD,0xCCD,
0xCB8,0xC6C,0xBF8,0xB85,0xB0F,0xA9D,
0xA77,0xAAB,0xAEB,0xAE5,0xAEC,0xB6B,
0xC1D,0xC81,0xC79,0xC58,0xC43,0xBF1,
0xB53,0xAD3,0xA74,0xA36,0xA04,0xA10,
0xA70,0xAFE,0xBBC,0xCA0,0xD83,0xE17,
0xE4E,0xDF7,0xCF8,0xBCC,0xAD4,0xA08,
0x97A,0x926,0x965,0xA04,0xA90,0xB5B,
0xC2F,0xCAE,0xCE3,0xCC0,0xC71,0xBFB,
0xB42,0xA7C,0x9CF,0x956,0x8EE,0x8A9,
0x8C9,0x916,0x982,0xA41,0xB25,0xBF1,
0xC41,0xC34,0xC15,0xBF3,0xBCE,0xBB7,
0xBD3,0xBF4,0xC2C,0xC29,0xBB7,0xB53,
0xB22,0xAF4,0xAAD,0xA6A,0xA69,0xA69,
0xA57,0xA33,0xA07,0xA28,0xA3C,0xA24,
0xA28,0xA5A,0xAB5,0xAE0,0xAD0,0xAB9,
0xA88,0xA31,0x9EF,0x9DE,0x9D6,0x9C7,
0x9CA,0xA23,0xAB2,0xB24,0xB83,0xBC2,
0xBB6,0xB88,0xB45,0xB04,0xAD4,0xAA4,
0xA8A,0xA6E,0xA93,0xAE5,0xB17,0xB3D,
0xB2B,0xAF1,0xAB8,0xA4C,0x9F7,0x9E8,
0xA17,0xAB0,0xB69,0xC01,0xC3B,0xBDC,
0xB39,0xAAD,0x9FD,0x92C,0x8CB,0x8D6,
0x936,0x9FE,0xAE7,0xBCB,0xC92,0xCE2,
0xCE2,0xCDC,0xCC1,0xC9F,0xC6C,0xC1F,
0xBED,0xBA9,0xB29,0xA7D,0x9D1,0x9A7,
0x9E9,0xA18,0xA43,0xAB0,0xB37,0xBAE,
0xBF7,0xC19,0xC2A,0xBD9,0xB50,0xAC8,
0xA1C,0x986,0x950,0x956,0x992,0xA1A,
0xAF5,0xBD5,0xC70,0xC8A,0xC38,0xBCD,
0xB45,0xAA3,0x9FA,0x994,0x993,0x9FD,
0xAB1,0xB74,0xC0E,0xC64,0xC8B,0xC95,
0xC4D,0xBE3,0xB78,0xB03,0xAAE,0xA80,
0xA89,0xAA2,0xAD0,0xB0B,0xB7B,0xC2E,
0xCCC,0xCE0,0xCB4,0xC96,0xC72,0xC31,
0xBAF,0xAF6,0xA2A,0x96E,0x8DF,0x8A1,
0x888,0x8B2,0x939,0xA27,0xB29,0xC21,
0xCF0,0xD50,0xD97,0xDD2,0xDB7,0xD33,
0xC4D,0xB34,0xA1B,0x931,0x8C4,0x8F8,
0x9A9,0xA67,0xB38,0xC50,0xD25,0xD5E,
0xD58,0xD3F,0xCEA,0xC46,0xBA9,0xB27,
0xA76,0x9DD,0x9B7,0x9DF,0x9FC,0x9F5,
0xA2C,0xAA4,0xAEF,0xB1E,0xB6E,0xBE8,
0xC27,0xC2C,0xC1E,0xBEE,0xBCD,0xB9B,
0xB79,0xB69,0xB62,0xB99,0xBCA,0xBFB,
0xC20,0xC02,0xBB9,0xB34,0xAB8,0xA54,
0xA04,0x9F8,0xA24,0xAAD,0xB5E,0xBB7,
0xBD2,0xBCA,0xB84,0xAFC,0xA65,0x9C9,
0x954,0x950,0x966,0x980,0x99D,0x98B,
0x997,0x9C5,0x9EA,0xA5B,0xAEF,0xB77,
0xBD9,0xC17,0xC4E,0xC5E,0xC70,0xC5C,
0xC1C,0xBE9,0xBA7,0xB55,0xADC,0xA52,
0xA2E,0xA48,0xA63,0xA6C,0xA72,0xABA,
0xADD,0xAAD,0xA60,0xA24,0x9F2,0x9B5,
0x99E,0x9C7,0xA04,0xA2F,0xA3A,0xA48,
0xA70,0xA8E,0xAC9,0xB36,0xB96,0xBD0,
0xBF8,0xC02,0xC0A,0xBF3,0xBB9,0xBB6,
0xBA2,0xB7C,0xB51,0xAE6,0xABC,0xAA6,
0xA78,0xA73,0xA7B,0xAB5,0xAF9,0xB22,
0xB48,0xB55,0xB5F,0xB35,0xADF,0xACA,
0xAC5,0xACE,0xAEC,0xB23,0xB5A,0xB3D,
0xAD1,0xA13,0x95B,0x8EB,0x8D7,0x94E,
0x9E9,0xA8F,0xB80,0xC7E,0xD64,0xDF5,
0xE03,0xDA0,0xCEF,0xC4D,0xBA8,0xAEC,
0xA4D,0x9EE,0x9DB,0x9F0,0xA27,0xA76,
0xAD2,0xB3B,0xB80,0xBB0,0xBE3,0xBEB,
0xBA5,0xB29,0xA91,0x9F6,0x950,0x8AE,
0x831,0x7D2,0x7EC,0x87E,0x92E,0xA0D,
0xB39,0xC85,0xD9D,0xE2F,0xE27,0xDA1,
0xCB4,0xB79,0xA39,0x95A,0x913,0x958,
0x9EA,0xABD,0xBC3,0xC95,0xCFA,0xD28,
0xD14,0xCA6,0xC18,0xB9E,0xB34,0xAB3,
0xA75,0xAB5,0xB0B,0xB17,0xB3B,0xBC9,
0xC6E,0xCB0,0xC94,0xC59,0xC1B,0xB9D,
0xADD,0xA5A,0xA15,0x9D4,0x9B0,0x9E8,
0xA76,0xB45,0xC4A,0xD5C,0xE3C,0xEB5,
0xECE,0xE5A,0xD2F,0xBE8,0xAF8,0xA4A,
0x9C3,0x97E,0x9ED,0xAA6,0xB48,0xC10,
0xCC4,0xD27,0xD30,0xCEA,0xC89,0xBF1,
0xB0B,0xA14,0x963,0x8FD,0x899,0x87F,
0x8AD,0x902,0x9A4,0xA77,0xB8D,0xC6B,
0xC95,0xC8A,0xC7B,0xC5A,0xC27,0xC07,
0xC12,0xC1F,0xC61,0xC4F,0xBBE,0xB65,
0xB47,0xB0A,0xA96,0xA51,0xA61,0xA43,
0xA24,0xA10,0x9FE,0xA26,0xA19,0x9F7,
0x9FB,0xA18,0xA6E,0xA9C,0xA9D,0xA95,
0xA62,0xA0E,0x9C6,0x99C,0x967,0x95F,
0x9A1,0xA0B,0xAB0,0xB4E,0xBC9,0xBFA,
0xBC4,0xB90,0xB3A,0xACE,0xA68,0xA14,
0xA04,0xA01,0xA30,0xA83,0xACA,0xB16,
0xB22,0xAFC,0xAC0,0xA5A,0xA0A,0x9D7,
0xA04,0xAA5,0xB4F,0xBF8,0xC36,0xBC2,
0xB24,0xA8D,0x9B8,0x8EC,0x8A9,0x8D2,
0x93C,0xA06,0xB09,0xC0C,0xCCB,0xD0E,
0xD12,0xD14,0xD00,0xCCC,0xC88,0xC3B,
0xBF1,0xB90,0xAF9,0xA48,0x9AF,0x991,
0x9DE,0xA2A,0xA75,0xAE0,0xB65,0xBD5,
0xC02,0xC38,0xC4C,0xBF4,0xB85,0xAF8,
0xA36,0x9A3,0x96B,0x96A,0x99E,0xA32,
0xB1E,0xC0B,0xCA4,0xCB3,0xC72,0xBF5,
0xB73,0xAEB,0xA31,0x9B0,0x98E,0x9D6,
0xA75,0xB18,0xBC1,0xC44,0xC7C,0xC99,
0xC66,0xC08,0xB94,0xB23,0xAC1,0xA8D,
0xAB0,0xAD3,0xB03,0xB3F,0xB98,0xC64,
0xCF9,0xCDE,0xCC8,0xC9A,0xC54,0xC06,
0xB73,0xAC8,0xA09,0x95C,0x8ED,0x8CA,
0x8D1,0x8FF,0x97F,0xA4D,0xB2E,0xC2E,
0xCEF,0xD49,0xD90,0xDA0,0xD59,0xCB8,
0xBD1,0xAD3,0x9CF,0x90E,0x8C7,0x906,
0x9A7,0xA3F,0xB12,0xC45,0xD14,0xD3B,
0xD34,0xD0C,0xC8A,0xBC6,0xB17,0xA91,
0xA01,0x9AB,0x9C5,0xA04,0xA26,0xA2A,
0xA5A,0xAA4,0xACB,0xB06,0xB71,0xBF4,
0xC32,0xC33,0xC1D,0xBE5,0xBA4,0xB5B,
0xB37,0xB29,0xB20,0xB41,0xB60,0xB7B,
0xB90,0xB90,0xB7A,0xB27,0xAB9,0xA51,
0xA1F,0xA2F,0xA62,0xAE3,0xB6F,0xBA7,
0xBBF,0xBA7,0xB60,0xAF3,0xA63,0x9D2,
0x98B,0x9A5,0x9D0,0x9F7,0x9FA,0x9B5,
0x99F,0x9CD,0x9FB,0xA5E,0xAE6,0xB79,
0xBD2,0xC00,0xC3A,0xC4E,0xC52,0xC2F,
0xBE1,0xB9E,0xB49,0xAE1,0xA68,0xA11,
0xA23,0xA52,0xA7E,0xA91,0xAA9,0xB03,
0xB27,0xAE4,0xA8B,0xA53,0xA24,0x9E9,
0x9E2,0x9FD,0xA1E,0xA33,0xA1E,0xA33,
0xA70,0xA8B,0xAC2,0xB2F,0xBA3,0xBFC,
0xC1C,0xC32,0xC38,0xBF2,0xBAD,0xBAB,
0xB90,0xB6A,0xB35,0xAF2,0xAF4,0xAE5,
0xAC9,0xAB6,0xAA5,0xACB,0xAF3,0xB01,
0xB1A,0xB30,0xB45,0xB22,0xADD,0xADA,
0xAF0,0xB16,0xB41,0xB7A,0xBA1,0xB63,
0xAC9,0x9F1,0x921,0x8AA,0x8A4,0x927,
0xA0D,0xB14,0xC18,0xCFF,0xDBE,0xE05,
0xDD6,0xD56,0xC9F,0xC0C,0xB7F,0xAED,
0xA71,0xA1F,0xA0D,0xA23,0xA64,0xAAD,
0xB16,0xB94,0xBA2,0xB99,0xBB7,0xBA8,
0xB7B,0xB17,0xAA3,0xA48,0x9B6,0x91B,
0x88B,0x810,0x816,0x88F,0x964,0xA77,
0xBA5,0xCE4,0xDCC,0xE30,0xE09,0xD5A,
0xC4A,0xB1B,0xA0C,0x95F,0x94B,0x9B1,
0xA44,0xB16,0xC09,0xCBE,0xD1D,0xD29,
0xCDE,0xC4A,0xB95,0xB03,0xABA,0xA61,
0xA3F,0xA9D,0xAE9,0xAFE,0xB3D,0xBC2,
0xC54,0xC8D,0xC61,0xC2E,0xC15,0xBB0,
0xAFB,0xA6C,0xA12,0x9EB,0x9EC,0xA20,
0xAAC,0xB7D,0xC8F,0xD7D,0xE03,0xE58,
0xE4A,0xD92,0xC7A,0xB59,0xA6E,0x9CB,
0x955,0x95B,0x9F8,0xAA1,0xB32,0xBE5,
0xC6F,0xCAA,0xC98,0xC5A,0xC0E,0xB6C,
0xAA6,0xA01,0x98B,0x929,0x8BD,0x8A4,
0x8E6,0x93C,0x9D1,0xAAD,0xBD3,0xCAB,
0xCB5,0xCA0,0xC7A,0xC37,0xC0A,0xBE5,
0xBE4,0xC0E,0xC3D,0xC1B,0xB9C,0xB4B,
0xB28,0xAC5,0xA60,0xA46,0xA46,0xA40,
0xA53,0xA51,0xA60,0xA96,0xA8E,0xA8E,
0xA9D,0xAAA,0xAE4,0xB06,0xB0D,0xAF5,
0xA9C,0xA3F,0xA1E,0xA2B,0xA11,0x9ED,
0xA1B,0xA87,0xB06,0xB74,0xBE2,0xBE9,
0xB99,0xB5A,0xB02,0xAC2,0xA75,0xA1B,
0xA00,0x9FF,0xA47,0xAA6,0xAE2,0xB26,
0xB1D,0xB04,0xAC4,0xA2A,0x9C7,0x98D,
0x9AB,0xA55,0xB17,0xBD1,0xC11,0xBB3,
0xB32,0xA91,0x9B1,0x8EF,0x8C1,0x8EA,
0x955,0xA2D,0xB34,0xC2C,0xCBD,0xCD2,
0xCDF,0xCF4,0xCD2,0xC8D,0xC54,0xC1A,
0xBDD,0xB7B,0xAC3,0x9FE,0x961,0x933,
0x97E,0x9CF,0xA48,0xAF4,0xB98,0xC28,
0xC6C,0xC99,0xC96,0xBFC,0xB67,0xAD7,
0xA0F,0x98F,0x96E,0x98A,0x9D1,0xA6F,
0xB47,0xC0B,0xC8A,0xC79,0xC1E,0xBC9,
0xB61,0xACD,0xA08,0x960,0x94E,0x9CB,
0xA7F,0xB2F,0xBE7,0xC7F,0xCCB,0xCCC,
0xC7F,0xBFC,0xB56,0xAD4,0xA68,0xA41,
0xA7A,0xA8C,0xAAE,0xB18,0xBC4,0xCAD,
0xD26,0xD2D,0xD3A,0xD14,0xCB9,0xC20,
0xB5F,0xA89,0x9AF,0x91F,0x8D5,0x8D4,
0x8FC,0x94F,0xA0A,0xAEE,0xBC6,0xC99,
0xD1B,0xD62,0xDAD,0xDC4,0xD69,0xCBE,
0xBD2,0xABD,0x9C9,0x913,0x8D4,0x91B,
0x9AC,0xA66,0xB7B,0xCA5,0xD40,0xD48,
0xD27,0xCFF,0xC8E,0xBD2,0xB27,0xA90,
0x9FA,0x9B1,0x9B1,0x9E1,0x9FE,0x9F8,
0xA47,0xAA5,0xABE,0xAE7,0xB4B,0xBCA,
0xC10,0xC1E,0xC01,0xBB7,0xB8F,0xB66,
0xB25,0xB16,0xB33,0xB6B,0xBAD,0xBD8,
0xBEB,0xBE0,0xB8C,0xB01,0xA9B,0xA4A,
0xA1F,0xA3F,0xA85,0xB13,0xB93,0xBBA,
0xBBC,0xB96,0xB5E,0xB04,0xA7A,0x9F1,
0x9A3,0x997,0x99F,0x9AC,0x9A1,0x976,
0x983,0x9AA,0x9EB,0xA67,0xAEE,0xB7C,
0xBE5,0xC39,0xC72,0xC8B,0xCA1,0xC71,
0xC06,0xBAA,0xB3A,0xAB5,0xA20,0x9D0,
0x9E4,0xA13,0xA51,0xA63,0xA8D,0xB01,
0xB29,0xADB,0xA88,0xA60,0xA2F,0x9FD,
0x9F8,0xA03,0xA2B,0xA39,0xA0B,0xA2A,
0xA60,0xA7B,0xAC3,0xB1E,0xB8C,0xBF4,
0xC10,0xC17,0xC15,0xBAE,0xB51,0xB47,
0xB3F,0xB37,0xB07,0xAD0,0xAD5,0xAC3,
0xAAB,0xA93,0xA75,0xAAE,0xAF5,0xB16,
0xB33,0xB45,0xB53,0xB1F,0xAE0,0xAE8,
0xAE3,0xAD8,0xAFA,0xB46,0xB7D,0xB55,
0xADF,0xA2E,0x975,0x8FC,0x8F9,0x98A,
0xA5C,0xB31,0xC1E,0xD09,0xDBE,0xDFF,
0xDBA,0xD13,0xC56,0xBCB,0xB44,0xAD0,
0xA87,0xA54,0xA44,0xA65,0xAAC,0xB03,
0xB66,0xBAA,0xBB7,0xBCE,0xBE8,0xBBE,
0xB60,0xAF4,0xA8A,0xA1E,0x9AE,0x92C,
0x894,0x842,0x87E,0x92A,0x9E2,0xA95,
0xB9B,0xCC7,0xDAB,0xE0A,0xDCE,0xD22,
0xC1E,0xAF5,0x9F1,0x966,0x979,0x9D0,
0xA54,0xB2A,0xC27,0xCE3,0xD1B,0xD08,
0xCCD,0xC56,0xBB2,0xB1B,0xAB0,0xA50,
0xA3F,0xA8F,0xAE0,0xB11,0xB55,0xBEB,
0xC88,0xCB2,0xC5E,0xC03,0xBE1,0xB85,
0xAEA,0xA70,0xA0D,0x9C9,0x9A4,0x9C4,
0xA2D,0xADB,0xBF3,0xD04,0xDD1,0xE58,
0xE4C,0xDB1,0xCAE,0xB95,0xAB6,0x9EC,
0x95A,0x95C,0x9E4,0xA82,0xB12,0xBBF,
0xC4B,0xC80,0xC6A,0xC2F,0xBE0,0xB4F,
0xA99,0x9EC,0x95D,0x8E9,0x899,0x8AA,
0x8F5,0x955,0x9FF,0xAEC,0xBE7,0xC71,
0xC62,0xC39,0xC08,0xBD8,0xBB2,0xBB8,
0xBF9,0xC3D,0xC60,0xC1C,0xB89,0xB30,
0xB0E,0xAAD,0xA2B,0xA05,0xA15,0xA1C,
0xA30,0xA27,0xA37,0xA55,0xA32,0xA22,
0xA2F,0xA6B,0xABF,0xADD,0xAED,0xAD0,
0xA7E,0xA40,0xA1B,0xA04,0x9D5,0x9BD,
0xA00,0xA7C,0xB10,0xB91,0xBF8,0xC04,
0xBBF,0xB64,0xAE9,0xA8B,0xA3B,0x9FA,
0x9F2,0xA0F,0xA72,0xAE8,0xB52,0xBA3,
0xB8E,0xB60,0xAF8,0xA51,0x9DA,0x99C,
0x9E2,0xA7D,0xB15,0xBB8,0xBEB,0xB9B,
0xB1D,0xA73,0x98C,0x8C1,0x8A4,0x8DA,
0x951,0xA47,0xB42,0xC30,0xCCF,0xCE0,
0xCD9,0xCC9,0xCAC,0xC87,0xC63,0xC4A,
0xC15,0xBAE,0xB03,0xA38,0x991,0x963,
0x99D,0x9E5,0xA6D,0xB2A,0xBE5,0xC7F,
0xCBF,0xCCD,0xC92,0xBEB,0xB41,0xA8D,
0x9C9,0x95C,0x955,0x99A,0xA14,0xAC7,
0xBAE,0xC84,0xCE8,0xCA9,0xC22,0xBAB,
0xB31,0xA80,0x9D0,0x977,0x98B,0xA1B,
0xAD6,0xB83,0xC30,0xC99,0xCD2,0xCD2,
0xC7F,0xC34,0xBCB,0xB47,0xADE,0xAA8,
0xAB0,0xAA3,0xA95,0xADB,0xB8F,0xC82,
0xD02,0xCFA,0xCEF,0xCD5,0xC80,0xBF8,
0xB5C,0xA9B,0x9C2,0x925,0x8D8,0x8CC,
0x8DF,0x926,0x9E2,0xAD4,0xBB0,0xC6C,
0xCE8,0xD3B,0xD80,0xD9F,0xD68,0xCC9,
0xBE4,0xAE2,0x9E4,0x93E,0x922,0x976,
0xA12,0xAC2,0xBB4,0xCB4,0xD13,0xCF5,
0xCD3,0xC8E,0xC02,0xB60,0xAE6,0xA6B,
0x9E4,0x9B7,0x9DC,0xA0B,0xA0A,0x9FE,
0xA38,0xA75,0xA8C,0xAB6,0xB27,0xBB2,
0xBF8,0xC1F,0xC11,0xBD1,0xBA9,0xB68,
0xB1E,0xB07,0xB2C,0xB94,0xBEC,0xC0B,
0xC20,0xC1F,0xBC6,0xB2E,0xAAA,0xA45,
0xA1B,0xA2E,0xA81,0xB19,0xB8D,0xBC7,
0xBDB,0xBB7,0xB61,0xACE,0xA36,0x9AA,
0x966,0x992,0x9BE,0x9E5,0x9D5,0x9A5,
0x9AC,0x9AC,0x9F0,0xA6B,0xAD9,0xB66,
0xBD6,0xC27,0xC5C,0xC88,0xCA5,0xC60,
0xBF4,0xB96,0xB34,0xAAF,0xA18,0x9EC,
0xA0E,0xA33,0xA72,0xAA3,0xAEC,0xB4B,
0xB4A,0xAEE,0xA8D,0xA53,0xA2A,0xA10,
0xA03,0x9F8,0x9FC,0x9EB,0x9C4,0x9CD,
0xA02,0xA49,0xAAA,0xB34,0xBC5,0xC1B,
0xC32,0xC3E,0xC2F,0xBDE,0xBA9,0xBA1,
0xB9B,0xB8B,0xB61,0xB57,0xB4C,0xB05,
0xAC9,0xA8D,0xA6E,0xAA7,0xAE9,0xB0E,
0xB1B,0xB29,0xB4B,0xB2F,0xB03,0xAFB,
0xB14,0xB53,0xB62,0xB6C,0xB5A,0xAFA,
0xA76,0x9AE,0x8FE,0x8A5,0x8BB,0x965,
0xA26,0xAFC,0xC06,0xD19,0xDD4,0xDFD,
0xDE5,0xD67,0xCA1,0xBEF,0xB4D,0xAB7,
0xA28,0x9DA,0x9D1,0xA0B,0xA7B,0xAE1,
0xB67,0xBC5,0xBBA,0xBCE,0xBCB,0xB84,
0xB3C,0xABF,0xA62,0xA10,0x981,0x8EE,
0x860,0x824,0x87C,0x916,0x9C9,0xAA6,
0xBC4,0xCEA,0xD9C,0xDD2,0xD96,0xCE2,
0xBE7,0xACB,0x9DF,0x984,0x9A9,0xA03,
0xAA6,0xB8B,0xC73,0xD09,0xD2C,0xD09,
0xCA1,0xC0A,0xB65,0xADA,0xA70,0xA21,
0xA32,0xA97,0xAE7,0xB09,0xB5D,0xBEE,
0xC63,0xC6A,0xC06,0xBAE,0xB95,0xB31,
0xA8E,0xA31,0x9EC,0x9BE,0x9CF,0xA1A,
0xAC5,0xBD4,0xCF6,0xDC4,0xE32,0xE53,
0xE0B,0xD2D,0xBF7,0xAE8,0xA29,0x996,
0x94A,0x985,0xA19,0xAB5,0xB58,0xBF1,
0xC61,0xC94,0xC83,0xC47,0xBD9,0xB1F,
0xA52,0x9AC,0x93A,0x8CE,0x887,0x8AB,
0x90F,0x98E,0xA53,0xB3F,0xC2B,0xCB5,
0xC98,0xC5B,0xC1D,0xBE1,0xBA1,0xB85,
0xBBB,0xC04,0xC2C,0xBE7,0xB83,0xB5B,
0xB2D,0xAB7,0xA37,0xA18,0xA15,0xA0C,
0xA06,0xA0E,0xA6A,0xABD,0xAB4,0xAA7,
0xA98,0xAAD,0xADA,0xADE,0xAC7,0xAA2,
0xA58,0x9FD,0x9E9,0x9D8,0x99E,0x9A1,
0x9C8,0xA50,0xB08,0xBAE,0xC53,0xC6C,
0xC2B,0xBCB,0xB41,0xAE1,0xA6D,0xA0A,
0x9F2,0x9FD,0xA68,0xACC,0xB20,0xB5F,
0xB39,0xB08,0xA95,0xA05,0x9AA,0x97F,
0x9E8,0xAAC,0xB66,0xC03,0xC20,0xBC0,
0xB2D,0xA76,0x992,0x8F6,0x8E8,0x907,
0x97C,0xA83,0xB9C,0xC85,0xD07,0xD18,
0xD0C,0xCD8,0xC8D,0xC54,0xC30,0xC10,
0xBE8,0xB7D,0xAC5,0xA02,0x971,0x961,
0x989,0x9DA,0xA87,0xB26,0xBBD,0xC3E,
0xC7A,0xC97,0xC34,0xB87,0xB12,0xA85,
0x9D1,0x978,0x981,0x9BB,0xA24,0xAD0,
0xBAA,0xC6D,0xCC4,0xC81,0xC04,0xB8D,
0xAF7,0xA48,0x9B6,0x969,0x9B0,0xA5C,
0xAEC,0xB8D,0xC39,0xC8C,0xC9E,0xC71,
0xC18,0xBC1,0xB49,0xAC9,0xA74,0xA76,
0xA95,0xA8F,0xAAE,0xB12,0xBCD,0xC91,
0xCD1,0xCB9,0xCAB,0xC99,0xC4C,0xBE3,
0xB66,0xAAC,0x9F8,0x964,0x921,0x92B,
0x933,0x965,0x9FC,0xAC4,0xB8F,0xC44,
0xCC8,0xD2C,0xD70,0xD75,0xD2E,0xC9D,
0xBBC,0xAB4,0x9B3,0x905,0x8D7,0x930,
0x9D1,0xA8F,0xBB9,0xCDA,0xD4B,0xD50,
0xD33,0xCDD,0xC43,0xB7A,0xAC2,0xA1D,
0x9A7,0x987,0x9AC,0x9EB,0x9FA,0xA1E,
0xA7C,0xAAC,0xAB1,0xAEE,0xB68,0xBCB,
0xBF3,0xBF0,0xBD1,0xBB9,0xB8E,0xB43,
0xB08,0xB05,0xB3F,0xB9A,0xBC8,0xBDC,
0xBE8,0xBD2,0xB76,0xAD8,0xA69,0xA1C,
0xA0C,0xA3E,0xAA7,0xB50,0xBBA,0xBDB,
0xBF5,0xBE9,0xBA2,0xB29,0xA93,0x9F5,
0x9A4,0x9A9,0x9C0,0x9F3,0x9CC,0x98C,
0x9B4,0x9E3,0xA43,0xAC5,0xB3B,0xBC3,
0xC1D,0xC5D,0xC83,0xCA2,0xCA9,0xC67,
0xC23,0xBEB,0xB95,0xB00,0xA68,0xA19,
0xA14,0xA45,0xA76,0xA99,0xAFA,0xB56,
0xB4D,0xAF6,0xA99,0xA67,0xA4D,0xA42,
0xA39,0xA47,0xA5D,0xA40,0xA19,0xA1C,
0xA3A,0xA6B,0xAC9,0xB51,0xBBE,0xC16,
0xC31,0xC29,0xBFC,0xB8C,0xB63,0xB6A,
0xB6B,0xB63,0xB37,0xB24,0xB29,0xB10,
0xAF4,0xAC9,0xAC1,0xAF1,0xB17,0xB1C,
0xB0B,0xB15,0xB0E,0xAC0,0xA8F,0xAA0,
0xABA,0xAED,0xB39,0xB8B,0xBA6,0xB63,
0xAB3,0x9CB,0x911,0x8AE,0x8C8,0x961,
0xA37,0xB2D,0xC4A,0xD49,0xDE7,0xE0D,
0xDB4,0xCFC,0xC33,0xB81,0xB01,0xA84,
0xA1A,0x9F2,0xA00,0xA55,0xABA,0xB0D,
0xB7A,0xBBA,0xBA7,0xBA7,0xB8E,0xB50,
0xB13,0xAC4,0xA81,0xA2E,0x99A,0x8ED,
0x857,0x823,0x86D,0x908,0x9C0,0xAB8,
0xBF3,0xD08,0xDBF,0xDF5,0xD81,0xC99,
0xB90,0xA74,0x98F,0x935,0x95D,0x9DD,
0xAA9,0xBA7,0xC93,0xD0B,0xD12,0xCE6,
0xC86,0xBF8,0xB55,0xACA,0xA4F,0xA0D,
0xA3D,0xA95,0xAB0,0xAC0,0xB20,0xBCE,
0xC5F,0xC6E,0xC31,0xBFE,0xBDB,0xB6C,
0xADA,0xA76,0xA22,0x9E0,0x9CE,0xA0A,
0xAA5,0xB99,0xCA7,0xD59,0xDBF,0xDF1,
0xDAE,0xCE7,0xBDE,0xB02,0xA51,0x9BD,
0x96C,0x99D,0xA1C,0xA91,0xB29,0xBDA,
0xC6A,0xCA5,0xC8C,0xC56,0xBF4,0xB51,
0xA7F,0x9C9,0x959,0x8CF,0x880,0x8B3,
0x908,0x994,0xA76,0xB6C,0xC3F,0xC9A,
0xC64,0xC19,0xBD8,0xB93,0xB51,0xB65,
0xBC2,0xC2B,0xC6C,0xC36,0xBE4,0xBBB,
0xB65,0xAC2,0xA34,0xA0E,0xA1B,0xA37,
0xA5B,0xA78,0xAD7,0xB19,0xAFB,0xABD,
0xA87,0xA9D,0xAD4,0xAE8,0xAE7,0xABD,
0xA69,0xA11,0x9C9,0x97F,0x953,0x978,
0x9F6,0xABB,0xB68,0xBFA,0xC64,0xC51,
0xC00,0xB9C,0xB13,0xAA1,0xA3F,0xA08,
0xA02,0xA0E,0xA6D,0xAD1,0xB24,0xB67,
0xB7D,0xB58,0xACB,0xA2C,0x9C6,0x99E,
0x9FB,0xA9F,0xB37,0xBC0,0xBD7,0xB6F,
0xAED,0xA2F,0x938,0x8B4,0x8AC,0x8E2,
0x98D,0xA8A,0xB69,0xC2B,0xC98,0xC92,
0xC7E,0xC60,0xC35,0xC4A,0xC72,0xC55,
0xC32,0xBCC,0xB0C,0xA43,0x99E,0x97B,
0x9A1,0x9F1,0xA84,0xB13,0xBBF,0xC50,
0xC8B,0xCA2,0xC47,0xBBA,0xB3F,0xA86,
0x9D2,0x976,0x952,0x975,0x9E0,0xAAB,
0xB96,0xC48,0xCA0,0xC6A,0xC0C,0xB93,
0xAED,0xA52,0x9D8,0x9AF,0x9FD,0xA92,
0xB34,0xBD0,0xC57,0xC9D,0xCA7,0xC82,
0xC2F,0xBC3,0xB53,0xAE0,0xA7F,0xA81,
0xA82,0xA8C,0xACC,0xB36,0xC27,0xD0A,
0xD42,0xD34,0xCFF,0xC99,0xC20,0xBA1,
0xB02,0xA39,0x992,0x928,0x8FC,0x8F0,
0x8FA,0x95E,0xA0D,0xAD3,0xBC8,0xCA6,
0xD36,0xDB1,0xDEC,0xDC9,0xD58,0xC88,
0xB81,0xA70,0x96F,0x8E0,0x8E7,0x96A,
0xA1D,0xAED,0xC08,0xD08,0xD5A,0xD31,
0xCF7,0xC9F,0xC05,0xB56,0xABA,0xA04,
0x98A,0x97B,0x9B5,0x9F3,0x9F3,0xA0C,
0xA5A,0xA75,0xA93,0xAED,0xB68,0xBE4,
0xC2B,0xC36,0xC0D,0xBD3,0xB87,0xB22,
0xADE,0xAE0,0xB1E,0xB8B,0xBCF,0xBEB,
0xBF5,0xBCA,0xB56,0xAC1,0xA50,0xA05,
0xA13,0xA5C,0xAD9,0xB69,0xBA2,0xB9F,
0xB98,0xB60,0xAF5,0xA77,0xA05,0x9B0,
0x99A,0x9CC,0xA14,0xA40,0x9FF,0x9B9,
0x9BB,0x9C2,0xA04,0xA75,0xAE6,0xB67,
0xBCC,0xC2C,0xC76,0xC9E,0xC9F,0xC64,
0xC29,0xBD4,0xB58,0xACD,0xA47,0xA10,
0xA1B,0xA2D,0xA5F,0xA7D,0xAAC,0xB03,
0xB0C,0xADC,0xAAB,0xA77,0xA57,0xA44,
0xA38,0xA35,0xA1E,0x9F1,0x9D6,0x9EE,
0xA08,0xA4A,0xAE1,0xB80,0xBF4,0xC41,
0xC57,0xC68,0xC50,0xBDF,0xBAE,0xB9F,
0xB93,0xB83,0xB40,0xB33,0xB2C,0xAF7,
0xAD9,0xAAB,0xAB1,0xAEF,0xB13,0xB28,
0xB2D,0xB3A,0xB23,0xAD7,0xABE,0xAD8,
0xAEF,0xB0F,0xB43,0xB7F,0xB68,0xB02,
0xA72,0x9C5,0x926,0x8CC,0x8FE,0x9B3,
0xA91,0xB79,0xC6C,0xD45,0xDC9,0xDD1,
0xD6F,0xCD4,0xC4A,0xBB9,0xB1D,0xA99,
0xA49,0xA26,0xA37,0xA87,0xADE,0xB36,
0xB8B,0xB90,0xB69,0xB6B,0xB6C,0xB63,
0xB3D,0xB0F,0xAE4,0xA68,0x9B5,0x8F1,
0x82F,0x7F7,0x851,0x8F7,0x9CC,0xADC,
0xC2A,0xD4B,0xDEB,0xE05,0xD9B,0xCBF,
0xBA4,0xA74,0x98D,0x93D,0x997,0xA36,
0xAF4,0xBF6,0xCCF,0xD24,0xD22,0xCE8,
0xC7A,0xBEA,0xB64,0xB0D,0xAA3,0xA57,
0xA81,0xACE,0xAE1,0xAF7,0xB61,0xC07,
0xC6B,0xC3E,0xBD1,0xBAA,0xB7D,0xAFF,
0xAA1,0xA5B,0xA0E,0x9D5,0x9CD,0xA31,
0xACE,0xBAA,0xCC4,0xD88,0xDF4,0xDFF,
0xD93,0xCDC,0xBE6,0xB0B,0xA6B,0x9E1,
0x99E,0x9CC,0xA46,0xABC,0xB35,0xBD9,
0xC5B,0xC70,0xC50,0xC24,0xBB8,0xB1C,
0xA55,0x9AA,0x937,0x8A6,0x86B,0x89A,
0x8D9,0x965,0xA4E,0xB5D,0xC35,0xC73,
0xC54,0xC25,0xBFB,0xBBE,0xB88,0xBA4,
0xBE0,0xC20,0xC25,0xBCD,0xB80,0xB55,
0xB0F,0xA85,0xA1D,0xA16,0xA31,0xA6B,
0xA87,0xA9F,0xAF6,0xAF8,0xAB7,0xA78,
0xA36,0xA3A,0xA4F,0xA52,0xA60,0xA54,
0xA20,0x9FD,0xA01,0x9F8,0x9DF,0x9E3,
0xA53,0xB0C,0xB80,0xBF0,0xC43,0xC1C,
0xBD1,0xB61,0xAF8,0xAAD,0xA50,0xA21,
0xA14,0xA54,0xAD7,0xB1B,0xB61,0xB7E,
0xB54,0xB18,0xA8B,0x9F4,0x99C,0x998,
0xA35,0xB04,0xBAC,0xC24,0xC0E,0xB96,
0xB12,0xA45,0x959,0x8F0,0x8FE,0x93F,
0x9E2,0xABE,0xB8C,0xC3C,0xC8E,0xC94,
0xC9E,0xC9F,0xC8E,0xC7E,0xC6D,0xC50,
0xC12,0xB85,0xAC1,0x9FF,0x98F,0x980,
0x982,0x9D2,0xA70,0xB19,0xBDC,0xC64,
0xCB1,0xCD9,0xC7D,0xBF1,0xB46,0xA52,
0x9A1,0x952,0x93C,0x95F,0x9D5,0xACF,
0xBCE,0xC6C,0xCAA,0xC7B,0xC22,0xBA9,
0xB09,0xA74,0x9EC,0x9A5,0x9CE,0xA3E,
0xAD2,0xB82,0xC2A,0xC94,0xCB2,0xC83,
0xC42,0xBEC,0xB78,0xB06,0xA9C,0xA7E,
0xA77,0xA73,0xAAF,0xB24,0xC01,0xCDB,
0xD25,0xD21,0xCEB,0xCA2,0xC3D,0xBA1,
0xAF1,0xA33,0x993,0x920,0x8CD,0x8B4,
0x8DD,0x95A,0x9FE,0xAB7,0xBA0,0xC6A,
0xD0D,0xD8D,0xDBE,0xDA0,0xD28,0xC64,
0xB82,0xA87,0x993,0x900,0x8FA,0x978,
0xA20,0xAEA,0xC07,0xCF3,0xD2C,0xD13,
0xCFD,0xCB1,0xBFE,0xB51,0xAC9,0xA28,
0x9B3,0x98D,0x99A,0x9B5,0x9C4,0xA22,
0xAA3,0xACE,0xAE7,0xB38,0xBBF,0xC25,
0xC3B,0xC3B,0xC16,0xBCD,0xB75,0xB14,
0xAD4,0xAC4,0xAF2,0xB5E,0xBC1,0xBF0,
0xBFE,0xBE4,0xB78,0xAEE,0xA72,0xA0D,
0x9FF,0xA3B,0xAC3,0xB5F,0xBB4,0xBC9,
0xBBC,0xB8E,0xB24,0xA99,0xA16,0x9B7,
0x9B0,0x9CC,0x9EE,0xA15,0x9E4,0x9B3,
0x997,0x998,0xA0F,0xAAC,0xB49,0xBBF,
0xC0E,0xC53,0xC7F,0xCB0,0xC9E,0xC43,
0xC07,0xBB0,0xB21,0xA6B,0x9DC,0x9D3,
0x9F0,0xA18,0xA48,0xA7B,0xADE,0xB11,
0xAF3,0xAB3,0xA6D,0xA4A,0xA35,0xA2E,
0xA36,0xA39,0xA36,0xA0A,0x9D8,0x9DA,
0x9F5,0xA4C,0xADE,0xB70,0xBFC,0xC4C,
0xC62,0xC73,0xC2F,0xBAB,0xB64,0xB3A,
0xB2E,0xB17,0xB05,0xB4E,0xB54,0xB15,
0xAEB,0xAA6,0xAAA,0xAC8,0xAC5,0xADF,
0xAF9,0xB0F,0xAEC,0xAA7,0xAB0,0xACA,
0xAEB,0xB22,0xB6C,0xBA0,0xB7D,0xB1C,
0xA74,0x9C9,0x936,0x8CD,0x916,0x9BD,
0xA80,0xB71,0xC63,0xD4B,0xDCE,0xDEC,
0xDAF,0xCF9,0xC49,0xBA9,0xB0B,0xA90,
0xA20,0x9F3,0xA15,0xA5D,0xAB3,0xB0C,
0xB77,0xB9A,0xB8F,0xBA1,0xB9D,0xB87,
0xB49,0xB02,0xAB1,0xA12,0x95B,0x89B,
0x7FD,0x7DE,0x83B,0x901,0x9FF,0xB39,
0xCA3,0xDCD,0xE68,0xE55,0xD9B,0xC7C,
0xB42,0xA07,0x931,0x907,0x973,0xA43,
0xB35,0xC39,0xD0C,0xD51,0xD32,0xCD2,
0xC30,0xB98,0xB22,0xACE,0xA7D,0xA4A,
0xA87,0xAD0,0xAED,0xB23,0xBB5,0xC77,
0xCC9,0xC7E,0xC15,0xBE0,0xB9F,0xB14,
0xA98,0xA43,0x9DA,0x995,0x9B8,0xA3B,
0xAFA,0xC00,0xD1E,0xDE9,0xE68,0xE75,
0xDEA,0xD07,0xBF0,0xAF9,0xA41,0x993,
0x94E,0x9A5,0xA33,0xABB,0xB63,0xC08,
0xC60,0xC6A,0xC49,0xC21,0xBC3,0xB0D,
0xA31,0x989,0x91B,0x8A8,0x870,0x89D,
0x901,0x9B5,0xABE,0xBD5,0xCA3,0xCC1,
0xC8F,0xC6E,0xC2A,0xBCD,0xB8B,0xB93,
0xBC4,0xBF5,0xBF1,0xB9D,0xB53,0xB3D,
0xAFD,0xA6A,0xA02,0x9EB,0x9DE,0xA00,
0xA38,0xA7B,0xAEA,0xB07,0xAD6,0xA9C,
0xA76,0xA87,0xA97,0xA8A,0xA85,0xA85,
0xA66,0xA39,0xA23,0x9FF,0x9DC,0x9F3,
0xA57,0xAF5,0xB83,0xBEE,0xC17,0xBDC,
0xB87,0xB22,0xACC,0xA89,0xA33,0xA1A,
0xA19,0xA47,0xABF,0xB1C,0xB62,0xB6F,
0xB36,0xAE5,0xA6B,0x9EA,0x987,0x990,
0xA2C,0xAE5,0xB99,0xC17,0xC11,0xBC6,
0xB48,0xA6B,0x977,0x8F5,0x8D3,0x8FE,
0x9C5,0xADF,0xBF2,0xCC5,0xD07,0xCF3,
0xCC5,0xC7F,0xC38,0xC19,0xC11,0xBFF,
0xBDC,0xB76,0xAC0,0x9F3,0x97C,0x96F,
0x98D,0xA0C,0xAC5,0xB8B,0xC5E,0xCC2,
0xCE8,0xCE0,0xC47,0xB96,0xAEE,0xA21,
0x986,0x93B,0x946,0x986,0xA08,0xAEB,
0xBE2,0xC93,0xCC0,0xC8A,0xC36,0xBB5,
0xAF9,0xA1D,0x967,0x91E,0x973,0xA2C,
0xADD,0xBA2,0xC52,0xCBD,0xCEB,0xCCC,
0xC81,0xC00,0xB69,0xAE1,0xA81,0xA77,
0xA57,0xA48,0xA9B,0xB34,0xC39,0xCFF,
0xD21,0xD2B,0xCFE,0xCA3,0xC34,0xBA1,
0xAE9,0x9FE,0x949,0x8DF,0x8AF,0x8AE,
0x8C5,0x955,0xA51,0xB54,0xC62,0xD36,
0xDA3,0xDF0,0xDFE,0xD98,0xCE1,0xBE5,
0xABF,0x9A9,0x8E6,0x8B2,0x8FF,0x9B7,
0xAA6,0xBAC,0xCE9,0xDB0,0xD99,0xD32,
0xCBB,0xC2A,0xB76,0xAD9,0xA6E,0x9FC,
0x9D6,0x9FA,0xA36,0xA58,0xA2C,0xA46,
0xA84,0xA6E,0xA79,0xAEB,0xB92,0xC11,
0xC43,0xC48,0xC2B,0xBEC,0xB85,0xB13,
0xACD,0xAD0,0xB1A,0xB71,0xB9B,0xBAD,
0xBB5,0xB8C,0xB1E,0xACA,0xA89,0xA51,
0xA6F,0xABC,0xB3F,0xBC2,0xBE6,0xBE2,
0xBB6,0xB49,0xAAB,0x9FB,0x967,0x929,
0x946,0x981,0x9D8,0xA12,0x9F2,0x9E2,
0x9E5,0x9F2,0xA3C,0xA9C,0xB05,0xB64,
0xBB5,0xC01,0xC3F,0xC71,0xC63,0xC17,
0xBD2,0xB8C,0xB07,0xA4D,0x9E2,0x9DB,
0x9E5,0xA09,0xA27,0xA57,0xAB6,0xAE1,
0xAC7,0xA9C,0xA7B,0xA5F,0xA4D,0xA3E,
0xA23,0xA0D,0x9F4,0x9CC,0x9B4,0x9C3,
0x9E5,0xA3E,0xADA,0xB76,0xBF1,0xC42,
0xC64,0xC5F,0xBF5,0xB63,0xB22,0xAFA,
0xAE9,0xAEC,0xAFC,0xB2F,0xB2A,0xB0F,
0xAE6,0xAB2,0xAE0,0xB26,0xB45,0xB40,
0xB28,0xB24,0xAE9,0xA9C,0xA9D,0xAA7,
0xABF,0xAF0,0xB3E,0xB97,0xBA9,0xB4E,
0xA87,0x9A3,0x8EE,0x8A2,0x904,0x9B3,
0xA76,0xB71,0xC8B,0xD83,0xE08,0xE1D,
0xDBF,0xCFF,0xC35,0xB88,0xB00,0xA80,
0xA21,0xA19,0xA42,0xA92,0xAD8,0xB1E,
0xB8E,0xBA6,0xB91,0xBB2,0xBB7,0xB9E,
0xB6B,0xB1D,0xABC,0xA0E,0x926,0x854,
0x7E2,0x7F2,0x85F,0x928,0xA33,0xB70,
0xCC7,0xDCD,0xE57,0xE4E,0xD87,0xC59,
0xB13,0x9DB,0x924,0x923,0x9B3,0xA79,
0xB4A,0xC4C,0xD13,0xD58,0xD40,0xCD5,
0xC4A,0xBB1,0xB23,0xACA,0xA73,0xA57,
0xA9F,0xAE1,0xB16,0xB62,0xBF8,0xC9A,
0xCAE,0xC57,0xC16,0xBF4,0xB97,0xB02,
0xA94,0xA43,0x9E4,0x9B8,0x9D7,0xA4D,
0xB21,0xC2E,0xD26,0xDD2,0xE2C,0xE22,
0xDAC,0xCDD,0xBDC,0xB03,0xA4A,0x9A9,
0x973,0x9C9,0xA64,0xAF3,0xBA4,0xC51,
0xC93,0xC99,0xC83,0xC40,0xBC2,0xAF7,
0xA0B,0x960,0x8DD,0x863,0x844,0x884,
0x900,0x9DC,0xAF1,0xBED,0xC90,0xC9D,
0xC53,0xC02,0xBB7,0xB63,0xB44,0xB98,
0xC07,0xC45,0xC31,0xBC7,0xB6F,0xB35,
0xAB4,0xA10,0x9BE,0x9C1,0x9EA,0xA46,
0xAA0,0xAF5,0xB3D,0xB1B,0xAAF,0xA49,
0xA1D,0xA3B,0xA5E,0xA6B,0xA7B,0xA6F,
0xA48,0xA38,0xA1B,0x9E4,0x9C9,0x9F4,
0xA6B,0xAEB,0xB57,0xBD0,0xBFD,0xBE0,
0xBA7,0xB39,0xAD8,0xA89,0xA38,0xA11,
0xA08,0xA47,0xAB3,0xB0D,0xB4E,0xB59,
0xB43,0xAED,0xA4B,0x9C8,0x980,0x99D,
0xA46,0xB04,0xBC7,0xC49,0xC21,0xBC5,
0xB34,0xA28,0x92C,0x8B7,0x8A7,0x8F5,
0x9D7,0xAF4,0xBF0,0xCAE,0xCE1,0xCC0,
0xC9E,0xC6F,0xC5F,0xC72,0xC69,0xC52,
0xC19,0xB71,0xA8E,0x9C0,0x968,0x97A,
0x9A3,0xA34,0xB05,0xBC7,0xC72,0xCCD,
0xD0C,0xCF6,0xC44,0xB88,0xAB6,0x9C1,
0x92B,0x8E5,0x8F2,0x947,0x9EB,0xAF4,
0xBF5,0xCA3,0xCD9,0xC94,0xC38,0xBB9,
0xAEC,0xA1B,0x992,0x95F,0x99D,0xA33,
0xAE3,0xBA4,0xC53,0xCBF,0xCE9,0xCDE,
0xC97,0xC24,0xBB2,0xB19,0xAA2,0xA82,
0xA51,0xA54,0xAA7,0xB3F,0xC3B,0xCDE,
0xCF3,0xCF4,0xCDE,0xCA3,0xC3E,0xBCA,
0xB1B,0xA34,0x97C,0x8FB,0x8A8,0x87E,
0x883,0x900,0x9E9,0xAF1,0xC21,0xD19,
0xDB9,0xE39,0xE58,0xDFA,0xD3B,0xC2B,
0xAFF,0x9BB,0x8B9,0x868,0x89C,0x951,
0xA6B,0xBB8,0xD16,0xDDC,0xDC1,0xD6E,
0xCFA,0xC2E,0xB5C,0xAD3,0xA54,0x9BA,
0x981,0x99D,0x9C2,0x9D9,0x9DB,0xA27,
0xA8A,0xA97,0xAC1,0xB57,0xC02,0xC5E,
0xC66,0xC3F,0xBEE,0xB90,0xB3B,0xAFA,
0xAFB,0xB2C,0xB74,0xBD0,0xBF6,0xC04,
0xC03,0xBB2,0xB27,0xA9D,0xA34,0xA14,
0xA3D,0xA86,0xAFE,0xB88,0xBD3,0xBD7,
0xBBF,0xB6E,0xAE0,0xA49,0x9A2,0x945,
0x95F,0x997,0x9E1,0x9FF,0x9DC,0x9CA,
0x9A5,0x9C0,0xA3F,0xAC5,0xB51,0xBAD,
0xBF6,0xC47,0xC7C,0xCA8,0xC89,0xC29,
0xBCD,0xB56,0xAD4,0xA3E,0x9D7,0x9DA,
0x9E9,0xA22,0xA69,0xA97,0xAEC,0xB15,
0xAE8,0xAB9,0xA9D,0xA8B,0xA6A,0xA43,
0xA34,0xA16,0x9E6,0x9B6,0x99C,0x9BF,
0x9F8,0xA5E,0xAFD,0xB8E,0xC1C,0xC76,
0xC9B,0xCA6,0xC45,0xBC6,0xB71,0xB28,
0xB15,0xB09,0xB05,0xB32,0xB3B,0xB3B,
0xB25,0xAEA,0xAF5,0xB0B,0xB08,0xB0D,
0xB14,0xB19,0xAF1,0xAC4,0xAC8,0xAC8,
0xADD,0xB16,0xB4C,0xB7D,0xB65,0xAE2,
0xA2A,0x964,0x8BB,0x89A,0x909,0x9C4,
0xAC3,0xBF0,0xD09,0xDD4,0xE2B,0xE02,
0xD69,0xCB2,0xC0D,0xB74,0xAF5,0xA7C,
0xA26,0xA0F,0xA2E,0xA7F,0xAC1,0xB1D,
0xB93,0xBA8,0xBA7,0xBC3,0xBBB,0xB86,
0xB36,0xAF3,0xA9B,0x9EB,0x922,0x863,
0x7F5,0x81A,0x893,0x94F,0xA47,0xB7C,
0xCDE,0xDDD,0xE4B,0xE2C,0xD6C,0xC4A,
0xAFE,0x9C7,0x91B,0x922,0x9B6,0xA80,
0xB57,0xC41,0xCEA,0xD26,0xD10,0xCB7,
0xC30,0xB97,0xB23,0xACD,0xA7A,0xA74,
0xAB6,0xAE5,0xAEF,0xB1E,0xBA3,0xC1E,
0xC1E,0xBD2,0xBAC,0xBAC,0xB6A,0xAEE,
0xAA0,0xA62,0x9F3,0x9A3,0x9B5,0xA2E,
0xB13,0xC29,0xD20,0xDD8,0xE3D,0xE2F,
0xDA4,0xCB6,0xBAE,0xAD4,0xA15,0x976,
0x949,0x9BC,0xA69,0xAFB,0xBA2,0xC26,
0xC62,0xC82,0xC82,0xC55,0xBB7,0xAB4,
0x9C4,0x913,0x87C,0x82A,0x854,0x8D0,
0x971,0xA5F,0xB6D,0xC42,0xCA8,0xC77,
0xC12,0xBC6,0xB93,0xB6C,0xB70,0xBCB,
0xC21,0xC3E,0xC28,0xBD5,0xB90,0xB62,
0xAEE,0xA56,0x9F3,0x9CE,0x9DA,0xA0F,
0xA61,0xAD3,0xB25,0xB1A,0xAC7,0xA90,
0xAA1,0xAB4,0xABA,0xABC,0xAB8,0xA7E,
0xA1C,0x9F8,0x9E3,0x9B1,0x998,0x9CE,
0xA69,0xB0D,0xBA3,0xC30,0xC50,0xC14,
0xBB1,0xB28,0xAC2,0xA69,0xA06,0x9DB,
0x9F9,0xA5E,0xAD9,0xB3D,0xB88,0xB92,
0xB64,0xAE0,0xA25,0x9AF,0x956,0x968,
0xA24,0xAE9,0xBA8,0xC0A,0xBD1,0xB93,
0xB0C,0xA06,0x93D,0x8EE,0x8FA,0x96B,
0xA58,0xB67,0xC1F,0xC7A,0xC62,0xC2D,
0xC34,0xC34,0xC44,0xC6F,0xC8F,0xCA3,
0xC67,0xBBD,0xAB4,0x9AD,0x943,0x938,
0x948,0x9C3,0xA8C,0xB6A,0xC22,0xCA2,
0xD13,0xD0B,0xC70,0xBC8,0xAF6,0x9F5,
0x93B,0x8D9,0x8C2,0x901,0x9C0,0xAE1,
0xBF5,0xCAD,0xCF7,0xCD9,0xC6F,0xBBE,
0xACC,0x9E7,0x943,0x8FD,0x950,0xA01,
0xAC9,0xB94,0xC38,0xCB2,0xCE4,0xCC4,
0xC77,0xBF7,0xB64,0xACB,0xA81,0xA7C,
0xA40,0xA36,0xAAA,0xB77,0xC8B,0xD29,
0xD36,0xD20,0xCEC,0xC9E,0xC40,0xBCE,
0xB0E,0xA2A,0x970,0x8DE,0x892,0x873,
0x887,0x931,0xA2B,0xB3B,0xC5B,0xD2A,
0xDBF,0xE41,0xE4B,0xDD2,0xCFC,0xBDD,
0xAAC,0x977,0x89E,0x874,0x8E0,0x9B0,
0xAB8,0xC0E,0xD61,0xDF3,0xDDA,0xD8B,
0xD06,0xC33,0xB5F,0xAE4,0xA6B,0x9E3,
0x9BC,0x9DB,0xA0E,0xA1E,0xA27,0xA86,
0xACE,0xAD1,0xAED,0xB5F,0xBE3,0xC1B,
0xC3B,0xC32,0xBE7,0xB8B,0xB29,0xAEA,
0xAC7,0xAD6,0xB4C,0xBB1,0xBE8,0xC1E,
0xC24,0xBC5,0xB33,0xABF,0xA67,0xA3C,
0xA47,0xA97,0xB50,0xBF2,0xC1E,0xC17,
0xBF6,0xB9C,0xB17,0xA70,0x9C1,0x979,
0x987,0x9B1,0x9F5,0x9F6,0x9CE,0x9CF,
0x9BE,0x9ED,0xA75,0xAEA,0xB53,0xBA4,
0xBFD,0xC56,0xC8B,0xCA5,0xC76,0xC36,
0xBEE,0xB6C,0xAB8,0x9F4,0x9BF,0x9FE,
0xA2E,0xA67,0xA82,0xABA,0xB19,0xB26,
0xAD9,0xA88,0xA5E,0xA40,0xA2E,0xA34,
0xA24,0x9FD,0x9D4,0x999,0x977,0x98E,
0x9CE,0xA54,0xAF3,0xB8C,0xC1A,0xC57,
0xC78,0xC61,0xBD8,0xB58,0xB06,0xAC4,
0xAAA,0xAAC,0xAC9,0xAFC,0xB0B,0xB1B,
0xB1F,0xB22,0xB5A,0xB62,0xB3C,0xB12,
0xADF,0xABD,0xA66,0xA28,0xA52,0xA7E,
0xAC6,0xB2F,0xB98,0xBD1,0xB99,0xB06,
0xA40,0x95F,0x8AF,0x88F,0x90B,0x9D1,
0xAAD,0xBAA,0xCBF,0xD9A,0xDFA,0xDDF,
0xD5E,0xCAA,0xBEC,0xB52,0xAD6,0xA61,
0xA0C,0x9F4,0xA1D,0xA7A,0xAE9,0xB6E,
0xBD5,0xBDB,0xBD9,0xBE5,0xBCE,0xB88,
0xB20,0xAC0,0xA40,0x998,0x8E2,0x82F,
0x7DE,0x80E,0x8AB,0x988,0xA79,0xBB2,
0xD04,0xDFF,0xE5C,0xE01,0xD24,0xBFB,
0xABA,0x99B,0x8FA,0x91F,0x9D0,0xABF,
0xBCF,0xCCA,0xD56,0xD78,0xD33,0xC9D,
0xC18,0xB98,0xB20,0xABF,0xA70,0xA6C,
0xAAF,0xADA,0xAF7,0xB74,0xC3B,0xCC0,
0xC9F,0xC20,0xBCD,0xB91,0xB27,0xAB3,
0xA7F,0xA5A,0xA0B,0x9E7,0xA09,0xA72,
0xB3E,0xC39,0xD18,0xDC4,0xE2A,0xE19,
0xD85,0xC9F,0xBB2,0xAE8,0xA2B,0x993,
0x981,0x9FA,0xA8F,0xB1E,0xBD1,0xC76,
0xCD7,0xCDB,0xCA8,0xC48,0xB8E,0xA88,
0x995,0x907,0x893,0x848,0x87B,0x8E4,
0x981,0xA63,0xB4F,0xC34,0xC90,0xC3F,
0xBE8,0xBA1,0xB51,0xB0F,0xB15,0xB7A,
0xBE4,0xC29,0xC17,0xBD1,0xBAD,0xB7F,
0xB0D,0xA6F,0xA24,0xA13,0xA10,0xA31,
0xA55,0xAA7,0xAEA,0xACF,0xAA0,0xA6C,
0xA69,0xA90,0xA94,0xA9C,0xA8E,0xA43,
0x9EB,0x9C2,0x9A5,0x974,0x970,0x9C6,
0xA6B,0xB0A,0xBA9,0xC39,0xC4D,0xC19,
0xBB6,0xB25,0xABD,0xA4A,0x9E8,0x9F0,
0xA2F,0xAA0,0xB07,0xB49,0xB75,0xB57,
0xB1A,0xAAC,0xA05,0x97C,0x929,0x952,
0xA04,0xAC7,0xB76,0xBD0,0xBB2,0xB73,
0xAE9,0x9F4,0x93C,0x8F7,0x8E4,0x960,
0xA54,0xB3A,0xBFA,0xC63,0xC62,0xC4F,
0xC47,0xC44,0xC4C,0xC5C,0xC7A,0xC89,
0xC38,0xB65,0xA62,0x996,0x958,0x962,
0x97B,0x9ED,0xAA8,0xB9F,0xC7C,0xCE5,
0xD38,0xD1F,0xC6C,0xBAD,0xAB1,0x9AE,
0x912,0x8BE,0x8B2,0x90E,0x9EF,0xB1E,
0xC39,0xCF3,0xD1A,0xCDC,0xC79,0xBCD,
0xACA,0x9EE,0x955,0x934,0x9C5,0xA77,
0xB40,0xC1E,0xC9D,0xCF7,0xD01,0xCA8,
0xC4A,0xBCB,0xB4D,0xAC7,0xA72,0xA5D,
0xA44,0xA75,0xAE0,0xBA4,0xCA6,0xD1D,
0xD28,0xD03,0xCB8,0xC77,0xC11,0xB9B,
0xADD,0x9FE,0x974,0x8FC,0x8BA,0x8AC,
0x8E2,0x9AA,0xA9D,0xBB4,0xCDE,0xD96,
0xE0E,0xE4F,0xE21,0xD9A,0xCB4,0xB9B,
0xA6E,0x94F,0x8B5,0x8C1,0x94F,0xA1B,
0xB06,0xC3E,0xD65,0xDB2,0xD52,0xCF1,
0xC80,0xBBF,0xAFB,0xA7E,0x9FC,0x997,
0x9AE,0x9F2,0xA36,0xA50,0xA50,0xA92,
0xAAB,0xA8D,0xAB8,0xB3C,0xBD4,0xC28,
0xC5B,0xC55,0xBF6,0xB94,0xB2F,0xAF6,
0xB05,0xB38,0xB9F,0xBEE,0xC01,0xBEE,
0xBBB,0xB48,0xAAC,0xA4F,0xA2D,0xA49,
0xA92,0xAFE,0xBA0,0xC0B,0xC18,0xC03,
0xBAB,0xB15,0xA63,0x9B9,0x949,0x940,
0x97D,0x9D8,0xA44,0xA38,0x9FA,0x9E9,
0x9C3,0xA00,0xA84,0xAF2,0xB68,0xBA6,
0xBDC,0xC15,0xC3B,0xC55,0xC40,0xC30,
0xC0E,0xB9C,0xAF2,0xA40,0x9FF,0xA0C,
0xA21,0xA31,0xA39,0xA91,0xAF3,0xAEB,
0xA96,0xA84,0xA9C,0xA7A,0xA64,0xA55,
0xA25,0x9F4,0x9A4,0x960,0x977,0x9B7,
0x9FE,0xA73,0xB29,0xBDB,0xC58,0xC84,
0xC81,0xC4D,0xBB6,0xB3E,0xB0F,0xAEC,
0xAD8,0xACA,0xAF2,0xB37,0xB2A,0xB1D,
0xAF7,0xAD3,0xB13,0xB2B,0xB1F,0xB18,
0xB02,0xAE1,0xA85,0xA4C,0xA51,0xA69,
0xAAF,0xAFE,0xB67,0xBB3,0xB86,0xAF9,
0xA3A,0x974,0x8EF,0x907,0x99D,0xA54,
0xB2B,0xC0A,0xCEE,0xD90,0xDA6,0xD6A,
0xCDB,0xC41,0xBBD,0xB2C,0xAC9,0xA7F,
0xA32,0xA18,0xA46,0xA92,0xAE2,0xB66,
0xBC2,0xBC9,0xBD1,0xBAE,0xB81,0xB58,
0xB19,0xAF4,0xA8F,0x9CD,0x8E4,0x804,
0x7A6,0x7D4,0x885,0x976,0xA84,0xBEC,
0xD4D,0xE3B,0xE95,0xE2D,0xD2B,0xBDC,
0xA69,0x935,0x8A9,0x8E3,0x9AD,0xABC,
0xBEF,0xCFA,0xD91,0xDCA,0xDA3,0xD14,
0xC54,0xB86,0xAE3,0xA69,0xA09,0xA20,
0xA79,0xABF,0xB21,0xBBB,0xC9D,0xD30,
0xCF5,0xC76,0xC1B,0xBB0,0xB30,0xABB,
0xA70,0xA18,0x9BD,0x99D,0x9B8,0xA60,
0xB72,0xC98,0xD8A,0xE09,0xE26,0xDD8,
0xD1A,0xC2D,0xB36,0xA6E,0x9BB,0x938,
0x979,0xA32,0xAD4,0xB7B,0xC3B,0xCD9,
0xD1E,0xCFF,0xCBD,0xC40,0xB59,0xA3A,
0x945,0x8C0,0x851,0x827,0x897,0x924,
0x9F6,0xB0B,0xC03,0xCC8,0xCD4,0xC4C,
0xBD1,0xB65,0xB20,0xB09,0xB54,0xBFB,
0xC77,0xCA7,0xC51,0xBE2,0xBC4,0xB7E,
0xAD6,0xA2C,0x9FA,0x9FC,0xA01,0xA2E,
0xA6D,0xACC,0xB11,0xAF7,0xAD2,0xABD,
0xAC3,0xAD8,0xAD6,0xAC5,0xA80,0xA07,
0x9B0,0x99D,0x976,0x950,0x977,0x9E9,
0xA99,0xB37,0xBD5,0xC55,0xC45,0xBF5,
0xB7E,0xAEC,0xA9E,0xA43,0x9DE,0x9BA,
0x9E1,0xA7B,0xB0F,0xB66,0xBA1,0xBA0,
0xB6C,0xABE,0x9E4,0x951,0x910,0x981,
0xA56,0xB23,0xBCF,0xBFA,0xBC2,0xB6D,
0xABE,0x9CA,0x932,0x8FF,0x8FA,0x981,
0xA6C,0xB40,0xC00,0xC58,0xC49,0xC42,
0xC2F,0xC13,0xC2B,0xC65,0xC8C,0xC85,
0xC15,0xB2F,0xA30,0x986,0x957,0x957,
0x975,0x9EE,0xAAA,0xB95,0xC49,0xCA4,
0xD0B,0xCED,0xC3E,0xB83,0xA78,0x972,
0x8CC,0x86B,0x875,0x8EC,0x9F2,0xB41,
0xC56,0xCF4,0xD0A,0xCC6,0xC54,0xB9F,
0xAB5,0x9D9,0x928,0x8F8,0x978,0xA3A,
0xB16,0xBF1,0xC85,0xCE5,0xCEE,0xCA1,
0xC34,0xBB4,0xB3B,0xABD,0xA83,0xA6A,
0xA4B,0xA6E,0xAD1,0xB9F,0xC8E,0xCE8,
0xCF3,0xCF1,0xCC0,0xC8C,0xC3F,0xBB6,
0xADD,0x9F6,0x94E,0x8D4,0x891,0x867,
0x895,0x95A,0xA52,0xB76,0xC9F,0xD53,
0xDD2,0xE2D,0xE09,0xD6B,0xC74,0xB5D,
0xA2B,0x8F3,0x83F,0x846,0x8F5,0xA05,
0xB33,0xC9F,0xDCA,0xE03,0xDA5,0xD2F,
0xC96,0xBB8,0xAFF,0xA9D,0xA1C,0x9C7,
0x9CA,0x9DE,0xA11,0xA13,0xA13,0xA79,
0xAAE,0xAAE,0xAEA,0xB78,0xC11,0xC66,
0xC84,0xC51,0xC0C,0xBC5,0xB55,0xB20,
0xB27,0xB5A,0xBC0,0xC01,0xC16,0xC20,
0xBFA,0xB72,0xADA,0xA8D,0xA6C,0xA84,
0xAC5,0xB3A,0xBE2,0xC3B,0xC3B,0xC0E,
0xBA7,0xB1C,0xA77,0x9D7,0x95B,0x955,
0x9A0,0x9DE,0xA0D,0x9F1,0x9CE,0x9CC,
0x9C7,0xA27,0xAC0,0xB4B,0xBC1,0xBFC,
0xC30,0xC58,0xC87,0xC99,0xC56,0xC1E,
0xBBF,0xB22,0xA7D,0xA01,0xA08,0xA37,
0xA75,0xAAF,0xABE,0xB02,0xB2B,0xB03,
0xAB4,0xA7C,0xA74,0xA5A,0xA4B,0xA49,
0xA3B,0xA26,0x9E8,0x9B0,0x9A1,0x9B1,
0x9FC,0xA95,0xB58,0xBF6,0xC64,0xC8A,
0xC7B,0xC2E,0xB8E,0xB29,0xB19,0xB04,
0xB17,0xB50,0xB7F,0xB9B,0xB7B,0xB3D,
0xAE3,0xAAE,0xABB,0xABE,0xAC1,0xAA8,
0xAA8,0xABB,0xA98,0xA92,0xAA4,0xAAC,
0xADD,0xB38,0xB8A,0xB9D,0xB4F,0xA96,
0x9B0,0x8D6,0x84E,0x887,0x93B,0xA1B,
0xB3F,0xC6F,0xD7C,0xE18,0xE16,0xD9A,
0xCD6,0xC13,0xB6C,0xAEF,0xA8B,0xA37,
0xA1A,0xA37,0xA91,0xAEF,0xB49,0xBC4,
0xBF6,0xBEF,0xBD5,0xBA0,0xB80,0xB35,
0xAF1,0xAD7,0xA6E,0x9BB,0x8CF,0x807,
0x7CC,0x7FD,0x898,0x979,0xA95,0xC09,
0xD5C,0xE1D,0xE47,0xDD2,0xCD4,0xB92,
0xA30,0x912,0x8B1,0x8F5,0x9B4,0xAC9,
0xBF5,0xCFA,0xD7E,0xD95,0xD48,0xCBA,
0xC1F,0xB66,0xAE1,0xA6E,0xA09,0xA29,
0xA73,0xAA9,0xB04,0xBB8,0xCA6,0xD09,
0xCBE,0xC4C,0xBF8,0xBA0,0xB13,0xAA3,
0xA60,0xA09,0x9C9,0x9B0,0x9EC,0xA9A,
0xB98,0xCD1,0xDAA,0xE15,0xE48,0xDF1,
0xD24,0xC34,0xB58,0xA9F,0x9F2,0x981,
0x9B2,0xA48,0xACA,0xB73,0xC34,0xCB9,
0xCF4,0xCDE,0xC97,0xC14,0xB36,0xA0B,
0x8FA,0x865,0x7FF,0x7EA,0x848,0x8CB,
0x9B1,0xABE,0xBA5,0xC7F,0xCCA,0xC8A,
0xC2D,0xBC9,0xB73,0xB50,0xB90,0xBF2,
0xC32,0xC43,0xC01,0xBC4,0xBAB,0xB5E,
0xAC6,0xA46,0xA12,0x9FB,0xA22,0xA63,
0xAA7,0xB0E,0xB32,0xAFE,0xABF,0xA82,
0xA73,0xA7A,0xA74,0xA5A,0xA3E,0xA13,
0x9E1,0x9DC,0x9CB,0x9B5,0x9C5,0xA10,
0xAB0,0xB54,0xBF0,0xC4E,0xC28,0xBD6,
0xB61,0xAE0,0xA8E,0xA36,0x9F3,0x9EA,
0xA24,0xA99,0xB04,0xB4A,0xB5E,0xB4C,
0xB0E,0xA68,0x9AA,0x929,0x8FC,0x965,
0xA34,0xB0D,0xBE8,0xC4A,0xC17,0xBC7,
0xAFF,0x9F0,0x952,0x8EF,0x8D7,0x96A,
0xA6A,0xB68,0xC2C,0xC9C,0xCC2,0xCCC,
0xCB2,0xC8F,0xCA2,0xCA2,0xC93,0xC73,
0xBEB,0xB29,0xA34,0x975,0x943,0x94A,
0x9AA,0xA40,0xB14,0xC0C,0xC85,0xCD4,
0xD0A,0xCC9,0xC52,0xB9E,0xAA0,0x9AC,
0x90B,0x8CF,0x8D0,0x947,0xA4A,0xB75,
0xC62,0xCD5,0xCD8,0xC8C,0xC25,0xB72,
0xA7E,0x9B0,0x90C,0x913,0x9BD,0xA81,
0xB6E,0xC3C,0xCC7,0xCF1,0xCA8,0xC53,
0xBE1,0xB75,0xB0D,0xA9F,0xA93,0xA76,
0xA55,0xA93,0xB06,0xBD8,0xCB8,0xD0D,
0xD0C,0xD10,0xCEB,0xCAE,0xC69,0xBD5,
0xAF7,0xA1B,0x965,0x8DC,0x86C,0x840,
0x897,0x967,0xA74,0xBA8,0xCD1,0xD7C,
0xDF2,0xE4B,0xE2D,0xD98,0xC8E,0xB60,
0xA1D,0x8F1,0x866,0x86C,0x920,0xA34,
0xB40,0xC94,0xD87,0xD9D,0xD35,0xCAB,
0xC31,0xB7E,0xAF2,0xA96,0x9F7,0x9AC,
0x9AE,0x9C1,0xA02,0xA12,0xA31,0xA88,
0xA96,0xA90,0xAD9,0xB60,0xBCF,0xC14,
0xC27,0xC0D,0xBDF,0xB8E,0xB43,0xB00,
0xAE4,0xB15,0xB62,0xBA4,0xBC6,0xBC9,
0xBA4,0xB14,0xA94,0xA4F,0xA13,0xA2F,
0xA8A,0xB06,0xB8A,0xBE1,0xBF7,0xBDE,
0xBA9,0xB2E,0xA77,0x9B9,0x931,0x93A,
0x985,0x9D6,0xA10,0x9D4,0x9AC,0x995,
0x981,0x9F1,0xA8E,0xB2B,0xBA5,0xBE5,
0xC3C,0xC6F,0xC9D,0xC99,0xC26,0xBD8,
0xB74,0xADC,0xA41,0x9C4,0x9CF,0xA05,
0xA44,0xA90,0xAC8,0xB20,0xB5A,0xB19,
0xAB1,0xA7B,0xA5B,0xA50,0xA6B,0xA7C,
0xA6D,0xA44,0xA02,0x9C8,0x9AD,0x9C5,
0xA10,0xAAE,0xB74,0xC0E,0xC82,0xCA9,
0xC90,0xC13,0xB4A,0xAE0,0xABC,0xAB0,
0xACC,0xB01,0xB60,0xB77,0xB3F,0xB0F,
0xACC,0xACC,0xB00,0xB16,0xB17,0xAEE,
0xAE4,0xAC2,0xA7C,0xA7D,0xA91,0xAC8,
0xB27,0xB88,0xBE1,0xBDD,0xB70,0xAB8,
0x9BF,0x8DC,0x876,0x8C5,0x97D,0xA4B,
0xB37,0xC43,0xD45,0xDD0,0xDD4,0xD6E,
0xCDE,0xC53,0xBBD,0xB47,0xAEA,0xA9E,
0xA83,0xA6B,0xA80,0xACC,0xB2B,0xBA4,
0xBCE,0xBCB,0xBD7,0xBBB,0xB96,0xB68,
0xB3E,0xB02,0xA67,0x98B,0x88F,0x7D2,
0x7B3,0x811,0x8D3,0x9B6,0xAD7,0xC5A,
0xDA3,0xE4B,0xE5A,0xDCA,0xCAB,0xB43,
0x9D4,0x8D2,0x89C,0x911,0x9DF,0xAF0,
0xC22,0xD1D,0xD8F,0xD7C,0xD22,0xC93,
0xBE2,0xB37,0xAD4,0xA79,0xA51,0xA91,
0xAB9,0xADF,0xB2B,0xBBD,0xC86,0xCDC,
0xCA2,0xC63,0xC3E,0xBF1,0xB65,0xB07,
0xABE,0xA35,0x9B7,0x991,0xA05,0xAEA,
0xC02,0xD21,0xDDC,0xE32,0xE28,0xDA9,
0xCF1,0xC17,0xB38,0xA86,0x9ED,0x9B0,
0xA03,0xA75,0xACF,0xB53,0xBE2,0xC56,
0xC86,0xC7C,0xC56,0xBC7,0xAE1,0x9ED,
0x935,0x8BE,0x83F,0x822,0x877,0x8E7,
0x9D0,0xAEE,0xBF7,0xCD2,0xCED,0xC9B,
0xC20,0xBA8,0xB52,0xB1F,0xB56,0xBCD,
0xC3D,0xC6D,0xC12,0xBC3,0xB99,0xB29,
0xA89,0x9F9,0x9CE,0x9CE,0x9FC,0xA68,
0xAD3,0xB23,0xB23,0xAE3,0xAA6,0xA87,
0xA94,0xAA7,0xA91,0xA7B,0xA56,0xA11,
0x9ED,0x9ED,0x9B5,0x992,0x9BE,0xA36,
0xAE2,0xB54,0xBC5,0xC07,0xBDB,0xBA1,
0xB26,0xAA8,0xA61,0x9F1,0x9B5,0x9CB,
0xA0A,0xA7E,0xAE8,0xB51,0xB81,0xB6A,
0xAFF,0xA2C,0x97D,0x915,0x909,0x99F,
0xA8C,0xB77,0xC38,0xC60,0xC2A,0xBC0,
0xAC9,0x9AF,0x919,0x8DF,0x8F2,0x993,
0xA87,0xB7A,0xC28,0xC71,0xC6B,0xC7B,
0xC86,0xC6F,0xC84,0xC92,0xC90,0xC5C,
0xBA9,0xAD1,0x9E5,0x941,0x925,0x91B,
0x975,0xA27,0xB02,0xBF5,0xC87,0xCFF,
0xD47,0xCDB,0xC3A,0xB61,0xA3C,0x952,
0x8C4,0x8A1,0x8CC,0x976,0xAAB,0xBCA,
0xC94,0xCE1,0xCBD,0xC91,0xC28,0xB56,
0xA65,0x98D,0x909,0x936,0x9E4,0xAA2,
0xB7D,0xC63,0xCFC,0xD33,0xD05,0xC7D,
0xBF2,0xB66,0xAC3,0xA65,0xA54,0xA4C,
0xA60,0xAAA,0xB37,0xC22,0xCF9,0xD34,
0xD33,0xD38,0xD09,0xCC4,0xC48,0xB7D,
0xA92,0x9AC,0x913,0x8BD,0x875,0x861,
0x8DF,0x9CC,0xACE,0xBF4,0xCEE,0xD80,
0xE03,0xE39,0xDE8,0xD45,0xC54,0xB41,
0xA1F,0x90A,0x885,0x8B6,0x981,0xA7F,
0xB8F,0xCCB,0xD84,0xD81,0xD1E,0xCA0,
0xC24,0xB86,0xB26,0xAE0,0xA5A,0xA19,
0xA21,0xA39,0xA4E,0xA1A,0xA19,0xA6D,
0xA7E,0xA94,0xB0F,0xBAA,0xC24,0xC5D,
0xC44,0xC09,0xBC5,0xB5E,0xAEF,0xAC0,
0xACD,0xB0C,0xB7B,0xBBA,0xBCA,0xBC6,
0xB7D,0xAF5,0xA80,0xA38,0xA25,0xA5B,
0xAC5,0xB4F,0xBBE,0xBE0,0xBD2,0xBBA,
0xB5A,0xAD1,0xA45,0x998,0x958,0x98F,
0x9C8,0xA1A,0xA38,0x9FA,0x9DC,0x9B2,
0x99F,0xA03,0xA8D,0xB0E,0xB75,0xBD1,
0xC23,0xC69,0xCB6,0xCAF,0xC4D,0xBE3,
0xB63,0xAC8,0xA19,0x9A1,0x9A1,0x9DA,
0xA28,0xA52,0xA7D,0xAF1,0xB45,0xB2D,
0xAE0,0xAA8,0xA73,0xA34,0xA2C,0xA44,
0xA52,0xA51,0xA0A,0x9BD,0x9BE,0x9D9,
0xA22,0xABD,0xB6D,0xC0B,0xC67,0xC8C,
0xC9F,0xC1E,0xB5B,0xAF7,0xABC,0xAB4,
0xAC8,0xAF0,0xB4D,0xB7E,0xB88,0xB72,
0xB3E,0xB50,0xB5A,0xB2E,0xAF6,0xAC8,
0xAC0,0xA86,0xA4C,0xA6E,0xAAD,0xAF3,
0xB37,0xB6A,0xB99,0xB98,0xB32,0xA61,
0x972,0x8B4,0x875,0x8EB,0x9C0,0xAAF,
0xBA3,0xC8E,0xD4E,0xD9B,0xD73,0xD05,
0xC72,0xBE0,0xB56,0xAF4,0xABB,0xA98,
0xA96,0xAAE,0xADF,0xB17,0xB6B,0xBD1,
0xBEC,0xBEE,0xBEE,0xBB9,0xB7A,0xB41,
0xB04,0xAAF,0xA11,0x94B,0x884,0x7EE,
0x7D7,0x845,0x919,0xA16,0xB39,0xCA5,
0xDC1,0xE24,0xE14,0xD6F,0xC3D,0xAF1,
0x9B2,0x8E6,0x8E1,0x97D,0xA65,0xB6B,
0xC7E,0xD2A,0xD59,0xD3B,0xCC7,0xC40,
0xBA7,0xB00,0xAB1,0xA67,0xA5E,0xAB7,
0xAE2,0xAFA,0xB2A,0xBBA,0xC7A,0xC9C,
0xC57,0xC26,0xC0C,0xBCC,0xB43,0xAE8,
0xAA1,0xA04,0x975,0x95F,0x9EE,0xADE,
0xBE7,0xCFC,0xDB8,0xE01,0xDF0,0xD7A,
0xCC2,0xBFD,0xB44,0xA8A,0x9E3,0x99E,
0x9E8,0xA64,0xACA,0xB59,0xBED,0xC3E,
0xC73,0xC84,0xC48,0xBC2,0xAF0,0x9FB,
0x93C,0x898,0x803,0x817,0x89A,0x92F,
0xA35,0xB68,0xC69,0xD03,0xCF6,0xC8A,
0xC14,0xBAA,0xB55,0xB44,0xB95,0xBFB,
0xC3A,0xC22,0xBAC,0xB71,0xB5F,0xB00,
0xA6F,0xA22,0xA20,0xA21,0xA62,0xAA7,
0xAEE,0xB34,0xB07,0xAB8,0xA6C,0xA39,
0xA49,0xA5D,0xA82,0xA9F,0xA7C,0xA4C,
0xA33,0xA29,0x9F3,0x9B7,0x9CA,0xA35,
0xA9F,0xAE5,0xB51,0xB7C,0xB5A,0xB35,
0xADA,0xA9C,0xA84,0xA2A,0x9E3,0x9EE,
0xA39,0xAA5,0xB1F,0xB8E,0xB9E,0xB7C,
0xB0C,0xA37,0x98E,0x924,0x92B,0x9E1,
0xAE7,0xBDF,0xC89,0xC9E,0xC55,0xBDA,
0xAE0,0x9B5,0x90F,0x8D5,0x8FC,0x9B9,
0xACC,0xBEE,0xCAE,0xCDD,0xCD7,0xCCE,
0xCB9,0xCA2,0xCA8,0xCB6,0xCAF,0xC5E,
0xB99,0xA9D,0x9BD,0x94E,0x937,0x946,
0x9C0,0xA89,0xB7D,0xC58,0xCD0,0xD34,
0xD36,0xC97,0xBDE,0xAEE,0x9B7,0x8D3,
0x869,0x83D,0x86A,0x92F,0xA6C,0xBB3,
0xC9F,0xCE8,0xCBB,0xC66,0xBC2,0xACC,
0x9D9,0x8FF,0x891,0x8F7,0x9BC,0xAA0,
0xBA6,0xC70,0xCE7,0xD09,0xCD3,0xC61,
0xBDA,0xB62,0xAE5,0xA9D,0xAAE,0xAA3,
0xA97,0xAE1,0xB78,0xC61,0xD16,0xD2E,
0xD2E,0xD29,0xCED,0xC95,0xC12,0xB65,
0xA85,0x9C1,0x960,0x91A,0x8D5,0x8BE,
0x92F,0xA0F,0xB00,0xC1D,0xD20,0xDB4,
0xE31,0xE59,0xDF3,0xD36,0xC0B,0xAD4,
0x9C3,0x8D3,0x873,0x8BA,0x981,0xA63,
0xB7B,0xCCC,0xD5B,0xD4C,0xCF4,0xC5F,
0xBCD,0xB1D,0xAB5,0xA78,0xA15,0x9EE,
0xA05,0xA3F,0xA54,0xA22,0xA27,0xA3C,
0xA0E,0xA32,0xAC6,0xB66,0xBF9,0xC54,
0xC44,0xC09,0xBC9,0xB59,0xAEE,0xACE,
0xADD,0xB23,0xB93,0xBC4,0xBC7,0xBE3,
0xBAA,0xB0F,0xAAC,0xA71,0xA5B,0xA9A,
0xB06,0xB9A,0xC0F,0xC25,0xBF6,0xBB0,
0xB60,0xAE2,0xA36,0x9A0,0x965,0x97A,
0x9CA,0xA3E,0xA66,0xA2B,0x9FD,0x9E0,
0x9F7,0xA68,0xADC,0xB30,0xB74,0xBBF,
0xC02,0xC3E,0xC99,0xCA5,0xC69,0xC2F,
0xBAF,0xAE3,0xA0D,0x97D,0x94E,0x960,
0x9A7,0x9D9,0xA1E,0xACB,0xB39,0xB1A,
0xAF1,0xAC2,0xA83,0xA5B,0xA40,0xA28,
0xA17,0xA03,0x9AB,0x94E,0x954,0x969,
0x9BA,0xA91,0xB50,0xBEA,0xC6B,0xC96,
0xCAC,0xC5D,0xBBB,0xB4A,0xB0D,0xB0A,
0xB09,0xB15,0xB55,0xB7E,0xB9A,0xB81,
0xB4B,0xB5A,0xB50,0xB22,0xAEF,0xACC,
0xAC8,0xA97,0xA86,0xACA,0xAF4,0xB1C,
0xB75,0xBD5,0xC10,0xBE4,0xB4F,0xA73,
0x98F,0x8DC,0x8AB,0x933,0xA12,0xB0C,
0xC1E,0xD3E,0xE0B,0xE28,0xDC0,0xD1C,
0xC82,0xBF0,0xB70,0xB02,0xA9C,0xA78,
0xA6F,0xA7D,0xAAC,0xACC,0xB1C,0xB6A,
0xB5C,0xB48,0xB56,0xB52,0xB3C,0xB28,
0xB0A,0xAAF,0xA04,0x916,0x812,0x77D,
0x793,0x801,0x8DB,0xA04,0xB4C,0xCB7,
0xDB7,0xE0B,0xDE5,0xD1A,0xBEF,0xAC7,
0x9AF,0x907,0x8F1,0x962,0xA32,0xB2D,
0xC4D,0xD09,0xD45,0xD3B,0xCEA,0xC64,
0xB9F,0xB11,0xACD,0xA5E,0xA5C,0xAC1,
0xAEC,0xB2A,0xB99,0xC37,0xCE2,0xCFC,
0xC96,0xC3B,0xBFF,0xB8C,0xB10,0xAC9,
0xA71,0xA12,0x9CE,0x9EE,0xAB1,0xBB2,
0xCB5,0xD90,0xE01,0xE3D,0xE32,0xD9D,
0xCAF,0xBC0,0xAF8,0xA5E,0xA01,0xA01,
0xA71,0xAEE,0xB42,0xBB7,0xC36,0xC68,
0xC5E,0xC32,0xBDC,0xB55,0xA93,0x9C3,
0x911,0x86B,0x801,0x828,0x880,0x915,
0xA27,0xB39,0xC35,0xCD9,0xCB4,0xC36,
0xBCB,0xB63,0xB1B,0xB23,0xB65,0xBB2,
0xBE7,0xBD0,0xB6B,0xB37,0xB16,0xA9C,
0xA0D,0x9BF,0x9BC,0x9EF,0xA44,0xA9E,
0xAFF,0xB2A,0xAFC,0xAC7,0xAA6,0xAA4,
0xAAD,0xAA3,0xAA8,0xAA5,0xA62,0xA07,
0x9EC,0x9D7,0x9AB,0x9B1,0xA0F,0xAD1,
0xB71,0xBDB,0xC41,0xC32,0xBFE,0xBB3,
0xB2E,0xADA,0xAAA,0xA6A,0xA1E,0xA2A,
0xA87,0xAD4,0xB44,0xB99,0xB85,0xB4D,
0xAC9,0xA06,0x962,0x8EF,0x8F3,0x978,
0xA60,0xB70,0xBF7,0xBF5,0xBDA,0xB48,
0xA1B,0x918,0x892,0x84F,0x8A4,0x9AE,
0xAE3,0xBFA,0xC9E,0xCA3,0xC76,0xC56,
0xC26,0xC0E,0xC32,0xC5E,0xC5E,0xC19,
0xB78,0xA7B,0x99E,0x93D,0x913,0x943,
0x9EB,0xACA,0xBC4,0xC82,0xCEB,0xD31,
0xD12,0xC73,0xBB1,0xAE4,0x9E7,0x91A,
0x8CF,0x8CC,0x920,0x9FB,0xB13,0xC1C,
0xCDC,0xD1B,0xCFD,0xCA1,0xBE2,0xAF1,
0x9F8,0x925,0x8DD,0x95A,0xA4A,0xB2B,
0xBF5,0xCAD,0xD02,0xCFB,0xCAA,0xC0D,
0xB80,0xB0C,0xA94,0xA68,0xA6A,0xA4B,
0xA79,0xAF6,0xBA1,0xC90,0xD25,0xD2D,
0xD26,0xCF7,0xC8B,0xC12,0xB7C,0xAD6,
0xA25,0x970,0x90C,0x8F4,0x8CA,0x8C2,
0x937,0xA11,0xB26,0xC62,0xD46,0xDC1,
0xE35,0xE35,0xD98,0xCA7,0xB79,0xA51,
0x944,0x8A6,0x8B1,0x946,0xA2B,0xB0A,
0xC38,0xD5A,0xDB9,0xD82,0xCE3,0xC5C,
0xBC8,0xB0F,0xAC7,0xA6D,0xA18,0xA2F,
0xA4A,0xA93,0xAB6,0xA7F,0xA84,0xA88,
0xA78,0xAB0,0xB1C,0xBC8,0xC6D,0xC99,
0xC67,0xC21,0xBC4,0xB4D,0xB0F,0xAFE,
0xB05,0xB53,0xB88,0xB92,0xBAD,0xBB7,
0xB69,0xAE1,0xA99,0xA6D,0xA63,0xAB7,
0xB2B,0xBA4,0xBFA,0xBE2,0xB87,0xB49,
0xB1D,0xABE,0xA19,0x989,0x971,0x990,
0x9C2,0xA00,0x9F0,0x9A9,0x98C,0x98C,
0x9CF,0xA7C,0xB1E,0xB7A,0xBB0,0xBC5,
0xBF0,0xC35,0xC62,0xC60,0xC4C,0xC17,
0xB7A,0xAB8,0xA12,0x99C,0x991,0x9DC,
0xA2D,0xA6C,0xADB,0xB88,0xBD9,0xB9A,
0xB41,0xAE2,0xA6C,0xA25,0xA0D,0xA09,
0xA1F,0xA0E,0x9CE,0x9A2,0x9AC,0x9EE,
0xA60,0xB08,0xBC4,0xC79,0xCD6,0xCEC,
0xCD7,0xC2E,0xB7C,0xB14,0xAB7,0xAB8,
0xADD,0xB12,0xB64,0xB8B,0xB8C,0xB55,
0xB33,0xB50,0xB42,0xAFF,0xAB8,0xA89,
0xA51,0xA2B,0xA53,0xA87,0xAC1,0xAFD,
0xB42,0xBD0,0xC26,0xBCE,0xB16,0xA18,
0x902,0x83A,0x81B,0x8A5,0x992,0xAB3,
0xBDA,0xD01,0xDC5,0xDD0,0xD83,0xCEE,
0xC37,0xB90,0xAF5,0xA8E,0xA3B,0xA04,
0x9F6,0xA19,0xA69,0xAB3,0xB47,0xBD6,
0xBDE,0xBDC,0xBE4,0xBCF,0xB87,0xB26,
0xAFE,0xA9D,0x9EB,0x921,0x82F,0x7B5,
0x7DF,0x873,0x973,0xA8E,0xBEC,0xD52,
0xE17,0xE50,0xDEC,0xCE4,0xBA2,0xA5A,
0x965,0x908,0x92F,0x9DA,0xAC5,0xBE5,
0xCF5,0xD79,0xD90,0xD3A,0xC99,0xC09,
0xB55,0xACA,0xA8F,0xA38,0xA2A,0xA7F,
0xAB5,0xB0A,0xB9C,0xC4E,0xCBD,0xC8C,
0xC19,0xBB3,0xB7F,0xB39,0xAD2,0xAA7,
0xA59,0x9CD,0x974,0x986,0xA00,0xAC5,
0xBCF,0xCC0,0xD47,0xD9D,0xDA5,0xD18,
0xC53,0xBA8,0xAFC,0xA54,0x9D7,0x9E3,
0xA63,0xAC1,0xB32,0xBD2,0xC46,0xC84,
0xC96,0xC97,0xC50,0xB94,0xAAE,0x9BB,
0x8F5,0x877,0x839,0x87A,0x8EF,0x999,
0xA9A,0xB8A,0xC6E,0xCCB,0xC52,0xBD7,
0xB84,0xB40,0xB42,0xB7E,0xBF8,0xC62,
0xC75,0xC22,0xBAC,0xB86,0xB51,0xAD5,
0xA65,0xA1B,0x9F8,0x9F9,0xA3C,0xA89,
0xB0A,0xB95,0xB85,0xB4C,0xB18,0xAE2,
0xAB6,0xA4B,0xA0A,0x9F7,0x9AE,0x97F,
0x995,0x9A8,0x99F,0x9CE,0xA52,0xB05,
0xBAD,0xC21,0xC67,0xC2F,0xBA6,0xB41,
0xACB,0xA69,0xA4F,0xA2E,0xA1A,0xA53,
0xAB5,0xB19,0xB8A,0xBB0,0xB82,0xB4F,
0xABE,0x9F5,0x967,0x90C,0x93D,0x9FE,
0xAFA,0xBEA,0xC69,0xC7E,0xC4C,0xB8E,
0xA52,0x95C,0x8D8,0x893,0x901,0xA08,
0xB36,0xC49,0xCD2,0xCDF,0xCB7,0xC8A,
0xC60,0xC4B,0xC6E,0xCA2,0xCB1,0xC5D,
0xB92,0xA9D,0x9B9,0x94D,0x947,0x961,
0x9ED,0xAD4,0xBD1,0xCA6,0xD0C,0xD40,
0xD02,0xC41,0xB83,0xA92,0x977,0x8C0,
0x884,0x87E,0x8CC,0x9BC,0xAEC,0xC06,
0xCC9,0xCE8,0xCD0,0xC80,0xBB2,0xAAD,
0x99E,0x8E4,0x8C5,0x94C,0xA34,0xB20,
0xC0B,0xCB6,0xD06,0xD07,0xCB6,0xC2A,
0xB97,0xB15,0xA7A,0xA32,0xA28,0xA01,
0xA54,0xAD7,0xBB6,0xCF3,0xD62,0xD56,
0xD41,0xCFA,0xCC0,0xC88,0xC1A,0xB3D,
0xA52,0x9A7,0x910,0x8B3,0x87B,0x892,
0x956,0xA5E,0xB84,0xCC9,0xDA7,0xE1B,
0xE60,0xE30,0xD8B,0xCA3,0xB6F,0xA23,
0x919,0x873,0x86F,0x92C,0xA2A,0xB29,
0xC70,0xD74,0xDAE,0xD69,0xCD5,0xC3A,
0xB86,0xABB,0xA68,0xA27,0x9C6,0x9B8,
0x9E4,0xA44,0xA5C,0xA16,0xA3A,0xA43,
0xA01,0xA51,0xB07,0xBCA,0xC66,0xC90,
0xC48,0xBE1,0xB93,0xB12,0xAA9,0xAA5,
0xAC9,0xB2D,0xB81,0xBAA,0xBE3,0xBE7,
0xB9B,0xB2A,0xABB,0xA79,0xAA0,0xAF3,
0xB4D,0xBCE,0xC1A,0xC15,0xBF0,0xBAC,
0xB3A,0xA9D,0x9F4,0x96D,0x966,0x9BA,
0xA13,0xA62,0xA50,0xA0D,0x9F6,0x9D4,
0xA16,0xAC6,0xB47,0xBB5,0xC0E,0xC3E,
0xC88,0xCD8,0xCF7,0xCB5,0xC59,0xBE7,
0xB20,0xA49,0x99B,0x960,0x97C,0x9B2,
0xA0B,0xA46,0xAAE,0xB46,0xB61,0xB2E,
0xB02,0xAA4,0xA26,0x9F3,0x9F6,0x9D8,
0x9B5,0x989,0x956,0x951,0x96A,0x9A6,
0xA22,0xAD8,0xBAC,0xC59,0xCA6,0xCAB,
0xC6C,0xBB0,0xAEC,0xA8E,0xA6D,0xA8A,
0xAB9,0xB17,0xB82,0xB73,0xB38,0xAEE,
0xACA,0xB0C,0xB0A,0xAD5,0xAB7,0xA77,
0xA45,0xA27,0xA3F,0xA9D,0xADE,0xB29,
0xB8F,0xBE6,0xC16,0xBCF,0xB1A,0xA07,
0x8EE,0x855,0x85C,0x90A,0xA1D,0xB42,
0xC74,0xD95,0xE34,0xE3C,0xDCC,0xD02,
0xC44,0xB90,0xAE8,0xA8C,0xA34,0xA0F,
0xA25,0xA41,0xA80,0xAE3,0xB75,0xBD4,
0xBE6,0xC1E,0xC2A,0xBF6,0xBA1,0xB3C,
0xAF7,0xA77,0x9B7,0x8E6,0x7FF,0x788,
0x7CB,0x893,0x984,0xAA0,0xC0C,0xD3D,
0xDF7,0xE36,0xDB1,0xC96,0xB34,0x9DB,
0x8FB,0x8BC,0x920,0xA08,0xB08,0xC11,
0xD0A,0xD6C,0xD5E,0xD03,0xC65,0xBCD,
0xB21,0xABD,0xA88,0xA07,0xA17,0xA91,
0xAD1,0xB4E,0xC00,0xCC3,0xD2E,0xCEB,
0xC77,0xBF4,0xB83,0xB2E,0xAF3,0xAC8,
0xA86,0xA2F,0x9D3,0x9FF,0xAB0,0xB6B,
0xC7C,0xD7F,0xDED,0xE20,0xDF9,0xD4B,
0xC67,0xB83,0xABA,0xA2C,0x9D8,0x9FE,
0xA9E,0xB24,0xB9E,0xC36,0xCAD,0xCE7,
0xCC6,0xC73,0xC05,0xB37,0xA39,0x961,
0x8C1,0x840,0x81B,0x877,0x8DD,0x993,
0xAAC,0xBB4,0xC9A,0xCAE,0xC0D,0xB9C,
0xB42,0xB00,0xAFD,0xB57,0xBF5,0xC46,
0xC57,0xC1C,0xB94,0xB48,0xB06,0xA79,
0x9FB,0x9CB,0x9B6,0x9EF,0xA62,0xA9D,
0xB0B,0xB6E,0xB57,0xB2B,0xAEA,0xAAA,
0xA83,0xA5B,0xA36,0xA02,0x9D8,0x9D6,
0xA05,0xA29,0xA16,0xA47,0xAB3,0xB3C,
0xBBE,0xC14,0xC59,0xC44,0xBED,0xB92,
0xB0E,0xAA7,0xA63,0xA1E,0x9F9,0xA15,
0xA8A,0xB15,0xB7E,0xB9D,0xB8F,0xB4D,
0xA8E,0x9DD,0x954,0x8EB,0x938,0x9E4,
0xAAD,0xB91,0xC0A,0xC14,0xBE9,0xB3D,
0xA19,0x94E,0x8EB,0x8AF,0x92E,0xA25,
0xB0C,0xBD0,0xC21,0xC0F,0xBCF,0xB98,
0xBB4,0xC03,0xC55,0xC8A,0xC85,0xC1E,
0xB43,0xA32,0x967,0x933,0x92A,0x96E,
0xA30,0xAEF,0xBD6,0xC89,0xCC1,0xCF6,
0xCB2,0xC1C,0xB9A,0xABF,0x9DB,0x94E,
0x8FF,0x901,0x96C,0xA42,0xB56,0xC70,
0xD35,0xD50,0xD21,0xCCB,0xC0C,0xB00,
0x9EA,0x931,0x934,0x9D7,0xA95,0xB4B,
0xC05,0xCA2,0xCEF,0xCC9,0xC5E,0xBDC,
0xB88,0xB4B,0xAB6,0xA6A,0xA49,0x9EA,
0xA19,0xAC1,0xBB4,0xCD6,0xD5D,0xD58,
0xD2E,0xCC4,0xC2F,0xBB4,0xB2C,0xA6F,
0x9C0,0x92C,0x8BF,0x89E,0x863,0x85A,
0x916,0xA10,0xB2B,0xC6A,0xD38,0xDB6,
0xE20,0xE09,0xD6E,0xC82,0xB56,0xA2F,
0x91C,0x86D,0x881,0x92E,0xA31,0xB5D,
0xCAE,0xDC1,0xDF2,0xD77,0xCF7,0xC5A,
0xB7E,0xAE7,0xA95,0xA24,0x9E7,0x9E9,
0xA0D,0xA7B,0xA89,0xA4E,0xA6F,0xA65,
0xA5C,0xAE1,0xB8C,0xC42,0xCD5,0xCFA,
0xCE7,0xC92,0xBF7,0xB65,0xAF2,0xAAA,
0xAAD,0xAF8,0xB4C,0xB9B,0xBE8,0xBEE,
0xB8B,0xB0B,0xA9F,0xA66,0xA8D,0xAD5,
0xB37,0xBB2,0xBDF,0xBD5,0xBBD,0xB68,
0xAED,0xA45,0x993,0x945,0x973,0x9D5,
0xA1F,0xA51,0xA24,0x9CE,0x989,0x95B,
0x9A3,0xA51,0xB14,0xBA7,0xC23,0xC89,
0xCA1,0xCD1,0xCF5,0xCA0,0xC3B,0xBB5,
0xAFA,0xA4F,0x9B4,0x973,0x9AA,0x9F1,
0xA52,0xAC3,0xB27,0xB99,0xB95,0xB29,
0xB0B,0xACE,0xA74,0xA96,0xAA0,0xA53,
0xA29,0x9CF,0x973,0x971,0x97E,0x9D7,
0xAA4,0xB7C,0xC49,0xCE7,0xD15,0xD05,
0xC9F,0xBC9,0xB27,0xACD,0xAC3,0xB00,
0xB0A,0xB4C,0xBA0,0xB6B,0xB13,0xAE0,
0xAF4,0xB41,0xB32,0xAF1,0xAB1,0xA60,
0xA36,0xA12,0xA08,0xA36,0xA74,0xAC8,
0xB37,0xB9B,0xBA3,0xB31,0xA74,0x97C,
0x892,0x830,0x86C,0x924,0xA05,0xB01,
0xC2C,0xD2A,0xDAC,0xDB9,0xD59,0xCCA,
0xC53,0xBBB,0xB29,0xACF,0xA62,0xA15,
0xA0F,0xA28,0xA66,0xACF,0xB5D,0xBA9,
0xBC8,0xBE6,0xBD5,0xBBD,0xBB4,0xB96,
0xB45,0xAA6,0x9DB,0x8C9,0x7B4,0x76A,
0x7D6,0x8B4,0x9C0,0xAE0,0xC48,0xD92,
0xE3F,0xE6B,0xDDF,0xC9F,0xB2A,0x9DE,
0x8FC,0x8BF,0x945,0xA19,0xB2A,0xC6F,
0xD36,0xD74,0xD71,0xCDA,0xC05,0xB4E,
0xAA4,0xA69,0xA32,0x9FE,0xA5C,0xABD,
0xAFD,0xB59,0xBAE,0xC3C,0xC9A,0xC58,
0xBF4,0xBB8,0xB8E,0xB50,0xB14,0xAE2,
0xA6F,0x9D4,0x99A,0x9D2,0xA7B,0xB9A,
0xCD0,0xDAD,0xE03,0xE09,0xDB6,0xCDF,
0xBEF,0xB1E,0xA78,0x9F7,0x9AE,0x9FA,
0xAA6,0xB35,0xBAC,0xC37,0xCA5,0xCC7,
0xCA4,0xC64,0xBE7,0xB11,0xA0E,0x944,
0x8C8,0x863,0x871,0x8C9,0x925,0x9ED,
0xAE8,0xBE2,0xCA8,0xCA1,0xC0D,0xB95,
0xB54,0xB34,0xB43,0xBBB,0xC3E,0xC84,
0xC85,0xBF3,0xB63,0xB31,0xAD2,0xA43,
0x9D7,0x9A7,0x9A1,0x9D4,0xA39,0xAC6,
0xB7E,0xBD4,0xB8C,0xB1A,0xAB8,0xA75,
0xA4E,0xA1F,0xA04,0x9F1,0x9D4,0x9D0,
0x9E1,0x9D0,0x9BA,0x9EB,0xA50,0xAF9,
0xB9D,0xC1F,0xC6A,0xC42,0xBE2,0xB64,
0xAD9,0xA81,0xA3E,0xA0D,0xA1F,0xA67,
0xAE4,0xB69,0xBDA,0xBF5,0xBE4,0xB89,
0xA8F,0x9A5,0x906,0x8C7,0x955,0xA63,
0xB72,0xC58,0xCBC,0xCB4,0xC5A,0xB76,
0xA3A,0x96B,0x8F0,0x8AA,0x956,0xA5C,
0xB40,0xC1D,0xC76,0xC7E,0xC87,0xC63,
0xC64,0xC87,0xC85,0xC88,0xC55,0xBA6,
0xAC6,0x9DB,0x92D,0x90D,0x910,0x953,
0xA08,0xACC,0xBC1,0xC90,0xCE8,0xD14,
0xCB2,0xC09,0xB71,0xA58,0x934,0x88A,
0x81E,0x829,0x8CD,0x9F5,0xB70,0xCB2,
0xD4F,0xD48,0xD0B,0xC79,0xB74,0xA47,
0x916,0x863,0x898,0x96B,0xA64,0xB65,
0xC5E,0xD17,0xD2E,0xCDA,0xC7E,0xC0E,
0xBA4,0xB1C,0xAA3,0xAA1,0xA80,0xA52,
0xA97,0xB08,0xBFC,0xD12,0xD5D,0xD67,
0xD78,0xD32,0xCC3,0xC4C,0xBAD,0xADA,
0xA1C,0x9A8,0x961,0x919,0x8CD,0x8F1,
0x989,0xA4F,0xB7E,0xCAC,0xD53,0xDEA,
0xE4E,0xE2D,0xD99,0xC99,0xB6B,0xA43,
0x93D,0x8AF,0x8B9,0x94A,0xA1F,0xB1B,
0xC73,0xD60,0xD88,0xD58,0xCE8,0xC58,
0xBA5,0xB06,0xAAC,0xA26,0x9A8,0x9A6,
0x9D8,0xA1E,0xA22,0xA0E,0xA44,0xA45,
0xA1C,0xA80,0xB6B,0xC36,0xC91,0xC8C,
0xC56,0xBF9,0xB59,0xAA0,0xA42,0xA1D,
0xA42,0xAFA,0xB93,0xBFD,0xC72,0xC46,
0xBA3,0xB1A,0xA90,0xA4F,0xA77,0xAAA,
0xB1C,0xBAF,0xBDE,0xBD2,0xBAF,0xB59,
0xAF0,0xA67,0x9D3,0x99F,0x9CE,0xA09,
0xA5A,0xA76,0xA1C,0x9DA,0x9A9,0x986,
0x9F3,0xAA6,0xB32,0xBA8,0xBF8,0xC13,
0xC32,0xC81,0xCAA,0xC7F,0xC30,0xBA0,
0xAD8,0x9ED,0x93B,0x91F,0x93D,0x99A,
0xA28,0xAA9,0xB40,0xB8E,0xB5B,0xAEF,
0xA8F,0xA51,0xA23,0xA34,0xA48,0xA30,
0xA20,0xA03,0x9E0,0x9C5,0x9B0,0x9EB,
0xA99,0xB4F,0xBDE,0xC72,0xCD0,0xCCB,
0xC65,0xBB9,0xB32,0xACB,0xA91,0xAC1,
0xB22,0xB87,0xBB4,0xB8D,0xB5C,0xB2F,
0xB12,0xB35,0xB54,0xB32,0xB05,0xAE1,
0xA8D,0xA5A,0xA8D,0xAB1,0xAF7,0xB6A,
0xBC0,0xC16,0xC08,0xB5C,0xA85,0x98F,
0x8B3,0x86F,0x8D7,0x9AE,0xAB1,0xBC3,
0xCC8,0xD8F,0xDD6,0xDA0,0xD29,0xC93,
0xBF8,0xB64,0xAEF,0xA8B,0xA32,0xA14,
0xA1F,0xA4E,0xA92,0xAEB,0xB80,0xBC4,
0xBA8,0xBA0,0xB85,0xB40,0xB0E,0xAF9,
0xABA,0xA3B,0x9A0,0x89A,0x7A0,0x75D,
0x7B2,0x88E,0x98D,0xABC,0xC59,0xDB0,
0xE59,0xE46,0xD77,0xC50,0xAE7,0x97E,
0x8A1,0x88F,0x933,0xA14,0xB3F,0xC95,
0xD7C,0xDEC,0xDD6,0xD3F,0xC75,0xB76,
0xAB9,0xA6F,0xA1A,0xA19,0xA7B,0xACA,
0xB49,0xBD7,0xC6B,0xD3E,0xD75,0xCCB,
0xC1E,0xBA8,0xB44,0xAFB,0xACD,0xAC1,
0xA97,0xA2E,0xA19,0xA99,0xB67,0xC5F,
0xD37,0xDB3,0xDE1,0xDD4,0xD6D,0xCAC,
0xBD4,0xB16,0xA9B,0xA61,0xA48,0xA6B,
0xAE0,0xB47,0xB89,0xBF0,0xC43,0xC4C,
0xC49,0xC29,0xBBA,0xAF1,0x9EC,0x932,
0x8CC,0x85A,0x84D,0x8A6,0x926,0xA19,
0xB2D,0xC3B,0xD17,0xD02,0xC4C,0xBAB,
0xB13,0xABC,0xAFB,0xB9A,0xC42,0xCB3,
0xCA7,0xC1F,0xB8C,0xB19,0xAA7,0xA06,
0x979,0x978,0x9B8,0xA08,0xA90,0xB1E,
0xB90,0xBB2,0xB70,0xB1A,0xAD7,0xAA3,
0xA79,0xA49,0xA0B,0x9DB,0x9AA,0x995,
0x9CE,0x9F7,0xA09,0xA69,0xAE1,0xB56,
0xBC9,0xC13,0xC08,0xBAC,0xB40,0xAC4,
0xA41,0xA07,0x9DC,0x99D,0x9B2,0xA03,
0xA69,0xB19,0xBAC,0xBA4,0xB80,0xB0C,
0xA1A,0x955,0x8A2,0x876,0x93D,0xA11,
0xAF4,0xBFA,0xC36,0xBF5,0xBBF,0xAF2,
0x9C7,0x936,0x8E5,0x8D1,0x98F,0xA75,
0xB49,0xC01,0xC22,0xC1D,0xC38,0xC37,
0xC63,0xCC0,0xCF9,0xD01,0xCBA,0xBE2,
0xAB3,0x9B3,0x912,0x8E8,0x914,0x98E,
0xA66,0xB75,0xC6A,0xD03,0xD6B,0xD8E,
0xD1D,0xC68,0xB75,0xA12,0x8D4,0x81C,
0x7B8,0x7ED,0x8F1,0xA61,0xBEB,0xD4F,
0xDE6,0xDB5,0xD50,0xC77,0xB43,0xA2B,
0x91F,0x87E,0x8C2,0x978,0xA48,0xB67,
0xC47,0xCDB,0xD52,0xD2C,0xCBD,0xC3E,
0xBB5,0xB12,0xA61,0xA1E,0x9E7,0x9D4,
0xA40,0xAE7,0xBFE,0xCED,0xD26,0xD26,
0xD05,0xCB0,0xC43,0xBDB,0xB57,0xA98,
0x9E5,0x94E,0x8E9,0x8B0,0x868,0x8B3,
0x97E,0xA67,0xBC1,0xCC9,0xD78,0xE3F,
0xE5A,0xDFB,0xD55,0xC3F,0xB2D,0xA0A,
0x8F8,0x889,0x8C1,0x96F,0xA44,0xB44,
0xC94,0xD88,0xDB5,0xD47,0xCBC,0xC0D,
0xB21,0xAA0,0xA4F,0x9E4,0x9CF,0x9EB,
0xA33,0xA83,0xA62,0xA5C,0xA99,0xA87,
0xA6B,0xAD9,0xBA0,0xC46,0xCB3,0xCBF,
0xC79,0xC18,0xB7C,0xAEA,0xAA9,0xAA1,
0xAEC,0xB6B,0xBC9,0xC0D,0xC42,0xC22,
0xB98,0xB02,0xAA9,0xA7E,0xA9E,0xAF0,
0xB50,0xBBF,0xBE3,0xBB2,0xB90,0xB60,
0xB11,0xA9D,0xA14,0x9DE,0x9F9,0xA2F,
0xA65,0xA75,0xA24,0x9C8,0x96D,0x934,
0x999,0xA3E,0xAF2,0xBBA,0xC46,0xC71,
0xC8F,0xCCD,0xCB8,0xC48,0xBD4,0xB27,
0xA6E,0x9AF,0x911,0x928,0x97A,0x9E2,
0xA66,0xADD,0xB81,0xBF9,0xBD2,0xB76,
0xB17,0xAA2,0xA55,0xA37,0xA20,0xA14,
0xA02,0x9D1,0x97C,0x960,0x998,0x9F9,
0xABC,0xB97,0xC3D,0xC9A,0xCA0,0xC8E,
0xC34,0xB77,0xADF,0xA89,0xA94,0xAD4,
0xB15,0xB89,0xBD6,0xBCB,0xB90,0xB65,
0xB69,0xB65,0xB51,0xB28,0xAF0,0xAC8,
0xA82,0xA7B,0xACF,0xAE9,0xB18,0xB7D,
0xBD4,0xC1C,0xC01,0xB5E,0xA56,0x940,
0x875,0x83A,0x8CD,0x9D3,0xADD,0xBFD,
0xD04,0xDAF,0xDEA,0xDA3,0xD2D,0xCA2,
0xC19,0xBB0,0xB46,0xACE,0xA64,0xA23,
0xA15,0xA3B,0xA6F,0xAE7,0xB85,0xBDA,
0xBFE,0xC08,0xBEE,0xBC9,0xB83,0xB3E,
0xADE,0xA23,0x965,0x881,0x7B1,0x78F,
0x81B,0x90D,0xA15,0xB39,0xC89,0xD98,
0xE10,0xDF6,0xD4F,0xC18,0xAAA,0x96C,
0x8C6,0x8DB,0x964,0xA36,0xB3C,0xC53,
0xCFE,0xD42,0xD2B,0xC9C,0xC01,0xB56,
0xABC,0xA70,0x9FB,0x9C6,0xA1F,0xA69,
0xAD1,0xB59,0xBFF,0xCBC,0xCEF,0xC6A,
0xBDA,0xB83,0xB23,0xACB,0xA8D,0xA67,
0xA07,0x9A8,0x9A6,0xA15,0xAF5,0xC17,
0xD15,0xDA2,0xDDC,0xDC3,0xD33,0xC84,
0xBC1,0xB01,0xAA3,0xA34,0xA01,0xA72,
0xAC5,0xAFF,0xB87,0xC02,0xC5D,0xC86,
0xC81,0xC57,0xBAA,0xABA,0x9CB,0x924,
0x8CB,0x86E,0x887,0x907,0x997,0xA9B,
0xB97,0xC64,0xCDB,0xCA0,0xC04,0xB69,
0xB33,0xB2D,0xB53,0xBDF,0xC69,0xCA2,
0xC72,0xBDC,0xB6D,0xB3C,0xAC4,0xA26,
0x9CB,0x9B7,0x9CA,0xA14,0xA85,0xB24,
0xB9D,0xB92,0xB3C,0xAC8,0xA7F,0xA6A,
0xA46,0xA0E,0x9EA,0x9C0,0x9A1,0x9AF,
0x9C2,0x9CD,0x9EA,0xA1A,0xAA2,0xB54,
0xBB7,0xC22,0xC2E,0xBB2,0xB56,0xACC,
0xA45,0xA34,0x9EC,0x9A3,0x9D3,0xA34,
0xAC3,0xB7C,0xC02,0xC1E,0xBDA,0xB29,
0xA42,0x976,0x8D1,0x8AE,0x94E,0xA33,
0xB5A,0xC41,0xC5B,0xC60,0xC27,0xB31,
0xA39,0x979,0x8DB,0x8EF,0x9B5,0xACC,
0xBBD,0xC42,0xC68,0xC58,0xC52,0xC48,
0xC5C,0xCAF,0xCEE,0xCF8,0xCA8,0xBCE,
0xAC7,0x9CB,0x929,0x917,0x92B,0x9A4,
0xA7A,0xB99,0xCC2,0xD5A,0xDB4,0xDA9,
0xD17,0xC65,0xB77,0xA37,0x918,0x85C,
0x828,0x881,0x968,0xAA7,0xBFE,0xD00,
0xD5F,0xD4E,0xCEA,0xC3C,0xB3C,0xA25,
0x947,0x8E0,0x936,0xA09,0xAF0,0xBEF,
0xCA7,0xCF7,0xCF6,0xCB3,0xC55,0xBDE,
0xB69,0xAE8,0xA85,0xA60,0xA2B,0xA1F,
0xA89,0xB22,0xC2C,0xCF2,0xCE0,0xCB5,
0xC7C,0xC36,0xC0C,0xBAC,0xB0E,0xA55,
0x9AC,0x94E,0x8F9,0x884,0x82F,0x894,
0x967,0xA58,0xBA2,0xCA8,0xD6C,0xE26,
0xE44,0xDDC,0xD3C,0xC0C,0xABC,0x99C,
0x897,0x83B,0x8A4,0x96B,0xA77,0xBCA,
0xD12,0xDD0,0xDE5,0xD69,0xCCE,0xC35,
0xB6A,0xAEB,0xA7F,0x9EF,0x9D2,0xA0C,
0xA53,0xA6D,0xA30,0xA12,0xA2B,0xA2C,
0xA41,0xAD0,0xBA6,0xC56,0xCBA,0xCA0,
0xC4D,0xBFA,0xB86,0xB0F,0xAA4,0xA7D,
0xAD3,0xB55,0xBAA,0xBF0,0xC1E,0xBF3,
0xB6C,0xAEB,0xA83,0xA56,0xA9C,0xADF,
0xB27,0xB93,0xB9B,0xB8C,0xB87,0xB19,
0xAAA,0xA21,0x97C,0x96A,0x9C4,0xA2F,
0xA98,0xA82,0x9DC,0x95B,0x8FE,0x8EC,
0x980,0xA48,0xB06,0xBB1,0xC33,0xC90,
0xCD6,0xD24,0xD28,0xCCC,0xC45,0xB6F,
0xA7C,0x98D,0x8EE,0x90B,0x97A,0xA06,
0xA95,0xB1A,0xBC9,0xC0B,0xBBE,0xB5D,
0xAFD,0xAC9,0xAA5,0xA8A,0xA78,0xA3C,
0x9E3,0x978,0x935,0x93D,0x96F,0xA03,
0xAEA,0xBC8,0xC78,0xCD5,0xCE9,0xCC1,
0xC1D,0xB60,0xB00,0xAD0,0xAF3,0xB4E,
0xBBE,0xC14,0xC0C,0xBDB,0xB68,0xB08,
0xB1D,0xB2F,0xB1B,0xAF6,0xAD0,0xAC3,
0xAA5,0xAA6,0xACC,0xADE,0xB00,0xB2D,
0xB73,0xBCF,0xBCB,0xB25,0xA3D,0x968,
0x8AD,0x882,0x90A,0x9C9,0xACC,0xBEB,
0xCD9,0xD87,0xDBF,0xD87,0xD0B,0xC7B,
0xBE3,0xB52,0xAF2,0xAA6,0xA84,0xA52,
0xA07,0xA17,0xA62,0xAF7,0xB78,0xB9B,
0xBBC,0xBAA,0xB69,0xB53,0xB2C,0xB07,
0xAD0,0xA30,0x961,0x864,0x7AA,0x7AC,
0x81C,0x8DA,0x9D6,0xB02,0xC5A,0xD68,
0xDDE,0xDBD,0xD02,0xBDB,0xAB3,0x9BE,
0x917,0x912,0x9BA,0xA9A,0xBAC,0xCE5,
0xD70,0xD84,0xD63,0xCB4,0xBE0,0xB0F,
0xA8E,0xA8A,0xA60,0xA6C,0xAD7,0xB04,
0xB2C,0xB73,0xC0F,0xCD2,0xCDC,0xC5E,
0xBFA,0xB9F,0xB4A,0xAF3,0xAB4,0xA96,
0xA60,0xA34,0xA1F,0xA73,0xB2C,0xC18,
0xD0C,0xD94,0xDE0,0xDD6,0xD4B,0xC9F,
0xBD6,0xB23,0xAB6,0xA4F,0xA33,0xA8A,
0xAD2,0xB01,0xB6B,0xBDD,0xC3A,0xC6B,
0xC5E,0xC22,0xB84,0xAA6,0x9DF,0x92B,
0x88C,0x849,0x88A,0x8FA,0x997,0xA9B,
0xB99,0xC5C,0xCB5,0xC4D,0xBAC,0xB31,
0xAE8,0xAE7,0xB2C,0xBBC,0xC5E,0xC9D,
0xC7A,0xC09,0xB82,0xB20,0xA94,0x9F7,
0x9B6,0x9A0,0x9A1,0xA07,0xA8B,0xB33,
0xBCA,0xBD3,0xB87,0xB20,0xABA,0xA75,
0xA2D,0x9EA,0x9BB,0x984,0x984,0x9B6,
0x9D5,0x9E5,0x9FB,0xA46,0xAE8,0xB85,
0xBE9,0xC2F,0xC20,0xBBC,0xB5C,0xADB,
0xA75,0xA5F,0xA26,0xA20,0xA5B,0xAA1,
0xB3E,0xBE4,0xC23,0xC07,0xB95,0xAD2,
0x9F7,0x939,0x8A0,0x8A3,0x96B,0xA81,
0xBB2,0xC6A,0xC5F,0xC41,0xBDC,0xABD,
0x9A3,0x8F5,0x887,0x8B2,0x99C,0xAD2,
0xBDD,0xC70,0xC73,0xC57,0xC4B,0xC24,
0xC2C,0xC79,0xCC3,0xCD6,0xC89,0xBBE,
0xA9C,0x990,0x915,0x907,0x948,0xA0A,
0xAEF,0xC01,0xCEB,0xD2C,0xD49,0xCFE,
0xC4C,0xBAF,0xAD2,0x9B5,0x8D4,0x85B,
0x822,0x867,0x964,0xAAD,0xBF5,0xCEB,
0xD40,0xD22,0xCC2,0xC06,0xAF4,0x9E7,
0x8FC,0x8A8,0x937,0xA02,0xAEC,0xC0E,
0xCC3,0xD01,0xCFB,0xC93,0xC1D,0xBB7,
0xB40,0xABD,0xA6C,0xA46,0xA03,0xA05,
0xA62,0xB1B,0xC54,0xD0B,0xD1D,0xD15,
0xCB7,0xC53,0xBF3,0xB78,0xAF4,0xA68,
0x9E8,0x96A,0x90A,0x8A5,0x84D,0x8D1,
0x9AD,0xA9E,0xC18,0xD4C,0xE0C,0xE91,
0xE99,0xE2A,0xD40,0xBF9,0xAA4,0x972,
0x88F,0x854,0x8E2,0x9AC,0xA8E,0xBD1,
0xCFF,0xDA0,0xDA6,0xD33,0xC98,0xBDA,
0xB0A,0xAB4,0xA5B,0x9D4,0x9DB,0xA11,
0xA52,0xA75,0xA33,0xA30,0xA4E,0xA34,
0xA3E,0xAD1,0xBAE,0xC42,0xCA7,0xCC4,
0xC72,0xC09,0xB67,0xAC8,0xA7F,0xA6B,
0xAB4,0xB33,0xB92,0xBF5,0xC3E,0xC18,
0xB9B,0xB22,0xAA9,0xA6D,0xA9D,0xACA,
0xB29,0xB8E,0xB95,0xB9C,0xB6C,0xAF5,
0xA94,0xA11,0x98C,0x996,0xA0E,0xA6D,
0xAB9,0xA9F,0xA02,0x97F,0x924,0x946,
0x9DE,0xAA4,0xB7A,0xBDD,0xC00,0xC30,
0xC73,0xCE2,0xCF1,0xCA7,0xC48,0xB7E,
0xA8E,0x9AB,0x91B,0x927,0x972,0x9F2,
0xA8D,0xB0F,0xBB4,0xC08,0xBB8,0xB3A,
0xAC9,0xA6F,0xA3A,0xA2C,0xA26,0xA0F,
0x9CE,0x969,0x929,0x926,0x959,0xA10,
0xB25,0xC19,0xCC3,0xCFB,0xCF3,0xCA0,
0xBBA,0xAF3,0xA7E,0xA2F,0xA76,0xADB,
0xB60,0xC09,0xC0D,0xBBD,0xB77,0xB46,
0xB59,0xB6B,0xB47,0xAF0,0xA99,0xA4C,
0x9FE,0xA1B,0xA82,0xAC4,0xB17,0xB87,
0xC0F,0xC75,0xC4F,0xB99,0xA76,0x941,
0x85B,0x813,0x8A6,0x9B4,0xAE0,0xC15,
0xD16,0xDAB,0xDD4,0xD77,0xCC5,0xC48,
0xBD3,0xB3E,0xACF,0xA62,0xA2B,0xA22,
0xA2A,0xA7E,0xAD6,0xB54,0xBEB,0xC2F,
0xC22,0xBDD,0xB9E,0xB6B,0xB41,0xB39,
0xAE0,0xA37,0x971,0x87D,0x7ED,0x7E5,
0x858,0x94B,0xA61,0xBA3,0xD04,0xDED,
0xE3A,0xDFC,0xD11,0xBA0,0xA40,0x957,
0x8DB,0x912,0x9E8,0xACB,0xBE6,0xCFD,
0xD74,0xDAC,0xD6E,0xC99,0xBD7,0xB1F,
0xAAB,0xA86,0xA3E,0xA4A,0xAA0,0xAEC,
0xB46,0xBB8,0xC6B,0xCDE,0xC9A,0xBF6,
0xB67,0xB0E,0xACB,0xAA1,0xAAE,0xA8A,
0xA11,0x9A4,0x991,0x9FF,0xABB,0xBB4,
0xCAB,0xD3B,0xD8C,0xD7D,0xCEC,0xC38,
0xB75,0xABF,0xA47,0xA04,0xA17,0xAA1,
0xB17,0xB67,0xBD2,0xC17,0xC46,0xC70,
0xC73,0xC29,0xB78,0xA9E,0x9D4,0x93C,
0x8B1,0x858,0x889,0x8E3,0x97A,0xA7A,
0xB88,0xC77,0xCC2,0xC47,0xB85,0xAE4,
0xAB1,0xAC6,0xB3D,0xBFF,0xC9D,0xCFC,
0xCD3,0xC35,0xBB6,0xB39,0xA76,0x9B6,
0x954,0x942,0x97A,0x9F3,0xA8E,0xB70,
0xC18,0xC23,0xBCD,0xB44,0xAD4,0xA86,
0xA26,0x9D3,0x9AB,0x99F,0x98C,0x984,
0x99C,0x99D,0x9B5,0xA35,0xAFA,0xBA5,
0xC26,0xC6D,0xC22,0xBA3,0xB3B,0xAA5,
0xA45,0xA0B,0x9E1,0x9F2,0xA23,0xA8A,
0xB22,0xBCD,0xC2F,0xC18,0xBD0,0xB29,
0xA42,0x97A,0x8CD,0x8B8,0x966,0xA4C,
0xB5C,0xC23,0xC58,0xC6F,0xC10,0xB0B,
0xA1D,0x97C,0x913,0x92D,0x9DB,0xAC9,
0xBA3,0xC12,0xBF8,0xBCC,0xBBD,0xBB2,
0xBFA,0xC78,0xCF2,0xD58,0xD19,0xC20,
0xAE2,0x988,0x8AD,0x885,0x8CD,0x98C,
0xAA2,0xC0B,0xD26,0xDA8,0xDFC,0xDAC,
0xCF4,0xC41,0xB12,0x9B3,0x8BA,0x815,
0x7CC,0x818,0x930,0xACA,0xC52,0xD7C,
0xDF0,0xDA6,0xCF9,0xC00,0xAD3,0x9AA,
0x8B8,0x879,0x8F2,0x9E0,0xAF3,0xBEE,
0xCC4,0xD2C,0xD34,0xCE9,0xC43,0xBCB,
0xB6C,0xAEA,0xAAF,0xA6B,0xA13,0xA2A,
0xA8E,0xB6C,0xCBA,0xD5C,0xD6D,0xD65,
0xD04,0xC8F,0xC25,0xB98,0xAEE,0xA49,
0x9A6,0x918,0x8CB,0x87C,0x860,0x8FB,
0x9D7,0xAFE,0xC69,0xD45,0xDE1,0xE5E,
0xE3D,0xDA8,0xCC6,0xBC3,0xABD,0x99D,
0x8B8,0x85F,0x8AD,0x977,0xA8D,0xC0B,
0xD68,0xDF4,0xDE6,0xD83,0xCDA,0xC07,
0xB2D,0xAAC,0xA3E,0x9C4,0x9B7,0x9EC,
0xA39,0xA46,0xA1B,0xA38,0xA43,0xA24,
0xA4C,0xAF1,0xBDE,0xC7E,0xCCF,0xCC2,
0xC4D,0xBBB,0xB0C,0xA75,0xA3A,0xA3A,
0xAA7,0xB67,0xBE8,0xC4C,0xC81,0xC2A,
0xB92,0xAF4,0xA5E,0xA3A,0xA75,0xAC4,
0xB60,0xBDA,0xBF0,0xBE6,0xB90,0xAF9,
0xA57,0x9A8,0x939,0x957,0x9D8,0xA51,
0xA95,0xA5C,0x9D5,0x963,0x8FD,0x914,
0x9C4,0xAA0,0xB73,0xC03,0xC57,0xCA0,
0xCDB,0xCFB,0xCC8,0xC56,0xBCE,0xB1B,
0xA2F,0x949,0x8FA,0x92D,0x98A,0xA10,
0xA97,0xB26,0xBD3,0xC1B,0xBC2,0xB43,
0xAD5,0xA4E,0x9F6,0x9D7,0x9CF,0x9E6,
0x9CA,0x99F,0x996,0x97F,0x9A0,0xA2B,
0xB09,0xC06,0xCA6,0xCE4,0xCDE,0xC6B,
0xB9C,0xAD6,0xA66,0xA44,0xA7A,0xAFD,
0xBC2,0xC3F,0xC16,0xBB8,0xB53,0xB19,
0xB2D,0xB33,0xB0E,0xAE2,0xAAF,0xA8E,
0xA65,0xA72,0xAB6,0xAEA,0xB36,0xBA0,
0xC0C,0xC31,0xBC7,0xAE4,0x9D9,0x8E9,
0x845,0x837,0x8DD,0x9FA,0xB45,0xC98,
0xDAC,0xE32,0xDF9,0xD67,0xCBB,0xC1B,
0xBA2,0xB1B,0xAAD,0xA7B,0xA61,0xA43,
0xA40,0xA82,0xAED,0xB7D,0xBFF,0xC24,
0xC26,0xBFC,0xB9D,0xB61,0xB49,0xB34,
0xACD,0x9FE,0x916,0x81E,0x795,0x7D0,
0x87F,0x98A,0xAA0,0xBD5,0xD31,0xDF1,
0xDFA,0xD84,0xC65,0xB00,0x9D9,0x918,
0x8F5,0x973,0xA3A,0xB38,0xC5C,0xD32,
0xD8F,0xD95,0xD18,0xC55,0xBA0,0xAEC,
0xA93,0xA66,0xA18,0xA3B,0xAA9,0xB08,
0xB94,0xC22,0xCB0,0xD0C,0xCA3,0xBE0,
0xB58,0xAF5,0xAAC,0xA9A,0xA91,0xA50,
0x9E4,0x98C,0x9B3,0xA6B,0xB6B,0xC6C,
0xD1D,0xD64,0xD7C,0xD38,0xC8C,0xBDB,
0xB3D,0xAB6,0xA64,0xA4E,0xA9D,0xB32,
0xB77,0xB95,0xBD3,0xC01,0xC1F,0xC31,
0xC36,0xBEB,0xB2E,0xA4D,0x96C,0x8EC,
0x899,0x866,0x8C6,0x935,0x9D3,0xAEE,
0xBEA,0xCB1,0xCD8,0xC1D,0xB56,0xAC6,
0xA88,0xAB7,0xB55,0xC35,0xCC6,0xCE6,
0xC8F,0xBEE,0xB84,0xB25,0xA62,0x9B5,
0x96A,0x96D,0x9D3,0xA48,0xADA,0xB92,
0xBF7,0xBE3,0xB75,0xAF6,0xAB7,0xA82,
0xA47,0xA1C,0x9EF,0x9B1,0x97E,0x992,
0x990,0x982,0x9D7,0xA78,0xB3F,0xBCE,
0xC28,0xC78,0xC2B,0xB86,0xAFE,0xA64,
0xA2D,0xA18,0x9E2,0x9FB,0xA5B,0xAEC,
0xB7C,0xBED,0xC2B,0xC07,0xB9E,0xABE,
0x9A3,0x8DB,0x86B,0x8A9,0x96F,0xA56,
0xB60,0xC1E,0xC62,0xC64,0xBC1,0xA95,
0x9AD,0x91D,0x8D6,0x930,0xA04,0xADF,
0xB9E,0xBEB,0xBD7,0xBBA,0xBB6,0xBE2,
0xC3A,0xCB8,0xD19,0xD1E,0xC8E,0xB73,
0xA49,0x951,0x8D8,0x8E9,0x955,0xA2E,
0xB47,0xC79,0xD49,0xD88,0xD89,0xD08,
0xC48,0xB8F,0xA81,0x96C,0x8A3,0x83C,
0x83A,0x8BE,0x9F8,0xB5C,0xC8D,0xD5C,
0xD8C,0xD5F,0xCE1,0xBDF,0xAA0,0x982,
0x8C1,0x8B6,0x942,0xA1E,0xB29,0xC1B,
0xCCF,0xD19,0xCF0,0xC9C,0xC21,0xBB7,
0xB63,0xAE6,0xA9B,0xA64,0xA1E,0xA4C,
0xACE,0xBB7,0xCD3,0xD48,0xD45,0xD1A,
0xCC1,0xC6A,0xC1E,0xB9A,0xADE,0xA3F,
0x9C5,0x945,0x8EC,0x8AE,0x893,0x914,
0x9F1,0xB14,0xC75,0xD7C,0xE31,0xE94,
0xE5A,0xDB8,0xCC0,0xB77,0xA35,0x91C,
0x872,0x875,0x92C,0xA2F,0xB5B,0xCB3,
0xD9C,0xDC9,0xD52,0xCB2,0xC24,0xB77,
0xB07,0xAE2,0xA75,0xA16,0x9F3,0x9FC,
0xA35,0xA1F,0x9F3,0x9FD,0xA04,0xA11,
0xA77,0xB52,0xC45,0xCD4,0xCF3,0xCB1,
0xC3D,0xB8E,0xABF,0xA3C,0xA04,0xA29,
0xAB7,0xB5B,0xBC4,0xC1B,0xC49,0xBD5,
0xB07,0xA77,0xA24,0xA4A,0xAA8,0xAF1,
0xB7F,0xBD1,0xBBB,0xB9F,0xB57,0xADD,
0xA54,0x9CE,0x9A8,0xA03,0xA65,0xAA2,
0xABD,0xA5B,0x9B9,0x952,0x92C,0x988,
0xA43,0xB08,0xBB1,0xC26,0xC61,0xC70,
0xCAE,0xCDA,0xCA8,0xC61,0xBD6,0xAF8,
0xA01,0x934,0x8FE,0x925,0x961,0x9EE,
0xAB3,0xB6B,0xC09,0xC2F,0xBD3,0xB7F,
0xB0D,0xA90,0xA6C,0xA66,0xA62,0xA44,
0x9EB,0x9A4,0x96E,0x955,0x996,0xA3C,
0xB1E,0xBFE,0xCA4,0xCCF,0xCB1,0xC33,
0xB49,0xAAF,0xA7C,0xA95,0xAFD,0xB66,
0xBDE,0xC15,0xBCC,0xB61,0xB07,0xAFA,
0xB36,0xB43,0xB0D,0xAC7,0xA92,0xA51,
0xA1D,0xA43,0xA86,0xADB,0xB5A,0xBE8,
0xC50,0xC45,0xBCB,0xAE6,0x9BD,0x8BB,
0x823,0x84C,0x912,0xA12,0xB4D,0xC90,
0xD85,0xDDC,0xD9F,0xD1F,0xC6B,0xBC2,
0xB35,0xAC2,0xA79,0xA4C,0xA47,0xA4D,
0xA6F,0xAB5,0xB0A,0xB88,0xBD7,0xBCB,
0xBB4,0xB95,0xB87,0xB77,0xB5B,0xB3E,
0xAAD,0x9C7,0x8CF,0x7D0,0x766,0x7BF,
0x884,0x996,0xACA,0xC29,0xD6D,0xE09,
0xE04,0xD85,0xC7D,0xB21,0x9EC,0x92C,
0x90A,0x980,0xA53,0xB4F,0xC62,0xD38,
0xD8E,0xD7F,0xCFC,0xC36,0xB73,0xAD2,
0xAAC,0xA91,0xA4F,0xA96,0xB0A,0xB51,
0xBA2,0xC06,0xC8D,0xCD4,0xC75,0xBE6,
0xB9F,0xB65,0xB2C,0xB17,0xADB,0xA5F,
0x9D0,0x983,0x9D9,0xAA9,0xBA4,0xC94,
0xD2F,0xD70,0xD79,0xD3D,0xCAA,0xBF7,
0xB4C,0xAC3,0xA77,0xA50,0xA8A,0xAE3,
0xADC,0xB0C,0xB87,0xBED,0xC51,0xC7C,
0xC79,0xC16,0xB32,0xA35,0x950,0x8B4,
0x857,0x854,0x8BD,0x949,0xA22,0xB39,
0xC2B,0xCD5,0xCBF,0xC01,0xB42,0xAB7,
0xA80,0xAB5,0xB67,0xC39,0xCBF,0xCCA,
0xC4D,0xBB1,0xB50,0xAE9,0xA22,0x979,
0x94E,0x96F,0x9D7,0xA60,0xAF8,0xBA6,
0xBE5,0xBA7,0xB3D,0xAC6,0xA91,0xA67,
0xA1E,0xA07,0xA12,0x9FE,0x9E0,0x9D0,
0x9B1,0x9B5,0xA00,0xA84,0xB1C,0xB9D,
0xC21,0xC69,0xC2A,0xBBE,0xB32,0xA98,
0xA57,0xA23,0x9EB,0x9EF,0xA31,0xABC,
0xB3E,0xB93,0xBBE,0xBAA,0xB4F,0xA86,
0x998,0x8EC,0x8C0,0x940,0xA1B,0xB10,
0xBF9,0xC74,0xC77,0xC33,0xB5E,0xA35,
0x970,0x8FD,0x8D3,0x95E,0xA59,0xB55,
0xC28,0xC61,0xC25,0xBDB,0xBA9,0xBAE,
0xBFB,0xC7E,0xCFA,0xD31,0xCC9,0xBA7,
0xA49,0x941,0x8E2,0x8D0,0x911,0x9ED,
0xB35,0xC97,0xD67,0xDB9,0xDB8,0xD0F,
0xC3A,0xB62,0xA39,0x922,0x87A,0x833,
0x845,0x8E6,0xA1B,0xB70,0xC9B,0xD53,
0xD6E,0xD3D,0xCD3,0xC04,0xAF0,0x9DB,
0x905,0x8D1,0x940,0x9F7,0xAFA,0xC10,
0xCDC,0xD40,0xD14,0xCAF,0xC49,0xBD0,
0xB4E,0xADC,0xA96,0xA47,0xA0F,0xA35,
0xA9B,0xB8E,0xCBB,0xD1E,0xD08,0xCEE,
0xC8F,0xC29,0xBEC,0xB7D,0xACE,0xA27,
0x9A2,0x92F,0x8E0,0x89D,0x8AA,0x946,
0xA08,0xB1A,0xC67,0xD4B,0xDE8,0xE45,
0xE1C,0xD8D,0xCB8,0xBA6,0xA60,0x93A,
0x8A8,0x8B3,0x962,0xA47,0xB50,0xC90,
0xD5B,0xD6A,0xD0B,0xCA7,0xC3E,0xBBA,
0xB68,0xB28,0xA9E,0xA22,0x9F2,0x9FB,
0xA24,0xA1B,0xA04,0xA18,0xA06,0x9E0,
0xA29,0xAF7,0xC0C,0xCF2,0xD2B,0xCDB,
0xC5A,0xBA2,0xAE2,0xA3F,0x9DE,0x9FC,
0xA74,0xAF2,0xB50,0xBBC,0xC00,0xBC2,
0xB4B,0xAE6,0xAA6,0xABC,0xAF4,0xB3D,
0xBB0,0xBD1,0xB98,0xB51,0xAF4,0xA7B,
0x9FB,0x99E,0x9AE,0xA30,0xAAC,0xAE4,
0xADD,0xA66,0x9BE,0x938,0x8F5,0x93D,
0x9FA,0xAEF,0xBC0,0xC40,0xC88,0xCB0,
0xCF9,0xD0B,0xCBB,0xC61,0xBAC,0xAA3,
0x99E,0x8D6,0x8B3,0x90F,0x98E,0xA27,
0xAD2,0xB76,0xC1A,0xC49,0xBD9,0xB63,
0xAEA,0xA4E,0x9F3,0x9DB,0x9D6,0x9D9,
0x9AB,0x979,0x96A,0x970,0x9BC,0xA73,
0xB77,0xC70,0xD04,0xD25,0xCF4,0xC3A,
0xB1C,0xA44,0x9E3,0xA01,0xA7D,0xB1E,
0xBCC,0xC2B,0xC0A,0xBB9,0xB62,0xB52,
0xB72,0xB5D,0xB24,0xAD7,0xA9E,0xA5A,
0xA07,0xA17,0xA53,0xAB3,0xB56,0xBE8,
0xC5A,0xC6B,0xBE5,0xAFE,0x9D4,0x8B3,
0x811,0x837,0x8FB,0xA09,0xB4A,0xC9B,
0xD97,0xDF2,0xDBA,0xD24,0xC75,0xBE9,
0xB62,0xAF8,0xAAA,0xA49,0xA21,0xA18,
0xA29,0xA74,0xAEB,0xB84,0xBE1,0xC0A,
0xBFB,0xBD1,0xBB5,0xB62,0xB2A,0xAFB,
0xA72,0x9D4,0x8E1,0x7DE,0x784,0x7D4,
0x8AD,0x99F,0xAC2,0xC41,0xD81,0xE29,
0xE0C,0xD43,0xC27,0xAC6,0x9AB,0x927,
0x92D,0x9E9,0xAE4,0xBE4,0xCEF,0xD97,
0xDB6,0xD6C,0xCCC,0xBFB,0xB3F,0xAAD,
0xA76,0xA71,0xA5D,0xAA0,0xB0E,0xB6C,
0xC03,0xCA0,0xD1D,0xD3F,0xCA5,0xBD3,
0xB56,0xAE8,0xAB2,0xAC6,0xABF,0xA9F,
0xA53,0xA12,0xA3F,0xAC9,0xBA1,0xC97,
0xD3A,0xD84,0xDA9,0xD60,0xCA1,0xBBE,
0xAFC,0xA7F,0xA36,0xA3F,0xACA,0xB6B,
0xBA1,0xBD7,0xC1F,0xC37,0xC36,0xC24,
0xC10,0xBAE,0xAF0,0xA04,0x941,0x8C6,
0x85B,0x874,0x8FF,0x983,0xA6E,0xB7C,
0xC4C,0xCE9,0xCA9,0xBEE,0xB4C,0xAC0,
0xA95,0xAD2,0xB79,0xC47,0xCB6,0xC95,
0xC04,0xB69,0xB1D,0xAB4,0x9FA,0x98E,
0x98F,0x9B7,0xA25,0xAAA,0xB10,0xBA6,
0xBDA,0xB82,0xB22,0xAA9,0xA69,0xA50,
0xA06,0x9E6,0x9E2,0x9BD,0x9C4,0x9C8,
0x9A5,0x9AA,0x9EC,0xA84,0xB2D,0xBB0,
0xC23,0xC39,0xBE4,0xB73,0xADA,0xA56,
0xA26,0xA10,0x9F7,0x9F7,0xA57,0xAEA,
0xB7D,0xBF7,0xC0D,0xBE0,0xB73,0xAA9,
0x9B6,0x8E1,0x88A,0x8FD,0x9D4,0xACD,
0xBE4,0xC67,0xC6C,0xC48,0xB6A,0xA36,
0x97B,0x8F9,0x8BB,0x93E,0xA2D,0xB3A,
0xC0A,0xC35,0xC0C,0xBCE,0xB9D,0xBB0,
0xC08,0xC64,0xCA9,0xC9B,0xC11,0xB3B,
0xA3B,0x989,0x94F,0x94F,0x9B4,0xA7D,
0xB94,0xCB2,0xD32,0xD65,0xD55,0xCBB,
0xC0E,0xB4B,0xA35,0x90D,0x83D,0x7ED,
0x7FF,0x899,0x9C9,0xB27,0xC62,0xD2E,
0xD7B,0xD82,0xCEF,0xBCD,0xA7F,0x950,
0x8AB,0x8B5,0x95C,0xA5F,0xB66,0xC55,
0xD13,0xD45,0xD1B,0xCC4,0xC4A,0xBE4,
0xB50,0xAB6,0xA78,0xA28,0x9F0,0xA50,
0xAFE,0xBFD,0xCE5,0xD03,0xCF1,0xCE3,
0xC71,0xC06,0xBC5,0xB5F,0xACA,0xA1A,
0x978,0x917,0x8C5,0x86F,0x8A9,0x971,
0xA55,0xB86,0xCAE,0xD62,0xDF6,0xE46,
0xE10,0xD73,0xC88,0xB7C,0xA50,0x94D,
0x8D3,0x905,0x9AB,0xA75,0xB8A,0xCC9,
0xD81,0xD84,0xD14,0xC84,0xBF0,0xB24,
0xAB6,0xA85,0xA12,0x9EB,0x9F1,0xA19,
0xA5A,0xA25,0x9EC,0x9FC,0x9DB,0x9DA,
0xA58,0xB3E,0xC43,0xCF2,0xD2D,0xCD4,
0xC42,0xB91,0xAC3,0xA45,0xA02,0xA3A,
0xACE,0xB2E,0xB95,0xBFC,0xC03,0xBBA,
0xB2E,0xAAC,0xA69,0xA83,0xACC,0xB3C,
0xBF3,0xC2A,0xBF1,0xBAD,0xB2B,0xA73,
0x9CD,0x960,0x962,0x9D3,0xA3C,0xA8C,
0xA97,0xA39,0x9CF,0x965,0x934,0x9A5,
0xA37,0xAC0,0xB55,0xBC2,0xC45,0xCC6,
0xD3E,0xD5E,0xD04,0xC96,0xBC0,0xA9E,
0x97A,0x8B6,0x8BC,0x90A,0x999,0xA53,
0xAEF,0xBAB,0xC18,0xBE6,0xB6F,0xAFA,
0xAA7,0xA4B,0xA29,0xA31,0xA1B,0x9F5,
0x97A,0x90A,0x8D9,0x8D1,0x982,0xA8D,
0xB90,0xCA3,0xD30,0xD56,0xD3B,0xC6A,
0xB53,0xA85,0xA07,0x9F5,0xA52,0xB1F,
0xBF2,0xC2F,0xC19,0xBE5,0xB9C,0xB95,
0xB9D,0xB5D,0xAE1,0xA55,0xA23,0x9FA,
0x9E4,0xA3D,0xA85,0xAE1,0xB59,0xBCF,
0xC5D,0xC6C,0xBEC,0xB06,0x9B5,0x88A,
0x800,0x83B,0x8F3,0x9F4,0xB47,0xCA0,
0xD9E,0xE02,0xDD8,0xD5D,0xCA3,0xBEE,
0xB57,0xADB,0xA78,0xA19,0x9E4,0x9D3,
0x9FA,0xA61,0xB09,0xBD5,0xC40,0xC68,
0xC60,0xC09,0xBB7,0xB60,0xB25,0xAD2,
0xA2C,0x980,0x89B,0x7DA,0x7B4,0x807,
0x8B8,0x998,0xAAD,0xBF9,0xD3A,0xE0D,
0xE4B,0xDE9,0xCD5,0xB6C,0xA13,0x934,
0x915,0x998,0xA83,0xB96,0xCB1,0xD7A,
0xDA7,0xD6D,0xCF1,0xC49,0xB8B,0xAF4,
0xAB0,0xA4E,0x9FF,0xA37,0xA8C,0xAF5,
0xBA4,0xC7C,0xD44,0xD4B,0xC93,0xBD4,
0xB4E,0xAFF,0xAD9,0xAE8,0xAEA,0xAA0,
0xA40,0xA12,0xA47,0xAD9,0xBB8,0xC97,
0xD26,0xD7C,0xD87,0xD34,0xC99,0xBD4,
0xB43,0xADB,0xA88,0xA76,0xAC5,0xB31,
0xB69,0xBBF,0xC2C,0xC65,0xC77,0xC94,
0xC88,0xBFB,0xB15,0xA18,0x957,0x8F1,
0x8AD,0x8E1,0x95E,0x9D9,0xAAF,0xB7C,
0xC14,0xC6B,0xBFF,0xB4C,0xAB7,0xA6E,
0xAA0,0xB24,0xC09,0xCD9,0xD32,0xD1D,
0xC86,0xBD4,0xB4A,0xA82,0x9A4,0x92D,
0x911,0x948,0x9E1,0xAAB,0xB81,0xC3F,
0xC5F,0xBF2,0xB53,0xA92,0xA0F,0x9B9,
0x960,0x95D,0x97B,0x981,0x99F,0x9A8,
0x99C,0x9AA,0x9FA,0xA9C,0xB58,0xBFA,
0xC55,0xC22,0xB99,0xB0B,0xA66,0xA11,
0xA23,0xA1C,0xA2F,0xA82,0xAE8,0xB55,
0xBBB,0xBE8,0xBB1,0xB5A,0xADC,0x9E6,
0x8FA,0x874,0x866,0x930,0xA4A,0xB57,
0xC61,0xCAE,0xC86,0xC20,0xAEF,0x9A2,
0x8F4,0x88A,0x88C,0x957,0xA7B,0xB8E,
0xC39,0xC46,0xBFC,0xBB4,0xBAB,0xBF7,
0xC87,0xD0B,0xD5F,0xD4E,0xC85,0xB55,
0xA13,0x93A,0x903,0x8F9,0x93A,0xA1F,
0xB63,0xC9A,0xD39,0xD70,0xD5A,0xCB2,
0xC02,0xB37,0xA17,0x933,0x88E,0x823,
0x84C,0x92D,0xA91,0xBEE,0xCF0,0xD50,
0xD3A,0xD06,0xC66,0xB70,0xA74,0x98D,
0x913,0x956,0xA00,0xABA,0xB76,0xC16,
0xC65,0xC4F,0xC11,0xBD2,0xBAD,0xB92,
0xB64,0xB44,0xB0F,0xAA2,0xA4F,0xA54,
0xAAD,0xB77,0xC57,0xCC9,0xD1C,0xD5B,
0xD2F,0xCCA,0xC2C,0xB47,0xA6A,0x9D5,
0x956,0x8FA,0x8AB,0x874,0x8BF,0x968,
0xA6B,0xBAF,0xCC8,0xDA9,0xE36,0xE5C,
0xE01,0xD2E,0xC23,0xAD8,0x9AF,0x8EE,
0x886,0x8DD,0x9AC,0xA71,0xB77,0xCA1,
0xD4C,0xD5C,0xD25,0xCE1,0xC80,0xBD8,
0xB29,0xA7B,0x9B0,0x939,0x933,0x99A,
0xA30,0xAAF,0xB43,0xB9E,0xB5E,0xADA,
0xA7C,0xA7E,0xABA,0xB07,0xB4B,0xB8C,
0xBBF,0xB86,0xB39,0xB25,0xB24,0xB58,
0xBB5,0xBF2,0xC1C,0xC22,0xBB2,0xB17,
0xA96,0xA30,0x9F0,0x9DC,0xA0A,0xA72,
0xB06,0xB8B,0xBF1,0xC3B,0xC3D,0xBE8,
0xB5A,0xAAE,0x9EE,0x958,0x8F7,0x8A7,
0x876,0x875,0x8B9,0x92F,0x9EA,0xAF5,
0xBE2,0xCA2,0xD1B,0xD29,0xD0D,0xCD5,
0xCBE,0xC90,0xC25,0xBB6,0xB25,0xA77,
0x9AD,0x909,0x8CA,0x8D3,0x925,0x9AD,
0xA65,0xB4B,0xBFC,0xC37,0xC1E,0xBD7,
0xB74,0xAF6,0xA3F,0x976,0x8F4,0x8A9,
0x8A6,0x907,0x9A1,0xA73,0xB58,0xBFA,
0xC3D,0xC42,0xC43,0xC4B,0xC38,0xBED,
0xB81,0xB07,0xAAA,0xA6C,0xA48,0xAA4,
0xB3A,0xB92,0xBBF,0xBCB,0xBD9,0xBF5,
0xBCC,0xB4B,0xAB8,0xA3F,0xA0C,0xA12,
0xA34,0xA8C,0xAE7,0xB42,0xBA5,0xC1A,
0xC97,0xC8C,0xBF6,0xB11,0x9E2,0x8DE,
0x88C,0x8E9,0x9AA,0xAB1,0xBD1,0xCCA,
0xD72,0xD93,0xD47,0xCCE,0xC4D,0xBF3,
0xBB5,0xB6B,0xB0B,0xA8E,0x9ED,0x939,
0x8B3,0x8BE,0x969,0xA64,0xB53,0xC2E,
0xCE4,0xD45,0xD43,0xCE5,0xC74,0xBDA,
0xAFC,0x9FA,0x8EC,0x834,0x810,0x878,
0x926,0x9FC,0xB24,0xC47,0xD14,0xD5B,
0xD0F,0xC63,0xB79,0xA82,0x9E6,0x9DC,
0xA2C,0xA8B,0xADB,0xB3B,0xBA3,0xBD9,
0xBEA,0xBDA,0xBA2,0xB6D,0xB57,0xB70,
0xB93,0xB9F,0xBB1,0xBD2,0xBE9,0xC01,
0xC3A,0xC87,0xCB1,0xC5B,0xBA5,0xAFA,
0xA7D,0xA10,0x9B9,0x9B3,0x9B6,0x9A8,
0x9D7,0xA43,0xAF5,0xBC7,0xC7F,0xCEF,
0xCFD,0xCDA,0xC89,0xBFC,0xB56,0xAE2,
0xAB5,0xAB9,0xAD2,0xAED,0xB40,0xB9B,
0xBBE,0xBE5,0xC10,0xC39,0xC4C,0xC36,
0xC05,0xB79,0xAC4,0xA17,0x987,0x938,
0x8F4,0x8D2,0x8FE,0x959,0x9DA,0xA79,
0xB3E,0xBED,0xC25,0xC27,0xC0D,0xBBA,
0xB43,0xAEC,0xB0B,0xB8B,0xC1D,0xC74,
0xC7A,0xC5B,0xBF3,0xB46,0xA91,0xA02,
0x9EA,0xA31,0xAA8,0xB46,0xBCD,0xC24,
0xC28,0xBB4,0xB2E,0xABE,0xA3C,0x9C8,
0x97B,0x969,0x991,0x9C1,0x9EF,0xA24,
0xA3E,0xA3D,0xA45,0xA65,0xA63,0xA2D,
0x9E4,0x9C5,0xA20,0xABA,0xB54,0xC0B,
0xCB7,0xD1F,0xD23,0xCDD,0xC78,0xBDE,
0xB39,0xABB,0xA4A,0x9EE,0x991,0x931,
0x8ED,0x8D4,0x909,0x9AE,0xA6C,0xB19,
0xBA7,0xBCB,0xBA9,0xB5A,0xAC6,0xA29,
0x99E,0x94D,0x950,0x985,0x9F0,0xA6F,
0xAF0,0xB72,0xBE3,0xC6C,0xD00,0xD54,
0xD85,0xD69,0xD09,0xCB6,0xC33,0xB75,
0xADD,0xA8A,0xA64,0xA4F,0xA41,0xA52,
0xA9F,0xAF0,0xAE5,0xAD1,0xAB7,0xA93,
0xAB8,0xAE9,0xAFD,0xAF3,0xABF,0xA72,
0xA3E,0xA6D,0xAE6,0xB59,0xBB1,0xBD3,
0xBE4,0xC1F,0xC3E,0xC07,0xBB6,0xB4E,
0xAF7,0xB0F,0xB47,0xB7B,0xBA4,0xBAC,
0xBAA,0xB67,0xAFE,0xAB4,0xA99,0xAA4,
0xAAA,0xAE0,0xB2A,0xB47,0xB6C,0xB69,
0xB3C,0xB32,0xB23,0xB04,0xB1E,0xB69,
0xBBC,0xBF7,0xC0C,0xBE1,0xBA3,0xB76,
0xB35,0xAE0,0xA75,0x9FE,0x99E,0x971,
0x982,0x9CB,0xA5B,0xB18,0xBD9,0xC92,
0xCEB,0xCDC,0xC86,0xBDB,0xB2A,0xAAE,
0xA5F,0xA4C,0xA57,0xA48,0xA55,0xAB3,
0xB1D,0xB70,0xBCE,0xC39,0xC86,0xC85,
0xC4F,0xBDC,0xB60,0xB14,0xACE,0xABF,
0xACF,0xAC1,0xADD,0xAD8,0xA7A,0xA16,
0x9D4,0x9CA,0x9CA,0x9EE,0xA5E,0xAF5,
0xB93,0xC17,0xC77,0xCB0,0xC9A,0xC76,
0xC52,0xBFB,0xBA7,0xB4D,0xAF3,0xAAC,
0xA6E,0xA47,0xA42,0xA59,0xA90,0xB02,
0xBA6,0xC18,0xC4C,0xC70,0xC66,0xC3A,
0xBE8,0xB66,0xADA,0xA41,0x974,0x8B5,
0x836,0x806,0x840,0x8BD,0x98F,0xA8F,
0xB79,0xC60,0xCE5,0xD18,0xD4F,0xD52,
0xD3D,0xCE7,0xC56,0xBE2,0xB82,0xB0C,
0xA97,0xA45,0x9FE,0x9C2,0x9B6,0x9C6,
0xA0F,0xA88,0xAF4,0xB65,0xBCD,0xC1F,
0xC55,0xC2F,0xB93,0xAD2,0xA08,0x943,
0x8B5,0x870,0x88F,0x8F9,0x992,0xA41,
0xAE6,0xB7A,0xBE1,0xC2C,0xC60,0xC3E,
0xBD6,0xB50,0xAEE,0xACB,0xAD4,0xB19,
0xB5E,0xB81,0xBA2,0xB90,0xB73,0xB62,
0xB1B,0xAC0,0xA67,0xA44,0xA48,0xA41,
0xA63,0xA95,0xAAF,0xACB,0xAF3,0xB33,
0xB65,0xB6E,0xB43,0xAA5,0x9DE,0x949,
0x906,0x929,0x990,0xA34,0xB02,0xBBB,
0xC53,0xCCC,0xD13,0xD1D,0xD00,0xCC3,
0xC6F,0xC04,0xB6D,0xAAF,0x9ED,0x968,
0x937,0x95B,0x9D9,0xA7A,0xB1C,0xBC4,
0xC42,0xC8A,0xC8A,0xC37,0xBBF,0xB35,
0xAA5,0xA25,0x9C8,0x997,0x978,0x97C,
0x996,0x9BE,0xA3C,0xADF,0xB71,0xBE1,
0xC11,0xC0A,0xBE0,0xBAA,0xB75,0xB73,
0xBA2,0xBB9,0xB98,0xB72,0xB5C,0xB20,
0xAC4,0xA7C,0xA4C,0xA3D,0xA5A,0xA9A,
0xAE1,0xB31,0xBB9,0xC44,0xC9B,0xCE4,
0xD1A,0xD29,0xCEA,0xC43,0xB78,0xACA,
0xA4C,0x9F4,0x9C5,0x9D9,0xA1A,0xA5D,
0xAA1,0xAFE,0xB6C,0xBD8,0xC16,0xC11,
0xBCF,0xB76,0xB32,0xAE2,0xA95,0xA95,
0xADE,0xB49,0xB8F,0xBB3,0xC09,0xC3C,
0xC25,0xC25,0xC21,0xC10,0xBF4,0xBBC,
0xB84,0xB1F,0xA92,0xA22,0x9E4,0x9D9,
0x9DB,0x9EF,0xA13,0xA49,0xA8D,0xAB4,
0xAF9,0xB48,0xB43,0xB1E,0xAEF,0xACA,
0xAC0,0xAD3,0xB01,0xB43,0xBB1,0xBFB,
0xBF4,0xBCE,0xB8C,0xB37,0xAD2,0xA75,
0xA68,0xAA2,0xAF8,0xB63,0xBC0,0xBED,
0xBD7,0xB7D,0xB1B,0xADA,0xAC3,0xAC1,
0xAA5,0xA84,0xA80,0xA7C,0xA7D,0xA91,
0xA83,0xA5C,0xA51,0xA65,0xA5B,0xA0F,
0x9A8,0x971,0x9A3,0xA05,0xA60,0xAE6,
0xB8D,0xC30,0xCBD,0xD16,0xD38,0xD1B,
0xCB9,0xC22,0xB88,0xB00,0xA75,0x9E5,
0x96A,0x91E,0x92F,0x98A,0x9F1,0xA86,
0xB1E,0xB7A,0xBA7,0xB9D,0xB72,0xB3D,
0xAEC,0xAA1,0xA60,0xA1A,0x9DF,0x9AC,
0x99D,0x9B0,0x9F0,0xA8C,0xB50,0xC20,
0xCCC,0xCF9,0xCFA,0xCEB,0xC8F,0xC0C,
0xB91,0xB32,0xAD2,0xA75,0xA36,0xA2C,
0xA5A,0xA71,0xA6C,0xA72,0xA72,0xA80,
0xA94,0xABA,0xAED,0xAF0,0xADF,0xAC0,
0xAB5,0xB0A,0xB8F,0xBFE,0xC2B,0xC0F,
0xBEC,0xBDE,0xBD4,0xBA1,0xB3E,0xABE,
0xA64,0xA58,0xA6A,0xA9C,0xAE5,0xB47,
0xB97,0xB99,0xB7E,0xB5A,0xB3D,0xB12,
0xAB9,0xA8D,0xA7A,0xA54,0xA39,0xA0F,
0xA20,0xA8B,0xAF5,0xB77,0xC1E,0xCBE,
0xD38,0xD62,0xD40,0xCD8,0xC5D,0xBE1,
0xB3F,0xA9F,0xA08,0x98F,0x93D,0x902,
0x8FE,0x92A,0x97A,0x9F1,0xA84,0xB2A,
0xBB8,0xC1B,0xC46,0xC2F,0xBF0,0xBCF,
0xBDD,0xBEF,0xBCE,0xB76,0xB29,0xB07,
0xAE8,0xAD6,0xB09,0xB73,0xBCE,0xC01,
0xC19,0xC03,0xBCA,0xB89,0xB36,0xAE3,
0xA97,0xA43,0x9F9,0x9A8,0x953,0x941,
0x95D,0x983,0x9CB,0xA45,0xAF2,0xBB0,
0xC5C,0xCC7,0xCFA,0xD12,0xCF3,0xCAB,
0xC42,0xBB9,0xB3E,0xACB,0xA43,0x9DC,
0x9CB,0xA0B,0xA98,0xB49,0xBEC,0xC8F,
0xD0F,0xD1B,0xCD2,0xC61,0xBD9,0xB59,
0xAD7,0xA72,0xA2C,0x9EB,0x9BA,0x9A6,
0x9B9,0x9EA,0xA2A,0xA74,0xACD,0xB33,
0xB7B,0xBBD,0xBFC,0xC1B,0xC31,0xC3C,
0xC3C,0xC1A,0xBD4,0xB9D,0xB8D,0xB6F,
0xB27,0xAD1,0xA96,0xA8B,0xA9B,0xAA3,
0xAB0,0xAE0,0xB11,0xB26,0xB32,0xB4D,
0xB6D,0xB71,0xB4A,0xB0B,0xACA,0xA88,
0xA37,0x9F8,0x9D4,0x9D8,0xA16,0xA49,
0xA7C,0xAD5,0xB2A,0xB8E,0xBF6,0xC08,
0xBCD,0xB70,0xB2E,0xB20,0xB1A,0xB1D,
0xB24,0xB2F,0xB3C,0xB2E,0xB31,0xB50,
0xB57,0xB2A,0xAEA,0xAD9,0xAF7,0xB16,
0xB24,0xB1E,0xAF7,0xACF,0xAB9,0xAB6,
0xAD0,0xAEF,0xAE6,0xA9A,0xA41,0xA25,
0xA3B,0xA60,0xA7E,0xA98,0xABE,0xADD,
0xAF6,0xB1B,0xB2A,0xB33,0xB66,0xB92,
0xBC9,0xC0F,0xC23,0xBFB,0xB8D,0xB09,
0xAAD,0xA7C,0xA7F,0xA9F,0xAC5,0xB00,
0xB2F,0xB36,0xB17,0xAF1,0xAD6,0xABA,
0xA99,0xA6A,0xA38,0xA1C,0x9F5,0x9B9,
0x97C,0x97D,0x9E0,0xA6D,0xAF8,0xB75,
0xBC1,0xBD0,0xBCD,0xBCB,0xBC6,0xBD4,
0xBDE,0xBD3,0xBA7,0xB59,0xB03,0xAA8,
0xA5C,0xA36,0xA24,0xA43,0xA8E,0xAD7,
0xB11,0xB2E,0xB59,0xB94,0xBAD,0xBCA,
0xBDA,0xBC1,0xB8E,0xB27,0xAC9,0xA9E,
0xA8F,0xA8D,0xA8B,0xAB5,0xAFE,0xB49,
0xB71,0xB85,0xBAF,0xBD0,0xBBE,0xB69,
0xAFD,0xABF,0xA94,0xA56,0xA16,0xA06,
0xA3B,0xA89,0xAE7,0xB65,0xBEC,0xC51,
0xC70,0xC6C,0xC55,0xC27,0xBEB,0xB9E,
0xB40,0xAD6,0xA77,0xA52,0xA67,0xA8C,
0xAAC,0xAD9,0xB13,0xB2A,0xB23,0xB07,
0xAFF,0xAE6,0xA8E,0xA2B,0x9E0,0x9C3,
0x9E4,0xA1B,0xA6B,0xAE6,0xB7F,0xBFA,
0xC40,0xC65,0xC5C,0xC3E,0xC1E,0xBE8,
0xBC8,0xBB6,0xB86,0xB4B,0xB0A,0xAC4,
0xA8E,0xA71,0xA81,0xAC3,0xB1F,0xB6F,
0xBA1,0xBB2,0xBA4,0xB7A,0xB21,0xAA7,
0xA1F,0x9BB,0x9C1,0xA0F,0xA6D,0xAB7,
0xAD4,0xAF2,0xB2B,0xB5A,0xB7F,0xBA6,
0xBD8,0xC0F,0xC27,0xC2C,0xC1E,0xBEA,
0xB99,0xB39,0xAEE,0xAC0,0xA9E,0xA7C,
0xA59,0xA59,0xA97,0xAF0,0xB47,0xB8D,
0xB95,0xB7A,0xB59,0xB1C,0xABE,0xA6A,
0xA50,0xA66,0xA7D,0xA8B,0xA98,0xAA0,
0xA9E,0xA85,0xA7E,0xAA8,0xAF2,0xB51,
0xB9D,0xBBB,0xBD2,0xBDA,0xBBB,0xB8C,
0xB61,0xB4C,0xB44,0xB25,0xAFF,0xAF9,
0xB12,0xB23,0xB07,0xAD7,0xAB2,0xAAD,
0xABE,0xAC2,0xAAF,0xAA0,0xA9F,0xAA1,
0xABE,0xB06,0xB58,0xBA1,0xBBD,0xBAC,
0xBA5,0xBAF,0xBA8,0xB7C,0xB33,0xAF6,
0xADB,0xAD1,0xACC,0xAD3,0xAEE,0xB03,
0xAED,0xAB2,0xA75,0xA4E,0xA3D,0xA2B,
0xA22,0xA4E,0xAAB,0xB15,0xB68,0xB91,
0xBA7,0xBCF,0xBFC,0xC2A,0xC5B,0xC87,
0xC91,0xC7A,0xC39,0xBBE,0xB3E,0xAD0,
0xA5B,0x9EB,0x98A,0x949,0x920,0x912,
0x930,0x96F,0x9E4,0xA78,0xAF6,0xB5E,
0xBAC,0xBD5,0xBD6,0xBAC,0xB83,0xB82,
0xBA7,0xBCA,0xBCA,0xBA2,0xB76,0xB5F,
0xB51,0xB4E,0xB64,0xB82,0xB8F,0xB97,
0xB9D,0xB82,0xB4C,0xB0B,0xAB7,0xA74,
0xA39,0x9FD,0x9DC,0x9BD,0x9B1,0x9DC,
0xA25,0xA8F,0xB06,0xB6A,0xBC7,0xC13,
0xC37,0xC2E,0xC08,0xBDF,0xBAB,0xB6B,
0xB2A,0xAE7,0xAC2,0xAC1,0xAB8,0xAAF,
0xACC,0xB10,0xB68,0xBB9,0xBFC,0xC3C,
0xC6C,0xC5E,0xC14,0xBA0,0xB0C,0xA7D,
0xA0E,0x9CF,0x9C4,0x9DE,0xA13,0xA64,
0xAC5,0xB1B,0xB66,0xBA2,0xBD2,0xBE8,
0xBE2,0xBDC,0xBC7,0xB9F,0xB77,0xB4F,
0xB2E,0xB0D,0xAEC,0xAE7,0xB0F,0xB48,
0xB6C,0xB7E,0xB7B,0xB69,0xB66,0xB55,
0xB24,0xB07,0xAF9,0xAE2,0xAC8,0xAB5,
0xAB0,0xAAD,0xA9B,0xA85,0xA81,0xA91,
0xA96,0xA96,0xA9E,0xAC3,0xAF5,0xB06,
0xB02,0xB08,0xB0B,0xB11,0xB17,0xB10,
0xAFA,0xAEC,0xAF4,0xB08,0xB21,0xB3E,
0xB5A,0xB7A,0xB87,0xB72,0xB5D,0xB4B,
0xB24,0xAEC,0xAD5,0xAE5,0xAE1,0xAC1,
0xAA6,0xA91,0xA8A,0xA9A,0xAC2,0xAFF,
0xB35,0xB4D,0xB43,0xB16,0xAED,0xADE,
0xAE6,0xB06,0xB1E,0xB33,0xB49,0xB53,
0xB53,0xB42,0xB1B,0xAED,0xACF,0xACC,
0xAF5,0xB39,0xB77,0xB96,0xB8E,0xB76,
0xB4D,0xB14,0xAF7,0xAE4,0xADA,0xAEE,
0xB01,0xB0C,0xB0D,0xB00,0xAEE,0xAE0,
0xAE2,0xAE1,0xAD8,0xACF,0xAB3,0xA85,
0xA5B,0xA4B,0xA68,0xA9F,0xAD7,0xB05,
0xB29,0xB36,0xB38,0xB3B,0xB35,0xB41,
0xB65,0xB7F,0xB6C,0xB3E,0xB1A,0xAF2,
0xAC4,0xA9A,0xA6C,0xA68,0xA97,0xABA,
0xAC9,0xAD3,0xAE9,0xB13,0xB33,0xB43,
0xB58,0xB4F,0xB1A,0xAE4,0xACF,0xADB,
0xAEF,0xAED,0xAE7,0xAFA,0xB19,0xB37,
0xB41,0xB47,0xB4E,0xB48,0xB2E,0xAE6,
0xA8F,0xA68,0xA69,0xA78,0xA85,0xA8D,
0xAA7,0xAD2,0xB01,0xB48,0xBA9,0xBF2,
0xC00,0xBED,0xBD3,0xBB6,0xB9C,0xB7F,
0xB58,0xB32,0xB20,0xB19,0xB0E,0xB07,
0xB0C,0xB1C,0xB25,0xB15,0xAEA,0xABC,
0xA9F,0xA87,0xA69,0xA59,0xA55,0xA6B,
0xAA0,0xAE5,0xB3F,0xBAB,0xC08,0xC2C,
0xC1C,0xBF2,0xBBE,0xB8C,0xB56,0xB2C,
0xB17,0xB01,0xAD9,0xAA7,0xA94,0xAA9,
0xAD2,0xB0F,0xB57,0xB96,0xBBD,0xBCF,
0xBCC,0xBB9,0xB9E,0xB6A,0xB03,0xA7F,
0xA11,0x9DE,0xA02,0xA5D,0xAC8,0xB34,
0xB80,0xBA4,0xBB9,0xBB5,0xBB0,0xBB7,
0xBAD,0xB98,0xB77,0xB3B,0xB05,0xAE3,
0xAD6,0xADD,0xAED,0xB20,0xB5A,0xB7F,
0xB90,0xB8F,0xB95,0xBA1,0xBA2,0xB8C,
0xB4D,0xB01,0xACC,0xA98,0xA60,0xA3E,
0xA30,0xA39,0xA51,0xA7E,0xAC6,0xAFF,
0xB1B,0xB1C,0xB1E,0xB33,0xB4E,0xB75,
0xB94,0xB90,0xB8B,0xB77,0xB45,0xB07,
0xADA,0xAC9,0xAD7,0xAF4,0xB18,0xB47,
0xB6E,0xB78,0xB5D,0xB18,0xAC2,0xA8A,
0xA6B,0xA5B,0xA65,0xA83,0xA9B,0xA9C,
0xA9C,0xAB5,0xADA,0xB03,0xB1A,0xB30,
0xB59,0xB85,0xBA3,0xB9E,0xB7C,0xB49,
0xB20,0xB13,0xB04,0xAEF,0xAF1,0xAEC,
0xAD5,0xAC2,0xAAA,0xA99,0xA9D,0xAA2,
0xAAB,0xAD1,0xB09,0xB38,0xB54,0xB58,
0xB55,0xB57,0xB5F,0xB7E,0xBAC,0xBCA,
0xBC6,0xBA3,0xB62,0xB23,0xB07,0xAFD,
0xAEF,0xACF,0xAA3,0xA7D,0xA4B,0xA0D,
0x9EF,0x9FD,0xA33,0xA8A,0xAE6,0xB32,
0xB71,0xB90,0xB91,0xB84,0xB60,0xB30,
0xB21,0xB1C,0xB15,0xB12,0xB12,0xB0E,
0xB05,0xAF8,0xAEA,0xAE7,0xAF8,0xB0F,
0xB30,0xB55,0xB72,0xB82,0xB77,0xB53,
0xB1F,0xAD6,0xA75,0xA16,0x9EB,0x9FB,
0xA32,0xA94,0xAFC,0xB4C,0xBA4,0xBE9,
0xC09,0xC02,0xBD9,0xBA5,0xB6B,0xB21,
0xACC,0xA82,0xA51,0xA47,0xA5A,0xA85,
0xAC8,0xB14,0xB62,0xBA0,0xBD1,0xBFD,
0xC12,0xC06,0xBDC,0xBA5,0xB5E,0xB06,
0xAB1,0xA70,0xA56,0xA57,0xA6E,0xA89,
0xA9E,0xAC7,0xB03,0xB4A,0xB84,0xB96,
0xB9A,0xB95,0xB7A,0xB61,0xB46,0xB1F,
0xAF3,0xAC4,0xAAC,0xAB7,0xAE8,0xB2B,
0xB5E,0xB80,0xB92,0xB8C,0xB77,0xB4A,
0xB18,0xAEE,0xAC0,0xA9A,0xA7D,0xA78,
0xA8E,0xAAA,0xACD,0xAF9,0xB32,0xB69,
0xB7A,0xB6D,0xB51,0xB32,0xB1E,0xB0A,
0xAFB,0xAF6,0xAF2,0xAFF,0xB12,0xB13,
0xB0A,0xB0E,0xB1C,0xB23,0xB21,0xB2A,
0xB34,0xB3C,0xB3B,0xB27,0xB0C,0xAF4,
0xAD5,0xAC5,0xADB,0xB09,0xB34,0xB56,
0xB79,0xB96,0xBA7,0xBB2,0xBB3,0xBAB,
0xB8B,0xB48,0xAF3,0xA9F,0xA61,0xA4C,
0xA61,0xA8F,0xAC1,0xAED,0xB1C,0xB50,
0xB71,0xB66,0xB4B,0xB37,0xB2D,0xB27,
0xB2A,0xB33,0xB44,0xB57,0xB68,0xB73,
0xB5D,0xB3C,0xB22,0xB03,0xAF5,0xB04,
0xB26,0xB4E,0xB5B,0xB49,0xB1A,0xAD6,
0xA98,0xA69,0xA5B,0xA69,0xA71,0xA78,
0xA81,0xA8C,0xAA6,0xAC7,0xAEF,0xB1A,
0xB39,0xB43,0xB48,0xB40,0xB37,0xB4E,
0xB68,0xB67,0xB51,0xB36,0xB1E,0xAFC,
0xAD5,0xA9E,0xA7B,0xA88,0xAAE,0xADB,
0xB0A,0xB34,0xB57,0xB6D,0xB69,0xB56,
0xB2B,0xAE8,0xAB6,0xAA6,0xAB4,0xAD7,
0xAFA,0xB0E,0xB1B,0xB2B,0xB42,0xB58,
0xB69,0xB66,0xB44,0xB1B,0xAF3,0xAC2,
0xAA4,0xAB1,0xADA,0xB02,0xB16,0xB27,
0xB39,0xB4D,0xB65,0xB85,0xB98,0xB81,
0xB40,0xB03,0xAD4,0xAB4,0xABB,0xAE5,
0xB19,0xB45,0xB60,0xB70,0xB78,0xB64,
0xB35,0xB0A,0xAF5,0xAE2,0xACF,0xAC6,
0xAC8,0xAD5,0xAE7,0xAF8,0xB02,0xB0E,
0xB37,0xB6B,0xB88,0xB99,0xBA6,0xBA0,
0xB7A,0xB38,0xAEF,0xAB0,0xA8A,0xA84,
0xA8B,0xA93,0xAA1,0xAB4,0xACA,0xAE7,
0xB14,0xB47,0xB6B,0xB7A,0xB78,0xB6E,
0xB62,0xB62,0xB6E,0xB7A,0xB72,0xB43,
0xAFB,0xABA,0xAA3,0xAB2,0xAC9,0xAE1,
0xAF0,0xAFF,0xB22,0xB46,0xB6E,0xB9C,
0xBB9,0xBC7,0xBB5,0xB77,0xB29,0xAE1,
0xAAB,0xA84,0xA72,0xA76,0xA8C,0xABD,
0xAF7,0xB30,0xB73,0xBA4,0xBBD,0xBBE,
0xB9A,0xB73,0xB51,0xB1F,0xAF1,0xACC,
0xA9F,0xA76,0xA5A,0xA5D,0xA92,0xAE4,
0xB32,0xB5D,0xB72,0xB7F,0xB80,0xB82,
0xB84,0xB72,0xB5F,0xB46,0xB14,0xAD5,
0xAA7,0xA9A,0xAA8,0xAB7,0xAC4,0xADA,
0xAF9,0xB1D,0xB3B,0xB44,0xB3A,0xB2C,
0xB23,0xB06,0xADE,0xACE,0xACA,0xABF,
0xAB7,0xAC2,0xAE5,0xB08,0xB15,0xB22,
0xB39,0xB48,0xB42,0xB1F,0xAF3,0xAD2,
0xABF,0xABF,0xAD1,0xAEE,0xB0F,0xB1E,
0xB0F,0xAF7,0xAD5,0xAA3,0xA80,0xA74,
0xA76,0xA9C,0xAE3,0xB2C,0xB69,0xB92,
0xBB0,0xBC3,0xBC3,0xBAE,0xB87,0xB5E,
0xB3B,0xB19,0xAEC,0xABB,0xA9A,0xA8A,
0xA7F,0xA76,0xA76,0xA80,0xA80,0xA84,
0xAA2,0xACF,0xAFF,0xB25,0xB3C,0xB4F,
0xB63,0xB5F,0xB3C,0xB08,0xAD0,0xAAE,
0xAB1,0xAC5,0xAE3,0xB03,0xB21,0xB3D,
0xB51,0xB5E,0xB65,0xB6C,0xB79,0xB81,
0xB79,0xB58,0xB2F,0xB11,0xAF5,0xADF,
0xACD,0xAB1,0xA82,0xA4E,0xA48,0xA76,
0xAB0,0xAEE,0xB1E,0xB40,0xB66,0xB7E,
0xB7B,0xB6B,0xB55,0xB36,0xB16,0xAF0,
0xACC,0xAB4,0xAA8,0xAB0,0xACA,0xAEC,
0xB12,0xB35,0xB5A,0xB85,0xBAE,0xBC7,
0xBC0,0xB97,0xB5D,0xB27,0xAF6,0xACC,
0xAB9,0xACC,0xAF9,0xB2D,0xB53,0xB57,
0xB44,0xB3B,0xB42,0xB51,0xB5C,0xB55,
0xB4C,0xB46,0xB38,0xB35,0xB40,0xB41,
0xB27,0xB06,0xAEE,0xAEB,0xB09,0xB3A,
0xB6A,0xB90,0xB9A,0xB8F,0xB83,0xB6A,
0xB4C,0xB2D,0xB0D,0xAE8,0xAC2,0xAA7,
0xA99,0xAA1,0xAC3,0xAE7,0xB16,0xB4E,
0xB70,0xB77,0xB75,0xB7C,0xB80,0xB74,
0xB59,0xB31,0xB09,0xAEB,0xAD6,0xABB,
0xAA7,0xAAC,0xAC3,0xAE6,0xB18,0xB54,
0xB8B,0xBAD,0xBB5,0xB9E,0xB65,0xB18,
0xACB,0xA91,0xA7A,0xA86,0xA9E,0xAB5,
0xAE2,0xB1C,0xB59,0xB94,0xBB8,0xBC0,
0xBB4,0xB8E,0xB4D,0xAFD,0xABC,0xA97,
0xA8A,0xA94,0xAA6,0xABE,0xAE1,0xAFE,
0xB18,0xB28,0xB2A,0xB36,0xB48,0xB4E,
0xB54,0xB5F,0xB69,0xB61,0xB49,0xB26,
0xAF9,0xAD8,0xAD0,0xAD8,0xAF1,0xB11,
0xB24,0xB30,0xB35,0xB32,0xB29,0xB13,
0xAEE,0xACB,0xAB5,0xAA6,0xAA0,0xAA5,
0xAA5,0xAA5,0xAAE,0xABB,0xAC8,0xAD9,
0xAE8,0xAF5,0xB00,0xB06,0xB0F,0xB25,
0xB49,0xB61,0xB60,0xB51,0xB3C,0xB1A,
0xAF5,0xACF,0xAAD,0xA91,0xA83,0xA89,
0xA9C,0xAC3,0xAFF,0xB43,0xB75,0xB97,
0xBA1,0xB8D,0xB72,0xB57,0xB43,0xB2F,
0xB0B,0xAE7,0xAC4,0xAA6,0xA9D,0xAAD,
0xACF,0xAFA,0xB14,0xB21,0xB20,0xB14,
0xB12,0xB24,0xB43,0xB64,0xB7A,0xB86,
0xB84,0xB70,0xB4F,0xB2C,0xB09,0xAE8,
0xACB,0xAC1,0xACD,0xAEA,0xB0E,0xB2E,
0xB4D,0xB6E,0xB83,0xB87,0xB7C,0xB66,
0xB50,0xB30,0xB04,0xADA,0xAB7,0xA9E,
0xA96,0xA9D,0xAAB,0xAC0,0xAD7,0xAF1,
0xB1F,0xB57,0xB84,0xBA3,0xBB4,0xBB1,
0xB90,0xB48,0xAF2,0xAA5,0xA6C,0xA49,
0xA3E,0xA51,0xA77,0xAA3,0xAD7,0xB09,
0xB3B,0xB6A,0xB84,0xB8A,0xB88,0xB81,
0xB73,0xB66,0xB5D,0xB41,0xB12,0xAD8,
0xAA0,0xA88,0xA99,0xAB2,0xACD,0xAEE,
0xB04,0xB1B,0xB3B,0xB58,0xB71,0xB82,
0xB81,0xB6E,0xB43,0xB08,0xACA,0xA96,
0xA82,0xA7D,0xA7D,0xA84,0xAA2,0xAE2,
0xB2D,0xB70,0xBA5,0xBC0,0xBBC,0xB9D,
0xB75,0xB4F,0xB24,0xAF7,0xAD0,0xABA,
0xAAD,0xA9C,0xA91,0xA95,0xAAE,0xAD7,
0xB05,0xB1F,0xB2C,0xB40,0xB57,0xB60,
0xB5E,0xB56,0xB48,0xB2D,0xB07,0xADC,
0xAB3,0xA9E,0xA98,0xA9F,0xABA,0xADE,
0xB06,0xB2E,0xB40,0xB3F,0xB36,0xB2E,
0xB28,0xB1D,0xB10,0xB06,0xB00,0xAEF,
0xADE,0xAE6,0xAF3,0xB03,0xB1A,0xB27,
0xB23,0xB16,0xAF7,0xAD9,0xAD3,0xAE4,
0xB00,0xB1E,0xB34,0xB41,0xB47,0xB40,
0xB2B,0xB0E,0xAF0,0xAD8,0xAD1,0xAD3,
0xADC,0xAFB,0xB31,0xB61,0xB78,0xB7C,
0xB79,0xB78,0xB77,0xB71,0xB6D,0xB6C,
0xB66,0xB53,0xB34,0xB12,0xAF7,0xAE2,
0xACF,0xABD,0xAB6,0xAB7,0xAB0,0xAAC,
0xAC2,0xAE7,0xB17,0xB46,0xB62,0xB6B,
0xB6F,0xB5E,0xB41,0xB2A,0xB0D,0xAFE,
0xB08,0xB16,0xB25,0xB30,0xB2F,0xB2F,
0xB36,0xB3D,0xB4A,0xB5B,0xB69,0xB76,
0xB80,0xB77,0xB6B,0xB55,0xB2B,0xB05,
0xAE2,0xAB7,0xA8E,0xA78,0xA83,0xAAC,
0xADC,0xB0B,0xB2A,0xB3B,0xB4A,0xB60,
0xB74,0xB7F,0xB77,0xB59,0xB32,0xB07,
0xAE5,0xACF,0xAC0,0xAC6,0xAE4,0xB08,
0xB22,0xB2C,0xB2C,0xB35,0xB49,0xB5F,
0xB66,0xB57,0xB3A,0xB1E,0xB0B,0xAFC,
0xAF4,0xAFC,0xB0E,0xB1F,0xB28,0xB19,
0xAFE,0xAE9,0xAD8,0xACB,0xACB,0xAD2,
0xAD8,0xAE6,0xB04,0xB2F,0xB57,0xB63,
0xB52,0xB34,0xB17,0xB05,0xB08,0xB12,
0xB15,0xB06,0xAEB,0xAD5,0xAC7,0xAB5,
0xAA3,0xAA0,0xAAE,0xAC9,0xAEB,0xB0A,
0xB25,0xB46,0xB5F,0xB62,0xB55,0xB3B,
0xB18,0xAF4,0xADA,0xACE,0xACA,0xACE,
0xADB,0xAEB,0xB01,0xB15,0xB20,0xB27,
0xB2D,0xB2D,0xB2B,0xB2D,0xB32,0xB38,
0xB36,0xB2A,0xB15,0xAEF,0xABE,0xA94,
0xA7F,0xA86,0xAA2,0xAC5,0xAEA,0xB1A,
0xB58,0xB92,0xBB6,0xBC6,0xBB9,0xB93,
0xB67,0xB35,0xB02,0xAD7,0xABB,0xAAC,
0xAA6,0xAA7,0xAB0,0xAC6,0xAE9,0xB0A,
0xB22,0xB31,0xB38,0xB3F,0xB44,0xB3F,
0xB3C,0xB3C,0xB35,0xB27,0xB0D,0xAEB,
0xAD8,0xAD0,0xADA,0xAF4,0xB18,0xB3C,
0xB56,0xB65,0xB65,0xB5D,0xB53,0xB43,
0xB28,0xB0A,0xAED,0xAD2,0xAB7,0xAA6,
0xA9F,0xA9E,0xAB0,0xACC,0xAEF,0xB19,
0xB33,0xB3E,0xB3E,0xB35,0xB2E,0xB33,
0xB3B,0xB3B,0xB2E,0xB1E,0xB0E,0xAF7,
0xAD7,0xAB8,0xAA7,0xAA7,0xABA,0xAD5,
0xAF0,0xB11,0xB39,0xB5D,0xB73,0xB76,
0xB65,0xB4E,0xB42,0xB3A,0xB30,0xB1B,
0xAFA,0xADC,0xACA,0xAC3,0xAC9,0xAD4,
0xAE5,0xAF1,0xAF4,0xAF9,0xB03,0xB07,
0xB05,0xB15,0xB33,0xB42,0xB3F,0xB34,
0xB2E,0xB28,0xB1A,0xB0F,0xB08,0xAFE,
0xAF5,0xAF8,0xB08,0xB29,0xB4F,0xB62,
0xB68,0xB71,0xB79,0xB79,0xB6D,0xB5E,
0xB56,0xB4D,0xB35,0xB14,0xAF0,0xAD2,
0xAC3,0xAC4,0xACB,0xAD1,0xAD4,0xAE0,
0xAFA,0xB1C,0xB42,0xB67,0xB85,0xB95,
0xB8F,0xB79,0xB57,0xB2B,0xAFE,0xAD7,
0xABB,0xAAF,0xAB9,0xACD,0xAEA,0xB12,
0xB40,0xB63,0xB73,0xB70,0xB68,0xB68,
0xB68,0xB63,0xB56,0xB3E,0xB18,0xAED,
0xAC4,0xAB0,0xAB1,0xABB,0xAC4,0xACB,
0xAD4,0xAEB,0xB09,0xB25,0xB47,0xB65,
0xB6A,0xB5E,0xB43,0xB1E,0xAFB,0xAE2,
0xAD6,0xAD2,0xAD9,0xAE6,0xAF8,0xB12,
0xB2D,0xB41,0xB43,0xB37,0xB2A,0xB18,
0xB04,0xAFB,0xAF4,0xAEB,0xAE2,0xADA,
0xAD3,0xAD0,0xAD6,0xAE4,0xAF5,0xB08,
0xB18,0xB16,0xB0A,0xB01,0xAFC,0xAFA,
0xB03,0xB17,0xB28,0xB34,0xB34,0xB33,
0xB3B,0xB43,0xB3D,0xB2E,0xB1C,0xB06,
0xAED,0xAD2,0xAB6,0xAA5,0xAA1,0xAAE,
0xAC8,0xAE4,0xAFF,0xB1A,0xB30,0xB35,
0xB3C,0xB4A,0xB50,0xB4A,0xB3E,0xB23,
0xAFD,0xAD3,0xAAD,0xA91,0xA8A,0xA9E,
0xAC3,0xAF3,0xB22,0xB53,0xB83,0xB97,
0xB91,0xB7A,0xB4F,0xB1F,0xAF0,0xAC7,
0xAB2,0xAB0,0xAC2,0xAD5,0xAED,0xB06,
0xB1F,0xB3E,0xB5B,0xB6F,0xB79,0xB76,
0xB6B,0xB5E,0xB44,0xB23,0xB04,0xAEF,
0xADD,0xACB,0xAC5,0xACA,0xACC,0xAD7,
0xAF4,0xB18,0xB35,0xB49,0xB55,0xB5C,
0xB5F,0xB57,0xB47,0xB33,0xB1E,0xB10,
0xB0D,0xB0B,0xB0D,0xB14,0xB16,0xB12,
0xB10,0xB12,0xB1D,0xB2D,0xB3A,0xB47,
0xB50,0xB50,0xB4C,0xB47,0xB3E,0xB2D,
0xB1A,0xB04,0xAF0,0xAE5,0xAE9,0xAF7,
0xB07,0xB10,0xB10,0xB0A,0xB12,0xB29,
0xB42,0xB59,0xB5E,0xB54,0xB46,0xB35,
0xB21,0xB0C,0xAF4,0xAE5,0xAE3,0xAE8,
0xAF2,0xB01,0xB13,0xB26,0xB3A,0xB48,
0xB48,0xB38,0xB1E,0xB0D,0xB0E,0xB1A,
0xB24,0xB28,0xB27,0xB21,0xB19,0xB10,
0xB00,0xAF4,0xAE7,0xADB,0xAD6,0xAD6,
0xAE2,0xAFE,0xB22,0xB4C,0xB67,0xB64,
0xB48,0xB29,0xB17,0xB10,0xB16,0xB26,
0xB39,0xB40,0xB33,0xB1F,0xB0E,0xB05,
0xAFB,0xAF0,0xAEA,0xAEC,0xAF7,0xAFF,
0xB06,0xB17,0xB27,0xB31,0xB33,0xB30,
0xB26,0xB13,0xAFE,0xAEE,0xAE2,0xADE,
0xAD9,0xAD8,0xADE,0xAE4,0xAEC,0xAF2,
0xAF6,0xB04,0xB18,0xB2D,0xB3D,0xB44,
0xB41,0xB2D,0xB0F,0xAE9,0xAC1,0xA9A,
0xA7B,0xA70,0xA7C,0xA9C,0xAC5,0xAF5,
0xB2A,0xB53,0xB6C,0xB72,0xB60,0xB47,
0xB32,0xB1F,0xB11,0xB02,0xAEF,0xADD,
0xACC,0xAC1,0xABA,0xABC,0xACD,0xAEC,
0xB10,0xB2C,0xB38,0xB39,0xB39,0xB37,
0xB34,0xB2F,0xB24,0xB13,0xAF9,0xAE1,
0xADB,0xAE6,0xB00,0xB1B,0xB2E,0xB39,
0xB3F,0xB3D,0xB32,0xB2A,0xB29,0xB24,
0xB18,0xB09,0xAFA,0xAF5,0xAF6,0xAFB,
0xAF7,0xAED,0xAEB,0xAE9,0xAEA,0xAF4,
0xAF8,0xAF8,0xAF8,0xAF6,0xAFC,0xB07,
0xB16,0xB27,0xB38,0xB45,0xB52,0xB58,
0xB4F,0xB39,0xB19,0xAF8,0xADF,0xACC,
0xAC1,0xAC4,0xAD8,0xAEF,0xB01,0xB12,
0xB22,0xB31,0xB40,0xB4D,0xB52,0xB48,
0xB33,0xB1C,0xB09,0xAFF,0xAF3,0xAE3,
0xAD9,0xAD4,0xACE,0xAD7,0xAEC,0xB00,
0xB15,0xB36,0xB57,0xB6B,0xB72,0xB72,
0xB65,0xB49,0xB1F,0xAF0,0xAC0,0xA9A,
0xA8C,0xA95,0xAB2,0xADF,0xB10,0xB37,
0xB52,0xB68,0xB7C,0xB84,0xB80,0xB71,
0xB5B,0xB3C,0xB15,0xAF1,0xADA,0xAD2,
0xAD4,0xAD9,0xAE1,0xAE5,0xAEA,0xAFA,
0xB16,0xB30,0xB46,0xB53,0xB53,0xB46,
0xB2F,0xB13,0xB00,0xAED,0xADA,0xAD2,
0xAD0,0xAD5,0xAE9,0xAFC,0xB0C,0xB22,
0xB37,0xB44,0xB49,0xB49,0xB4B,0xB49,
0xB40,0xB38,0xB2F,0xB27,0xB1B,0xB0C,
0xB04,0xB02,0xB00,0xAF8,0xAEE,0xAE9,
0xAE1,0xAD7,0xAD7,0xADD,0xAE9,0xAF9,
0xB09,0xB16,0xB21,0xB2A,0xB37,0xB41,
0xB3F,0xB32,0xB20,0xB10,0xB0D,0xB14,
0xB1D,0xB25,0xB28,0xB29,0xB2C,0xB29,
0xB21,0xB1C,0xB19,0xB13,0xB11,0xB12,
0xB09,0xAF9,0xAEE,0xAEB,0xAED,0xAF1,
0xAF5,0xAF8,0xAF8,0xAF9,0xAFB,0xB03,
0xB18,0xB2F,0xB3F,0xB46,0xB40,0xB36,
0xB2E,0xB28,0xB26,0xB25,0xB26,0xB22,
0xB18,0xB0C,0xB02,0xAF9,0xAEE,0xAE7,
0xAE1,0xADE,0xAE2,0xAED,0xAF9,0xB03,
0xB14,0xB29,0xB3E,0xB4F,0xB55,0xB4C,
0xB38,0xB1A,0xAFC,0xAE7,0xAD9,0xAD2,
0xAD2,0xADC,0xAEF,0xB09,0xB28,0xB3F,
0xB4D,0xB52,0xB51,0xB45,0xB35,0xB25,
0xB1A,0xB15,0xB11,0xB05,0xAF2,0xAE3,
0xAE3,0xAF3,0xB0C,0xB27,0xB3D,0xB4C,
0xB58,0xB5A,0xB53,0xB47,0xB39,0xB30,
0xB22,0xB0E,0xAFB,0xAEF,0xAEC,0xAEE,
0xAF5,0xAFB,0xB00,0xB0A,0xB17,0xB29,
0xB3B,0xB48,0xB56,0xB5F,0xB5A,0xB4E,
0xB41,0xB37,0xB32,0xB2D,0xB26,0xB21,
0xB23,0xB26,0xB2A,0xB2E,0xB35,0xB36,
0xB2C,0xB21,0xB19,0xB13,0xB10,0xB07,
0xB01,0xB00,0xB01,0xB09,0xB12,0xB1D,
0xB2A,0xB2D,0xB29,0xB27,0xB28,0xB2D,
0xB2D,0xB2B,0xB25,0xB1A,0xB15,0xB15,
0xB13,0xB13,0xB0F,0xB09,0xB0F,0xB1A,
0xB1E,0xB1B,0xB15,0xB0A,0xAF8,0xAE2,
0xACF,0xAC5,0xAC6,0xAD6,0xAEE,0xB08,
0xB20,0xB35,0xB45,0xB4F,0xB55,0xB4F,
0xB36,0xB1C,0xB04,0xAEB,0xAD8,0xACF,
0xADA,0xAEF,0xB08,0xB23,0xB36,0xB38,
0xB33,0xB2F,0xB2C,0xB26,0xB1A,0xB0A,
0xAFB,0xAEC,0xADD,0xADE,0xAE8,0xAEF,
0xAEF,0xAF1,0xAF6,0xB01,0xB10,0xB19,
0xB1C,0xB1D,0xB17,0xB10,0xB0E,0xB11,
0xB18,0xB1D,0xB22,0xB23,0xB1D,0xB17,
0xB10,0xB07,0xAF6,0xAE1,0xAD2,0xACB,
0xACA,0xAD3,0xAE6,0xB01,0xB19,0xB2C,
0xB34,0xB33,0xB2A,0xB19,0xB03,0xAEF,
0xAE0,0xADB,0xAE1,0xAEB,0xAF6,0xB08,
0xB1F,0xB2D,0xB2F,0xB2B,0xB2A,0xB2A,
0xB20,0xB15,0xB13,0xB17,0xB20,0xB20,
0xB19,0xB07,0xAF4,0xAE8,0xAEB,0xAF6,
0xB00,0xB06,0xB11,0xB1B,0xB24,0xB2F,
0xB3A,0xB41,0xB3D,0xB33,0xB22,0xB0C,
0xAFD,0xAF6,0xAF9,0xB01,0xB07,0xB0B,
0xB0F,0xB12,0xB1A,0xB24,0xB2D,0xB30,
0xB2E,0xB25,0xB1A,0xB13,0xB0F,0xB0A,
0xB00,0xAF7,0xAF1,0xAF3,0xB00,0xB14,
0xB20,0xB23,0xB22,0xB1C,0xB15,0xB0D,
0xB06,0xB03,0xB00,0xAFE,0xB04,0xB0E,
0xB15,0xB14,0xB10,0xB12,0xB18,0xB19,
0xB14,0xB12,0xB15,0xB15,0xB0F,0xB05,
0xAFA,0xAFB,0xB07,0xB18,0xB23,0xB23,
0xB1B,0xB11,0xB09,0xB04,0xAFC,0xAF4,
0xAF1,0xAED,0xAE7,0xAE4,0xAE6,0xAE9,
0xAF0,0xB00,0xB15,0xB24,0xB30,0xB37,
0xB39,0xB31,0xB21,0xB05,0xAE4,0xAC9,
0xABC,0xABB,0xACA,0xAE6,0xB06,0xB1B,
0xB28,0xB33,0xB37,0xB39,0xB39,0xB38,
0xB2F,0xB1D,0xB02,0xAE9,0xADA,0xADA,
0xAE1,0xAEC,0xAF5,0xAFC,0xB01,0xB0A,
0xB17,0xB21,0xB20,0xB21,0xB22,0xB22,
0xB1E,0xB19,0xB12,0xB0C,0xB02,0xAF8,
0xAF2,0xAFA,0xB05,0xB0E,0xB12,0xB16,
0xB1E,0xB23,0xB23,0xB19,0xB0F,0xB09,
0xB03,0xB06,0xB0A,0xB0F,0xB11,0xB0A,
0xB07,0xB09,0xB10,0xB16,0xB19,0xB1F,
0xB25,0xB22,0xB13,0xB02,0xAF9,0xAF6,
0xAFC,0xB07,0xB0E,0xB15,0xB23,0xB30,
0xB36,0xB32,0xB25,0xB16,0xB0B,0xB05,
0xB04,0xB07,0xB04,0xB02,0xB09,0xB0E,
0xB12,0xB16,0xB19,0xB1D,0xB22,0xB23,
0xB1A,0xB08,0xAF8,0xAED,0xAEE,0xAFA,
0xB09,0xB13,0xB1D,0xB29,0xB31,0xB34,
0xB36,0xB33,0xB2F,0xB25,0xB15,0xB06,
0xAFA,0xAF7,0xAF9,0xB00,0xB0C,0xB18,
0xB1B,0xB1B,0xB18,0xB15,0xB13,0xB15,
0xB12,0xB08,0xB03,0xB00,0xAFA,0xAF2,
0xAFA,0xB0C,0xB1D,0xB26,0xB28,0xB24,
0xB1C,0xB0F,0xB06,0xB06,0xB0C,0xB10,
0xB0F,0xB0D,0xB0F,0xB12,0xB17,0xB1E,
0xB28,0xB2C,0xB2C,0xB2A,0xB25,0xB20,
0xB1E,0xB20,0xB22,0xB1C,0xB13,0xB09,
0xB06,0xB0C,0xB16,0xB21,0xB27,0xB2A,
0xB30,0xB38,0xB3D,0xB3B,0xB3A,0xB38,
0xB32,0xB28,0xB1B,0xB10,0xB0A,0xB0B,
0xB10,0xB14,0xB11,0xB0D,0xB10,0xB1C,
0xB29,0xB36,0xB40,0xB43,0xB3C,0xB34,
0xB31,0xB2F,0xB28,0xB1F,0xB17,0xB13,
0xB15,0xB1B,0xB25,0xB2F,0xB38,0xB3D,
0xB3A,0xB35,0xB32,0xB2F,0xB28,0xB1C,
0xB10,0xB07,0xB01,0xB04,0xB0C,0xB1B,
0xB2A,0xB34,0xB35,0xB34,0xB34,0xB33,
0xB2A,0xB1E,0xB12,0xB0A,0xB09,0xB0E,
0xB14,0xB16,0xB16,0xB16,0xB19,0xB1C,
0xB1B,0xB19,0xB19,0xB18,0xB12,0xB07,
0xAFF,0xAFB,0xAFA,0xB02,0xB10,0xB1D,
0xB26,0xB24,0xB1D,0xB16,0xB13,0xB12,
0xB12,0xB10,0xB0D,0xB07,0xB02,0xAFF,
0xAFF,0xB03,0xB0A,0xB12,0xB12,0xB09,
0xB00,0xAFA,0xAF9,0xAF6,0xAF1,0xAED,
0xAEF,0xAF0,0xAF9,0xB08,0xB16,0xB1B,
0xB1B,0xB19,0xB12,0xB0B,0xB04,0xAFC,
0xAF8,0xAF7,0xAF7,0xAF7,0xAFA,0xAFE,
0xB03,0xB07,0xB0D,0xB11,0xB11,0xB0C,
0xB05,0xAFE,0xAFB,0xAFE,0xB05,0xB09,
0xB0D,0xB12,0xB18,0xB1C,0xB1C,0xB1B,
0xB19,0xB17,0xB15,0xB13,0xB10,0xB0A,
0xB01,0xAFE,0xAFC,0xAF8,0xAF6,0xAFF,
0xB0C,0xB17,0xB1E,0xB1F,0xB19,0xB0F,
0xB01,0xAF6,0xAEF,0xAED,0xAF0,0xAF9,
0xB00,0xB04,0xB02,0xB01,0xB02,0xB03,
0xB06,0xB0B,0xB0D,0xB0C,0xB0E,0xB12,
0xB16,0xB17,0xB13,0xB0E,0xB09,0xB08,
0xB07,0xB06,0xB06,0xB05,0xB06,0xB07,
0xB06,0xB04,0xB03,0xB04,0xB08,0xB09,
0xB09,0xB08,0xB03,0xB02,0xB06,0xB0B,
0xB0E,0xB0D,0xB11,0xB1C,0xB25,0xB26,
0xB1D,0xB15,0xB0E,0xB0C,0xB0C,0xB0B,
0xB0B,0xB07,0xB02,0xB01,0xB06,0xB10,
0xB1E,0xB28,0xB2B,0xB2F,0xB33,0xB31,
0xB2A,0xB24,0xB1E,0xB1B,0xB18,0xB11,
0xB0A,0xB0A,0xB10,0xB19,0xB1D,0xB21,
0xB26,0xB31,0xB39,0xB3A,0xB35,0xB2D,
0xB25,0xB1D,0xB15,0xB0D,0xB0A,0xB0A,
0xB0E,0xB16,0xB20,0xB26,0xB26,0xB26,
0xB2C,0xB35,0xB3E,0xB39,0xB29,0xB16,
0xB06,0xAFD,0xAF8,0xAFD,0xB08,0xB13,
0xB1D,0xB27,0xB2D,0xB31,0xB33,0xB35,
0xB33,0xB2A,0xB1E,0xB12,0xB0D,0xB0C,
0xB09,0xB05,0xAFD,0xAF3,0xAEF,0xAF2,
0xAFF,0xB0C,0xB14,0xB1B,0xB20,0xB21,
0xB1B,0xB15,0xB15,0xB16,0xB18,0xB16,
0xB11,0xB09,0xB01,0xAF5,0xAEA,0xAE9,
0xAF3,0xAFF,0xB04,0xB06,0xB08,0xB08,
0xB06,0xB08,0xB0A,0xB0F,0xB13,0xB15,
0xB14,0xB13,0xB0F,0xB0A,0xB07,0xB04,
0xB05,0xB0C,0xB13,0xB15,0xB14,0xB12,
0xB0E,0xB0A,0xB05,0xB05,0xB0D,0xB16,
0xB18,0xB13,0xB0D,0xB0A,0xB08,0xB02,
0xAFF,0xB00,0xB09,0xB15,0xB21,0xB28,
0xB2B,0xB2A,0xB24,0xB20,0xB1E,0xB16,
0xB08,0xAF6,0xAE8,0xAE5,0xAEB,0xAF8,
0xB05,0xB10,0xB18,0xB20,0xB24,0xB24,
0xB1C,0xB15,0xB11,0xB0E,0xB0B,0xB0A,
0xB0E,0xB16,0xB19,0xB19,0xB19,0xB16,
0xB0B,0xB00,0xAF9,0xAF9,0xAFF,0xB04,
0xB07,0xB07,0xB07,0xB09,0xB09,0xB0C,
0xB16,0xB20,0xB21,0xB1B,0xB13,0xB09,
0xAFE,0xAF7,0xAF7,0xAFB,0xAFF,0xB05,
0xB0A,0xB11,0xB19,0xB23,0xB2B,0xB30,
0xB31,0xB2F,0xB2C,0xB26,0xB1C,0xB13,
0xB0A,0xB07,0xB0A,0xB0F,0xB12,0xB17,
0xB1B,0xB23,0xB2A,0xB2C,0xB24,0xB1A,
0xB12,0xB10,0xB12,0xB11,0xB0F,0xB0D,
0xB0C,0xB08,0xB03,0xB00,0xB00,0xB05,
0xB0D,0xB13,0xB16,0xB18,0xB16,0xB17,
0xB18,0xB1D,0xB1E,0xB18,0xB10,0xB0D,
0xB0E,0xB0B,0xB06,0xB04,0xAFF,0xAF9,
0xAFA,0xAFF,0xB06,0xB0B,0xB13,0xB1E,
0xB24,0xB24,0xB23,0xB23,0xB22,0xB1C,
0xB0F,0xAFE,0xAF1,0xAEA,0xAEA,0xAEE,
0xAF9,0xB07,0xB15,0xB21,0xB24,0xB23,
0xB1E,0xB1B,0xB17,0xB16,0xB14,0xB13,
0xB16,0xB15,0xB11,0xB0C,0xB0A,0xB09,
0xB0A,0xB0B,0xB10,0xB1A,0xB23,0xB28,
0xB27,0xB23,0xB1D,0xB1B,0xB1C,0xB1C,
0xB16,0xB11,0xB12,0xB13,0xB16,0xB1D,
0xB26,0xB2B,0xB2A,0xB28,0xB26,0xB25,
0xB20,0xB1C,0xB20,0xB24,0xB20,0xB15,
0xB0E,0xB0A,0xB04,0xAFF,0xAFD,0xAFF,
0xB04,0xB0B,0xB1A,0xB2B,0xB38,0xB3D,
0xB3B,0xB36,0xB2D,0xB1F,0xB13,0xB08,
0xB01,0xB02,0xB09,0xB0F,0xB0E,0xB12,
0xB12,0xB10,0xB12,0xB14,0xB13,0xB10,
0xB10,0xB10,0xB13,0xB17,0xB1F,0xB25,
0xB2F,0xB37,0xB35,0xB2E,0xB2B,0xB29,
0xB23,0xB1A,0xB14,0xB14,0xB10,0xB07,
0xB07,0xB0E,0xB16,0xB15,0xB18,0xB24,
0xB2F,0xB35,0xB33,0xB2C,0xB25,0xB1F,
0xB16,0xB11,0xB11,0xB13,0xB15,0xB1C,
0xB21,0xB23,0xB25,0xB25,0xB26,0xB27,
0xB24,0xB20,0xB1A,0xB17,0xB17,0xB17,
0xB18,0xB17,0xB16,0xB16,0xB19,0xB1F,
0xB26,0xB2D,0xB2B,0xB25,0xB1E,0xB1B,
0xB12,0xB06,0xAFD,0xAFC,0xAFE,0xAFF,
0xB02,0xB09,0xB0E,0xB0F,0xB11,0xB11,
0xB0F,0xB0D,0xB0A,0xB0A,0xB0F,0xB13,
0xB11,0xB0D,0xB0B,0xB09,0xB05,0xAFF,
0xAF9,0xAF4,0xAED,0xAEA,0xAE8,0xAE9,
0xAF3,0xAFE,0xB04,0xB06,0xB08,0xB07,
0xB00,0xAF8,0xAF5,0xAF9,0xB02,0xB05,
0xB02,0xB02,0xB02,0xB04,0xAFF,0xAF8,
0xAF5,0xAF9,0xB00,0xB06,0xB07,0xB0A,
0xB0B,0xB0A,0xB0B,0xB0B,0xB0A,0xB05,
0xB03,0xAFE,0xAFE,0xAFC,0xAFA,0xAFE,
0xB0B,0xB14,0xB1A,0xB22,0xB23,0xB1E,
0xB16,0xB14,0xB0F,0xB0C,0xB0B,0xB0A,
0xB08,0xB0A,0xB0C,0xB0C,0xB0F,0xB14,
0xB19,0xB17,0xB17,0xB0F,0xB0B,0xB0D,
0xB11,0xB0E,0xB0A,0xB06,0xB07,0xB0B,
0xB11,0xB16,0xB19,0xB1D,0xB1E,0xB1D,
0xB1B,0xB19,0xB15,0xB19,0xB20,0xB26,
0xB26,0xB23,0xB1C,0xB10,0xB06,0xB01,
0xB05,0xB09,0xB09,0xB0C,0xB19,0xB23,
0xB26,0xB20,0xB22,0xB21,0xB1F,0xB1F,
0xB20,0xB1E,0xB1D,0xB1F,0xB1C,0xB13,
0xB08,0xB01,0xB00,0xB01,0xAFA,0xAF7,
0xAFB,0xAFF,0xAFF,0xB03,0xB12,0xB1D,
0xB1B,0xB13,0xB0D,0xB08,0xB06,0xB03,
0xB03,0xB04,0xB06,0xB0B,0xB13,0xB13,
0xB11,0xB0A,0xB08,0xB06,0xB09,0xB0B,
0xB0E,0xB11,0xB0D,0xB0B,0xB0A,0xB0C,
0xB06,0xB00,0xAFC,0xAFC,0xAFA,0xAFB,
0xB00,0xB08,0xB0F,0xB13,0xB1B,0xB22,
0xB2B,0xB2B,0xB27,0xB21,0xB15,0xB02,
0xAF7,0xAF1,0xAEB,0xAEE,0xAF8,0xB07,
0xB0B,0xB0F,0xB13,0xB1D,0xB1B,0xB10,
0xB0D,0xB10,0xB0F,0xB0C,0xB0A,0xB07,
0xB07,0xB06,0xB08,0xB08,0xB0C,0xB0E,
0xB0C,0xB06,0xB03,0xAFE,0xAFC,0xB02,
0xB08,0xB0B,0xB0E,0xB14,0xB0D,0xB01,
0xAF9,0xAF2,0xAEA,0xAE8,0xAF2,0xB01,
0xB0E,0xB16,0xB20,0xB24,0xB22,0xB1D,
0xB18,0xB1A,0xB1B,0xB17,0xB10,0xB0D,
0xB08,0xB01,0xAFD,0xB00,0xB01,0xAFE,
0xB04,0xB0B,0xB0D,0xB0B,0xB10,0xB1F,
0xB2E,0xB37,0xB39,0xB36,0xB31,0xB28,
0xB22,0xB1E,0xB20,0xB1D,0xB14,0xB0E,
0xB0E,0xB10,0xB13,0xB19,0xB1B,0xB1F,
0xB19,0xB13,0xB13,0xB19,0xB22,0xB2A,
0xB30,0xB26,0xB1A,0xB10,0xB0C,0xB08,
0xB0B,0xB15,0xB22,0xB2B,0xB2D,0xB2A,
0xB2A,0xB28,0xB23,0xB24,0xB26,0xB24,
0xB1A,0xB16,0xB14,0xB10,0xB0D,0xB0D,
0xB12,0xB1A,0xB1E,0xB1C,0xB21,0xB29,
0xB2C,0xB29,0xB28,0xB2B,0xB2A,0xB28,
0xB28,0xB25,0xB1E,0xB1B,0xB15,0xB0E,
0xB0C,0xB10,0xB12,0xB13,0xB11,0xB07,
0xB04,0xB04,0xB07,0xB07,0xB08,0xB07,
0xB07,0xB04,0xAFF,0xB02,0xAFD,0xAF1,
0xAEA,0xAEA,0xAED,0xAF4,0xAF9,0xB00,
0xB04,0xB07,0xB09,0xB07,0xB05,0xAFF,
0xAFA,0xAFD,0xB04,0xB09,0xB12,0xB19,
0xB1D,0xB22,0xB25,0xB24,0xB22,0xB1E,
0xB1B,0xB1C,0xB1F,0xB25,0xB2D,0xB3A,
0xB42,0xB42,0xB3F,0xB40,0xB41,0xB34,
0xB26,0xB1D,0xB15,0xB14,0xB1E,0xB29,
0xB34,0xB41,0xB49,0xB4B,0xB50,0xB53,
0xB51,0xB55,0xB5B,0xB53,0xB46,0xB3F,
0xB38,0xB30,0xB2B,0xB2C,0xB2F,0xB32,
0xB35,0xB36,0xB3A,0xB44,0xB48,0xB4C,
0xB56,0xB54,0xB4A,0xB47,0xB42,0xB3C,
0xB38,0xB31,0xB31,0xB31,0xB31,0xB34,
0xB38,0xB40,0xB40,0xB3A,0xB3B,0xB35,
0xB25,0xB19,0xB10,0xB0D,0xB0F,0xB0F,
0xB0C,0xB07,0xB03,0xB04,0xB06,0xB01,
0xAF7,0xAF1,0xAF3,0xAF5,0xAF2,0xAEF,
0xAED,0xAE9,0xADC,0xACE,0xACC,0xAC9,
0xABE,0xABC,0xABE,0xABD,0xAB6,0xAB2,
0xABB,0xAC6,0xAC8,0xAC9,0xACB,0xACE,
0xAC4,0xABC,0xABD,0xAC1,0xAC5,0xAC7,
0xAD0,0xAD8,0xAD4,0xAD0,0xAD0,0xAD0,
0xAD2,0xAD7,0xAE1,0xAE9,0xAEC,0xAEB,
0xAED,0xAF6,0xAF8,0xAF9,0xB00,0xB07,
0xB09,0xB0A,0xB0C,0xB10,0xB07,0xB06,
0xB0A,0xB0E,0xB11,0xB12,0xB18,0xB1E,
0xB25,0xB25,0xB29,0xB31,0xB36,0xB2F,
0xB2E,0xB2C,0xB29,0xB25,0xB22,0xB25,
0xB23,0xB23,0xB22,0xB27,0xB2B,0xB2C,
0xB2D,0xB38,0xB39,0xB2D,0xB24,0xB25,
0xB27,0xB26,0xB24,0xB21,0xB27,0xB23,
0xB1A,0xB19,0xB24,0xB2B,0xB34,0xB3C,
0xB3C,0xB3B,0xB38,0xB2F,0xB26,0xB22,
0xB1B,0xB20,0xB28,0xB34,0xB39,0xB38,
0xB3D,0xB42,0xB41,0xB40,0xB3E,0xB3B,
0xB3E,0xB3E,0xB40,0xB44,0xB47,0xB42,
0xB3D,0xB3D,0xB38,0xB30,0xB2C,0xB2B,
0xB28,0xB21,0xB24,0xB30,0xB37,0xB3F,
0xB3D,0xB37,0xB32,0xB2D,0xB24,0xB23,
0xB18,0xB11,0xB11,0xB12,0xB11,0xB0A,
0xB08,0xB0C,0xB0F,0xB08,0xB09,0xB0C,
0xB0D,0xB08,0xB03,0xB01,0xB04,0xAFE,
0xAF6,0xAF2,0xAF3,0xAF2,0xAEB,0xAE8,
0xAE2,0xAE0,0xADF,0xADE,0xADC,0xAE1,
0xAE4,0xAEB,0xAEC,0xAE7,0xAE4,0xAD9,
0xAD2,0xAD4,0xACE,0xACB,0xAD4,0xAD3,
0xAD5,0xADD,0xAE9,0xAEA,0xAF2,0xAFB,
0xAFA,0xAF1,0xAEB,0xAEB,0xAE8,0xAE5,
0xAE6,0xAE7,0xAEE,0xAFC,0xAFC,0xAFB,
0xB04,0xB06,0xAFF,0xB00,0xB08,0xB12,
0xB17,0xB17,0xB18,0xB19,0xB1B,0xB17,
0xB0B,0xB03,0xB05,0xB01,0xB02,0xB0B,
0xB13,0xB1D,0xB26,0xB20,0xB20,0xB25,
0xB22,0xB1B,0xB1F,0xB24,0xB22,0xB1B,
0xB13,0xB15,0xB1C,0xB17,0xB0A,0xB03,
0xB04,0xB06,0xAFF,0xAFF,0xB0A,0xB17,
0xB19,0xB19,0xB1F,0xB21,0xB1B,0xB16,
0xB14,0xB0B,0xB01,0xAFC,0xAF9,0xAEF,
0xAE9,0xAE5,0xAEA,0xAED,0xAF3,0xAF3,
0xAF6,0xAFA,0xAF9,0xAFB,0xB0B,0xB11,
0xB03,0xB06,0xB01,0xAFE,0xAFC,0xAFA,
0xAFB,0xB03,0xB06,0xAFF,0xAFD,0xB08,
0xB0C,0xB09,0xB13,0xB1A,0xB16,0xB14,
0xB1E,0xB21,0xB1D,0xB16,0xB18,0xB26,
0xB2D,0xB29,0xB31,0xB3E,0xB44,0xB41,
0xB42,0xB4D,0xB49,0xB48,0xB49,0xB47,
0xB43,0xB40,0xB44,0xB4D,0xB52,0xB4F,
0xB49,0xB4A,0xB54,0xB49,0xB38,0xB33,
0xB30,0xB28,0xB28,0xB2C,0xB27,0xB26,
0xB25,0xB23,0xB20,0xB19,0xB0C,0xB00,
0xAF8,0xAF1,0xAED,0xAE4,0xAE7,0xAF2,
0xAF2,0xAF1,0xAF0,0xAED,0xAEF,0xAEE,
0xAE8,0xAE7,0xAE4,0xAE7,0xAE8,0xAE7,
0xAED,0xAEE,0xAEC,0xAF3,0xAF1,0xAE5,
0xAE5,0xAED,0xAF2,0xAEC,0xAEF,0xAFE,
0xB0B,0xB0B,0xB08,0xB07,0xB09,0xB03,
0xAFF,0xB00,0xB05,0xB0A,0xB0A,0xB11,
0xB18,0xB18,0xB22,0xB31,0xB2E,0xB2C,
0xB30,0xB32,0xB2C,0xB2A,0xB28,0xB24,
0xB23,0xB1B,0xB20,0xB26,0xB28,0xB27,
0xB27,0xB2A,0xB2F,0xB33,0xB3D,0xB3C,
0xB3A,0xB39,0xB2F,0xB2F,0xB33,0xB2D,
0xB22,0xB21,0xB21,0xB1E,0xB1B,0xB1F,
0xB1D,0xB20,0xB19,0xB13,0xB1B,0xB1E,
0xB18,0xB13,0xB17,0xB19,0xB17,0xB22,
0xB2E,0xB28,0xB2E,0xB30,0xB33,0xB3A,
0xB3A,0xB2F,0xB32,0xB3A,0xB32,0xB27,
0xB25,0xB28,0xB21,0xB26,0xB2A,0xB34,
0xB38,0xB3C,0xB36,0xB37,0xB38,0xB28,
0xB22,0xB2A,0xB2A,0xB23,0xB2E,0xB38,
0xB38,0xB33,0xB3A,0xB37,0xB38,0xB29,
0xB16,0xB1A,0xB1B,0xB0D,0xB0B,0xB1D,
0xB25,0xB20,0xB21,0xB30,0xB29,0xB1F,
0xB14,0xB14,0xB14,0xB11,0xB14,0xB12,
0xB14,0xB16,0xB0E,0xB0A,0xB0C,0xB03,
0xB02,0xAFB,0xAFA,0xAF9,0xAF5,0xAF3,
0xAF9,0xAFE,0xAFE,0xB01,0xB06,0xB07,
0xB01,0xAF9,0xAEC,0xAE6,0xAE6,0xAE5,
0xAE2,0xAE3,0xAE4,0xAE2,0xAE6,0xAE2,
0xADA,0xADE,0xAE5,0xADF,0xAD0,0xAD7,
0xAE0,0xADE,0xADD,0xAE4,0xAEB,0xAEA,
0xAE8,0xAEA,0xAF1,0xAF7,0xAF7,0xAEE,
0xAF7,0xB03,0xB08,0xB09,0xB13,0xB19,
0xB1B,0xB21,0xB27,0xB2C,0xB30,0xB2C,
0xB28,0xB34,0xB3E,0xB3E,0xB3C,0xB45,
0xB44,0xB3E,0xB40,0xB46,0xB46,0xB41,
0xB3E,0xB43,0xB4D,0xB49,0xB43,0xB3E,
0xB36,0xB2D,0xB29,0xB24,0xB2B,0xB2D,
0xB28,0xB2D,0xB2C,0xB29,0xB2D,0xB30,
0xB26,0xB20,0xB18,0xB15,0xB0B,0xB02,
0xB01,0xB03,0xB06,0xB05,0xB0C,0xB0E,
0xB0A,0xB00,0xAF7,0xAF2,0xAF9,0xAF6,
0xAF1,0xAF2,0xAF8,0xAFC,0xAFB,0xAF7,
0xAF6,0xAF4,0xAEE,0xAE5,0xAE5,0xAE9,
0xADB,0xADD,0xAE6,0xAE9,0xAE6,0xAE5,
0xADE,0xAE8,0xAF3,0xAF4,0xAED,0xAEF,
0xAFD,0xAF9,0xAF3,0xAF4,0xAFC,0xAF8,
0xAFC,0xAFA,0xAF8,0xAF7,0xAF6,0xAF5,
0xAF8,0xB01,0xB03,0xB01,0xB07,0xB0A,
0xAFE,0xAF9,0xAF6,0xAF4,0xAF5,0xB02,
0xB07,0xB0A,0xB10,0xB18,0xB13,0xB12,
0xB19,0xB17,0xB12,0xB14,0xB17,0xB15,
0xB1A,0xB19,0xB21,0xB25,0xB20,0xB1F,
0xB27,0xB31,0xB37,0xB35,0xB2E,0xB33,
0xB2E,0xB29,0xB26,0xB22,0xB1F,0xB21,
0xB26,0xB2D,0xB2E,0xB2B,0xB2F,0xB30,
0xB36,0xB34,0xB30,0xB27,0xB1D,0xB18,
0xB19,0xB1D,0xB1F,0xB25,0xB23,0xB19,
0xB1A,0xB1A,0xB14,0xB0E,0xB08,0xB03,
0xAFE,0xB07,0xB0E,0xB0D,0xB11,0xB11,
0xB07,0xAFD,0xAF8,0xAF8,0xAF4,0xAED,
0xAF0,0xAF2,0xAF9,0xB00,0xB00,0xAFD,
0xAFC,0xAFA,0xAF3,0xAF5,0xAF5,0xAEB,
0xAE6,0xAEF,0xAF2,0xAF4,0xAFE,0xB05,
0xB04,0xB08,0xB04,0xB02,0xB02,0xAFA,
0xAF6,0xB01,0xB0D,0xB0E,0xB08,0xB0E,
0xB15,0xB13,0xB15,0xB13,0xB14,0xB1A,
0xB16,0xB13,0xB1A,0xB20,0xB19,0xB14,
0xB15,0xB15,0xB15,0xB20,0xB24,0xB23,
0xB22,0xB26,0xB26,0xB22,0xB20,0xB1D,
0xB1B,0xB1D,0xB23,0xB2A,0xB28,0xB23,
0xB27,0xB26,0xB28,0xB27,0xB1E,0xB21,
0xB20,0xB19,0xB16,0xB1B,0xB1F,0xB1A,
0xB16,0xB15,0xB10,0xB15,0xB1C,0xB1D,
0xB1B,0xB13,0xB13,0xB12,0xB12,0xB15,
0xB0F,0xB0F,0xB11,0xB06,0xB07,0xB08,
0xAFE,0xB01,0xB07,0xB09,0xB04,0xB02,
0xB01,0xAFD,0xAF9,0xAF8,0xAF5,0xAF6,
0xB01,0xB09,0xB04,0xB03,0xAFF,0xAF3,
0xAF5,0xAFB,0xAEF,0xAEA,0xAF6,0xAFD,
0xAF9,0xAF7,0xB01,0xB06,0xB03,0xB04,
0xB04,0xB07,0xB0B,0xB09,0xB09,0xB0C,
0xB0A,0xB09,0xB14,0xB21,0xB21,0xB20,
0xB2C,0xB35,0xB32,0xB2D,0xB37,0xB3A,
0xB2F,0xB2F,0xB3C,0xB41,0xB41,0xB41,
0xB40,0xB46,0xB46,0xB3D,0xB46,0xB5A,
0xB56,0xB48,0xB49,0xB4C,0xB4B,0xB47,
0xB47,0xB51,0xB51,0xB4F,0xB53,0xB55,
0xB53,0xB4D,0xB4A,0xB49,0xB47,0xB33,
0xB2A,0xB32,0xB37,0xB2C,0xB2A,0xB2E,
0xB33,0xB2E,0xB29,0xB34,0xB33,0xB22,
0xB15,0xB19,0xB19,0xB0E,0xAFC,0xAFC,
0xB01,0xAFF,0xAFB,0xAF9,0xAF4,0xAEE,
0xAF1,0xAF8,0xAF8,0xAF5,0xAF7,0xAF4,
0xAF2,0xAEA,0xAE3,0xAE3,0xAE4,0xAD7,
0xAD5,0xAE9,0xAFA,0xAF6,0xAF5,0xAF4,
0xAF7,0xAF6,0xAE3,0xAED,0xAFD,0xAFD,
0xAF7,0xAF8,0xAFF,0xAFF,0xAF1,0xAF3,
0xB00,0xAFA,0xAEF,0xAEB,0xAF1,0xAF5,
0xAEC,0xAE8,0xAF0,0xAF7,0xAF5,0xAF4,
0xB00,0xB03,0xAFB,0xAF4,0xAF6,0xAFA,
0xAF0,0xAEA,0xAF4,0xAFC,0xAFC,0xAF9,
0xB02,0xB0A,0xB02,0xB06,0xB0F,0xB10,
0xB15,0xB15,0xB10,0xB16,0xB17,0xB0C,
0xB0A,0xB18,0xB1B,0xB16,0xB20,0xB29,
0xB2A,0xB23,0xB20,0xB2A,0xB29,0xB2A,
0xB35,0xB39,0xB3D,0xB39,0xB2C,0xB2C,
0xB31,0xB28,0xB26,0xB28,0xB2B,0xB25,
0xB25,0xB2C,0xB2E,0xB24,0xB1F,0xB28,
0xB29,0xB28,0xB2A,0xB24,0xB1C,0xB24,
0xB1F,0xB1E,0xB24,0xB24,0xB1C,0xB1A,
0xB21,0xB17,0xB16,0xB1B,0xB1A,0xB16,
0xB17,0xB18,0xB19,0xB16,0xB1C,0xB1B,
0xB15,0xB14,0xB0D,0xB0F,0xB11,0xB12,
0xB13,0xB1B,0xB1E,0xB17,0xB0D,0xB13,
0xB1D,0xB20,0xB1F,0xB27,0xB33,0xB2C,
0xB23,0xB23,0xB24,0xB2D,0xB31,0xB26,
0xB2D,0xB31,0xB2D,0xB25,0xB2E,0xB40,
0xB3E,0xB3A,0xB36,0xB34,0xB34,0xB2A,
0xB22,0xB28,0xB29,0xB27,0xB1F,0xB27,
0xB36,0xB34,0xB32,0xB39,0xB3F,0xB3C,
0xB34,0xB28,0xB2D,0xB2C,0xB27,0xB25,
0xB2F,0xB31,0xB27,0xB1F,0xB1B,0xB17,
0xB19,0xB1F,0xB1E,0xB1E,0xB1C,0xB12,
0xB02,0xAFA,0xAFB,0xB02,0xB06,0xB07,
0xB03,0xAF7,0xAEF,0xAEA,0xAE4,0xAF0,
0xAFC,0xAEF,0xAE4,0xAE8,0xAE7,0xADB,
0xADE,0xAEA,0xAEC,0xAE8,0xAE3,0xADF,
0xADC,0xAD6,0xACF,0xAC9,0xAD2,0xADC,
0xAD6,0xADA,0xAE2,0xAE0,0xADB,0xAE5,
0xAEB,0xAE4,0xAE0,0xADE,0xAD7,0xADA,
0xADC,0xADC,0xAE3,0xAE7,0xAE7,0xADE,
0xAE2,0xAEB,0xAE5,0xAE7,0xAF5,0xAF8,
0xB00,0xB03,0xB08,0xB0A,0xB0A,0xB11,
0xB11,0xB11,0xB1A,0xB1F,0xB19,0xB22,
0xB27,0xB27,0xB2E,0xB37,0xB33,0xB31,
0xB33,0xB2F,0xB32,0xB36,0xB37,0xB37,
0xB3A,0xB32,0xB2F,0xB26,0xB21,0xB1E,
0xB18,0xB1E,0xB22,0xB1F,0xB1C,0xB26,
0xB25,0xB20,0xB1A,0xB15,0xB0C,0xB06,
0xB04,0xB04,0xB04,0xB00,0xB01,0xB04,
0xB04,0xAFE,0xAFE,0xB05,0xB06,0xB00,
0xB00,0xB0A,0xB0B,0xB03,0xB01,0xB00,
0xAF1,0xAEA,0xAE9,0xAE5,0xAE8,0xAEB,
0xAE8,0xAEF,0xAF2,0xAF2,0xAF2,0xAF0,
0xAF4,0xAF3,0xAEE,0xAF2,0xAEF,0xAED,
0xAF4,0xAFF,0xB07,0xB05,0xB06,0xB0A,
0xB0C,0xB08,0xB03,0xB0C,0xB1A,0xB18,
0xB18,0xB1F,0xB1F,0xB24,0xB24,0xB22,
0xB26,0xB2A,0xB27,0xB20,0xB24,0xB2A,
0xB23,0xB1C,0xB21,0xB20,0xB1F,0xB1D,
0xB1A,0xB1D,0xB27,0xB29,0xB21,0xB1C,
0xB1A,0xB15,0xB0A,0xB03,0xAFE,0xAFA,
0xAF9,0xAFE,0xAFD,0xAFC,0xAFD,0xB00,
0xB0D,0xB0A,0xB04,0xB09,0xB11,0xB14,
0xB16,0xB0A,0xB0E,0xB1A,0xB1E,0xB1E,
0xB1D,0xB1F,0xB24,0xB22,0xB23,0xB27,
0xB2B,0xB2D,0xB2E,0xB37,0xB3B,0xB38,
0xB2F,0xB2E,0xB33,0xB2F,0xB26,0xB28,
0xB29,0xB2C,0xB32,0xB2F,0xB2E,0xB33,
0xB37,0xB3A,0xB3A,0xB35,0xB39,0xB38,
0xB2F,0xB25,0xB1A,0xB12,0xB13,0xB16,
0xB18,0xB1B,0xB18,0xB11,0xB0C,0xB0F,
0xB0F,0xB06,0xB00,0xB03,0xB05,0xAFD,
0xAF9,0xAF8,0xAFA,0xB00,0xB03,0xB06,
0xB09,0xB05,0xAFF,0xB04,0xB05,0xB02,
0xAFA,0xAFB,0xAFE,0xB05,0xB00,0xAFC,
0xAFC,0xAFC,0xAF4,0xAEB,0xAED,0xAEC,
0xAE8,0xAEB,0xAF5,0xAF1,0xAEF,0xAF1,
0xAF7,0xAFB,0xAFF,0xB01,0xB04,0xB0B,
0xB0D,0xB0D,0xB0C,0xB14,0xB19,0xB1C,
0xB15,0xB16,0xB14,0xB1A,0xB25,0xB26,
0xB1D,0xB19,0xB1A,0xB1A,0xB1B,0xB1A,
0xB1F,0xB1E,0xB18,0xB11,0xB14,0xB0D,
0xB0D,0xB1A,0xB1B,0xB15,0xB13,0xB13,
0xB11,0xB11,0xB17,0xB21,0xB1E,0xB1B,
0xB1E,0xB23,0xB26,0xB20,0xB15,0xB17,
0xB19,0xB10,0xB0B,0xB11,0xB15,0xB10,
0xB10,0xB13,0xB0E,0xB09,0xB08,0xB09,
0xB11,0xB05,0xAFD,0xB05,0xB08,0xB02,
0xAFD,0xAFE,0xB02,0xB05,0xB02,0xB07,
0xB0D,0xB0D,0xB08,0xB07,0xB0C,0xB10,
0xB09,0xB08,0xB1B,0xB1E,0xB15,0xB13,
0xB15,0xB11,0xB0F,0xB09,0xB0B,0xB14,
0xB17,0xB14,0xB11,0xB1B,0xB1A,0xB1E,
0xB2F,0xB33,0xB2C,0xB2B,0xB29,0xB28,
0xB29,0xB2C,0xB35,0xB3B,0xB3E,0xB45,
0xB4B,0xB4C,0xB46,0xB44,0xB45,0xB3C,
0xB36,0xB36,0xB40,0xB42,0xB3B,0xB35,
0xB32,0xB2F,0xB26,0xB24,0xB27,0xB2D,
0xB28,0xB24,0xB30,0xB3B,0xB32,0xB2B,
0xB30,0xB2C,0xB25,0xB20,0xB20,0xB20,
0xB1E,0xB1A,0xB1D,0xB1F,0xB17,0xB13,
0xB1F,0xB25,0xB22,0xB1D,0xB1C,0xB1D,
0xB20,0xB17,0xB16,0xB21,0xB25,0xB1E,
0xB17,0xB11,0xB0E,0xB13,0xB16,0xB18,
0xB18,0xB1C,0xB1D,0xB20,0xB21,0xB22,
0xB20,0xB1C,0xB22,0xB24,0xB21,0xB1F,
0xB1F,0xB1F,0xB1E,0xB1B,0xB1D,0xB16,
0xB09,0xB0D,0xB13,0xB0E,0xB0B,0xB08,
0xB03,0xB00,0xAF9,0xAF3,0xAF5,0xAF9,
0xAF6,0xAF0,0xAF9,0xB01,0xAFA,0xAF4,
0xAFF,0xB04,0xB00,0xB09,0xB11,0xB0D,
0xB0C,0xB0C,0xB08,0xB0C,0xB11,0xB0C,
0xB08,0xB09,0xB00,0xAF1,0xAF3,0xAF9,
0xAF3,0xAEB,0xAF0,0xAF0,0xAE6,0xAE0,
0xAE6,0xAEB,0xAE8,0xAE6,0xADF,0xAE3,
0xAED,0xAE2,0xAD5,0xAE1,0xAEC,0xAE6,
0xAEB,0xAF1,0xAF2,0xAF2,0xAF2,0xAFE,
0xB06,0xB03,0xB02,0xB00,0xAF9,0xAF6,
0xAF6,0xAFD,0xB03,0xAFF,0xAF7,0xB01,
0xB07,0xB03,0xB09,0xB13,0xB19,0xB15,
0xB13,0xB1A,0xB1D,0xB16,0xB13,0xB14,
0xB19,0xB17,0xB18,0xB1E,0xB1C,0xB18,
0xB10,0xB13,0xB1F,0xB1C,0xB13,0xB1C,
0xB24,0xB20,0xB19,0xB1E,0xB1A,0xB0A,
0xB09,0xB0E,0xB09,0xB07,0xB07,0xB07,
0xB05,0xB08,0xB0B,0xB07,0xB08,0xB01,
0xAFB,0xB07,0xB13,0xB0C,0xB09,0xB10,
0xB18,0xB15,0xB14,0xB15,0xB18,0xB1B,
0xB19,0xB18,0xB17,0xB11,0xB0E,0xB10,
0xB16,0xB18,0xB17,0xB1C,0xB18,0xB0E,
0xB0B,0xB08,0xB0D,0xB17,0xB19,0xB16,
0xB19,0xB1C,0xB1E,0xB21,0xB22,0xB1F,
0xB21,0xB28,0xB31,0xB31,0xB30,0xB30,
0xB2C,0xB2C,0xB31,0xB2D,0xB28,0xB28,
0xB2A,0xB28,0xB1F,0xB1F,0xB23,0xB28,
0xB2B,0xB26,0xB1F,0xB20,0xB19,0xB12,
0xB10,0xB10,0xB10,0xB10,0xB0F,0xB0B,
0xB09,0xB06,0xB0D,0xB11,0xB07,0xAFD,
0xAFD,0xAFD,0xAFC,0xAF9,0xAFC,0xB04,
0xB00,0xAF9,0xAF1,0xAEF,0xAF3,0xAF0,
0xAF1,0xAF7,0xAEF,0xAEE,0xAF3,0xAF4,
0xB02,0xB06,0xB01,0xAFF,0xAFE,0xB03,
0xB03,0xB01,0xB08,0xB08,0xB0B,0xB18,
0xB1F,0xB1C,0xB1A,0xB1E,0xB23,0xB27,
0xB27,0xB25,0xB2A,0xB27,0xB23,0xB26,
0xB2B,0xB2F,0xB26,0xB1F,0xB24,0xB26,
0xB25,0xB22,0xB20,0xB1E,0xB1D,0xB19,
0xB10,0xB10,0xB12,0xB0A,0xB04,0xAFF,
0xAFB,0xAFE,0xB01,0xB03,0xAFF,0xAFB,
0xB00,0xB02,0xAFC,0xAFA,0xAFF,0xB01,
0xAFF,0xB05,0xB04,0xB03,0xB11,0xB14,
0xB0C,0xB0E,0xB17,0xB15,0xB13,0xB1B,
0xB18,0xB0E,0xB18,0xB22,0xB20,0xB1E,
0xB20,0xB22,0xB1E,0xB1B,0xB1A,0xB1B,
0xB22,0xB1F,0xB0F,0xB0C,0xB10,0xB10,
0xB10,0xB15,0xB1A,0xB17,0xB12,0xB13,
0xB10,0xB0B,0xB10,0xB17,0xB15,0xB0F,
0xB0B,0xB0D,0xB0C,0xB09,0xB09,0xB0D,
0xB10,0xB10,0xB05,0xB03,0xB10,0xB0D,
0xAFE,0xB01,0xB08,0xB03,0xAFE,0xB02,
0xB02,0xB00,0xB03,0xB06,0xB08,0xB07,
0xB04,0xB01,0xB07,0xB0E,0xB10,0xB14,
0xB1D,0xB1E,0xB22,0xB29,0xB2E,0xB2C,
0xB24,0xB27,0xB2C,0xB2D,0xB2C,0xB28,
0xB25,0xB25,0xB1B,0xB14,0xB13,0xB0D,
0xB05,0xB0B,0xB0E,0xB03,0xAFB,0xAFE,
0xAFE,0xAFD,0xAF9,0xAF3,0xAF2,0xAF9,
0xAFB,0xAF5,0xAF9,0xAFA,0xAF9,0xAFA,
0xAFF,0xAFD,0xAF9,0xAFF,0xB06,0xB06,
0xB02,0xB00,0xB04,0xB08,0xB06,0xB09,
0xB07,0xB0B,0xB06,0xAFC,0xB01,0xB0A,
0xB0A,0xB0F,0xB19,0xB1C,0xB1A,0xB1D,
0xB23,0xB21,0xB1B,0xB1F,0xB28,0xB2A,
0xB2D,0xB2C,0xB2E,0xB32,0xB33,0xB35,
0xB3D,0xB47,0xB44,0xB3C,0xB3A,0xB3A,
0xB3A,0xB37,0xB39,0xB3B,0xB30,0xB2C,
0xB29,0xB1E,0xB1E,0xB1F,0xB1A,0xB1C,
0xB1F,0xB20,0xB22,0xB29,0xB28,0xB21,
0xB22,0xB24,0xB1F,0xB1D,0xB20,0xB23,
0xB24,0xB23,0xB2A,0xB2F,0xB2D,0xB2E,
0xB2B,0xB28,0xB27,0xB23,0xB23,0xB29,
0xB29,0xB24,0xB25,0xB2C,0xB2F,0xB2D,
0xB2E,0xB31,0xB27,0xB1C,0xB24,0xB28,
0xB20,0xB20,0xB25,0xB27,0xB29,0xB2A,
0xB2C,0xB2E,0xB2B,0xB26,0xB24,0xB24,
0xB20,0xB17,0xB15,0xB1A,0xB17,0xB10,
0xB11,0xB14,0xB0D,0xB0A,0xB0C,0xB0D,
0xB07,0xAFF,0xAFD,0xB03,0xB02,0xAFE,
0xAFC,0xAFB,0xAFE,0xAFE,0xAFA,0xAFD,
0xB07,0xB0A,0xB0A,0xB10,0xB17,0xB1A,
0xB1B,0xB1F,0xB21,0xB1F,0xB1E,0xB22,
0xB22,0xB20,0xB26,0xB2E,0xB31,0xB36,
0xB35,0xB30,0xB35,0xB36,0xB30,0xB30,
0xB2E,0xB2B,0xB2D,0xB2C,0xB2B,0xB2E,
0xB2C,0xB26,0xB1E,0xB18,0xB1A,0xB17,
0xB15,0xB16,0xB13,0xB11,0xB19,0xB1A,
0xB17,0xB1B,0xB1B,0xB19,0xB1A,0xB16,
0xB11,0xB14,0xB10,0xB07,0xB08,0xB0A,
0xB02,0xAF9,0xAF2,0xAF5,0xAF9,0xAE9,
0xADF,0xAE5,0xAE7,0xAE1,0xAE1,0xAE1,
0xAE1,0xADC,0xAD5,0xAD8,0xADF,0xAE3,
0xAE6,0xAE6,0xAE6,0xAE7,0xAE3,0xAE5,
0xAEF,0xAEF,0xAE9,0xAED,0xAF5,0xAF2,
0xAF0,0xAEA,0xAE8,0xAEB,0xAE6,0xADD,
0xADE,0xAE9,0xAEF,0xAE8,0xADD,0xADE,
0xADC,0xAD7,0xADD,0xADF,0xADC,0xAE0,
0xADD,0xADC,0xAE3,0xAE7,0xAEC,0xAF2,
0xAF5,0xAFD,0xAFF,0xAFB,0xB02,0xB02,
0xAFF,0xB05,0xB0B,0xB0D,0xB0F,0xB0A,
0xB09,0xB0A,0xB09,0xB01,0xAFC,0xAFC,
0xAF9,0xAF3,0xAF5,0xAFA,0xAF6,0xAEF,
0xAEE,0xAF2,0xAF7,0xAF4,0xAEC,0xAF1,
0xAF8,0xAF5,0xAF6,0xAFE,0xB02,0xB03,
0xB07,0xB0A,0xB0F,0xB14,0xB13,0xB16,
0xB1E,0xB1C,0xB1C,0xB23,0xB26,0xB24,
0xB27,0xB28,0xB26,0xB24,0xB22,0xB23,
0xB2A,0xB2F,0xB2D,0xB2E,0xB31,0xB33,
0xB31,0xB34,0xB3D,0xB3D,0xB3D,0xB47,
0xB47,0xB40,0xB47,0xB45,0xB42,0xB4C,
0xB4C,0xB42,0xB3F,0xB3E,0xB41,0xB42,
0xB3E,0xB3B,0xB37,0xB32,0xB31,0xB2B,
0xB24,0xB1D,0xB13,0xB0D,0xB0F,0xB0D,
0xB0B,0xB10,0xB10,0xB0E,0xB0A,0xB09,
0xB10,0xB11,0xB09,0xB0F,0xB1A,0xB19,
0xB17,0xB1A,0xB16,0xB19,0xB20,0xB1C,
0xB16,0xB1A,0xB1D,0xB1E,0xB19,0xB11,
0xB14,0xB18,0xB11,0xB0E,0xB12,0xB17,
0xB11,0xB06,0xB06,0xB0D,0xB0C,0xB07,
0xB05,0xB06,0xB06,0xB03,0xAFE,0xB01,
0xB09,0xB0B,0xB0C,0xB0E,0xB0B,0xB0D,
0xB10,0xB0E,0xB0D,0xB0D,0xB0B,0xB0C,
0xB0B,0xB01,0xB00,0xB06,0xB07,0xB09,
0xB08,0xB04,0xB06,0xB0A,0xB0B,0xB09,
0xB09,0xB0D,0xB11,0xB12,0xB12,0xB12,
0xB15,0xB1E,0xB1E,0xB19,0xB1A,0xB22,
0xB22,0xB1E,0xB1F,0xB25,0xB29,0xB24,
0xB1E,0xB25,0xB29,0xB24,0xB1F,0xB1B,
0xB19,0xB15,0xB10,0xB14,0xB15,0xB0A,
0xB08,0xB09,0xB06,0xB07,0xB0A,0xB07,
0xB01,0xAFF,0xB03,0xB08,0xB02,0xAFF,
0xB06,0xB0D,0xB11,0xB11,0xB0E,0xB10,
0xB12,0xB13,0xB13,0xB18,0xB1B,0xB17,
0xB15,0xB19,0xB17,0xB12,0xB10,0xB13,
0xB15,0xB14,0xB12,0xB16,0xB16,0xB0F,
0xB0C,0xB14,0xB1A,0xB1D,0xB1D,0xB1A,
0xB17,0xB19,0xB18,0xB13,0xB14,0xB18,
0xB18,0xB16,0xB19,0xB1B,0xB17,0xB12,
0xB13,0xB18,0xB17,0xB14,0xB17,0xB16,
0xB12,0xB10,0xB0C,0xB08,0xB0B,0xB10,
0xB0C,0xB12,0xB17,0xB10,0xB0C,0xB13,
0xB14,0xB12,0xB19,0xB1D,0xB1A,0xB1C,
0xB1C,0xB1E,0xB1E,0xB18,0xB11,0xB16,
0xB20,0xB1E,0xB18,0xB1A,0xB20,0xB20,
0xB1F,0xB23,0xB23,0xB24,0xB28,0xB21,
0xB1C,0xB21,0xB20,0xB19,0xB18,0xB1D,
0xB1F,0xB19,0xB15,0xB15,0xB12,0xB11,
0xB12,0xB0F,0xB0E,0xB0B,0xB05,0xB0E,
0xB17,0xB10,0xB0D,0xB13,0xB13,0xB12,
0xB15,0xB16,0xB14,0xB12,0xB10,0xB15,
0xB16,0xB13,0xB0F,0xB0E,0xB10,0xB14,
0xB0F,0xB0B,0xB0B,0xB0E,0xB0B,0xB05,
0xB03,0xAFF,0xAFC,0xAF7,0xAF4,0xAF5,
0xAF9,0xAFC,0xAF9,0xAF8,0xAFF,0xB03,
0xB03,0xB05,0xB02,0xB02,0xB03,0xB09,
0xB0E,0xB09,0xB0E,0xB15,0xB13,0xB0E,
0xB0D,0xB0D,0xB0C,0xB0A,0xB0A,0xB0A,
0xB0E,0xB0A,0xB05,0xB08,0xB0B,0xB0B,
0xB03,0xAFE,0xB05,0xB0A,0xB0F,0xB14,
0xB13,0xB12,0xB15,0xB19,0xB1D,0xB1E,
0xB1A,0xB17,0xB1D,0xB24,0xB22,0xB21,
0xB1E,0xB1F,0xB24,0xB24,0xB1D,0xB18,
0xB1E,0xB21,0xB17,0xB10,0xB15,0xB19,
0xB11,0xB07,0xB09,0xB0C,0xB07,0xAFB,
0xAF9,0xAFB,0xAF6,0xAEF,0xAEF,0xAF4,
0xAF6,0xAF7,0xAF7,0xAFA,0xAFF,0xB03,
0xB04,0xB05,0xB00,0xB05,0xB0C,0xB0E,
0xB0D,0xB08,0xB07,0xB0D,0xB0E,0xB0E,
0xB10,0xB0D,0xB07,0xB07,0xB0A,0xB08,
0xB06,0xB0C,0xB0F,0xB11,0xB0B,0xB06,
0xB0A,0xB0D,0xB0A,0xB08,0xB0C,0xB16,
0xB1A,0xB17,0xB1A,0xB23,0xB29,0xB24,
0xB25,0xB25,0xB26,0xB28,0xB26,0xB29,
0xB2C,0xB25,0xB22,0xB27,0xB23,0xB17,
0xB0E,0xB14,0xB12,0xB05,0xB01,0xB02,
0xAFF,0xAF9,0xAF7,0xAF6,0xAFA,0xAF6,
0xAED,0xAF1,0xB03,0xB09,0xB06,0xB04,
0xB10,0xB1E,0xB1E,0xB20,0xB22,0xB23,
0xB23,0xB28,0xB26,0xB23,0xB27,0xB2B,
0xB2A,0xB28,0xB26,0xB25,0xB27,0xB25,
0xB24,0xB1E,0xB1F,0xB21,0xB23,0xB20,
0xB26,0xB28,0xB23,0xB24,0xB27,0xB2A,
0xB2E,0xB2F,0xB25,0xB2C,0xB33,0xB32,
0xB2A,0xB30,0xB36,0xB32,0xB31,0xB35,
0xB38,0xB32,0xB2E,0xB2F,0xB2F,0xB2A,
0xB29,0xB20,0xB1B,0xB18,0xB14,0xB13,
0xB0F,0xB08,0xB04,0xB05,0xB01,0xB02,
0xB03,0xB03,0xB02,0xB05,0xB04,0xB07,
0xB09,0xB06,0xB07,0xB07,0xB09,0xB0F,
0xB10,0xB09,0xB0C,0xB12,0xB12,0xB14,
0xB18,0xB19,0xB12,0xB0C,0xB11,0xB13,
0xB0D,0xB06,0xB03,0xB01,0xAFD,0xAF9,
0xAFA,0xAFC,0xAF8,0xAF0,0xAF3,0xAF7,
0xAF6,0xAF9,0xAFD,0xAFE,0xB01,0xB02,
0xB05,0xB04,0xB02,0xB06,0xB05,0xB08,
0xB0B,0xB06,0xB06,0xB04,0xB04,0xB0B,
0xB0A,0xAFD,0xAF9,0xAFD,0xAFA,0xAF1,
0xAF4,0xAF6,0xAF2,0xAF3,0xAF8,0xAFA,
0xAF7,0xAFA,0xAFD,0xAFD,0xAFF,0xB01,
0xB03,0xB09,0xB0B,0xB0F,0xB0F,0xB11,
0xB19,0xB1A,0xB1E,0xB1E,0xB19,0xB16,
0xB14,0xB12,0xB16,0xB19,0xB17,0xB13,
0xB12,0xB12,0xB0D,0xB0E,0xB0F,0xB0C,
0xB05,0xB06,0xB0D,0xB0B,0xB07,0xB08,
0xB0D,0xB0D,0xB11,0xB13,0xB15,0xB17,
0xB17,0xB16,0xB1E,0xB29,0xB28,0xB20,
0xB22,0xB2A,0xB25,0xB24,0xB25,0xB28,
0xB26,0xB25,0xB26,0xB2A,0xB2C,0xB2A,
0xB28,0xB2B,0xB2B,0xB28,0xB29,0xB2A,
0xB2B,0xB21,0xB20,0xB2B,0xB2A,0xB23,
0xB1F,0xB23,0xB26,0xB1F,0xB1D,0xB20,
0xB1F,0xB1D,0xB1B,0xB21,0xB26,0xB1F,
0xB1B,0xB1F,0xB25,0xB24,0xB1F,0xB1C,
0xB1D,0xB1F,0xB1E,0xB1F,0xB23,0xB21,
0xB1F,0xB1C,0xB16,0xB17,0xB14,0xB0E,
0xB0F,0xB0C,0xB07,0xB07,0xB09,0xB08,
0xB07,0xB08,0xB09,0xB03,0xAFF,0xAFB,
0xAFA,0xAF9,0xAF8,0xAF8,0xAFA,0xAF9,
0xAF8,0xAFC,0xAFD,0xAFC,0xB00,0xB00,
0xAFC,0xAFC,0xAFA,0xAFF,0xB00,0xAF8,
0xAFB,0xB03,0xAFD,0xAF9,0xAFF,0xB02,
0xB01,0xAFD,0xAFF,0xB05,0xB02,0xAFB,
0xAFD,0xAFE,0xAFD,0xAFC,0xAFC,0xB02,
0xB07,0xB0A,0xB0C,0xB0C,0xB08,0xB0A,
0xB12,0xB15,0xB17,0xB18,0xB17,0xB14,
0xB14,0xB0F,0xB0C,0xB0A,0xB09,0xB07,
0xB01,0xAFA,0xAF8,0xAF7,0xAF3,0xAEF,
0xAEE,0xAEC,0xAE9,0xAEA,0xAE7,0xAE7,
0xAE9,0xAEF,0xAF5,0xAF6,0xAF9,0xAFF,
0xB06,0xB09,0xB0E,0xB11,0xB15,0xB1A,
0xB1F,0xB23,0xB28,0xB25,0xB23,0xB27,
0xB23,0xB20,0xB21,0xB21,0xB1E,0xB1B,
0xB1A,0xB1C,0xB19,0xB18,0xB18,0xB18,
0xB18,0xB15,0xB12,0xB16,0xB1F,0xB20,
0xB20,0xB21,0xB23,0xB26,0xB2B,0xB2A,
0xB2C,0xB2B,0xB29,0xB2D,0xB30,0xB2E,
0xB2A,0xB2C,0xB2E,0xB2B,0xB25,0xB21,
0xB1F,0xB1C,0xB19,0xB18,0xB13,0xB10,
0xB12,0xB0F,0xB13,0xB11,0xB0E,0xB11,
0xB1A,0xB19,0xB12,0xB19,0xB23,0xB22,
0xB23,0xB29,0xB2E,0xB32,0xB2E,0xB32,
0xB35,0xB37,0xB35,0xB32,0xB34,0xB2F,
0xB26,0xB24,0xB27,0xB25,0xB1F,0xB1B,
0xB17,0xB13,0xB13,0xB0D,0xB0A,0xB0E,
0xB0A,0xB07,0xB0A,0xB0E,0xB10,0xB0D,
0xB0E,0xB17,0xB18,0xB14,0xB15,0xB18,
0xB1B,0xB1B,0xB17,0xB12,0xB18,0xB19,
0xB12,0xB12,0xB11,0xB0B,0xB08,0xB07,
0xB04,0xB04,0xB04,0xAFE,0xAFD,0xB01,
0xAFD,0xAF8,0xAFA,0xB00,0xB06,0xB09,
0xB08,0xB0B,0xB0F,0xB14,0xB16,0xB19,
0xB21,0xB28,0xB26,0xB29,0xB30,0xB31,
0xB2E,0xB2E,0xB2F,0xB37,0xB38,0xB2D,
0xB31,0xB35,0xB2D,0xB29,0xB29,0xB29,
0xB26,0xB23,0xB24,0xB28,0xB23,0xB22,
0xB28,0xB28,0xB29,0xB2F,0xB2A,0xB2A,
0xB2F,0xB29,0xB2B,0xB32,0xB31,0xB2E,
0xB2E,0xB30,0xB36,0xB34,0xB2F,0xB2B,
0xB2B,0xB2B,0xB2A,0xB26,0xB25,0xB2A,
0xB26,0xB21,0xB24,0xB21,0xB1C,0xB1D,
0xB1B,0xB16,0xB14,0xB15,0xB14,0xB10,
0xB0C,0xB0C,0xB0D,0xB09,0xB06,0xB06,
0xB03,0xB03,0xB02,0xB01,0xB04,0xB00,
0xAFA,0xAFE,0xB05,0xB03,0xAFE,0xAFD,
0xAFC,0xAFE,0xAFC,0xAF8,0xAF4,0xAF1,
0xAF0,0xAED,0xAEA,0xAEA,0xAE5,0xADD,
0xAE0,0xAE3,0xAE2,0xAE2,0xAE4,0xAE4,
0xAE7,0xAE9,0xAEA,0xAF1,0xAF2,0xAEC,
0xAEE,0xAFA,0xAFD,0xAFB,0xAFC,0xB02,
0xB02,0xAFE,0xB04,0xB0B,0xB06,0xB05,
0xB09,0xB05,0xB06,0xB08,0xB05,0xB02,
0xB07,0xB08,0xB04,0xB03,0xB00,0xAFB,
0xAFD,0xB01,0xB00,0xB02,0xB05,0xB03,
0xB00,0xB07,0xB0B,0xB03,0xB05,0xB10,
0xB10,0xB0C,0xB10,0xB11,0xB0E,0xB12,
0xB15,0xB13,0xB13,0xB12,0xB0D,0xB0C,
0xB0E,0xB09,0xB06,0xB07,0xB05,0xB04,
0xAFF,0xAFC,0xAFA,0xAF7,0xAF1,0xAEF,
0xAF0,0xAF2,0xAED,0xAE7,0xAEE,0xAF2,
0xAEC,0xAF1,0xAF7,0xAF5,0xAF7,0xAF8,
0xAF8,0xB02,0xB06,0xB02,0xB03,0xB08,
0xB0C,0xB11,0xB0C,0xB0A,0xB0A,0xB07,
0xB07,0xB09,0xB06,0xB03,0xB01,0xAFE,
0xB00,0xB05,0xB06,0xB03,0xB00,0xB00,
0xB03,0xB02,0xB06,0xB0C,0xB0D,0xB0E,
0xB13,0xB17,0xB18,0xB18,0xB1C,0xB25,
0xB2A,0xB25,0xB24,0xB27,0xB29,0xB2A,
0xB2C,0xB29,0xB2A,0xB2F,0xB2D,0xB27,
0xB27,0xB27,0xB22,0xB20,0xB20,0xB20,
0xB1F,0xB1C,0xB1C,0xB21,0xB1F,0xB20,
0xB22,0xB25,0xB27,0xB26,0xB24,0xB2B,
0xB2E,0xB2B,0xB2D,0xB30,0xB2C,0xB2F,
0xB2B,0xB23,0xB21,0xB20,0xB1E,0xB1D,
0xB16,0xB15,0xB16,0xB18,0xB19,0xB19,
0xB1A,0xB19,0xB16,0xB18,0xB1C,0xB17,
0xB12,0xB18,0xB1B,0xB1A,0xB19,0xB16,
0xB19,0xB1E,0xB19,0xB17,0xB1B,0xB1C,
0xB1A,0xB1A,0xB1B,0xB1A,0xB19,0xB1A,
0xB1C,0xB20,0xB20,0xB1D,0xB1B,0xB1B,
0xB1A,0xB19,0xB18,0xB16,0xB14,0xB0F,
0xB11,0xB14,0xB14,0xB11,0xB10,0xB13,
0xB15,0xB11,0xB0D,0xB0D,0xB10,0xB0E,
0xB0F,0xB12,0xB0F,0xB0C,0xB0C,0xB0C,
0xB0E,0xB13,0xB13,0xB0F,0xB0D,0xB10,
0xB12,0xB13,0xB13,0xB17,0xB1E,0xB22,
0xB22,0xB21,0xB23,0xB27,0xB2A,0xB2A,
0xB2A,0xB27,0xB28,0xB2A,0xB26,0xB26,
0xB27,0xB21,0xB1E,0xB20,0xB22,0xB22,
0xB22,0xB1C,0xB1C,0xB24,0xB22,0xB1D,
0xB1F,0xB1D,0xB1D,0xB22,0xB22,0xB21,
0xB21,0xB21,0xB25,0xB27,0xB29,0xB2B,
0xB28,0xB28,0xB2B,0xB29,0xB28,0xB2C,
0xB29,0xB26,0xB28,0xB28,0xB22,0xB21,
0xB23,0xB22,0xB1F,0xB20,0xB20,0xB1E,
0xB20,0xB22,0xB1C,0xB1C,0xB1F,0xB1E,
0xB20,0xB22,0xB20,0xB1D,0xB1E,0xB21,
0xB1F,0xB1D,0xB19,0xB15,0xB14,0xB10,
0xB0D,0xB0A,0xB07,0xB06,0xAFF,0xAF8,
0xAF5,0xAF4,0xAF2,0xAF2,0xAF0,0xAEF,
0xAF1,0xAF2,0xAF2,0xAF5,0xAF9,0xAFC,
0xB01,0xB06,0xB08,0xB08,0xB08,0xB0C,
0xB0E,0xB11,0xB13,0xB13,0xB13,0xB17,
0xB14,0xB11,0xB13,0xB13,0xB12,0xB12,
0xB10,0xB0E,0xB0F,0xB10,0xB0C,0xB0C,
0xB0A,0xB0A,0xB0C,0xB0E,0xB0C,0xB08,
0xB05,0xB08,0xB0D,0xB09,0xB06,0xB0C,
0xB12,0xB14,0xB16,0xB15,0xB17,0xB15,
0xB0E,0xB11,0xB16,0xB12,0xB0A,0xB09,
0xB09,0xB07,0xB03,0xB00,0xAFD,0xAFA,
0xAF7,0xAF5,0xAF7,0xAF8,0xAF5,0xAEF,
0xAF3,0xAFB,0xAFC,0xAFC,0xB00,0xB02,
0xB03,0xB05,0xB06,0xB0A,0xB0B,0xB0C,
0xB0D,0xB0E,0xB12,0xB12,0xB11,0xB0F,
0xB0E,0xB0B,0xB09,0xB0D,0xB0F,0xB0C,
0xB0A,0xB09,0xB06,0xB05,0xB02,0xB00,
0xAFE,0xAFC,0xAFD,0xAFC,0xAFA,0xAFB,
0xAFB,0xAFD,0xAF9,0xAFB,0xB01,0xB07,
0xB07,0xB06,0xB09,0xB0C,0xB10,0xB10,
0xB0C,0xB12,0xB14,0xB0F,0xB10,0xB11,
0xB10,0xB0C,0xB0B,0xB0D,0xB0D,0xB0B,
0xB0E,0xB12,0xB0F,0xB0D,0xB0E,0xB0F,
0xB11,0xB13,0xB11,0xB12,0xB12,0xB11,
0xB10,0xB10,0xB0F,0xB0E,0xB09,0xB09,
0xB0B,0xB08,0xB05,0xB07,0xB0A,0xB09,
0xB08,0xB07,0xB08,0xB08,0xB04,0xB06,
0xB0B,0xB09,0xB07,0xB0A,0xB0C,0xB0D,
0xB0D,0xB0A,0xB0A,0xB0E,0xB0E,0xB0A,
0xB0A,0xB0D,0xB0B,0xB09,0xB0B,0xB0E,
0xB0E,0xB0E,0xB0F,0xB10,0xB12,0xB14,
0xB15,0xB13,0xB12,0xB13,0xB14,0xB16,
0xB19,0xB18,0xB17,0xB1A,0xB1C,0xB1F,
0xB24,0xB22,0xB1D,0xB22,0xB26,0xB21,
0xB20,0xB1F,0xB1E,0xB1E,0xB1B,0xB18,
0xB19,0xB1A,0xB17,0xB13,0xB13,0xB12,
0xB13,0xB11,0xB12,0xB18,0xB16,0xB13,
0xB14,0xB13,0xB13,0xB15,0xB17,0xB17,
0xB19,0xB19,0xB1B,0xB1C,0xB1A,0xB17,
0xB19,0xB18,0xB19,0xB18,0xB17,0xB19,
0xB18,0xB16,0xB18,0xB16,0xB15,0xB15,
0xB14,0xB14,0xB15,0xB16,0xB11,0xB0F,
0xB11,0xB0E,0xB0C,0xB0F,0xB11,0xB12,
0xB13,0xB13,0xB11,0xB0F,0xB10,0xB12,
0xB10,0xB10,0xB10,0xB0F,0xB11,0xB13,
0xB0E,0xB0E,0xB12,0xB10,0xB12,0xB16,
0xB15,0xB12,0xB14,0xB15,0xB17,0xB18,
0xB17,0xB16,0xB1A,0xB1D,0xB1D,0xB1E,
0xB21,0xB22,0xB1F,0xB21,0xB22,0xB1E,
0xB1D,0xB1E,0xB19,0xB15,0xB13,0xB10,
0xB0C,0xB0A,0xB0B,0xB0D,0xB11,0xB13,
0xB0C,0xB08,0xB0A,0xB10,0xB12,0xB16,
0xB17,0xB13,0xB16,0xB20,0xB21,0xB1F,
0xB21,0xB21,0xB22,0xB21,0xB1D,0xB19,
0xB18,0xB19,0xB18,0xB16,0xB19,0xB19,
0xB14,0xB11,0xB15,0xB17,0xB13,0xB11,
0xB0E,0xB0D,0xB11,0xB11,0xB10,0xB0E,
0xB0A,0xB08,0xB0F,0xB11,0xB0C,0xB09,
0xB0F,0xB15,0xB15,0xB14,0xB17,0xB15,
0xB15,0xB1B,0xB1C,0xB1A,0xB19,0xB15,
0xB14,0xB14,0xB10,0xB0C,0xB0C,0xB0D,
0xB08,0xB08,0xB09,0xB05,0xAFE,0xAFE,
0xB04,0xB07,0xB05,0xB05,0xB06,0xB0B,
0xB0D,0xB0A,0xB09,0xB0D,0xB0D,0xB0F,
0xB16,0xB19,0xB1A,0xB1A,0xB1A,0xB1C,
0xB1D,0xB1C,0xB1F,0xB22,0xB23,0xB23,
0xB22,0xB20,0xB1E,0xB1D,0xB1F,0xB1E,
0xB1D,0xB1A,0xB19,0xB19,0xB17,0xB12,
0xB11,0xB0F,0xB0D,0xB07,0xB06,0xB07,
0xB07,0xB06,0xB05,0xB09,0xB05,0xB00,
0xB01,0xB03,0xB06,0xB08,0xB08,0xB0B,
0xB0F,0xB0E,0xB0F,0xB0D,0xB0B,0xB0E,
0xB0F,0xB0D,0xB09,0xB0B,0xB0F,0xB12,
0xB12,0xB14,0xB16,0xB10,0xB0C,0xB0C,
0xB0C,0xB10,0xB11,0xB0B,0xB10,0xB15,
0xB11,0xB0D,0xB0D,0xB0D,0xB0C,0xB0D,
0xB10,0xB10,0xB10,0xB10,0xB11,0xB12,
0xB12,0xB15,0xB17,0xB17,0xB16,0xB15,
0xB18,0xB1C,0xB19,0xB15,0xB14,0xB17,
0xB18,0xB17,0xB14,0xB16,0xB18,0xB17,
0xB1B,0xB1B,0xB17,0xB18,0xB1A,0xB1D,
0xB21,0xB20,0xB1E,0xB1C,0xB1C,0xB1B,
0xB1A,0xB1C,0xB1A,0xB1D,0xB20,0xB20,
0xB20,0xB1E,0xB20,0xB21,0xB1E,0xB1F,
0xB1D,0xB1B,0xB1E,0xB1E,0xB1C,0xB18,
0xB13,0xB0E,0xB11,0xB14,0xB11,0xB0B,
0xB0B,0xB0B,0xB0C,0xB0A,0xB08,0xB09,
0xB0C,0xB0D,0xB0E,0xB10,0xB15,0xB13,
0xB12,0xB1A,0xB1E,0xB1D,0xB1E,0xB1B,
0xB18,0xB1B,0xB1A,0xB11,0xB0D,0xB0F,
0xB10,0xB11,0xB0D,0xB08,0xB06,0xB06,
0xB0C,0xB0C,0xB07,0xB08,0xB0C,0xB0E,
0xB0C,0xB0A,0xB0B,0xB0F,0xB14,0xB15,
0xB12,0xB14,0xB13,0xB12,0xB12,0xB16,
0xB17,0xB0D,0xB08,0xB0F,0xB11,0xB10,
0xB0C,0xB09,0xB08,0xB09,0xB09,0xB04,
0xB00,0xAFF,0xB01,0xB04,0xB04,0xB07,
0xB09,0xB07,0xB06,0xB06,0xB09,0xB0D,
0xB0C,0xB0E,0xB12,0xB12,0xB13,0xB17,
0xB19,0xB18,0xB18,0xB19,0xB18,0xB17,
0xB12,0xB0B,0xB0D,0xB10,0xB12,0xB0E,
0xB08,0xB06,0xB02,0xAFE,0xAFE,0xAFB,
0xAF7,0xAFB,0xB00,0xB04,0xB07,0xB08,
0xB0B,0xB12,0xB17,0xB18,0xB1A,0xB1E,
0xB1E,0xB1E,0xB20,0xB22,0xB1F,0xB16,
0xB10,0xB11,0xB0F,0xB09,0xB08,0xB06,
0xB05,0xB03,0xAFC,0xAF9,0xAF9,0xAF4,
0xAF2,0xAF4,0xAF4,0xAF3,0xAF4,0xAF9,
0xAF9,0xAF6,0xAFA,0xB01,0xB04,0xB07,
0xB0B,0xB0C,0xB0C,0xB0E,0xB12,0xB14,
0xB15,0xB13,0xB11,0xB14,0xB14,0xB13,
0xB0F,0xB0C,0xB0F,0xB0F,0xB0C,0xB08,
0xB04,0xB03,0xB05,0xB06,0xB04,0xB04,
0xB05,0xB0B,0xB11,0xB13,0xB12,0xB13,
0xB17,0xB1A,0xB1D,0xB22,0xB20,0xB24,
0xB2A,0xB2C,0xB29,0xB28,0xB2A,0xB2E,
0xB2F,0xB2B,0xB24,0xB25,0xB28,0xB27,
0xB25,0xB22,0xB23,0xB24,0xB23,0xB20,
0xB1D,0xB1D,0xB20,0xB26,0xB28,0xB25,
0xB28,0xB2E,0xB30,0xB30,0xB2A,0xB27,
0xB29,0xB29,0xB29,0xB24,0xB24,0xB29,
0xB2B,0xB28,0xB23,0xB1C,0xB19,0xB1A,
0xB1A,0xB12,0xB0D,0xB0E,0xB0E,0xB0F,
0xB0A,0xB0A,0xB0F,0xB11,0xB10,0xB14,
0xB16,0xB17,0xB18,0xB1B,0xB23,0xB29,
0xB29,0xB28,0xB2D,0xB2E,0xB28,0xB26,
0xB29,0xB29,0xB24,0xB1D,0xB1C,0xB1E,
0xB1C,0xB17,0xB13,0xB11,0xB0C,0xB06,
0xB07,0xB05,0xB01,0xAFF,0xB00,0xB02,
0xB04,0xB06,0xB07,0xB08,0xB08,0xB07,
0xB0B,0xB0F,0xB0B,0xB09,0xB0B,0xB0D,
0xB0D,0xB0B,0xB08,0xB08,0xB0B,0xB0D,
0xB0A,0xB07,0xB05,0xB03,0xB04,0xB03,
0xB01,0xAFE,0xAFD,0xB01,0xB05,0xB09,
0xB0D,0xB0C,0xB0D,0xB10,0xB13,0xB14,
0xB11,0xB10,0xB17,0xB1D,0xB1E,0xB1E,
0xB1F,0xB20,0xB1F,0xB1D,0xB1E,0xB20,
0xB20,0xB1B,0xB1B,0xB1E,0xB1F,0xB1D,
0xB19,0xB1A,0xB1D,0xB1B,0xB1A,0xB1B,
0xB1C,0xB20,0xB1F,0xB19,0xB17,0xB13,
0xB12,0xB17,0xB1A,0xB18,0xB18,0xB17,
0xB15,0xB18,0xB1B,0xB19,0xB15,0xB13,
0xB13,0xB10,0xB0E,0xB0D,0xB0D,0xB0A,
0xB04,0xB02,0xB02,0xB04,0xB01,0xAFC,
0xAFD,0xB00,0xB02,0xB02,0xAFE,0xAF8,
0xAFB,0xB00,0xB01,0xAFE,0xAFA,0xAF8,
0xAF8,0xAFD,0xAFF,0xAFF,0xB01,0xB03,
0xB05,0xB03,0xAFE,0xAFC,0xAFE,0xB02,
0xB03,0xB01,0xB01,0xB01,0xB02,0xB02,
0xAFF,0xAFB,0xAFC,0xAFD,0xAFD,0xB00,
0xB05,0xB05,0xB05,0xB05,0xB05,0xB04,
0xB04,0xB03,0xB00,0xB00,0xB00,0xB00,
0xB00,0xB02,0xB01,0xB06,0xB09,0xB09,
0xB0A,0xB0A,0xB0B,0xB0C,0xB0C,0xB0B,
0xB09,0xB08,0xB09,0xB09,0xB08,0xB09,
0xB0A,0xB0D,0xB11,0xB12,0xB12,0xB10,
0xB0F,0xB11,0xB14,0xB14,0xB14,0xB12,
0xB13,0xB16,0xB19,0xB1C,0xB1F,0xB20,
0xB1F,0xB20,0xB22,0xB24,0xB23,0xB22,
0xB1D,0xB1C,0xB1D,0xB21,0xB22,0xB1F,
0xB1E,0xB1F,0xB1E,0xB1F,0xB1F,0xB1C,
0xB1B,0xB1A,0xB1A,0xB1B,0xB1A,0xB18,
0xB1C,0xB20,0xB1F,0xB1F,0xB20,0xB1F,
0xB1B,0xB19,0xB19,0xB1C,0xB19,0xB18,
0xB1B,0xB1A,0xB19,0xB18,0xB1A,0xB1C,
0xB1C,0xB19,0xB1B,0xB1D,0xB1C,0xB1E,
0xB22,0xB23,0xB23,0xB24,0xB24,0xB26,
0xB24,0xB23,0xB22,0xB21,0xB20,0xB21,
0xB22,0xB20,0xB1E,0xB1E,0xB20,0xB20,
0xB20,0xB1F,0xB1F,0xB1D,0xB19,0xB17,
0xB18,0xB1A,0xB1C,0xB1F,0xB1F,0xB20,
0xB22,0xB1F,0xB20,0xB22,0xB21,0xB21,
0xB20,0xB21,0xB20,0xB1E,0xB1E,0xB1E,
0xB1C,0xB1C,0xB1D,0xB1C,0xB1B,0xB1B,
0xB1A,0xB16,0xB19,0xB1D,0xB1B,0xB19,
0xB19,0xB19,0xB19,0xB18,0xB1A,0xB1C,
0xB1C,0xB1C,0xB18,0xB17,0xB1A,0xB1B,
0xB17,0xB13,0xB12,0xB12,0xB11,0xB10,
0xB0E,0xB0D,0xB0C,0xB0A,0xB08,0xB05,
0xB01,0xB00,0xB02,0xB04,0xAFF,0xAFB,
0xAFC,0xAFD,0xAFA,0xAFA,0xAF9,0xAFA,
0xAFA,0xAF8,0xAF8,0xAFD,0xAFF,0xAFF,
0xAFD,0xAFD,0xAFA,0xAF6,0xAF6,0xAF7,
0xAF7,0xAF8,0xAF9,0xAFA,0xAFA,0xAFA,
0xAFA,0xAFE,0xAFF,0xAFC,0xAFD,0xAFF,
0xAFD,0xAFB,0xAFE,0xB01,0xB00,0xB01,
0xB03,0xB05,0xB09,0xB0B,0xB0A,0xB0A,
0xB0B,0xB0B,0xB0C,0xB0E,0xB0E,0xB0F,
0xB0D,0xB0C,0xB0E,0xB13,0xB14,0xB16,
0xB19,0xB1A,0xB19,0xB19,0xB19,0xB19,
0xB1A,0xB1A,0xB19,0xB14,0xB14,0xB14,
0xB12,0xB13,0xB15,0xB13,0xB13,0xB14,
0xB14,0xB18,0xB1D,0xB1D,0xB1B,0xB1B,
0xB1E,0xB20,0xB22,0xB22,0xB20,0xB21,
0xB24,0xB27,0xB29,0xB27,0xB26,0xB23,
0xB21,0xB23,0xB22,0xB20,0xB1E,0xB1C,
0xB1D,0xB1F,0xB1E,0xB1D,0xB1E,0xB1D,
0xB1C,0xB1E,0xB1D,0xB1F,0xB1E,0xB1D,
0xB1D,0xB1E,0xB1E,0xB20,0xB20,0xB1F,
0xB1D,0xB1B,0xB1B,0xB1E,0xB1F,0xB1D,
0xB19,0xB17,0xB1C,0xB21,0xB1D,0xB18,
0xB16,0xB12,0xB12,0xB13,0xB13,0xB11,
0xB0B,0xB07,0xB09,0xB0B,0xB07,0xB01,
0xAFF,0xB00,0xB03,0xB09,0xB0E,0xB0F,
0xB0B,0xB0A,0xB0D,0xB0E,0xB0C,0xB09,
0xB09,0xB0A,0xB0B,0xB0C,0xB0D,0xB0C,
0xB06,0xB02,0xB03,0xB04,0xB02,0xAFF,
0xAFC,0xAFB,0xAFA,0xAFB,0xAFC,0xAFA,
0xAF8,0xAF9,0xAFD,0xAFF,0xAFE,0xB00,
0xB03,0xB08,0xB0C,0xB0F,0xB0F,0xB0D,
0xB0B,0xB0D,0xB0C,0xB0B,0xB0C,0xB0B,
0xB06,0xB03,0xB00,0xAFF,0xB01,0xB01,
0xAFD,0xAFB,0xAFE,0xB02,0xB04,0xB04,
0xB03,0xB01,0xB03,0xB07,0xB08,0xB05,
0xB03,0xB05,0xB0C,0xB13,0xB14,0xB14,
0xB17,0xB1B,0xB1D,0xB1C,0xB1D,0xB1D,
0xB1A,0xB17,0xB17,0xB17,0xB13,0xB0E,
0xB10,0xB12,0xB12,0xB0E,0xB0B,0xB0D,
0xB0F,0xB0B,0xB06,0xB06,0xB0B,0xB0E,
0xB0C,0xB0B,0xB0B,0xB0A,0xB09,0xB09,
0xB0B,0xB0E,0xB0E,0xB0D,0xB0D,0xB0F,
0xB0D,0xB0A,0xB0A,0xB0B,0xB09,0xB07,
0xB08,0xB07,0xB04,0xB03,0xB04,0xB07,
0xB0B,0xB0A,0xB07,0xB07,0xB08,0xB0B,
0xB0D,0xB0F,0xB0E,0xB0E,0xB11,0xB13,
0xB15,0xB17,0xB17,0xB15,0xB19,0xB1E,
0xB1B,0xB14,0xB10,0xB13,0xB17,0xB18,
0xB11,0xB10,0xB14,0xB13,0xB10,0xB0F,
0xB0E,0xB0C,0xB0B,0xB0A,0xB0C,0xB0D,
0xB0A,0xB08,0xB0A,0xB0F,0xB11,0xB11,
0xB12,0xB12,0xB11,0xB11,0xB14,0xB17,
0xB1C,0xB1D,0xB1C,0xB1D,0xB1F,0xB1D,
0xB1B,0xB19,0xB17,0xB16,0xB16,0xB16,
0xB16,0xB15,0xB15,0xB14,0xB14,0xB16,
0xB17,0xB15,0xB15,0xB19,0xB1B,0xB1B,
0xB1C,0xB1B,0xB1D,0xB1F,0xB1F,0xB1E,
0xB1F,0xB20,0xB24,0xB28,0xB28,0xB27,
0xB28,0xB26,0xB25,0xB26,0xB24,0xB24,
0xB23,0xB20,0xB21,0xB1F,0xB1C,0xB17,
0xB16,0xB18,0xB19,0xB16,0xB17,0xB19,
0xB18,0xB15,0xB17,0xB19,0xB19,0xB17,
0xB13,0xB12,0xB16,0xB17,0xB15,0xB18,
0xB19,0xB18,0xB1A,0xB1E,0xB20,0xB20,
0xB1F,0xB22,0xB25,0xB25,0xB22,0xB1F,
0xB1C,0xB20,0xB22,0xB1E,0xB1C,0xB1F,
0xB1D,0xB1A,0xB19,0xB1A,0xB1A,0xB1A,
0xB18,0xB18,0xB1A,0xB19,0xB15,0xB13,
0xB16,0xB17,0xB15,0xB14,0xB16,0xB18,
0xB1A,0xB1C,0xB1B,0xB19,0xB1B,0xB1B,
0xB1B,0xB1C,0xB1E,0xB1F,0xB22,0xB24,
0xB25,0xB24,0xB23,0xB22,0xB22,0xB21,
0xB22,0xB23,0xB24,0xB24,0xB23,0xB24,
0xB24,0xB23,0xB22,0xB22,0xB24,0xB23,
0xB21,0xB1E,0xB1F,0xB20,0xB1C,0xB1C,
0xB1C,0xB1A,0xB18,0xB19,0xB16,0xB13,
0xB12,0xB11,0xB11,0xB11,0xB12,0xB12,
0xB11,0xB0C,0xB0A,0xB0B,0xB0F,0xB0D,
0xB0C,0xB0D,0xB0E,0xB0F,0xB13,0xB14,
0xB13,0xB10,0xB0D,0xB0B,0xB0B,0xB09,
0xB02,0xAFF,0xAFE,0xB00,0xB00,0xAFE,
0xAFE,0xAFE,0xAFD,0xAF9,0xAF9,0xAF7,
0xAF3,0xAEE,0xAEF,0xAF2,0xAF0,0xAED,
0xAEC,0xAF0,0xAF5,0xAF3,0xAEE,0xAEE,
0xAF2,0xAF0,0xAEE,0xAF1,0xAF3,0xAF1,
0xAF2,0xAF5,0xAF9,0xAFA,0xAFA,0xAFC,
0xB02,0xB06,0xB03,0xB00,0xAFF,0xAFF,
0xAFF,0xB01,0xB00,0xB00,0xB01,0xB03,
0xB02,0xB01,0xB01,0xB04,0xB05,0xB07,
0xB07,0xB06,0xB07,0xB08,0xB08,0xB0A,
0xB09,0xB09,0xB0B,0xB0A,0xB07,0xB06,
0xB0A,0xB0A,0xB0C,0xB0D,0xB0C,0xB0D,
0xB0C,0xB05,0xB03,0xB04,0xB03,0xB01,
0xAFF,0xAFE,0xAFF,0xB01,0xB03,0xB04,
0xB04,0xB04,0xB04,0xB03,0xB01,0xAFE,
0xAFC,0xAFC,0xAFF,0xAFE,0xAFF,0xB05,
0xB0A,0xB0F,0xB11,0xB13,0xB15,0xB17,
0xB18,0xB1A,0xB1C,0xB1B,0xB1A,0xB18,
0xB17,0xB19,0xB19,0xB19,0xB19,0xB16,
0xB14,0xB14,0xB15,0xB15,0xB19,0xB19,
0xB1A,0xB1B,0xB1C,0xB1D,0xB21,0xB24,
0xB27,0xB27,0xB29,0xB2A,0xB2A,0xB29,
0xB29,0xB2B,0xB2B,0xB2C,0xB2D,0xB2B,
0xB29,0xB26,0xB25,0xB28,0xB2A,0xB2A,
0xB28,0xB23,0xB21,0xB24,0xB25,0xB25,
0xB26,0xB27,0xB27,0xB26,0xB25,0xB26,
0xB25,0xB24,0xB26,0xB2A,0xB29,0xB24,
0xB23,0xB24,0xB24,0xB25,0xB22,0xB21,
0xB25,0xB26,0xB25,0xB25,0xB25,0xB27,
0xB27,0xB28,0xB2A,0xB26,0xB1F,0xB1A,
0xB19,0xB1A,0xB17,0xB12,0xB0F,0xB0F,
0xB0E,0xB0B,0xB07,0xB0A,0xB0D,0xB0C,
0xB0A,0xB0A,0xB0A,0xB08,0xB07,0xB09,
0xB0A,0xB07,0xB03,0xB03,0xB06,0xB06,
0xB03,0xB03,0xB04,0xB07,0xB08,0xB05,
0xB05,0xB08,0xB06,0xB00,0xAFF,0xB02,
0xB04,0xB01,0xB00,0xB01,0xB02,0xAFF,
0xAFE,0xAFE,0xAFE,0xAFB,0xAF6,0xAF6,
0xAF9,0xAFC,0xAFA,0xAFA,0xAFE,0xB00,
0xB01,0xB01,0xB01,0xB00,0xAFD,0xAF9,
0xAF9,0xAFA,0xAFB,0xAFB,0xAFB,0xAFB,
0xAFA,0xAF9,0xAF8,0xAF9,0xAFB,0xAF7,
0xAF5,0xAF8,0xAFC,0xAFC,0xAFA,0xAFA,
0xB01,0xB04,0xB02,0xB02,0xB05,0xB07,
0xB05,0xB04,0xB08,0xB0A,0xB0A,0xB06,
0xB03,0xB05,0xB09,0xB0A,0xB06,0xB07,
0xB07,0xB07,0xB08,0xB08,0xB0C,0xB10,
0xB10,0xB10,0xB12,0xB14,0xB12,0xB11,
0xB10,0xB11,0xB12,0xB10,0xB0F,0xB12,
0xB13,0xB14,0xB18,0xB1A,0xB1C,0xB1E,
0xB1E,0xB1C,0xB1F,0xB24,0xB24,0xB22,
0xB24,0xB26,0xB24,0xB24,0xB25,0xB24,
0xB1F,0xB1C,0xB1B,0xB1D,0xB1D,0xB18,
0xB14,0xB18,0xB1F,0xB21,0xB21,0xB1F,
0xB22,0xB24,0xB21,0xB1D,0xB1B,0xB1B,
0xB18,0xB16,0xB18,0xB1A,0xB19,0xB16,
0xB19,0xB1F,0xB23,0xB20,0xB1E,0xB20,
0xB24,0xB25,0xB21,0xB1F,0xB1C,0xB1B,
0xB1A,0xB19,0xB1C,0xB1E,0xB1C,0xB1B,
0xB1D,0xB1F,0xB1D,0xB1A,0xB18,0xB19,
0xB1B,0xB19,0xB16,0xB18,0xB1D,0xB1E,
0xB1B,0xB1E,0xB23,0xB23,0xB22,0xB23,
0xB26,0xB28,0xB27,0xB24,0xB22,0xB23,
0xB22,0xB1E,0xB1D,0xB1C,0xB1C,0xB1B,
0xB1E,0xB1E,0xB1F,0xB1B,0xB1C,0xB1E,
0xB1E,0xB1E,0xB1D,0xB1D,0xB1F,0xB1E,
0xB1B,0xB1B,0xB1F,0xB20,0xB1C,0xB1A,
0xB1C,0xB22,0xB23,0xB1D,0xB1B,0xB17,
0xB18,0xB1A,0xB1C,0xB1C,0xB1B,0xB17,
0xB19,0xB1E,0xB1E,0xB1D,0xB1B,0xB18,
0xB16,0xB12,0xB0D,0xB0D,0xB0E,0xB0A,
0xB06,0xB03,0xB05,0xB0B,0xB0E,0xB0B,
0xB08,0xB03,0xB04,0xB09,0xB08,0xB05,
0xB00,0xAFE,0xAFF,0xB03,0xB00,0xAF9,
0xAF7,0xAF9,0xAFD,0xAFC,0xAFB,0xAFC,
0xB00,0xB00,0xAFC,0xAFB,0xAFC,0xAFB,
0xAFB,0xAFC,0xAFE,0xAFE,0xAFF,0xAFF,
0xAFE,0xAFC,0xAFA,0xAF6,0xAF7,0xAFD,
0xB00,0xAFE,0xAFD,0xAFF,0xB00,0xB04,
0xB09,0xB0D,0xB11,0xB15,0xB13,0xB11,
0xB13,0xB1A,0xB1F,0xB1F,0xB1B,0xB19,
0xB1D,0xB23,0xB25,0xB24,0xB1F,0xB1C,
0xB1F,0xB24,0xB24,0xB21,0xB1E,0xB1F,
0xB24,0xB29,0xB27,0xB22,0xB23,0xB28,
0xB2C,0xB2E,0xB30,0xB30,0xB2F,0xB2B,
0xB2B,0xB32,0xB32,0xB2B,0xB28,0xB2D,
0xB2F,0xB2A,0xB21,0xB21,0xB28,0xB2D,
0xB2A,0xB25,0xB25,0xB26,0xB22,0xB1C,
0xB1B,0xB1D,0xB1B,0xB16,0xB15,0xB15,
0xB16,0xB15,0xB13,0xB11,0xB11,0xB12,
0xB12,0xB12,0xB12,0xB11,0xB12,0xB11,
0xB12,0xB12,0xB11,0xB12,0xB11,0xB12,
0xB12,0xB11,0xB12,0xB11,0xB12,0xB11,
0xB12,0xB11,0xB12,0xB11,0xB12,0xB12,
0xB11,0xB12,0xB12,0xB11,0xB12,0xB11,
0xB12,0xB11,0xB12,0xB12,0xB11,0xB12,
0xB11,0xB12,0xB11,0xB12,0xB12,0xB12,
0xB11,0xB12,0xB11,0xB12,0xB12,0xB12,
0xB12,0xB12,0xB12,0xB11,0xB12,0xB12,
0xB12,0xB12,0xB12,0xB12,0xB12,0xB12,
0xB12,0xB11,0xB12,0xB11,0xB12,0xB11,
0xB12,0xB11,0xB12,0xB11,0xB12,0xB11,
0xB12,0xB12,0xB12,0xB12,0xB12,0xB12,
0xB12,0xB12,0xB11,0xB12,0xB11,0xB12,
0xB11,0xB12,0xB11,0xB12,0xB12,0xB11,
0xB12,0xB12,0xB11,0xB12,0xB11,0xB12,
0xB12,0xB11,0xB12,0xB11,0xB12,0xB12,
0xB11,0xB12,0xB11,0xB12,0xB11,0xB12,
0xB12,0xB11,0xB12,0xB12,0xB12,0xB11,
0xB12,0xB11,0xB12,0xB12,0xB11,0xB12,
0xB11,0xB12,0xB12,0xB11,0xB12,0xB11,
0xB12,0xB12,0xB11,0xB12,0xB11,0xB12,
0xB12,0xB11,0xB12,0xB11,0xB12,0xB11,
0xB12,0xB11,0xB12,0xB11,0xB12,0xB11,
0xB12,0xB11,0xB12,0xB12,0xB12,0xB12,
0xB12,0xB12,0xB12,0xB12,0xB12,0xB11,
0xB12,0xB11,0xB12,0xB11,0xB11,0xB12,
0xB11,0xB12,0xB12,0xB11,0xB12,0xB11,
0xB12,0xB11,0xB12,0xB12,0xB11,0xB12,
0xB11,0xB12,0xB12,0xB11,0xB12,0xB11,
0xB12,0xB11,0xB12,0xB12,0xB12,0xB12,
0xB12,0xB11,0xB12,0xB11,0xB12,0xB11,
0xB12,0xB11,0xB12,0xB11,0xB12,0xB12,
0xB11,0xB12,0xB11,0xB12,0xB12,0xB11,
0xB12,0xB11,0xB12,0xB11,0xB11,0xB12,
0xB11,0xB12,0xB11,0xB11,0xB12,0xB11,
0xB12,0xB11,0xB12,0xB11,0xB12,0xB11,
0xB12,0xB11,0xB12,0xB12,0xB11,0xB12,
0xB12,0xB11,0xB12,0xB12,0xB12,0xB12,
0xB11,0xB12,0xB11,0xB12,0xB11,0xB12,
0xB11,0xB12,0xB11,0xB12,0xB11,0xB11,
0xB12,0xB11,0xB11,0xB12,0xB11,0xB12,
0xB12,0xB11,0xB12,0xB12,0xB11,0xB12,
0xB11,0xB12,0xB12,0xB12,0xB11,0xB12,
0xB12,0xB12,0xB12,0xB12,0xB12,0xB12,
0xB12,0xB11,0xB12,0xB11,0xB12,0xB11,
0xB11,0xB12,0xB11,0xB12,0xB11,0xB12,
0xB11,0xB12,0xB11,0xB12,0xB11,0xB12,
0xB12,0xB11,0xB12,0xB11,0xB12,0xB11,
0xB12,0xB12,0xB11,0xB12,0xB11,0xB12,
0xB11,0xB12,0xB11,0xB12,0xB11,0xB12,
0xB12,0xB11,0xB12,0xB11,0xB12,0xB11,
0xB12,0xB12,0xB12,0xB12,0xB12,0xB12,
0xB12,0xB12,0xB12,0xB12,0xB12,0xB12,
0xB12,0xB12,0xB12,0xB11,0xB12,0xB11,
0xB12,0xB11,0xB12,0xB11,0xB12,0xB11,
0xB12,0xB11,0xB11,0xB12,0xB11,0xB12,
0xB12,0xB11,0xB12,0xB11,0xB12,0xB11,
0xB12,0xB11,0xB12,0xB12,0xB11,0xB12,
0xB11,0xB11,0xB12,0xB11,0xB12,0xB12,
0xB11,0xB12,0xB11,0xB12,0xB12,0xB11,
0xB12,0xB11,0xB12,0xB11,0xB12,0xB11,
0xB12,0xB12,0xB11,0xB12,0xB12,0xB11,
0xB12,0xB11,0xB12,0xB12,0xB11,0xB12,
0xB11,0xB12,0xB11,0xB12,0xB11,0xB12,
0xB12,0xB11,0xB12,0xB12,0xB11,0xB12,
0xB11,0xB12,0xB11,0xB12,0xB12,0xB12,
0xB11,0xB12,0xB11,0xB12,0xB11,0xB12,
0xB12,0xB12,0xB12,0xB11,0xB12,0xB11,
0xB12,0xB11,0xB12,0xB11,0xB12,0xB11,
0xB12,0xB11,0xB12,0xB11,0xB12,0xB12,
0xB11,0xB12,0xB11,0xB12,0xB11,0xB12,
0xB11,0xB12,0xB11,0xB12,0xB11,0xB12,
0xB11,0xB12,0xB12,0xB11,0xB12,0xB11,
0xB12,0xB11,0xB12,0xB11,0xB12,0xB12,
0xB11,0xB12,0xB11,0xB12,0xB12,0xB12,
0xB12,0xB11,0xB12,0xB12,0xB12,0xB12,
0xB12,0xB12,0xB12,0xB12,0xB11,0xB12,
0xB11,0xB12,0xB12,0xB11,0xB12,0xB11,
0xB12,0xB12,0xB11,0xB12,0xB11,0xB12,
0xB11,0xB12,0xB12,0xB11,0xB12,0xB11,
0xB12,0xB12,0xB11,0xB12,0xB11,0xB12,
0xB11,0xB12,0xB11,0xB12,0xB11,0xB12,
0xB11,0xB12,0xB12,0xB11,0xB12,0xB11,
0xB12,0xB11,0xB12,0xB11,0xB12,0xB12,
0xB11,0xB12,0xB11,0xB12,0xB11,0xB12,
0xB11,0xB12,0xB12,0xB12,0xB12,0xB12,
0xB11,0xB12,0xB11,0xB12,0xB12,0xB11,
0xB12,0xB11,0xB12,0xB12,0xB12,0xB12,
0xB12,0xB12,0xB12,0xB12,0xB11,0xB12,
0xB11,0xB12,0xB11,0xB12,0xB11,0xB12,
0xB11,0xB12,0xB11,0xB12,0xB11,0xB12,
0xB12,0xB11,0xB12,0xB11,0xB12,0xB11,
0xB12,0xB11,0xB12,0xB12,0xB11,0xB12,
0xB12,0xB11,0xB12,0xB11,0xB12,0xB11,
0xB12,0xB11,0xB12,0xB11,0xB12,0xB12,
0xB12,0xB11,0xB12,0xB11,0xB12,0xB12,
0xB12,0xB12,0xB12,0xB12,0xB12,0xB12,
0xB12,0xB11,0xB12,0xB11,0xB12,0xB11,
0xB12,0xB11,0xB12,0xB11,0xB12,0xB11,
0xB12,0xB11,0xB12,0xB11,0xB12,0xB12,
0xB11,0xB12,0xB12,0xB12,0xB12,0xB12,
0xB12,0xB11,0xB12,0xB11,0xB12,0xB11,
0xB12,0xB11,0xB12,0xB12,0xB11,0xB12,
0xB11,0xB12,0xB12,0xB12,0xB12,0xB12,
0xB12,0xB11,0xB12,0xB11,0xB12,0xB11,
0xB12,0xB11,0xB12,0xB11,0xB12,0xB11,
0xB12,0xB12,0xB12,0xB12,0xB11,0xB12,
0xB11,0xB12,0xB11,0xB12,0xB11,0xB12,
0xB11,0xB12,0xB12,0xB11,0xB12,0xB11,
0xB12,0xB11,0xB12,0xB11,0xB12,0xB12,
0xB11,0xB12,0xB11,0xB12,0xB12,0xB12,
0xB12,0xB12,0xB12,0xB11,0xB12,0xB11,
0xB12,0xB11,0xB12,0xB12,0xB11,0xB12,
0xB12,0xB11,0xB12,0xB11,0xB12,0xB11,
0xB12,0xB11,0xB12,0xB11,0xB12,0xB11,
0xB12,0xB12,0xB11,0xB12,0xB11,0xB12,
0xB12,0xB11,0xB12,0xB12,0xB11,0xB12,
0xB11,0xB12,0xB11,0xB12,0xB11,0xB12,
0xB11,0xB12,0xB12,0xB12,0xB11,0xB12,
0xB11,0xB12,0xB11,0xB12,0xB12,0xB12,
0xB12,0xB11,0xB12,0xB11,0xB12,0xB11,
0xB12,0xB11,0xB12,0xB11,0xB12,0xB11,
0xB12,0xB12,0xB12,0xB11,0xB12,0xB11,
0xB12,0xB11,0xB12,0xB11,0xB12,0xB11,
0xB12,0xB12,0xB11,0xB12,0xB11,0xB11,
0xB12,0xB12,0xB11,0xB12,0xB11,0xB12,
0xB12,0xB11,0xB12,0xB11,0xB12,0xB11,
0xB12,0xB11,0xB12,0xB11,0xB12,0xB11,
0xB12,0xB11,0xB12,0xB11,0xB12,0xB11,
0xB12,0xB12,0xB11,0xB12,0xB11,0xB12,
0xB12,0xB12,0xB12,0xB12,0xB12,0xB12,
0xB12,0xB12,0xB12,0xB11,0xB12,0xB11,
0xB12,0xB11,0xB12,0xB11,0xB12,0xB12,
0xB11,0xB12,0xB11,0xB12,0xB11,0xB12,
0xB11,0xB12,0xB12,0xB12,0xB11,0xB12,
0xB11,0xB12,0xB11,0xB12,0xB11,0xB12,
0xB11,0xB11,0xB12,0xB11,0xB12,0xB11,
0xB12,0xB12,0xB11,0xB12,0xB11,0xB12,
0xB12,0xB11,0xB12,0xB11,0xB12,0xB11,
0xB12,0xB11,0xB12,0xB11,0xB12,0xB11,
0xB12,0xB11,0xB12,0xB11,0xB12,0xB12,
0xB11,0xB12,0xB11,0xB12,0xB11,0xB12,
0xB11,0xB12,0xB11,0xB12,0xB11,0xB12,
0xB11,0xB12,0xB12,0xB12,0xB12,0xB12,
0xB11,0xB12,0xB11,0xB12,0xB11,0xB12,
0xB12,0xB11,0xB12,0xB11,0xB12,0xB11,
0xB12,0xB11,0xB12,0xB12,0xB11,0xB12,
0xB12,0xB11,0xB12,0xB11,0xB12,0xB12,
0xB11,0xB12,0xB12,0xB11,0xB12,0xB12,
0xB11,0xB12,0xB11,0xB12,0xB12,0xB11,
0xB12,0xB11,0xB12,0xB12,0xB12,0xB11,
0xB12,0xB11,0xB12,0xB12,0xB12,0xB11,
0xB12,0xB11,0xB12,0xB11,0xB12,0xB11,
0xB12,0xB11,0xB12,0xB12,0xB11,0xB12,
0xB11,0xB12,0xB11,0xB12,0xB12,0xB11,
0xB12,0xB11,0xB12,0xB11,0xB12,0xB12,
0xB11,0xB12,0xB11,0xB12,0xB11,0xB12,
0xB11,0xB12,0xB11,0xB12,0xB11,0xB12,
0xB11,0xB12,0xB12,0xB11,0xB12,0xB11,
0xB12,0xB11,0xB12,0xB12,0xB12,0xB11,
0xB12,0xB11,0xB11,0xB12,0xB11,0xB12,
0xB11,0xB12,0xB11,0xB12,0xB11,0xB12,
0xB11,0xB12,0xB12,0xB12,0xB12,0xB11,
0xB12,0xB11,0xB12,0xB11,0xB12,0xB12,
0xB11,0xB12,0xB11,0xB12,0xB11,0xB12,
0xB12,0xB11,0xB12,0xB11,0xB12,0xB11,
0xB12,0xB11,0xB12,0xB12,0xB11,0xB12,
0xB11,0xB12,0xB11,0xB12,0xB11,0xB12,
0xB11,0xB12,0xB11,0xB12,0xB11,0xB12,
0xB11,0xB12,0xB12,0xB11,0xB12,0xB12,
0xB11,0xB12,0xB11,0xB11,0xB12,0xB11,
0xB12,0xB11,0xB12,0xB12,0xB11,0xB11,
0xB12,0xB11,0xB12,0xB11,0xB12,0xB12,
0xB12,0xB11,0xB12,0xB11,0xB12,0xB11,
0xB12,0xB11,0xB12,0xB11,0xB12,0xB11,
0xB12,0xB12,0xB12,0xB11,0xB12,0xB11,
0xB12,0xB11,0xB12,0xB11,0xB12,0xB11,
0xB12,0xB12,0xB11,0xB12,0xB11,0xB12,
0xB12,0xB11,0xB12,0xB11,0xB12,0xB11,
0xB12,0xB11,0xB12,0xB11,0xB11,0xB12,
0xB11,0xB12,0xB12,0xB11,0xB12,0xB12,
0xB11,0xB12,0xB11,0xB12,0xB12,0xB11,
0xB12,0xB11,0xB12,0xB12,0xB12,0xB11,
0xB12,0xB12,0xB11,0xB12,0xB11,0xB12,
0xB12,0xB11,0xB12,0xB11,0xB12,0xB11,
0xB11,0xB12,0xB11,0xB12,0xB11,0xB12,
0xB11,0xB12,0xB11,0xB12,0xB11,0xB12,
0xB11,0xB12,0xB12,0xB11,0xB12,0xB11,
0xB12,0xB11,0xB12,0xB11,0xB12,0xB11,
0xB12,0xB11,0xB12,0xB11,0xB12,0xB11,
0xB12,0xB11,0xB12,0xB11,0xB12,0xB12,
0xB12,0xB12,0xB12,0xB11,0xB12,0xB12,
0xB11,0xB12,0xB11,0xB12,0xB12,0xB12,
0xB11,0xB12,0xB12,0xB12,0xB11,0xB12,
0xB11,0xB12,0xB11,0xB12,0xB11,0xB12,
0xB12,0xB12,0xB12,0xB11,0xB12,0xB11,
0xB12,0xB12,0xB11,0xB12,0xB11,0xB11,
0xB12,0xB11,0xB12,0xB11,0xB12,0xB12,
0xB12,0xB12,0xB12,0xB11,0xB12,0xB12,
0xB11,0xB12,0xB11,0xB12,0xB11,0xB12,
0xB11,0xB12,0xB11,0xB12,0xB11,0xB12,
0xB11,0xB12,0xB11,0xB12,0xB11,0xB12,
0xB11,0xB12,0xB11,0xB12,0xB12,0xB11,
0xB12,0xB11,0xB12,0xB11,0xB12,0xB12,
0xB11,0xB12,0xB12,0xB11,0xB12,0xB11,
0xB12,0xB11,0xB12,0xB12,0xB11,0xB12,
0xB11,0xB12,0xB11,0xB12,0xB11,0xB12,
0xB11,0xB12,0xB11,0xB12,0xB11,0xB12,
0xB11,0xB12,0xB11,0xB12,0xB11,0xB12,
0xB11,0xB12,0xB11,0xB12,0xB11,0xB12,
0xB11,0xB12,0xB11,0xB12,0xB11,0xB12,
0xB11,0xB12,0xB11,0xB12,0xB12,0xB11,
0xB12,0xB11,0xB12,0xB12,0xB12,0xB11,
0xB12,0xB12,0xB11,0xB12,0xB11,0xB12,
0xB11,0xB12,0xB12,0xB11,0xB12,0xB11,
0xB12,0xB12,0xB11,0xB12,0xB11,0xB11,
0xB12,0xB11,0xB12,0xB12,0xB12,0xB12,
0xB11,0xB12,0xB11,0xB12,0xB11,0xB12,
0xB11,0xB12,0xB11,0xB12,0xB11,0xB12,
0xB11,0xB12,0xB11,0xB12,0xB12,0xB12,
0xB12,0xB12,0xB12,0xB11,0xB12,0xB12,
0xB11,0xB12,0xB11,0xB12,0xB11,0xB12,
0xB11,0xB12,0xB11,0xB12,0xB11,0xB12,
0xB11,0xB12,0xB11,0xB12,0xB11,0xB12,
0xB11,0xB12,0xB11,0xB12,0xB11,0xB12,
0xB11,0xB12,0xB12,0xB11,0xB12,0xB11,
0xB12,0xB11,0xB12,0xB11,0xB12,0xB12,
0xB11,0xB12,0xB11,0xB12,0xB11,0xB12,
0xB12,0xB12,0xB12,0xB12,0xB11,0xB12,
0xB11,0xB12,0xB11,0xB12,0xB11,0xB12,
0xB12,0xB12,0xB12,0xB12,0xB12,0xB11,
0xB12,0xB11,0xB12,0xB11,0xB12,0xB12,
0xB12,0xB12,0xB12,0xB12,0xB11,0xB12,
0xB12,0xB11,0xB12,0xB11,0xB12,0xB11,
0xB12,0xB12,0xB12,0xB12,0xB12,0xB12,
0xB11,0xB12,0xB11,0xB12,0xB11,0xB12,
0xB12,0xB12,0xB12,0xB11,0xB12,0xB11,
0xB12,0xB11,0xB12,0xB11,0xB12,0xB11,
0xB12,0xB11,0xB12,0xB11,0xB12,0xB12,
0xB12,0xB12,0xB11,0xB11,0xB12,0xB11,
0xB12,0xB12,0xB11,0xB12,0xB11,0xB12,
0xB11,0xB12,0xB12,0xB12,0xB11,0xB12,
0xB11,0xB12,0xB12,0xB12,0xB11,0xB12,
0xB11,0xB12,0xB12,0xB11,0xB12,0xB11,
0xB12,0xB11,0xB12,0xB12,0xB11,0xB12,
0xB12,0xB11,0xB12,0xB12,0xB11,0xB12,
0xB12,0xB12,0xB12,0xB12,0xB11,0xB12,
0xB11,0xB12,0xB11,0xB12,0xB11,0xB12,
0xB11,0xB12,0xB11,0xB12,0xB12,0xB11,
0xB12,0xB11,0xB12,0xB11,0xB12,0xB11,
0xB12,0xB12,0xB11,0xB12,0xB12,0xB11,
0xB12,0xB11,0xB12,0xB12,0xB11,0xB12,
0xB12,0xB11,0xB12,0xB11,0xB12,0xB12,
0xB11,0xB12,0xB11,0xB12,0xB11,0xB11,
0xB12,0xB11,0xB12,0xB12,0xB12,0xB12,
0xB12,0xB12,0xB11,0xB12,0xB11,0xB12,
0xB11,0xB12,0xB11,0xB12,0xB11,0xB12,
0xB12,0xB12,0xB11,0xB12,0xB11,0xB12,
0xB11,0xB12,0xB12,0xB11,0xB12,0xB11,
0xB12,0xB11,0xB12,0xB12,0xB11,0xB12,
0xB12,0xB11,0xB12,0xB11,0xB12,0xB11,
0xB12,0xB11,0xB11,0xB12,0xB11,0xB11,
0xB12,0xB11,0xB12,0xB11,0xB12,0xB11,
0xB12,0xB11,0xB12,0xB11,0xB12,0xB12,
0xB12,0xB12,0xB12,0xB12,0xB12,0xB12,
0xB12,0xB12,0xB11,0xB12,0xB11,0xB12,
0xB11,0xB12,0xB11,0xB12,0xB11,0xB12,
0xB11,0xB12,0xB11,0xB12,0xB11,0xB12,
0xB11,0xB12,0xB11,0xB12,0xB12,0xB12,
0xB11,0xB12,0xB11,0xB12,0xB11,0xB12,
0xB12,0xB11,0xB12,0xB11,0xB12,0xB11,
0xB12,0xB12,0xB12,0xB12,0xB12,0xB11,
0xB12,0xB12,0xB12,0xB11,0xB12,0xB11,
0xB12,0xB12,0xB11,0xB12,0xB11,0xB12,
0xB12,0xB11,0xB12,0xB11,0xB12,0xB11,
0xB12,0xB12,0xB11,0xB12,0xB11,0xB12,
0xB11,0xB12,0xB12,0xB12,0xB12,0xB11,
0xB12,0xB11,0xB12,0xB11,0xB12,0xB11,
0xB12,0xB12,0xB11,0xB12,0xB12,0xB11,
0xB12,0xB11,0xB12,0xB11,0xB12,0xB11,
0xB12,0xB11,0xB12,0xB11,0xB12,0xB11,
0xB12,0xB11,0xB11,0xB12,0xB11,0xB12,
0xB11,0xB12,0xB11,0xB12,0xB11,0xB12,
0xB11,0xB12,0xB11,0xB12,0xB11,0xB12,
0xB11,0xB12,0xB12,0xB12,0xB11,0xB12,
0xB12,0xB12,0xB12,0xB11,0xB12,0xB12,
0xB12,0xB11,0xB12,0xB11,0xB12,0xB11,
0xB12,0xB11,0xB12,0xB11,0xB11,0xB12,
0xB11,0xB12,0xB12,0xB12,0xB12,0xB12,
0xB12,0xB12,0xB12,0xB12,0xB11,0xB12,
0xB11,0xB12,0xB11,0xB12,0xB12,0xB11,
0xB12,0xB11,0xB11,0xB12,0xB11,0xB12,
0xB11,0xB12,0xB11,0xB12,0xB12,0xB11,
0xB12,0xB12,0xB11,0xB12,0xB11,0xB12,
0xB11,0xB12,0xB11,0xB12,0xB11,0xB12,
0xB12,0xB11,0xB12,0xB11,0xB12,0xB12,
0xB12,0xB12,0xB12,0xB12,0xB12,0xB12,
0xB12,0xB11,0xB12,0xB11,0xB12,0xB12,
0xB11,0xB12,0xB12,0xB12,0xB11,0xB12,
0xB11,0xB12,0xB11,0xB12,0xB11,0xB12,
0xB11,0xB12,0xB11,0xB12,0xB11,0xB12,
0xB11,0xB12,0xB12,0xB12,0xB12,0xB12,
0xB12,0xB12,0xB12,0xB11,0xB12,0xB11,
0xB12,0xB11,0xB12,0xB11,0xB12,0xB12,
0xB12,0xB11,0xB12,0xB12,0xB11,0xB12,
0xB11,0xB12,0xB11,0xB12,0xB11,0xB12,
0xB11,0xB12,0xB11,0xB12,0xB11,0xB12,
0xB12,0xB11,0xB12,0xB11,0xB12,0xB11,
0xB12,0xB12,0xB11,0xB12,0xB11,0xB12,
0xB11,0xB12,0xB12,0xB11,0xB12,0xB11,
0xB12,0xB11,0xB12,0xB11,0xB12,0xB11,
0xB12,0xB11,0xB11,0xB12,0xB11,0xB12,
0xB11,0xB12,0xB11,0xB12,0xB12,0xB11,
0xB12,0xB11,0xB12,0xB12,0xB11,0xB12,
0xB12,0xB11,0xB12,0xB11,0xB11,0xB12,
0xB11,0xB12,0xB11,0xB12,0xB11,0xB12,
0xB12,0xB12,0xB11,0xB12,0xB12,0xB11,
0xB12,0xB11,0xB12,0xB11,0xB12,0xB11,
0xB12,0xB12,0xB11,0xB12,0xB12,0xB11,
0xB12,0xB11,0xB12,0xB11,0xB12,0xB11,
0xB12,0xB11,0xB12,0xB11,0xB12,0xB11,
0xB12,0xB12,0xB12,0xB12,0xB12,0xB12,
0xB12,0xB12,0xB12,0xB12,0xB12,0xB12,
0xB12,0xB12,0xB12,0xB12,0xB11,0xB12,
0xB11,0xB12,0xB12,0xB11,0xB12,0xB12,
0xB11,0xB12,0xB11,0xB12,0xB11,0xB12,
0xB11,0xB12,0xB12,0xB11,0xB12,0xB11,
0xB12,0xB11,0xB12,0xB12,0xB12,0xB11,
0xB12,0xB12,0xB11,0xB12,0xB11,0xB12,
0xB12,0xB11,0xB12,0xB12,0xB11,0xB12,
0xB12,0xB12,0xB12,0xB11,0xB12,0xB12,
0xB12,0xB11,0xB12,0xB11,0xB12,0xB11,
0xB12,0xB11,0xB12,0xB11,0xB12,0xB11,
0xB12,0xB11,0xB12,0xB11,0xB12,0xB11,
0xB11,0xB12,0xB11,0xB12,0xB12,0xB11,
0xB12,0xB11,0xB12,0xB11,0xB12,0xB11,
0xB12,0xB11,0xB12,0xB11,0xB12,0xB12,
0xB12,0xB12,0xB11,0xB12,0xB11,0xB12,
0xB11,0xB12,0xB12,0xB12,0xB12,0xB12,
0xB12,0xB12,0xB12,0xB12,0xB11,0xB12,
0xB11,0xB12,0xB11,0xB12,0xB11,0xB12,
0xB11,0xB12,0xB11,0xB11,0xB12,0xB11,
0xB12,0xB11,0xB12,0xB11,0xB12,0xB11,
0xB12,0xB12,0xB12,0xB11,0xB12,0xB11,
0xB12,0xB11,0xB12,0xB12,0xB12,0xB11,
0xB12,0xB11,0xB12,0xB11,0xB12,0xB11,
0xB12,0xB11,0xB12,0xB12,0xB12,0xB12,
0xB12,0xB12,0xB12,0xB12,0xB12,0xB12,
0xB12,0xB12,0xB12,0xB11,0xB12,0xB11,
0xB12,0xB12,0xB11,0xB12,0xB11,0xB12,
0xB11,0xB12,0xB11,0xB12,0xB11,0xB12,
0xB11,0xB12,0xB11,0xB12,0xB11,0xB12,
0xB11,0xB12,0xB12,0xB11,0xB12,0xB11,
0xB12,0xB11,0xB12,0xB11,0xB12,0xB11,
0xB12,0xB11,0xB12,0xB12,0xB12,0xB11,
0xB12,0xB11,0xB12,0xB12,0xB11,0xB12,
0xB12,0xB11,0xB12,0xB11,0xB12,0xB11,
0xB12,0xB11,0xB12,0xB11,0xB12,0xB12,
0xB11,0xB12,0xB12,0xB11,0xB12,0xB11,
0xB12,0xB12,0xB11,0xB12,0xB12,0xB11,
0xB12,0xB11,0xB12,0xB11,0xB12,0xB11,
0xB12,0xB12,0xB11,0xB12,0xB11,0xB12,
0xB11,0xB12,0xB11,0xB12,0xB11,0xB12,
0xB12,0xB11,0xB12,0xB11,0xB12,0xB12,
0xB11,0xB12,0xB11,0xB11,0xB12,0xB11,
0xB12,0xB11,0xB12,0xB11,0xB12,0xB11,
0xB12,0xB11,0xB12,0xB11,0xB12,0xB11,
0xB12,0xB12,0xB12,0xB11,0xB12,0xB11,
0xB11,0xB12,0xB11,0xB12,0xB11,0xB12,
0xB12,0xB11,0xB12,0xB11,0xB12,0xB12,
0xB11,0xB12,0xB11,0xB12,0xB12,0xB11,
0xB12,0xB12,0xB11,0xB12,0xB11,0xB12,
0xB11,0xB12,0xB11,0xB12,0xB11,0xB12,
0xB11,0xB12,0xB11,0xB12,0xB12,0xB11,
0xB12,0xB11,0xB12,0xB11,0xB12,0xB11,
0xB12,0xB12,0xB11,0xB12,0xB11,0xB12,
0xB11,0xB12,0xB11,0xB12,0xB12,0xB11,
0xB12,0xB11,0xB12,0xB11,0xB12,0xB12,
0xB11,0xB12,0xB11,0xB12,0xB11,0xB12,
0xB12,0xB11,0xB12,0xB11,0xB12,0xB11,
0xB12,0xB11,0xB12,0xB11,0xB12,0xB12,
0xB11,0xB12,0xB11,0xB12,0xB11,0xB12,
0xB12,0xB11,0xB12,0xB12,0xB11,0xB12,
0xB11,0xB12,0xB11,0xB12,0xB11,0xB12,
0xB11,0xB12,0xB11,0xB12,0xB12,0xB12,
0xB12,0xB12,0xB12,0xB11,0xB12,0xB12,
0xB11,0xB12,0xB11,0xB12,0xB11,0xB12,
0xB11,0xB12,0xB12,0xB11,0xB12,0xB11,
0xB12,0xB11,0xB12,0xB11,0xB12,0xB11,
0xB12,0xB11,0xB12,0xB11,0xB12,0xB12,
0xB11,0xB12,0xB12,0xB11,0xB12,0xB12,
0xB11,0xB12,0xB11,0xB12,0xB11,0xB11,
0xB12,0xB11,0xB12,0xB12,0xB11,0xB12,
0xB12,0xB12,0xB11,0xB12,0xB11,0xB12,
0xB12,0xB11,0xB12,0xB11,0xB12,0xB12,
0xB12,0xB12,0xB12,0xB12,0xB12,0xB12,
0xB11,0xB12,0xB11,0xB12,0xB11,0xB12,
0xB12,0xB12,0xB12,0xB12,0xB12,0xB11,
0xB12,0xB12,0xB12,0xB12,0xB12,0xB11,
0xB12,0xB11,0xB12,0xB12,0xB12,0xB12,
0xB12,0xB11,0xB12,0xB11,0xB12,0xB11,
0xB12,0xB11,0xB12,0xB12,0xB11,0xB12,
0xB11,0xB12,0xB11,0xB12,0xB11,0xB12,
0xB11,0xB12,0xB11,0xB12,0xB11,0xB12,
0xB11,0xB12,0xB12,0xB11,0xB12,0xB12,
0xB11,0xB12,0xB11,0xB12,0xB11,0xB12,
0xB11,0xB12,0xB12,0xB11,0xB12,0xB12,
0xB11,0xB12,0xB12,0xB12,0xB12,0xB12,
0xB12,0xB11,0xB12,0xB11,0xB12,0xB11,
0xB12,0xB11,0xB12,0xB11,0xB12,0xB11,
0xB11,0xB12,0xB11,0xB12,0xB11,0xB12,
0xB11,0xB12,0xB11,0xB12,0xB11,0xB12,
0xB12,0xB11,0xB12,0xB11,0xB12,0xB11,
0xB12,0xB12,0xB11,0xB12,0xB11,0xB12,
0xB12,0xB11,0xB12,0xB11,0xB12,0xB11,
0xB12,0xB11,0xB12,0xB11,0xB12,0xB11,
0xB12,0xB11,0xB12,0xB11,0xB12,0xB12,
0xB11,0xB12,0xB11,0xB12,0xB12,0xB11,
0xB12,0xB11,0xB12,0xB12,0xB11,0xB12,
0xB11,0xB12,0xB11,0xB12,0xB11,0xB12,
0xB12,0xB12,0xB12,0xB11,0xB12,0xB12,
0xB11,0xB12,0xB11,0xB12,0xB11,0xB12,
0xB11,0xB12,0xB11,0xB12,0xB11,0xB12,
0xB11,0xB12,0xB11,0xB12,0xB12,0xB11,
0xB12,0xB11,0xB12,0xB12,0xB11,0xB12,
0xB11,0xB12,0xB11,0xB12,0xB11,0xB12,
0xB11,0xB12,0xB12,0xB11,0xB12,0xB11,
0xB12,0xB11,0xB12,0xB11,0xB12,0xB12,
0xB11,0xB12,0xB11,0xB12,0xB12,0xB11,
0xB12,0xB11,0xB12,0xB11,0xB12,0xB11,
0xB12,0xB12,0xB11,0xB12,0xB11,0xB12,
0xB11,0xB12,0xB11,0xB12,0xB11,0xB12,
0xB12,0xB12,0xB12,0xB12,0xB12,0xB12,
0xB12,0xB12,0xB12,0xB12,0xB12,0xB12,
0xB11,0xB12,0xB11,0xB12,0xB11,0xB12,
0xB12,0xB12,0xB12,0xB12,0xB12,0xB12,
0xB11,0xB12,0xB11,0xB12,0xB11,0xB12,
0xB11,0xB12,0xB11,0xB12,0xB12,0xB11,
0xB12,0xB11,0xB12,0xB11,0xB12,0xB11,
0xB12,0xB11,0xB12,0xB12,0xB11,0xB12,
0xB12,0xB11,0xB12,0xB11,0xB12,0xB12,
0xB11,0xB12,0xB11,0xB12,0xB11,0xB12,
0xB12,0xB11,0xB12,0xB12,0xB11,0xB12,
0xB12,0xB11,0xB12,0xB12,0xB11,0xB12,
0xB11,0xB12,0xB12,0xB12,0xB12,0xB12,
0xB12,0xB12,0xB11,0xB12,0xB11,0xB11,
0xB12,0xB11,0xB12,0xB11,0xB11,0xB12,
0xB11,0xB12,0xB11,0xB12,0xB11,0xB12,
0xB11,0xB12,0xB12,0xB11,0xB12,0xB12,
0xB12,0xB12,0xB12,0xB12,0xB12,0xB12,
0xB12,0xB12,0xB11,0xB12,0xB11,0xB12,
0xB11,0xB12,0xB11,0xB11,0xB12,0xB11,
0xB12,0xB11,0xB12,0xB12,0xB12,0xB12,
0xB11,0xB12,0xB12,0xB11,0xB12,0xB12,
0xB11,0xB12,0xB11,0xB12,0xB12,0xB11,
0xB12,0xB11,0xB12,0xB11,0xB12,0xB11,
0xB12,0xB11,0xB12,0xB11,0xB12,0xB11,
0xB12,0xB12,0xB11,0xB12,0xB12,0xB11,
0xB12,0xB11,0xB12,0xB11,0xB12,0xB11,
0xB12,0xB11,0xB12,0xB11,0xB12,0xB11,
0xB12,0xB11,0xB12,0xB11,0xB11,0xB12,
0xB11,0xB12,0xB11,0xB12,0xB12,0xB11,
0xB12,0xB11,0xB12,0xB12,0xB12,0xB11,
0xB12,0xB11,0xB12,0xB12,0xB12,0xB11,
0xB12,0xB12,0xB11,0xB12,0xB12,0xB11,
0xB12,0xB11,0xB12,0xB12,0xB11,0xB12,
0xB11,0xB12,0xB12,0xB11,0xB12,0xB11,
0xB12,0xB12,0xB11,0xB12,0xB12,0xB11,
0xB12,0xB11,0xB12,0xB11,0xB12,0xB11,
0xB12,0xB12,0xB11,0xB12,0xB11,0xB12,
0xB11,0xB12,0xB11,0xB12,0xB11,0xB12,
0xB12,0xB12,0xB12,0xB12,0xB11,0xB12,
0xB11,0xB12,0xB11,0xB12,0xB12,0xB11,
0xB12,0xB11,0xB12,0xB12,0xB12,0xB11,
0xB12,0xB11,0xB11,0xB12,0xB11,0xB12,
0xB11,0xB12,0xB12,0xB11,0xB12,0xB11,
0xB12,0xB11,0xB12,0xB11,0xB12,0xB11,
0xB12,0xB11,0xB12,0xB11,0xB12,0xB11,
0xB12,0xB11,0xB12,0xB11,0xB12,0xB11,
0xB12,0xB12,0xB11,0xB12,0xB11,0xB12,
0xB11,0xB12,0xB11,0xB12,0xB12,0xB11,
0xB12,0xB12,0xB11,0xB12,0xB11,0xB12,
0xB11,0xB12,0xB11,0xB12,0xB11,0xB12,
0xB11,0xB12,0xB12,0xB11,0xB12,0xB11,
0xB12,0xB11,0xB12,0xB11,0xB12,0xB12,
0xB11,0xB12,0xB11,0xB12,0xB12,0xB11,
0xB12,0xB11,0xB12,0xB11,0xB12,0xB11,
0xB12,0xB11,0xB12,0xB11,0xB12,0xB12,
0xB11,0xB12,0xB12,0xB12,0xB11,0xB12,
0xB11,0xB12,0xB11,0xB12,0xB11,0xB12,
0xB12,0xB12,0xB11,0xB12,0xB11,0xB12,
0xB11,0xB12,0xB12,0xB11,0xB12,0xB11,
0xB12,0xB12,0xB11,0xB12,0xB11,0xB12,
0xB11,0xB12,0xB12,0xB11,0xB12,0xB11,
0xB12,0xB11,0xB12,0xB12,0xB11,0xB12,
0xB11,0xB12,0xB12,0xB11,0xB12,0xB11,
0xB12,0xB11,0xB12,0xB11,0xB12,0xB11,
0xB12,0xB11,0xB12,0xB11,0xB12,0xB11,
0xB12,0xB11,0xB12,0xB11,0xB12,0xB11,
0xB12,0xB12,0xB12,0xB12,0xB11,0xB12,
0xB11,0xB12,0xB11,0xB12,0xB11,0xB12,
0xB11,0xB12,0xB12,0xB11,0xB12,0xB12,
0xB11,0xB12,0xB11,0xB12,0xB12,0xB12,
0xB11,0xB12,0xB12,0xB12,0xB11,0xB12,
0xB11,0xB12,0xB11,0xB12,0xB12,0xB11,
0xB12,0xB12,0xB11,0xB12,0xB11,0xB12,
0xB11,0xB12,0xB11,0xB12,0xB11,0xB12,
0xB12,0xB11,0xB12,0xB11,0xB12,0xB11,
0xB12,0xB12,0xB11,0xB12,0xB11,0xB12,
0xB11,0xB12,0xB12,0xB11,0xB12,0xB11,
0xB12,0xB12,0xB11,0xB12,0xB12,0xB12,
0xB12,0xB11,0xB12,0xB11,0xB12,0xB11,
0xB12,0xB11,0xB12,0xB11,0xB12,0xB11,
0xB12,0xB12,0xB11,0xB12,0xB11,0xB12,
0xB12,0xB11,0xB12,0xB11,0xB12,0xB11,
0xB12,0xB12,0xB11,0xB12,0xB11,0xB12,
0xB11,0xB12,0xB12,0xB11,0xB12,0xB11,
0xB12,0xB11,0xB12,0xB11,0xB12,0xB11,
0xB12,0xB12,0xB12,0xB11,0xB12,0xB11,
0xB12,0xB12,0xB11,0xB12,0xB12,0xB11,
0xB12,0xB11,0xB12,0xB11,0xB12,0xB11,
0xB11,0xB12,0xB11,0xB12,0xB11,0xB12,
0xB11,0xB12,0xB11,0xB12,0xB11,0xB12,
0xB12,0xB11,0xB12,0xB12,0xB11,0xB12,
0xB11,0xB12,0xB11,0xB12,0xB11,0xB12,
0xB11,0xB12,0xB11,0xB12,0xB11,0xB12,
0xB11,0xB12,0xB11,0xB12,0xB11,0xB12,
0xB11,0xB12,0xB11,0xB12,0xB11,0xB12,
0xB12,0xB12,0xB11,0xB12,0xB11,0xB12,
0xB12,0xB12,0xB11,0xB12,0xB11,0xB12,
0xB11,0xB12,0xB12,0xB12,0xB12,0xB12,
0xB12,0xB12,0xB12,0xB12,0xB12,0xB12,
0xB12,0xB11,0xB12,0xB12,0xB12,0xB11,
0xB12,0xB11,0xB12,0xB11,0xB12,0xB12,
0xB11,0xB12,0xB12,0xB11,0xB12,0xB12,
0xB11,0xB12,0xB12,0xB11,0xB12,0xB11,
0xB12,0xB11,0xB12,0xB12,0xB11,0xB12,
0xB11,0xB12,0xB11,0xB12,0xB11,0xB12,
0xB11,0xB12,0xB11,0xB12,0xB12,0xB11,
0xB12,0xB11,0xB12,0xB12,0xB11,0xB12,
0xB12,0xB12,0xB11,0xB12,0xB11,0xB12,
0xB12,0xB11,0xB12,0xB11,0xB12,0xB11,
0xB12,0xB11,0xB12,0xB12,0xB11,0xB12,
0xB11,0xB12,0xB12,0xB11,0xB12,0xB11,
0xB12,0xB11,0xB12,0xB11,0xB12,0xB12,
0xB11,0xB12,0xB11,0xB12,0xB12,0xB11,
0xB12,0xB11,0xB12,0xB11,0xB12,0xB12,
0xB12,0xB11,0xB12,0xB11,0xB12,0xB11,
0xB12,0xB11,0xB12,0xB12,0xB12,0xB11,
0xB12,0xB11,0xB12,0xB12,0xB12,0xB11,
0xB12,0xB11,0xB12,0xB12,0xB11,0xB12,
0xB11,0xB12,0xB11,0xB12,0xB11,0xB12,
0xB11,0xB12,0xB12,0xB11,0xB12,0xB11,
0xB12,0xB11,0xB12,0xB12,0xB11,0xB12,
0xB11,0xB12,0xB11,0xB12,0xB11,0xB12,
0xB11,0xB12,0xB11,0xB12,0xB11,0xB12,
0xB11,0xB12,0xB11,0xB12,0xB11,0xB12,
0xB12,0xB12,0xB12,0xB12,0xB11,0xB12,
0xB11,0xB12,0xB11,0xB12,0xB11,0xB12,
0xB11,0xB12,0xB12,0xB12,0xB12,0xB12,
0xB11,0xB11,0xB12,0xB11,0xB12,0xB11,
0xB11,0xB12,0xB11,0xB12,0xB11,0xB12,
0xB12,0xB12,0xB12,0xB12,0xB11,0xB12,
0xB11,0xB12,0xB11,0xB12,0xB12,0xB11,
0xB12,0xB12,0xB12,0xB11,0xB12,0xB11,
0xB12,0xB11,0xB12,0xB12,0xB11,0xB12,
0xB11,0xB12,0xB11,0xB11,0xB12,0xB11,
0xB12,0xB11,0xB12,0xB11,0xB12,0xB11,
0xB12,0xB11,0xB12,0xB11,0xB12,0xB11,
0xB12,0xB11,0xB12,0xB12,0xB11,0xB12,
0xB11,0xB12,0xB11,0xB12,0xB11,0xB12,
0xB11,0xB12,0xB11,0xB12,0xB11,0xB12,
0xB12,0xB11,0xB12,0xB12,0xB11,0xB12,
0xB11,0xB12,0xB12,0xB11,0xB12,0xB11,
0xB12,0xB12,0xB12,0xB11,0xB12,0xB11,
0xB12,0xB11,0xB11,0xB12,0xB11,0xB12,
0xB11,0xB11,0xB12,0xB11,0xB12,0xB11,
0xB12,0xB12,0xB11,0xB12,0xB11,0xB12,
0xB12,0xB11,0xB12,0xB11,0xB12,0xB12,
0xB11,0xB12,0xB12,0xB11,0xB12,0xB11,
0xB12,0xB11,0xB12,0xB12,0xB11,0xB12,
0xB11,0xB12,0xB11,0xB12,0xB11,0xB12,
0xB12,0xB11,0xB12,0xB11,0xB12,0xB12,
0xB11,0xB12,0xB12,0xB11,0xB12,0xB11,
0xB12,0xB11,0xB12,0xB12,0xB12,0xB11,
0xB12,0xB11,0xB12,0xB12,0xB11,0xB12,
0xB11,0xB12,0xB11,0xB12,0xB12,0xB11,
0xB12,0xB11,0xB12,0xB11,0xB12,0xB11,
0xB12,0xB11,0xB12,0xB11,0xB12,0xB11,
0xB12,0xB12,0xB11,0xB12,0xB11,0xB12,
0xB11,0xB12,0xB12,0xB12,0xB12,0xB11,
0xB12,0xB11,0xB12,0xB11,0xB12,0xB11,
0xB12,0xB11,0xB12,0xB11,0xB12,0xB11,
0xB12,0xB11,0xB12,0xB11,0xB11,0xB12,
0xB12,0xB11,0xB12,0xB11,0xB12,0xB11,
0xB12,0xB11,0xB12,0xB11,0xB12,0xB11,
0xB12,0xB11,0xB12,0xB11,0xB12,0xB12,
0xB11,0xB12,0xB11,0xB12,0xB12,0xB11,
0xB12,0xB11,0xB12,0xB11,0xB12,0xB11,
0xB12,0xB11,0xB12,0xB12,0xB11,0xB12,
0xB11,0xB12,0xB11,0xB12,0xB11,0xB12,
0xB12,0xB11,0xB12,0xB11,0xB12,0xB11,
0xB12,0xB12,0xB11,0xB12,0xB11,0xB12,
0xB11,0xB12,0xB12,0xB11,0xB12,0xB11,
0xB12,0xB11,0xB12,0xB12,0xB11,0xB12,
0xB11,0xB12,0xB12,0xB11,0xB12,0xB12,
0xB12,0xB12,0xB12,0xB11,0xB12,0xB11,
0xB11,0xB12,0xB11,0xB12,0xB11,0xB12,
0xB12,0xB11,0xB12,0xB11,0xB12,0xB11,
0xB12,0xB11,0xB12,0xB11,0xB12,0xB12,
0xB11,0xB12,0xB12,0xB11,0xB12,0xB11,
0xB12,0xB11,0xB12,0xB11,0xB12,0xB11,
0xB12,0xB11,0xB12,0xB11,0xB12,0xB11,
0xB12,0xB11,0xB12,0xB11,0xB12,0xB12,
0xB11,0xB12,0xB11,0xB12,0xB12,0xB12,
0xB11,0xB12,0xB11,0xB12,0xB11,0xB12,
0xB11,0xB12,0xB11,0xB12,0xB11,0xB12,
0xB12,0xB11,0xB12,0xB11,0xB12,0xB11,
0xB12,0xB11,0xB12,0xB12,0xB11,0xB12,
0xB11,0xB12,0xB11,0xB12,0xB11,0xB12,
0xB11,0xB12,0xB11,0xB12,0xB11,0xB12,
0xB11,0xB12,0xB11,0xB12,0xB12,0xB11,
0xB12,0xB11,0xB12,0xB11,0xB12,0xB11,
0xB12,0xB12,0xB11,0xB12,0xB11,0xB12,
0xB12,0xB12,0xB11,0xB12,0xB11,0xB12,
0xB11,0xB12,0xB11,0xB12,0xB12,0xB11,
0xB12,0xB11,0xB12,0xB11,0xB12,0xB11,
0xB12,0xB12,0xB12,0xB11,0xB12,0xB12,
0xB12,0xB11,0xB12,0xB11,0xB12,0xB12,
0xB11,0xB12,0xB11,0xB12,0xB12,0xB11,
0xB12,0xB11,0xB12,0xB11,0xB12,0xB12,
0xB11,0xB12,0xB11,0xB12,0xB11,0xB12,
0xB11,0xB12,0xB11,0xB12,0xB11,0xB12,
0xB12,0xB11,0xB12,0xB11,0xB12,0xB12,
0xB11,0xB12,0xB11,0xB12,0xB11,0xB12,
0xB11,0xB12,0xB12,0xB11,0xB12,0xB12,
0xB11,0xB12,0xB11,0xB12,0xB12,0xB11,
0xB12,0xB12,0xB11,0xB12,0xB11,0xB12,
0xB11,0xB12,0xB12,0xB12,0xB11,0xB12,
0xB11,0xB12,0xB12,0xB11,0xB12,0xB11,
0xB12,0xB11,0xB12,0xB12,0xB11,0xB12,
0xB11,0xB12,0xB11,0xB12,0xB11,0xB12,
0xB11,0xB12,0xB12,0xB11,0xB12,0xB11,
0xB12,0xB11,0xB12,0xB11,0xB12,0xB11,
0xB12,0xB12,0xB11,0xB12,0xB12,0xB12,
0xB11,0xB12,0xB11,0xB12,0xB12,0xB11,
0xB12,0xB12,0xB12,0xB12,0xB12,0xB11,
0xB12,0xB11,0xB12,0xB11,0xB11,0xB12,
0xB12,0xB11,0xB12,0xB11,0xB12,0xB12,
0xB12,0xB12,0xB12,0xB12,0xB11,0xB12,
0xB11,0xB12,0xB12,0xB11,0xB12,0xB11,
0xB12,0xB12,0xB12,0xB11,0xB12,0xB11,
0xB12,0xB12,0xB11,0xB12,0xB11,0xB12,
0xB11,0xB12,0xB11,0xB12,0xB12,0xB12,
0xB11,0xB12,0xB11,0xB11,0xB12,0xB11,
0xB12,0xB12,0xB11,0xB12,0xB11,0xB12,
0xB11,0xB12,0xB11,0xB12,0xB11,0xB12,
0xB12,0xB11,0xB12,0xB11,0xB12,0xB11,
0xB12,0xB12,0xB12,0xB12,0xB12,0xB11,
0xB12,0xB11,0xB12,0xB11,0xB12,0xB12,
0xB11,0xB12,0xB12,0xB12,0xB11,0xB12,
0xB11,0xB12,0xB11,0xB12,0xB12,0xB11,
0xB12,0xB11,0xB12,0xB12,0xB11,0xB12,
0xB11,0xB12,0xB12,0xB12,0xB12,0xB12,
0xB12,0xB11,0xB12,0xB12,0xB11,0xB12,
0xB12,0xB11,0xB12,0xB11,0xB12,0xB12,
0xB12,0xB12,0xB12,0xB11,0xB12,0xB12,
0xB11,0xB12,0xB11,0xB12,0xB11,0xB12,
0xB12,0xB11,0xB12,0xB11,0xB12,0xB11,
0xB12,0xB11,0xB12,0xB12,0xB11,0xB12,
0xB11,0xB12,0xB12,0xB12,0xB12,0xB12,
0xB11,0xB12,0xB11,0xB12,0xB12,0xB11,
0xB12,0xB11,0xB12,0xB11,0xB12,0xB11,
0xB12,0xB11,0xB12,0xB12,0xB11,0xB12,
0xB12,0xB11,0xB12,0xB11,0xB12,0xB12,
0xB11,0xB12,0xB11,0xB12,0xB12,0xB11,
0xB12,0xB12,0xB11,0xB12,0xB11,0xB12,
0xB11,0xB12,0xB11,0xB12,0xB12,0xB11,
0xB12,0xB12,0xB12,0xB12,0xB12,0xB11,
0xB12,0xB11,0xB12,0xB11,0xB12,0xB11,
0xB12,0xB11,0xB12,0xB11,0xB12,0xB11,
0xB12,0xB11,0xADF,0xAC0,0xAAE,0xA97,
0xA9C,0xA9F,0xAAE,0xAB6,0xAAE,0xAA9,
0xAB6,0xAB9,0xABD,0xAC7,0xABB,0xAB8,
0xABC,0xAB3,0xAB9,0xAD1,0xACE,0xAE6,
0xAFB,0xAF5,0xB06,0xAFF,0xAF3,0xB04,
0xB0E,0xB19,0xB34,0xB32,0xB2D,0xB42,
0xB4C,0xB53,0xB5D,0xB4A,0xB4C,0xB5F,
0xB65,0xB6D,0xB72,0xB70,0xB75,0xB6E,
0xB5A,0xB5D,0xB65,0xB6B,0xB67,0xB51,
0xB39,0xB36,0xB3F,0xB37,0xB1D,0xB0E,
0xB18,0xB1B,0xB13,0xB0C,0xAFF,0xAF9,
0xAF6,0xAE3,0xADE,0xAD6,0xABE,0xAB8,
0xABD,0xAC1,0xACB,0xABC,0xAAA,0xAA4,
0xAA3,0xAA4,0xAAB,0xAA3,0xA9E,0xAA8,
0xAB3,0xABE,0xABF,0xAC5,0xAC9,0xACE,
0xACE,0xAD5,0xAD5,0xACD,0xAD6,0xADE,
0xAEA,0xAFC,0xB0D,0xB1A,0xB1F,0xB0D,
0xB07,0xB12,0xB22,0xB41,0xB4E,0xB46,
0xB5C,0xB5E,0xB50,0xB5B,0xB58,0xB58,
0xB6F,0xB7A,0xB75,0xB78,0xB78,0xB76,
0xB7D,0xB8C,0xB93,0xB92,0xB83,0xB6D,
0xB6F,0xB87,0xB8A,0xB88,0xB85,0xB74,
0xB76,0xB75,0xB66,0xB5C,0xB55,0xB59,
0xB6A,0xB66,0xB5C,0xB56,0xB4D,0xB3E,
0xB3A,0xB42,0xB4A,0xB47,0xB2C,0xB0F,
0xAFA,0xAF4,0xAF4,0xAEC,0xAEC,0xAF2,
0xADC,0xACE,0xACD,0xAC0,0xAB7,0xAC9,
0xAD7,0xACC,0xAC2,0xABC,0xAB1,0xAAE,
0xABD,0xABD,0xABB,0xAC1,0xABB,0xAAD,
0xAAC,0xAB6,0xACF,0xAD4,0xAD1,0xADB,
0xADA,0xAE6,0xAF6,0xAE4,0xAE3,0xB02,
0xB15,0xB1C,0xB15,0xB0C,0xB10,0xB15,
0xB27,0xB35,0xB3C,0xB53,0xB55,0xB4B,
0xB41,0xB3E,0xB3C,0xB3C,0xB44,0xB51,
0xB55,0xB4E,0xB39,0xB2D,0xB33,0xB30,
0xB3E,0xB39,0xB2E,0xB33,0xB3C,0xB32,
0xB27,0xB27,0xB25,0xB1E,0xB1F,0xB0C,
0xAED,0xAFE,0xAF9,0xAE4,0xAE5,0xAD7,
0xACA,0xAD9,0xACC,0xABB,0xAB6,0xAB3,
0xAB6,0xAB7,0xAAC,0xA9A,0xA9C,0xAA0,
0xAAA,0xAC0,0xAC3,0xAB9,0xAC1,0xABD,
0xAC3,0xADA,0xAE3,0xAE1,0xAEB,0xAFE,
0xB14,0xB2F,0xB31,0xB2A,0xB2C,0xB3A,
0xB48,0xB4A,0xB45,0xB4D,0xB50,0xB65,
0xB82,0xB8A,0xB90,0xB89,0xB80,0xB83,
0xB83,0xB8A,0xB9E,0xBA1,0xB99,0xB8D,
0xB86,0xB8B,0xB98,0xB9A,0xB8A,0xB7C,
0xB77,0xB67,0xB5A,0xB53,0xB4E,0xB4E,
0xB57,0xB58,0xB3E,0xB23,0xB0A,0xAFE,
0xB06,0xB0E,0xB10,0xB08,0xAE3,0xAD5,
0xACA,0xAAB,0xAA2,0xA9C,0xA98,0xAA2,
0xA9D,0xA82,0xA7B,0xA8C,0xA97,0xA98,
0xA92,0xA89,0xA8D,0xA90,0xA96,0xA97,
0xA8F,0xA9D,0xABD,0xAC0,0xAB6,0xAC5,
0xABF,0xAD3,0xAFF,0xAFC,0xB10,0xB2B,
0xB1B,0xB2F,0xB38,0xB26,0xB3D,0xB50,
0xB4C,0xB69,0xB65,0xB5E,0xB83,0xB82,
0xB84,0xB97,0xB97,0xB91,0xB9B,0xB8C,
0xB80,0xB9B,0xB9C,0xB8C,0xB94,0xB8B,
0xB8B,0xB9A,0xB6E,0xB5D,0xB70,0xB69,
0xB82,0xB82,0xB5D,0xB5E,0xB4D,0xB3C,
0xB44,0xB46,0xB3C,0xB2B,0xB1B,0xB06,
0xAFB,0xAFE,0xAF7,0xAF2,0xAE7,0xAD1,
0xADC,0xAE3,0xADC,0xAE7,0xAEB,0xAED,
0xAE3,0xADA,0xAC9,0xAC3,0xADC,0xAE4,
0xAE6,0xAE8,0xAD7,0xAE0,0xAE3,0xACD,
0xAEF,0xAF0,0xAE4,0xB06,0xAED,0xADA,
0xAF4,0xAF6,0xAF9,0xB12,0xB08,0xAF9,
0xB02,0xAFC,0xAFD,0xB1B,0xB1E,0xB3B,
0xB63,0xB2D,0xB1E,0xB37,0xB14,0xB29,
0xB51,0xB41,0xB49,0xB3E,0xB12,0xB14,
0xB28,0xB2D,0xB26,0xB29,0xB1C,0xB11,
0xB0E,0xAF2,0xAF9,0xB0B,0xAF6,0xAFD,
0xAFA,0xACA,0xADA,0xAEC,0xAD5,0xAE2,
0xAE4,0xACD,0xAD4,0xAD3,0xABE,0xAB7,
0xAB5,0xAC1,0xAD5,0xAD3,0xACA,0xABA,
0xAA5,0xAB8,0xAC7,0xABA,0xAC2,0xAB5,
0xAAD,0xAD0,0xAD3,0xAD1,0xADF,0xADC,
0xAE2,0xAF4,0xAEC,0xAE2,0xAFB,0xAFF,
0xB02,0xB14,0xB01,0xB01,0xB21,0xB01,
0xB00,0xB1E,0xAF3,0xB0C,0xB27,0xAF9,
0xB0E,0xB21,0xB08,0xB30,0xB3F,0xB21,
0xB35,0xB27,0xB1E,0xB44,0xB4E,0xB47,
0xB4E,0xB43,0xB4C,0xB65,0xB59,0xB55,
0xB4A,0xB44,0xB62,0xB76,0xB6F,0xB69,
0xB43,0xB2E,0xB3D,0xB3B,0xB44,0xB46,
0xB34,0xB38,0xB2F,0xB18,0xB27,0xB27,
0xB2B,0xB3F,0xB2D,0xB18,0xB29,0xB1E,
0xB12,0xB21,0xB04,0xAEA,0xAF0,0xAF5,
0xAF5,0xAF6,0xAEF,0xAEC,0xAF5,0xAF5,
0xAEB,0xAE0,0xACC,0xACA,0xAD2,0xAC8,
0xAC7,0xAC9,0xAD1,0xAE4,0xAED,0xAF7,
0xAEE,0xAE0,0xAF3,0xAF9,0xAF1,0xB01,
0xB0A,0xB21,0xB42,0xB39,0xB29,0xB1B,
0xB0F,0xB34,0xB63,0xB5C,0xB5E,0xB71,
0xB5C,0xB70,0xB87,0xB79,0xB94,0xB94,
0xB8C,0xB9A,0xB92,0xB9D,0xBBE,0xBB8,
0xBBA,0xBBC,0xBA8,0xBAA,0xBA2,0xB8C,
0xB85,0xB89,0xB8C,0xB95,0xB86,0xB65,
0xB68,0xB57,0xB3F,0xB59,0xB49,0xB2D,
0xB32,0xB03,0xAED,0xB0E,0xAFC,0xAF0,
0xAF5,0xAC9,0xACA,0xAE2,0xAC8,0xAC4,
0xACA,0xAAF,0xAA4,0xA9D,0xA78,0xA7A,
0xA96,0xA9C,0xAA8,0xAA8,0xA9A,0xA9A,
0xA92,0xA85,0xA9E,0xAB1,0xAB5,0xAC9,
0xAD3,0xABB,0xABE,0xAE0,0xAE3,0xADE,
0xAE9,0xAF3,0xAF2,0xB08,0xB14,0xAF6,
0xAF2,0xB12,0xB12,0xB15,0xB20,0xB09,
0xB0C,0xB14,0xB09,0xB19,0xB1B,0xB1D,
0xB35,0xB26,0xB11,0xB14,0xAFE,0xB00,
0xB20,0xB18,0xB13,0xB03,0xAF2,0xAFA,
0xB07,0xB09,0xB03,0xB06,0xB04,0xAF3,
0xAE9,0xAED,0xAE5,0xAEB,0xAFD,0xAFB,
0xAF4,0xAF0,0xAE3,0xAF6,0xB02,0xAF7,
0xB02,0xAF7,0xAED,0xAF7,0xAE5,0xAE6,
0xB06,0xB0C,0xB0F,0xB17,0xAFD,0xAF1,
0xB0B,0xB12,0xB1F,0xB27,0xB0D,0xB0B,
0xB1F,0xB19,0xB2A,0xB3B,0xB1B,0xB27,
0xB43,0xB2C,0xB2B,0xB1E,0xAFD,0xB1C,
0xB3F,0xB38,0xB3C,0xB27,0xB13,0xB1C,
0xB10,0xB0D,0xB10,0xB04,0xB0A,0xB17,
0xB12,0xB1F,0xB24,0xB1E,0xB23,0xB22,
0xB29,0xB34,0xB31,0xB34,0xB33,0xB3B,
0xB50,0xB50,0xB5C,0xB6A,0xB52,0xB30,
0xB36,0xB55,0xB61,0xB57,0xB43,0xB2B,
0xB27,0xB39,0xB43,0xB2F,0xB12,0xB06,
0xB09,0xB15,0xB1B,0xB0C,0xB02,0xAFA,
0xAF7,0xB04,0xB02,0xAE5,0xAE2,0xAE7,
0xAF0,0xAFB,0xAE6,0xADB,0xAEE,0xAE0,
0xAE2,0xAF4,0xAE0,0xAE2,0xAF9,0xAF2,
0xAF4,0xAF0,0xAD6,0xAE7,0xAF8,0xAFF,
0xB04,0xAF3,0xAF8,0xB21,0xB27,0xB11,
0xB17,0xB14,0xB0C,0xB21,0xB35,0xB2D,
0xB31,0xB45,0xB4F,0xB4D,0xB4B,0xB42,
0xB4C,0xB5D,0xB64,0xB78,0xB74,0xB67,
0xB80,0xB80,0xB73,0xB81,0xB67,0xB61,
0xB7E,0xB76,0xB5A,0xB59,0xB64,0xB69,
0xB75,0xB6E,0xB4B,0xB42,0xB4F,0xB4B,
0xB43,0xB2E,0xB29,0xB37,0xB2D,0xB1E,
0xB29,0xB0D,0xB10,0xB25,0xAFA,0xAF1,
0xB0E,0xAF4,0xAEF,0xAF6,0xAD3,0xAD6,
0xAD5,0xAC6,0xADF,0xADE,0xACE,0xAD9,
0xAD3,0xAE7,0xAEC,0xAD0,0xAE0,0xAEA,
0xADF,0xAF1,0xAF7,0xAED,0xB06,0xB1C,
0xB1E,0xB19,0xAFF,0xAF8,0xB10,0xB11,
0xB1C,0xB2F,0xB22,0xB1E,0xB22,0xAFC,
0xAEF,0xB11,0xB0E,0xB1C,0xB2D,0xB14,
0xB10,0xB24,0xB0A,0xAFD,0xB04,0xB01,
0xB13,0xB19,0xB05,0xAFB,0xAEE,0xAEE,
0xAF3,0xAEA,0xAEB,0xAE0,0xACC,0xAC8,
0xACA,0xAC1,0xACD,0xACF,0xACD,0xAD5,
0xAD0,0xAC5,0xAD9,0xAE6,0xAE2,0xAE9,
0xAE6,0xAE9,0xAFA,0xB07,0xB03,0xB06,
0xAF4,0xAE4,0xAED,0xAF7,0xAF5,0xB08,
0xB0F,0xB09,0xB1A,0xB12,0xAE7,0xAE8,
0xAFE,0xAFE,0xB26,0xB40,0xB2C,0xB33,
0xB43,0xB21,0xB24,0xB3A,0xB3C,0xB51,
0xB59,0xB38,0xB39,0xB3F,0xB3F,0xB54,
0xB3E,0xB36,0xB4E,0xB32,0xB10,0xB2A,
0xB31,0xB23,0xB39,0xB47,0xB2D,0xB26,
0xB1D,0xB0F,0xB12,0xB14,0xB15,0xB0E,
0xB05,0xAF2,0xAD9,0xAD6,0xAE4,0xACE,
0xABF,0xABA,0xAAC,0xAA7,0xAC7,0xACC,
0xAC5,0xACD,0xABC,0xAB1,0xABE,0xAAF,
0xAB3,0xACF,0xAC9,0xAE0,0xAFC,0xAFA,
0xAFB,0xAE7,0xAC4,0xAE9,0xB0F,0xAFE,
0xAF9,0xB13,0xB09,0xB02,0xB09,0xAFA,
0xB10,0xB1C,0xB07,0xB09,0xB26,0xB3A,
0xB48,0xB47,0xB3E,0xB37,0xB4F,0xB69,
0xB67,0xB58,0xB5E,0xB7B,0xB7B,0xB6F,
0xB6F,0xB62,0xB55,0xB57,0xB4B,0xB50,
0xB5A,0xB51,0xB37,0xB37,0xB23,0xB19,
0xB3A,0xB3F,0xB2E,0xB39,0xB30,0xB20,
0xB2B,0xB2B,0xB34,0xB2E,0xB26,0xB22,
0xB1C,0xB15,0xB16,0xB09,0xB04,0xB03,
0xB0E,0xB13,0xAFF,0xAE1,0xAE2,0xAF4,
0xAF7,0xAFB,0xAEA,0xAE8,0xB07,0xB0A,
0xAF0,0xB02,0xB06,0xAF9,0xAF1,0xAEF,
0xAE0,0xAEF,0xAFD,0xAF3,0xAF2,0xADF,
0xAD7,0xAF6,0xAEF,0xAD5,0xAE9,0xADF,
0xAD8,0xAE8,0xAE9,0xAEB,0xAE8,0xAD1,
0xADC,0xAEC,0xAFB,0xAFF,0xAF1,0xAEA,
0xAF2,0xB01,0xB16,0xB29,0xB09,0xAF9,
0xB09,0xB09,0xB0C,0xB21,0xB19,0xB20,
0xB32,0xB24,0xB0D,0xB22,0xB28,0xB19,
0xB37,0xB46,0xB54,0xB76,0xB5F,0xB3F,
0xB40,0xB2C,0xB47,0xB57,0xB52,0xB6B,
0xB76,0xB53,0xB5C,0xB5C,0xB40,0xB60,
0xB6C,0xB3D,0xB47,0xB5D,0xB3D,0xB4D,
0xB63,0xB42,0xB32,0xB3F,0xB24,0xB1E,
0xB2A,0xB31,0xB49,0xB51,0xB2D,0xB25,
0xB21,0xB05,0xB0E,0xB15,0xB14,0xB2D,
0xB1D,0xAEE,0xAFA,0xB06,0xB03,0xB08,
0xB0E,0xAF3,0xAF9,0xB12,0xB00,0xAEC,
0xAF8,0xB02,0xB07,0xAF7,0xAE4,0xAF0,
0xADE,0xAD8,0xAE8,0xAE2,0xAE1,0xAF8,
0xADC,0xAD3,0xAE6,0xABD,0xAAD,0xAD5,
0xAC2,0xAC7,0xADA,0xAB1,0xAB6,0xAC9,
0xACC,0xAE2,0xAEC,0xAC7,0xAD8,0xAF0,
0xAE5,0xAEC,0xB00,0xAE0,0xAEB,0xB05,
0xAF0,0xAF3,0xAFF,0xAFC,0xB03,0xB02,
0xAEE,0xB08,0xB09,0xB05,0xB0B,0xB0F,
0xB14,0xB27,0xB1A,0xB0B,0xB12,0xB10,
0xB17,0xB1A,0xB16,0xB19,0xB31,0xB2F,
0xB21,0xB18,0xB2B,0xB38,0xB32,0xB29,
0xB32,0xB3C,0xB43,0xB4F,0xB47,0xB3E,
0xB3A,0xB42,0xB37,0xB2B,0xB25,0xB32,
0xB45,0xB3D,0xB25,0xB1E,0xB1C,0xB23,
0xB22,0xB0C,0xB0B,0xB1F,0xB24,0xB0D,
0xB0B,0xB08,0xAF8,0xB03,0xB0E,0xB0B,
0xB18,0xB21,0xB14,0xAFD,0xAEF,0xAF7,
0xAFA,0xAFB,0xB02,0xB04,0xAFC,0xAFC,
0xAF8,0xAEB,0xAF4,0xAFE,0xAEE,0xB05,
0xB19,0xB0D,0xB0F,0xB01,0xB06,0xB1C,
0xB20,0xB29,0xB21,0xB06,0xB1E,0xB43,
0xB3B,0xB2A,0xB27,0xB29,0xB31,0xB43,
0xB43,0xB36,0xB31,0xB38,0xB45,0xB4D,
0xB53,0xB49,0xB2B,0xB2B,0xB32,0xB47,
0xB4B,0xB3A,0xB42,0xB49,0xB4B,0xB52,
0xB48,0xB49,0xB5E,0xB67,0xB61,0xB57,
0xB5C,0xB48,0xB4C,0xB5C,0xB47,0xB41,
0xB46,0xB42,0xB4C,0xB53,0xB47,0xB4D,
0xB4D,0xB3E,0xB38,0xB45,0xB45,0xB44,
0xB44,0xB3A,0xB45,0xB3D,0xB37,0xB4A,
0xB39,0xB24,0xB29,0xB2F,0xB30,0xB11,
0xB05,0xB0B,0xB0B,0xB10,0xB17,0xB0E,
0xB08,0xB0A,0xB06,0xAF1,0xADD,0xAE4,
0xAE4,0xAE7,0xAEB,0xAEB,0xAE2,0xAE9,
0xAE2,0xADD,0xAEF,0xADF,0xAC7,0xACF,
0xAD6,0xAD9,0xAD6,0xABB,0xAC5,0xAD3,
0xAC2,0xABE,0xACE,0xAC5,0xAC8,0xAD6,
0xAC5,0xAC9,0xAE5,0xAD1,0xAC7,0xAD2,
0xAC7,0xAD9,0xAE6,0xAD3,0xAC1,0xABB,
0xAB8,0xAD6,0xAE2,0xAD3,0xAE6,0xAEE,
0xADF,0xAED,0xAED,0xADC,0xAE8,0xAF1,
0xAF8,0xAFE,0xB05,0xB0A,0xB10,0xB15,
0xB18,0xB1C,0xB20,0xB22,0xB1A,0xB12,
0xB1E,0xB28,0xB2B,0xB3E,0xB40,0xB39,
0xB3D,0xB32,0xB26,0xB28,0xB1D,0xB1F,
0xB2A,0xB2E,0xB3B,0xB33,0xB1C,0xB2F,
0xB37,0xB29,0xB3A,0xB23,0xB13,0xB30,
0xB2F,0xB23,0xB25,0xB0D,0xB19,0xB28,
0xB0A,0xB09,0xB14,0xB0C,0xB10,0xB17,
0xB06,0xB03,0xB0B,0xB05,0xAFA,0xAFA,
0xAEE,0xB01,0xB18,0xB0A,0xB0F,0xB24,
0xB17,0xB12,0xB1F,0xB03,0xB03,0xB17,
0xB09,0xB13,0xB2E,0xB22,0xB1B,0xB1D,
0xB18,0xB13,0xB1A,0xB14,0xB10,0xB2B,
0xB2F,0xB1F,0xB18,0xB00,0xAF6,0xB21,
0xB17,0xB09,0xB22,0xB12,0xB02,0xB15,
0xB00,0xAFA,0xB18,0xB04,0xB00,0xB12,
0xAFE,0xB01,0xB07,0xAF3,0xB02,0xB0A,
0xB06,0xB0F,0xB09,0xAFB,0xAFF,0xB0B,
0xB0A,0xB17,0xB2A,0xB28,0xB1D,0xB17,
0xB19,0xB33,0xB3E,0xB33,0xB2F,0xB39,
0xB37,0xB36,0xB3A,0xB3C,0xB43,0xB43,
0xB56,0xB5E,0xB47,0xB38,0xB3E,0xB36,
0xB44,0xB57,0xB4A,0xB39,0xB34,0xB24,
0xB24,0xB28,0xB25,0xB2B,0xB38,0xB39,
0xB2D,0xB27,0xB1C,0xB11,0xB09,0xB15,
0xB23,0xB1C,0xB0D,0xB11,0xB10,0xB07,
0xB08,0xB05,0xB00,0xB01,0xB00,0xAFF,
0xB08,0xB02,0xB0B,0xB18,0xB16,0xB14,
0xB01,0xAEC,0xAFC,0xB01,0xB01,0xB1B,
0xB0E,0xAFE,0xB0F,0xB09,0xAF6,0xAF7,
0xAE9,0xAFA,0xB17,0xB19,0xB1C,0xB11,
0xAF2,0xAF9,0xB03,0xAFE,0xAFE,0xAF9,
0xAFB,0xB03,0xB00,0xAFC,0xB05,0xB03,
0xAFC,0xAED,0xAE4,0xAE3,0xADA,0xAE5,
0xAFD,0xAED,0xAE1,0xAF1,0xAE3,0xAE0,
0xADB,0xAC7,0xACD,0xAD9,0xAE0,0xB00,
0xAF6,0xADA,0xADF,0xADA,0xAE1,0xAF8,
0xAE4,0xADF,0xAFE,0xAF2,0xAF9,0xB10,
0xAFF,0xAF8,0xB05,0xB08,0xB1A,0xB18,
0xB0C,0xB20,0xB2B,0xB22,0xB26,0xB2E,
0xB1B,0xB18,0xB21,0xB23,0xB2A,0xB34,
0xB32,0xB35,0xB3B,0xB26,0xB0E,0xB18,
0xB29,0xB29,0xB30,0xB24,0xB1C,0xB31,
0xB2E,0xB12,0xB0F,0xB09,0xB01,0xB0C,
0xB15,0xB23,0xB2A,0xB20,0xB23,0xB1B,
0xB0A,0xB0C,0xB12,0xB12,0xB10,0xB21,
0xB28,0xB24,0xB22,0xB10,0xB0A,0xB0F,
0xB14,0xB19,0xB1A,0xB21,0xB1C,0xB17,
0xB21,0xB1B,0xB25,0xB37,0xB32,0xB2C,
0xB20,0xB0C,0xB1B,0xB2E,0xB2C,0xB3E,
0xB4B,0xB44,0xB35,0xB2D,0xB29,0xB2E,
0xB3F,0xB40,0xB35,0xB31,0xB26,0xB2A,
0xB28,0xB2A,0xB3A,0xB35,0xB32,0xB29,
0xB1A,0xB22,0xB27,0xB22,0xB20,0xB2A,
0xB3A,0xB2C,0xB1A,0xB0D,0xB09,0xB0A,
0xB17,0xB1D,0xB12,0xB18,0xB1C,0xB19,
0xB0F,0xB08,0xB16,0xB19,0xB11,0xB0B,
0xB0C,0xB0C,0xB0B,0xB0C,0xAFB,0xAF7,
0xB02,0xB07,0xB11,0xB01,0xAEE,0xAF8,
0xAF3,0xAF3,0xAF4,0xADE,0xAF0,0xB04,
0xAF1,0xAFA,0xB00,0xAFD,0xB12,0xB10,
0xAF8,0xAEB,0xAFA,0xAFD,0xB06,0xB1D,
0xB23,0xB23,0xB1F,0xB04,0xAF5,0xB05,
0xB04,0xB17,0xB27,0xB1B,0xB25,0xB22,
0xB03,0xB09,0xB1C,0xB1C,0xB28,0xB2E,
0xB11,0xB10,0xB0E,0xAFC,0xB1D,0xB1D,
0xB10,0xB29,0xB17,0xB05,0xB1B,0xB1B,
0xB22,0xB25,0xB14,0xB1A,0xB14,0xAFC,
0xAFA,0xB0A,0xB13,0xB21,0xB2A,0xB24,
0xB1A,0xB07,0xAF4,0xAF9,0xB0C,0xB0C,
0xB1E,0xB2B,0xB18,0xB0C,0xAFE,0xB08,
0xB16,0xAF4,0xAF2,0xAFF,0xAF1,0xB02,
0xB0A,0xB09,0xB22,0xB15,0xB01,0xAFB,
0xAE7,0xAEA,0xAF1,0xB01,0xB10,0xB03,
0xB0A,0xB11,0xB0F,0xB02,0xAF4,0xB01,
0xB12,0xB1A,0xB1B,0xB19,0xB0F,0xB10,
0xB20,0xB23,0xB27,0xB22,0xB14,0xB22,
0xB2B,0xB20,0xB35,0xB3C,0xB29,0xB35,
0xB32,0xB46,0xB4F,0xB2A,0xB30,0xB2B,
0xB29,0xB42,0xB38,0xB35,0xB2F,0xB23,
0xB2D,0xB25,0xB1C,0xB23,0xB2F,0xB36,
0xB23,0xB14,0xB12,0xB06,0xAFE,0xAFD,
0xB04,0xB12,0xB0D,0xB07,0xB05,0xAF0,
0xAED,0xB02,0xB00,0xB02,0xB0D,0xAF7,
0xAFD,0xB08,0xAFD,0xB08,0xB0A,0xB01,
0xB12,0xB14,0xB18,0xB1B,0xB04,0xB01,
0xB0C,0xB12,0xB1B,0xB23,0xB22,0xB1E,
0xB10,0xB07,0xB0A,0xB0B,0xB06,0xB0B,
0xB0A,0xB0D,0xB15,0xB1A,0xB2C,0xB1E,
0xB05,0xB0B,0xB18,0xB1B,0xB1D,0xB12,
0xB12,0xB17,0xB13,0xB0F,0xB08,0xB0B,
0xB06,0xB09,0xB13,0xB11,0xB16,0xB20,
0xB16,0xB09,0xB01,0xB08,0xB0C,0xB01,
0xB02,0xB0A,0xB16,0xB18,0xB05,0xAF5,
0xAEE,0xAF5,0xB03,0xB00,0xAFA,0xAFC,
0xAFC,0xB03,0xB08,0xAFD,0xAFF,0xB06,
0xAF0,0xAE5,0xAF2,0xAF3,0xB00,0xB01,
0xAFB,0xB03,0xAF6,0xAF9,0xB04,0xAEF,
0xAF6,0xB00,0xAF0,0xB02,0xB0C,0xB05,
0xB0B,0xB0C,0xAF8,0xAFC,0xB04,0xAFF,
0xB0D,0xB16,0xB1E,0xB2B,0xB19,0xB0B,
0xB0C,0xAFD,0xB19,0xB32,0xB35,0xB3A,
0xB39,0xB26,0xB10,0xB10,0xB15,0xB24,
0xB34,0xB26,0xB15,0xB17,0xB14,0xB27,
0xB25,0xB09,0xB0C,0xB08,0xAF7,0xB07,
0xAFE,0xAEC,0xAFE,0xB05,0xB0A,0xB0E,
0xAFD,0xAF0,0xAFF,0xB12,0xB18,0xB1F,
0xB1C,0xB21,0xB19,0xB14,0xB20,0xB24,
0xB21,0xB15,0xB0F,0xB15,0xB1A,0xB20,
0xB1A,0xB28,0xB37,0xB20,0xB16,0xB10,
0xB17,0xB2C,0xB31,0xB37,0xB33,0xB23,
0xB26,0xB26,0xB06,0xB12,0xB2A,0xB29,
0xB32,0xB22,0xB0D,0xB15,0xB14,0xB0A,
0xAF7,0xAF9,0xB10,0xB19,0xB14,0xAF5,
0xAFD,0xB09,0xAFB,0xAF3,0xAEC,0xAF5,
0xB0E,0xB15,0xB0F,0xB0F,0xB13,0xB12,
0xAFE,0xAE9,0xAEA,0xAF7,0xAF9,0xB01,
0xB00,0xAF3,0xAFF,0xB07,0xAEA,0xAE7,
0xB01,0xB08,0xB12,0xB0D,0xB07,0xB10,
0xB20,0xB31,0xB25,0xB0E,0xB14,0xB22,
0xB35,0xB33,0xB1E,0xB22,0xB2B,0xB35,
0xB41,0xB35,0xB2F,0xB30,0xB27,0xB21,
0xB21,0xB27,0xB13,0xB03,0xB1A,0xB1B,
0xB1F,0xB31,0xB30,0xB33,0xB34,0xB23,
0xB21,0xB27,0xB21,0xB26,0xB27,0xB21,
0xB2C,0xB31,0xB25,0xB27,0xB18,0xB0B,
0xB31,0xB40,0xB27,0xB1B,0xB0D,0xB05,
0xB20,0xB20,0xB0D,0xB0C,0xB11,0xB1B,
0xB1A,0xB06,0xAFE,0xB0D,0xB20,0xB22,
0xB17,0xB0E,0xB1D,0xB27,0xB10,0xB0C,
0xB14,0xB09,0xB0A,0xB0A,0xAF9,0xB01,
0xB1A,0xB1C,0xB18,0xB19,0xB05,0xAF8,
0xAFA,0xAF1,0xAF8,0xB0A,0xB0E,0xB07,
0xAFF,0xAFF,0xB04,0xAFB,0xAE5,0xAE2,
0xAEE,0xAEE,0xAEE,0xAF4,0xAF0,0xAF6,
0xB0B,0xB03,0xAF2,0xAF4,0xAF5,0xB02,
0xB0A,0xAF5,0xAFD,0xB1B,0xB1F,0xB13,
0xB06,0xB0B,0xB1E,0xB24,0xB1D,0xB16,
0xB17,0xB22,0xB26,0xB1E,0xB0F,0xB06,
0xB0A,0xB12,0xB11,0xB13,0xB24,0xB25,
0xB1F,0xB25,0xB13,0xB09,0xB14,0xB0B,
0xB0E,0xB12,0xB14,0xB22,0xB19,0xB19,
0xB21,0xB0E,0xB0C,0xB09,0xAF7,0xAF7,
0xAF2,0xAF1,0xAFE,0xB01,0xB0A,0xB0D,
0xAFB,0xAEB,0xAE8,0xAF8,0xB01,0xB00,
0xB01,0xB03,0xB0E,0xB0B,0xAF7,0xAF3,
0xAF6,0xB01,0xB15,0xB14,0xB06,0xB0A,
0xB17,0xB0F,0xB07,0xAFC,0xAFD,0xB1B,
0xB16,0xB04,0xB1A,0xB1D,0xB22,0xB35,
0xB22,0xB0F,0xB1F,0xB26,0xB23,0xB2E,
0xB30,0xB2E,0xB3F,0xB3D,0xB2D,0xB34,
0xB3B,0xB3D,0xB4A,0xB51,0xB59,0xB5A,
0xB38,0xB24,0xB38,0xB46,0xB4E,0xB54,
0xB45,0xB3E,0xB47,0xB3F,0xB30,0xB2A,
0xB27,0xB2C,0xB2E,0xB14,0xB01,0xB05,
0xB04,0xB04,0xAFD,0xAFA,0xB09,0xB02,
0xAE8,0xAE5,0xAEC,0xAEB,0xAF0,0xAE5,
0xAD4,0xAD7,0xAE3,0xAE8,0xAE1,0xAD4,
0xAD2,0xADA,0xAE1,0xAD4,0xAC3,0xAC1,
0xAC7,0xACA,0xACD,0xAD1,0xAE1,0xAEC,
0xAE4,0xADA,0xADE,0xAE8,0xAEC,0xAF2,
0xAF2,0xAF8,0xB12,0xB13,0xB05,0xB08,
0xB04,0xB12,0xB28,0xB1F,0xB24,0xB33,
0xB2E,0xB22,0xB19,0xB1B,0xB25,0xB22,
0xB1B,0xB21,0xB25,0xB1F,0xB18,0xB12,
0xB08,0xB07,0xB11,0xB0D,0xB00,0xB07,
0xB0D,0xB06,0xB01,0xAFF,0xAF7,0xAFC,
0xB0A,0xB06,0xAF0,0xADF,0xAE3,0xAF1,
0xAFB,0xAF7,0xAEF,0xAEE,0xAF1,0xAEE,
0xAE7,0xAE6,0xAE7,0xAE3,0xAE3,0xAE7,
0xAE5,0xAE6,0xAF0,0xAF0,0xAF3,0xAFF,
0xAF4,0xAEB,0xAEB,0xAE9,0xB04,0xB26,
0xB18,0xB10,0xB15,0xB0D,0xB1E,0xB2F,
0xB21,0xB2A,0xB33,0xB2F,0xB35,0xB32,
0xB31,0xB38,0xB33,0xB34,0xB34,0xB33,
0xB3A,0xB3A,0xB3D,0xB3E,0xB39,0xB42,
0xB47,0xB44,0xB45,0xB3C,0xB42,0xB4E,
0xB45,0xB48,0xB47,0xB3C,0xB50,0xB56,
0xB52,0xB5E,0xB5D,0xB59,0xB59,0xB5A,
0xB63,0xB5F,0xB54,0xB57,0xB56,0xB4F,
0xB42,0xB34,0xB32,0xB3B,0xB40,0xB34,
0xB2A,0xB30,0xB31,0xB26,0xB20,0xB21,
0xB1E,0xB2E,0xB35,0xB1B,0xB16,0xB1D,
0xB20,0xB30,0xB2E,0xB22,0xB2B,0xB2D,
0xB29,0xB36,0xB35,0xB31,0xB36,0xB2D,
0xB23,0xB28,0xB1F,0xB17,0xB25,0xB29,
0xB21,0xB2E,0xB33,0xB24,0xB24,0xB1F,
0xB19,0xB29,0xB23,0xB0C,0xB09,0xB0C,
0xB1C,0xB30,0xB2F,0xB29,0xB1E,0xB12,
0xB0F,0xB15,0xB18,0xB1A,0xB20,0xB22,
0xB1B,0xB1C,0xB1E,0xB14,0xB11,0xB12,
0xB14,0xB18,0xB0E,0xB03,0xAFD,0xAF5,
0xAEC,0xAEC,0xB06,0xB12,0xB04,0xAF8,
0xAE9,0xAE3,0xAF4,0xAFD,0xAFD,0xAFC,
0xAF0,0xAF0,0xAEB,0xAE0,0xAE2,0xAE7,
0xAE5,0xAEA,0xAF2,0xAF1,0xAEB,0xAEC,
0xAE7,0xADB,0xAE0,0xAE5,0xADE,0xAE7,
0xAF1,0xAEF,0xAFD,0xAF5,0xAE0,0xAE0,
0xAE2,0xAE6,0xAF0,0xAEA,0xAF0,0xAFA,
0xAEF,0xAE4,0xAE3,0xADF,0xAE9,0xAF6,
0xAF8,0xAF8,0xAF8,0xAF9,0xB01,0xB07,
0xAFB,0xAF1,0xAF7,0xB00,0xB07,0xB08,
0xB02,0xB03,0xB11,0xB15,0xB0B,0xB08,
0xB09,0xB0C,0xB11,0xB0C,0xB06,0xB05,
0xB03,0xB07,0xB14,0xB0E,0xB0E,0xB1A,
0xB12,0xB0E,0xB12,0xB07,0xB01,0xB0A,
0xB17,0xB20,0xB24,0xB26,0xB23,0xB1F,
0xB14,0xB0C,0xB11,0xB12,0xB10,0xB22,
0xB23,0xB1A,0xB1C,0xB13,0xB17,0xB2A,
0xB2C,0xB28,0xB2C,0xB2C,0xB23,0xB21,
0xB25,0xB1E,0xB23,0xB2B,0xB2B,0xB34,
0xB33,0xB2C,0xB33,0xB2A,0xB2C,0xB3A,
0xB2B,0xB24,0xB29,0xB1C,0xB20,0xB27,
0xB21,0xB24,0xB25,0xB23,0xB22,0xB15,
0xB0E,0xB10,0xB0E,0xB0A,0xAFF,0xB08,
0xB19,0xB12,0xB0A,0xB05,0xB07,0xB15,
0xB14,0xB07,0xB0B,0xB08,0xB0A,0xB19,
0xB1B,0xB19,0xB1C,0xB18,0xB18,0xB19,
0xB1B,0xB1B,0xB19,0xB14,0xB14,0xB20,
0xB1D,0xB12,0xB10,0xB0F,0xB0D,0xB17,
0xB15,0xB14,0xB1D,0xB14,0xB14,0xB1F,
0xB1B,0xB19,0xB15,0xB10,0xB15,0xB1A,
0xB20,0xB26,0xB23,0xB18,0xB18,0xB1E,
0xB21,0xB22,0xB21,0xB20,0xB27,0xB26,
0xB1B,0xB1E,0xB24,0xB16,0xB09,0xB01,
0xAFD,0xB06,0xB12,0xB0E,0xB05,0xB05,
0xAFF,0xB04,0xB0B,0xAFD,0xB01,0xB14,
0xB19,0xB1F,0xB16,0xB06,0xB0B,0xB09,
0xB06,0xB13,0xB15,0xB15,0xB1A,0xB16,
0xB0E,0xB0B,0xB09,0xB0A,0xB0E,0xB0C,
0xB0B,0xB0E,0xB0C,0xB0A,0xB08,0xAFC,
0xAF6,0xAFD,0xAFB,0xAF6,0xAF2,0xAF4,
0xAF9,0xAFD,0xB02,0xB00,0xAF4,0xAF6,
0xAF8,0xAF4,0xAF7,0xAF9,0xAF9,0xAFC,
0xAFC,0xAFD,0xB00,0xB00,0xB02,0xB01,
0xAFE,0xB01,0xB07,0xB11,0xB15,0xB13,
0xB11,0xB0D,0xB0E,0xB0C,0xB10,0xB18,
0xB16,0xB18,0xB1B,0xB19,0xB16,0xB10,
0xB08,0xB09,0xB14,0xB1C,0xB15,0xB0F,
0xB14,0xB11,0xB0C,0xB12,0xB17,0xB1A,
0xB14,0xB09,0xB07,0xB09,0xB0D,0xB08,
0xB00,0xB09,0xB12,0xB0C,0xB09,0xB00,
0xAF9,0xB07,0xB10,0xB0C,0xB06,0xB01,
0xB0B,0xB17,0xB12,0xB0A,0xB0C,0xB10,
0xB0F,0xB0C,0xB0C,0xB0F,0xB17,0xB1F,
0xB1E,0xB16,0xB14,0xB17,0xB1B,0xB1C,
0xB1C,0xB1B,0xB1C,0xB1C,0xB21,0xB22,
0xB1D,0xB27,0xB33,0xB29,0xB1D,0xB1D,
0xB1F,0xB20,0xB27,0xB24,0xB1E,0xB20,
0xB1F,0xB17,0xB14,0xB1F,0xB1F,0xB16,
0xB15,0xB11,0xB0B,0xB12,0xB17,0xB11,
0xB1A,0xB22,0xB1E,0xB1A,0xB13,0xB14,
0xB17,0xB19,0xB22,0xB1F,0xB0E,0xB0F,
0xB1E,0xB20,0xB20,0xB29,0xB24,0xB1E,
0xB1E,0xB17,0xB18,0xB20,0xB23,0xB29,
0xB29,0xB1C,0xB11,0xB08,0xB0A,0xB10,
0xB0C,0xB0C,0xB0C,0xB07,0xB05,0xB02,
0xAFE,0xAFC,0xB01,0xB0B,0xB0A,0xAFA,
0xAF3,0xAF5,0xAFB,0xAFD,0xAFA,0xAFA,
0xAFB,0xAEF,0xAE8,0xAE6,0xAE3,0xAF2,
0xB08,0xB15,0xB12,0xB0B,0xB07,0xB09,
0xB03,0xAFD,0xB02,0xB0E,0xB17,0xB15,
0xB0E,0xB0F,0xB0F,0xB0B,0xB0C,0xB0B,
0xB10,0xB16,0xB16,0xB1A,0xB18,0xB12,
0xB1A,0xB0F,0xB04,0xB11,0xB18,0xB1F,
0xB25,0xB1E,0xB15,0xB10,0xB05,0xB02,
0xB09,0xB0E,0xB11,0xB1A,0xB17,0xB02,
0xAF2,0xAF3,0xAFA,0xAFD,0xB04,0xB01,
0xB00,0xAF8,0xAED,0xAF6,0xAF9,0xAF6,
0xB02,0xB0E,0xB14,0xB12,0xB0D,0xB10,
0xB15,0xB19,0xB11,0xB0E,0xB10,0xB0B,
0xB0E,0xB0E,0xB0E,0xB13,0xB14,0xB12,
0xB0D,0xB08,0xB0B,0xB1A,0xB1D,0xB11,
0xB07,0xB06,0xB0A,0xB10,0xB14,0xB14,
0xB0F,0xB12,0xB18,0xB0E,0xB06,0xB07,
0xB0C,0xB1D,0xB28,0xB1E,0xB18,0xB1C,
0xB1F,0xB1A,0xB1A,0xB20,0xB23,0xB2E,
0xB32,0xB1F,0xB0A,0xB0E,0xB19,0xB17,
0xB18,0xB1C,0xB1C,0xB23,0xB27,0xB14,
0xB09,0xB13,0xB14,0xB1B,0xB25,0xB22,
0xB2B,0xB32,0xB30,0xB2F,0xB24,0xB20,
0xB2B,0xB30,0xB35,0xB3D,0xB39,0xB2F,
0xB1F,0xB15,0xB15,0xB14,0xB16,0xB22,
0xB24,0xB22,0xB1B,0xB0D,0xB0C,0xB14,
0xB1C,0xB20,0xB20,0xB1D,0xB15,0xB0C,
0xB0B,0xB04,0xB06,0xB0E,0xB19,0xB1D,
0xB13,0xB11,0xB0A,0xB09,0xB0C,0xB0C,
0xB17,0xB1F,0xB1B,0xB18,0xB12,0xB10,
0xB13,0xB15,0xB1D,0xB29,0xB29,0xB2A,
0xB29,0xB1F,0xB17,0xB15,0xB1A,0xB20,
0xB1D,0xB1A,0xB1A,0xB15,0xB15,0xB11,
0xB03,0xB05,0xB10,0xB16,0xB1B,0xB1D,
0xB23,0xB1F,0xB15,0xB0A,0xB04,0xB0D,
0xB1B,0xB22,0xB25,0xB22,0xB1F,0xB16,
0xB0D,0xB0F,0xB11,0xB13,0xB15,0xB1A,
0xB1A,0xB12,0xB0F,0xB10,0xB03,0xB03,
0xB12,0xB0E,0xB07,0xB0C,0xB10,0xB15,
0xB1F,0xB13,0xB07,0xB09,0xB09,0xB0B,
0xB0B,0xB01,0xAFF,0xB08,0xB0F,0xB0A,
0xB05,0xB09,0xB10,0xB0D,0xAFF,0xAF5,
0xAF8,0xB01,0xB07,0xB14,0xB15,0xB0E,
0xB10,0xB10,0xB0C,0xB08,0xB0A,0xB0E,
0xB0E,0xB0C,0xB08,0xB07,0xB05,0xB02,
0xB01,0xB07,0xB10,0xB0D,0xB0B,0xB08,
0xAFF,0xB00,0xAFE,0xAFE,0xB03,0xAFC,
0xAF7,0xAF5,0xAF2,0xAF9,0xAFE,0xAF4,
0xAF0,0xAF9,0xB03,0xB01,0xAFF,0xB04,
0xB08,0xB0F,0xB0C,0xB06,0xB0D,0xB14,
0xB15,0xB17,0xB17,0xB16,0xB1C,0xB1C,
0xB1A,0xB20,0xB22,0xB2B,0xB26,0xB0F,
0xB0A,0xB0D,0xB11,0xB1A,0xB18,0xB16,
0xB12,0xB09,0xB00,0xAFD,0xB04,0xB0B,
0xB09,0xB0A,0xB07,0xB08,0xB0F,0xB0F,
0xB09,0xB08,0xB12,0xB18,0xB13,0xB14,
0xB15,0xB11,0xB17,0xB1F,0xB20,0xB21,
0xB1B,0xB10,0xB13,0xB11,0xB0C,0xB09,
0xB03,0xB0B,0xB14,0xB14,0xB10,0xB05,
0xB02,0xB09,0xB12,0xB11,0xB0A,0xB06,
0xB08,0xB0E,0xB0A,0xB02,0xB04,0xB01,
0xAFF,0xB04,0xB02,0xAFE,0xB05,0xB07,
0xB07,0xB03,0xAFF,0xB00,0xAFB,0xAF0,
0xAF3,0xAFF,0xAFF,0xAFD,0xAFA,0xAFA,
0xB05,0xB08,0xB08,0xB03,0xAFB,0xB00,
0xB0C,0xB13,0xB12,0xB11,0xB0C,0xB10,
0xB1A,0xB16,0xB13,0xB17,0xB14,0xB15,
0xB14,0xB0F,0xB16,0xB1C,0xB13,0xB0A,
0xB10,0xB15,0xB16,0xB12,0xB08,0xB0D,
0xB17,0xB21,0xB26,0xB1C,0xB16,0xB18,
0xB1A,0xB23,0xB24,0xB22,0xB20,0xB25,
0xB2C,0xB27,0xB21,0xB24,0xB23,0xB25,
0xB2D,0xB32,0xB2C,0xB23,0xB1B,0xB10,
0xB09,0xB0B,0xB16,0xB20,0xB23,0xB20,
0xB12,0xB11,0xB14,0xB0E,0xB0E,0xB0F,
0xB14,0xB1F,0xB22,0xB20,0xB17,0xB0B,
0xB12,0xB1A,0xB15,0xB0D,0xB09,0xB0D,
0xB11,0xB0C,0xB06,0xB01,0xB00,0xB01,
0xAFC,0xAF7,0xAFE,0xAFF,0xAF4,0xAED,
0xAF2,0xB00,0xB08,0xB05,0xB00,0xAF7,
0xAF1,0xAF8,0xAFF,0xB07,0xB0F,0xB0F,
0xB0C,0xB0A,0xB0C,0xB11,0xB18,0xB1C,
0xB18,0xB16,0xB20,0xB25,0xB23,0xB23,
0xB2A,0xB2F,0xB2F,0xB30,0xB34,0xB33,
0xB37,0xB37,0xB2B,0xB29,0xB31,0xB34,
0xB32,0xB2C,0xB28,0xB2A,0xB2E,0xB2A,
0xB1E,0xB1C,0xB21,0xB24,0xB1F,0xB1B,
0xB1E,0xB22,0xB24,0xB25,0xB23,0xB25,
0xB25,0xB21,0xB1D,0xB20,0xB27,0xB33,
0xB2F,0xB22,0xB23,0xB27,0xB26,0xB25,
0xB1C,0xB19,0xB1F,0xB26,0xB27,0xB21,
0xB1F,0xB19,0xB0C,0xB08,0xB0A,0xB0C,
0xB13,0xB15,0xB13,0xB14,0xB17,0xB1D,
0xB18,0xB0E,0xB11,0xB19,0xB1C,0xB18,
0xB13,0xB0E,0xB0C,0xB12,0xB10,0xB0B,
0xB0D,0xB08,0xB07,0xB14,0xB18,0xB10,
0xB0F,0xB0B,0xB07,0xB04,0xB04,0xB07,
0xB07,0xAFD,0xAF7,0xAF5,0xAF7,0xB00,
0xB02,0xAFD,0xB01,0xB02,0xAFB,0xAFC,
0xAFF,0xAFF,0xB02,0xB02,0xB05,0xB09,
0xB07,0xB03,0xB02,0xB09,0xB0E,0xB09,
0xB05,0xB03,0xB08,0xB12,0xB10,0xB0A,
0xB0C,0xB0B,0xB0A,0xB0A,0xB05,0xB08,
0xB0C,0xB0A,0xB07,0xAFF,0xB01,0xB0E,
0xB12,0xB12,0xB13,0xB11,0xB11,0xB0D,
0xB09,0xB09,0xB0D,0xB16,0xB1A,0xB19,
0xB13,0xB09,0xB03,0xB06,0xB0B,0xB10,
0xB11,0xB13,0xB0F,0xB06,0xB05,0xB0E,
0xB11,0xB13,0xB14,0xB12,0xB15,0xB14,
0xB0F,0xB11,0xB15,0xB15,0xB16,0xB18,
0xB1B,0xB1E,0xB1E,0xB1C,0xB1E,0xB26,
0xB28,0xB26,0xB23,0xB20,0xB25,0xB2D,
0xB2B,0xB23,0xB21,0xB21,0xB27,0xB2E,
0xB36,0xB3D,0xB3F,0xB3C,0xB35,0xB2E,
0xB28,0xB2B,0xB38,0xB3D,0xB37,0xB30,
0xB2D,0xB2B,0xB27,0xB26,0xB2A,0xB2F,
0xB29,0xB1F,0xB1B,0xB19,0xB1A,0xB1B,
0xB19,0xB1D,0xB20,0xB14,0xB11,0xB10,
0xB11,0xB17,0xB16,0xB07,0xAFE,0xB00,
0xB03,0xB05,0xB09,0xB07,0xB05,0xB05,
0xB01,0xAFA,0xAFC,0xAFC,0xAF5,0xAF0,
0xAEC,0xAEE,0xAF7,0xAF6,0xAEE,0xAEB,
0xAEA,0xAF1,0xAF1,0xAEA,0xAE8,0xAEB,
0xAF1,0xAF6,0xAF2,0xAEC,0xAEA,0xAEB,
0xAEB,0xAE6,0xAE3,0xAE1,0xADE,0xAE0,
0xAE1,0xAE5,0xAE6,0xADC,0xACF,0xACB,
0xAD2,0xADE,0xAE2,0xADB,0xAD9,0xAD8,
0xAD5,0xAD5,0xAD9,0xADC,0xAE1,0xAE4,
0xAE3,0xAE1,0xAE1,0xAE3,0xAEB,0xAEF,
0xAF1,0xAF5,0xAF5,0xAF2,0xAEF,0xAE7,
0xAEB,0xAF1,0xAF2,0xAFA,0xB07,0xB0B,
0xB10,0xB14,0xB14,0xB13,0xB0D,0xB11,
0xB1A,0xB22,0xB26,0xB29,0xB2E,0xB2D,
0xB2E,0xB33,0xB2E,0xB29,0xB35,0xB3C,
0xB39,0xB37,0xB37,0xB3A,0xB3A,0xB34,
0xB31,0xB35,0xB39,0xB3C,0xB39,0xB35,
0xB3C,0xB40,0xB3F,0xB42,0xB38,0xB30,
0xB30,0xB39,0xB39,0xB38,0xB31,0xB2D,
0xB2C,0xB2B,0xB2A,0xB2E,0xB32,0xB30,
0xB2B,0xB25,0xB1F,0xB1E,0xB1C,0xB19,
0xB1B,0xB1A,0xB1B,0xB1E,0xB1A,0xB15,
0xB12,0xB0D,0xB0F,0xB10,0xB10,0xB10,
0xB0C,0xB0F,0xB14,0xB0E,0xB07,0xB07,
0xB08,0xB0B,0xB0B,0xB10,0xB17,0xB15,
0xB13,0xB16,0xB1B,0xB21,0xB25,0xB25,
0xB20,0xB1F,0xB21,0xB20,0xB24,0xB23,
0xB1E,0xB1B,0xB1B,0xB1C,0xB1F,0xB24,
0xB23,0xB24,0xB29,0xB2E,0xB2A,0xB24,
0xB22,0xB21,0xB22,0xB26,0xB29,0xB2D,
0xB2D,0xB2B,0xB2B,0xB33,0xB3A,0xB38,
0xB38,0xB3E,0xB3B,0xB3A,0xB3F,0xB42,
0xB41,0xB42,0xB40,0xB38,0xB37,0xB3E,
0xB3C,0xB35,0xB36,0xB36,0xB32,0xB31,
0xB2F,0xB33,0xB38,0xB37,0xB34,0xB2B,
0xB1F,0xB22,0xB21,0xB1E,0xB19,0xB12,
0xB10,0xB13,0xB13,0xB13,0xB13,0xB1A,
0xB18,0xB14,0xB11,0xB12,0xB12,0xB0C,
0xB09,0xB0B,0xB06,0xB01,0xB04,0xB04,
0xB05,0xB0F,0xB13,0xB12,0xB0D,0xB05,
0xB03,0xB0B,0xB0B,0xB0A,0xB0D,0xB10,
0xB14,0xB0C,0xB04,0xB05,0xB04,0xB08,
0xB09,0xB07,0xB0F,0xB12,0xB0D,0xB0F,
0xB0E,0xB09,0xB0D,0xB12,0xB17,0xB1A,
0xB13,0xB11,0xB10,0xB05,0xAFD,0xAFF,
0xB04,0xB06,0xB09,0xB0E,0xB0E,0xB08,
0xB09,0xB0A,0xB0A,0xB11,0xB15,0xB15,
0xB18,0xB15,0xB0E,0xB09,0xB0C,0xB0F,
0xB0F,0xB15,0xB16,0xB13,0xB13,0xB0E,
0xB08,0xB09,0xB0C,0xB0E,0xB04,0xAFD,
0xB02,0xB05,0xB02,0xAFF,0xAF7,0xAF1,
0xAF5,0xAF8,0xAFB,0xB03,0xB00,0xAFB,
0xAFF,0xB01,0xAFB,0xAF9,0xAF9,0xAFC,
0xB00,0xAFF,0xAFE,0xAF9,0xAF4,0xAF6,
0xAF8,0xAF2,0xAF2,0xAF7,0xB02,0xB0A,
0xB08,0xB01,0xAF7,0xAF7,0xAFE,0xAFC,
0xAF9,0xB02,0xB06,0xB00,0xAFC,0xAFF,
0xAFF,0xAFF,0xB02,0xB02,0xAFD,0xB01,
0xB04,0xB00,0xB00,0xB01,0xB03,0xB0C,
0xB0B,0xB01,0xAFF,0xAFF,0xB01,0xB06,
0xB09,0xB0B,0xB0A,0xB05,0xB06,0xB0C,
0xB0C,0xB0A,0xB09,0xB0B,0xB0C,0xB10,
0xB15,0xB18,0xB17,0xB0C,0xB05,0xB0C,
0xB0E,0xB0E,0xB15,0xB16,0xB18,0xB17,
0xB17,0xB1E,0xB1D,0xB16,0xB15,0xB1C,
0xB22,0xB1A,0xB16,0xB18,0xB13,0xB0F,
0xB11,0xB13,0xB18,0xB18,0xB10,0xB0D,
0xB0A,0xB08,0xB0F,0xB14,0xB12,0xB0E,
0xB0A,0xB0D,0xB0F,0xB0B,0xB0D,0xB19,
0xB1B,0xB14,0xB0C,0xB0A,0xB10,0xB17,
0xB16,0xB12,0xB0D,0xB12,0xB19,0xB19,
0xB15,0xB0C,0xB03,0xB01,0xB03,0xB03,
0xB03,0xB00,0xB02,0xB07,0xB03,0xAFD,
0xAF7,0xAEF,0xAF2,0xAFD,0xB02,0xAFF,
0xAFB,0xAF4,0xAF7,0xAFE,0xAFC,0xAFC,
0xAFE,0xAFA,0xAFA,0xB02,0xB07,0xB08,
0xB08,0xB0A,0xB0B,0xB05,0xB01,0xB07,
0xB08,0xB09,0xB0A,0xB0C,0xB0F,0xB12,
0xB11,0xB0F,0xB10,0xB11,0xB0F,0xB0D,
0xB0B,0xB01,0xAFE,0xB0B,0xB16,0xB15,
0xB0F,0xB0C,0xB0B,0xB0D,0xB16,0xB18,
0xB13,0xB12,0xB17,0xB1F,0xB20,0xB1A,
0xB1B,0xB1D,0xB1B,0xB1D,0xB1D,0xB1F,
0xB1C,0xB13,0xB11,0xB16,0xB17,0xB14,
0xB14,0xB1C,0xB1B,0xB13,0xB1A,0xB1C,
0xB12,0xB0A,0xB09,0xB0C,0xB0E,0xB10,
0xB15,0xB0B,0xB05,0xB0C,0xB13,0xB18,
0xB16,0xB11,0xB14,0xB1A,0xB1D,0xB1C,
0xB1C,0xB1E,0xB1E,0xB1D,0xB20,0xB23,
0xB19,0xB0F,0xB14,0xB1F,0xB1C,0xB19,
0xB1C,0xB20,0xB22,0xB21,0xB23,0xB25,
0xB2A,0xB2E,0xB2B,0xB27,0xB26,0xB27,
0xB29,0xB2F,0xB30,0xB25,0xB20,0xB29,
0xB2E,0xB31,0xB37,0xB3A,0xB3B,0xB3B,
0xB37,0xB3D,0xB46,0xB47,0xB46,0xB41,
0xB3C,0xB3C,0xB39,0xB3D,0xB45,0xB46,
0xB45,0xB46,0xB45,0xB48,0xB4B,0xB49,
0xB49,0xB47,0xB44,0xB44,0xB42,0xB3E,
0xB3E,0xB42,0xB42,0xB3B,0xB31,0xB2E,
0xB30,0xB2E,0xB30,0xB33,0xB2C,0xB28,
0xB26,0xB29,0xB2E,0xB29,0xB25,0xB28,
0xB1E,0xB0D,0xB0E,0xB10,0xB10,0xB11,
0xB11,0xB10,0xB0D,0xB09,0xB06,0xAFD,
0xAF2,0xAEF,0xAF1,0xAF3,0xAF1,0xAF0,
0xAF4,0xAF7,0xAF5,0xAEF,0xAF0,0xAF4,
0xAF3,0xAF5,0xAFF,0xB07,0xB05,0xAFE,
0xAFC,0xAFC,0xAFA,0xAFA,0xAF8,0xAF9,
0xAFD,0xAFA,0xAF7,0xAF6,0xAF5,0xAF7,
0xAFB,0xB01,0xB01,0xAFA,0xAFB,0xAFB,
0xAF7,0xAF6,0xAF7,0xAF6,0xAF0,0xAEE,
0xAED,0xAEB,0xAEB,0xAEA,0xAE8,0xAE8,
0xAE7,0xAE1,0xAE1,0xAEC,0xAF2,0xAF2,
0xAF4,0xAF0,0xAEA,0xAE5,0xAE5,0xAE9,
0xAE4,0xAE0,0xAE4,0xAE9,0xAEE,0xAF3,
0xAF7,0xAFC,0xB00,0xB01,0xAFD,0xAFB,
0xAF9,0xAF7,0xAF8,0xAF8,0xAF7,0xAFA,
0xAFB,0xAFC,0xAF7,0xAF7,0xAF8,0xAF6,
0xAF9,0xAFD,0xB03,0xB07,0xB02,0xB01,
0xB06,0xB13,0xB19,0xB13,0xB0C,0xB10,
0xB14,0xB16,0xB12,0xB0A,0xB0C,0xB0F,
0xB12,0xB14,0xB12,0xB15,0xB19,0xB1D,
0xB17,0xB10,0xB0C,0xB0C,0xB0B,0xB0B,
0xB0B,0xB0A,0xB0A,0xB0A,0xB10,0xB13,
0xB10,0xB13,0xB16,0xB17,0xB18,0xB18,
0xB13,0xB10,0xB0F,0xB12,0xB1A,0xB1C,
0xB1B,0xB19,0xB18,0xB1A,0xB1D,0xB1F,
0xB21,0xB20,0xB22,0xB1D,0xB1D,0xB1F,
0xB1F,0xB23,0xB22,0xB1D,0xB24,0xB2B,
0xB25,0xB20,0xB1F,0xB1C,0xB1D,0xB22,
0xB1E,0xB18,0xB1B,0xB21,0xB22,0xB1C,
0xB1B,0xB1B,0xB1B,0xB20,0xB1D,0xB18,
0xB16,0xB16,0xB19,0xB1C,0xB1E,0xB21,
0xB18,0xB1A,0xB21,0xB20,0xB1C,0xB1A,
0xB15,0xB0F,0xB0F,0xB15,0xB13,0xB10,
0xB13,0xB13,0xB12,0xB08,0xAFE,0xB02,
0xB10,0xB19,0xB18,0xB12,0xB0D,0xB08,
0xB0A,0xB0A,0xB04,0xB02,0xB07,0xB0D,
0xB0A,0xAFF,0xAFD,0xB06,0xB0E,0xB13,
0xB16,0xB17,0xB14,0xB11,0xB0E,0xB0E,
0xB10,0xB10,0xB14,0xB18,0xB15,0xB11,
0xB14,0xB17,0xB1B,0xB21,0xB23,0xB1A,
0xB16,0xB19,0xB1B,0xB23,0xB28,0xB22,
0xB20,0xB22,0xB24,0xB23,0xB1F,0xB18,
0xB15,0xB18,0xB17,0xB15,0xB17,0xB1C,
0xB20,0xB21,0xB22,0xB21,0xB1C,0xB1A,
0xB1E,0xB23,0xB21,0xB1F,0xB21,0xB1C,
0xB1A,0xB1E,0xB1C,0xB1C,0xB19,0xB13,
0xB1C,0xB22,0xB1C,0xB1B,0xB17,0xB13,
0xB11,0xB0F,0xB14,0xB18,0xB1B,0xB1E,
0xB21,0xB20,0xB1C,0xB1A,0xB22,0xB27,
0xB20,0xB21,0xB27,0xB26,0xB27,0xB2A,
0xB28,0xB24,0xB23,0xB22,0xB22,0xB24,
0xB1E,0xB1A,0xB1B,0xB1A,0xB19,0xB15,
0xB13,0xB1A,0xB1C,0xB1E,0xB21,0xB1D,
0xB1C,0xB22,0xB21,0xB1A,0xB13,0xB14,
0xB14,0xB13,0xB13,0xB10,0xB0D,0xB12,
0xB15,0xB16,0xB11,0xB09,0xB0A,0xB0D,
0xB0B,0xB0E,0xB11,0xB10,0xB13,0xB14,
0xB11,0xB10,0xB0E,0xB0A,0xB0B,0xB0E,
0xB0E,0xB0C,0xB0A,0xB0B,0xB0F,0xB12,
0xB0B,0xB04,0xB00,0xB06,0xB0F,0xB0F,
0xB0D,0xB11,0xB12,0xB10,0xB12,0xB14,
0xB17,0xB1B,0xB19,0xB12,0xB0D,0xB0E,
0xB13,0xB17,0xB19,0xB19,0xB16,0xB14,
0xB16,0xB11,0xB15,0xB1D,0xB1D,0xB1A,
0xB16,0xB13,0xB15,0xB17,0xB17,0xB11,
0xB0F,0xB0C,0xB09,0xB02,0xAFD,0xB00,
0xB07,0xB0B,0xB08,0xB03,0xB05,0xB0C,
0xB0D,0xB0B,0xB10,0xB11,0xB0D,0xB07,
0xB03,0xAFE,0xB00,0xB09,0xB09,0xB08,
0xB09,0xB07,0xB04,0xB04,0xB00,0xB02,
0xB07,0xB05,0xB02,0xB01,0xB04,0xB07,
0xB07,0xB06,0xB0A,0xB0A,0xB06,0xB04,
0xB03,0xB04,0xB08,0xB03,0xAFB,0xAF9,
0xAFD,0xB05,0xB08,0xB03,0xB01,0xB05,
0xB0A,0xB0A,0xB07,0xB00,0xAFF,0xAFF,
0xAFD,0xAFB,0xAFF,0xB05,0xB07,0xB04,
0xB00,0xAFE,0xB02,0xB08,0xB06,0xB01,
0xB00,0xB06,0xB06,0xB05,0xB09,0xB0B,
0xB09,0xB08,0xB08,0xB0A,0xB0F,0xB11,
0xB12,0xB16,0xB18,0xB1B,0xB1C,0xB15,
0xB12,0xB17,0xB23,0xB2B,0xB24,0xB1B,
0xB1C,0xB1E,0xB1C,0xB1B,0xB21,0xB28,
0xB2A,0xB2C,0xB2C,0xB28,0xB25,0xB22,
0xB20,0xB20,0xB1C,0xB1F,0xB1F,0xB19,
0xB14,0xB15,0xB15,0xB17,0xB18,0xB14,
0xB11,0xB0E,0xB0B,0xB0C,0xB0E,0xB0E,
0xB09,0xB03,0xB01,0xB09,0xB10,0xB0C,
0xB05,0xAFF,0xAFE,0xB06,0xB08,0xB09,
0xB0C,0xB0D,0xB0D,0xB0C,0xB08,0xB09,
0xB13,0xB1B,0xB1C,0xB18,0xB14,0xB17,
0xB1A,0xB14,0xB0F,0xB0F,0xB11,0xB14,
0xB13,0xB0F,0xB0F,0xB13,0xB17,0xB1A,
0xB1C,0xB1E,0xB24,0xB28,0xB2B,0xB2C,
0xB29,0xB29,0xB2C,0xB2B,0xB31,0xB30,
0xB29,0xB28,0xB29,0xB2A,0xB2D,0xB2E,
0xB2C,0xB2B,0xB2A,0xB2A,0xB26,0xB26,
0xB2A,0xB29,0xB29,0xB2C,0xB2C,0xB2B,
0xB2C,0xB2D,0xB28,0xB24,0xB26,0xB26,
0xB23,0xB1F,0xB1D,0xB20,0xB25,0xB26,
0xB23,0xB22,0xB21,0xB21,0xB22,0xB26,
0xB2A,0xB28,0xB26,0xB28,0xB26,0xB27,
0xB2E,0xB30,0xB2B,0xB25,0xB24,0xB26,
0xB27,0xB23,0xB1E,0xB1D,0xB20,0xB20,
0xB22,0xB23,0xB23,0xB21,0xB1E,0xB23,
0xB25,0xB24,0xB23,0xB20,0xB1C,0xB1C,
0xB21,0xB23,0xB1E,0xB1A,0xB1A,0xB1B,
0xB18,0xB11,0xB09,0xB04,0xB05,0xB05,
0xB03,0xB01,0xB03,0xB02,0xAFF,0xAFE,
0xAFB,0xAFC,0xAFD,0xB00,0xAFE,0xAFA,
0xAFA,0xAFC,0xAFD,0xAFC,0xAFC,0xAFF,
0xB00,0xB03,0xB07,0xB07,0xB07,0xB0A,
0xB0E,0xB14,0xB1A,0xB1C,0xB19,0xB17,
0xB15,0xB16,0xB16,0xB13,0xB0F,0xB0F,
0xB0E,0xB0C,0xB0C,0xB0C,0xB0F,0xB12,
0xB12,0xB12,0xB14,0xB14,0xB17,0xB1C,
0xB19,0xB16,0xB19,0xB17,0xB11,0xB0E,
0xB0B,0xB06,0xB03,0xB01,0xAFA,0xAFA,
0xB00,0xAFF,0xAFA,0xAFA,0xAFC,0xB01,
0xB03,0xB01,0xAFD,0xAF7,0xAF5,0xAFA,
0xAFB,0xAF7,0xAF1,0xAED,0xAEA,0xAE7,
0xAE5,0xAE4,0xAE7,0xAEB,0xAEB,0xAE4,
0xAE2,0xAE6,0xAE7,0xAEB,0xAF0,0xAEC,
0xAEA,0xAEC,0xAEB,0xAED,0xAEE,0xAEC,
0xAF0,0xAF0,0xAEC,0xAEC,0xAED,0xAF0,
0xAF4,0xAF4,0xAF2,0xAF0,0xAEE,0xAEC,
0xAEC,0xAEB,0xAEB,0xAF2,0xAF8,0xAF6,
0xAF2,0xAF1,0xAF1,0xAF6,0xAFA,0xAFC,
0xAFE,0xAFC,0xAF9,0xAF8,0xAF7,0xAF7,
0xAF7,0xAF9,0xAF8,0xAF1,0xAED,0xAEF,
0xAF3,0xAF6,0xAF8,0xAFC,0xB04,0xB08,
0xB06,0xB0A,0xB10,0xB0F,0xB0E,0xB12,
0xB16,0xB19,0xB16,0xB12,0xB12,0xB0D,
0xB0B,0xB14,0xB17,0xB12,0xB10,0xB13,
0xB15,0xB18,0xB1B,0xB1F,0xB22,0xB20,
0xB1F,0xB20,0xB1F,0xB22,0xB27,0xB2A,
0xB29,0xB26,0xB23,0xB22,0xB21,0xB20,
0xB23,0xB26,0xB27,0xB26,0xB25,0xB21,
0xB21,0xB24,0xB28,0xB24,0xB1F,0xB20,
0xB27,0xB26,0xB26,0xB25,0xB21,0xB1A,
0xB1B,0xB1C,0xB1D,0xB1F,0xB22,0xB20,
0xB23,0xB20,0xB1D,0xB17,0xAF2,0xAF1,
0xAF4,0xAF1,0xAF1,0xAEF,0xAF4,0xAF7,
0xAFD,0xB01,0xB07,0xB08,0xB08,0xB07,
0xB0B,0xB10,0xB15,0xB16,0xB15,0xB16,
0xB1C,0xB1F,0xB1E,0xB1E,0xB21,0xB25,
0xB25,0xB22,0xB1C,0xB19,0xB18,0xB1A,
0xB19,0xB19,0xB18,0xB19,0xB1C,0xB1D,
0xB1A,0xB1C,0xB20,0xB25,0xB28,0xB26,
0xB23,0xB20,0xB22,0xB25,0xB26,0xB26,
0xB27,0xB2B,0xB2B,0xB29,0xB27,0xB29,
0xB2D,0xB2C,0xB29,0xB27,0xB29,0xB2B,
0xB2F,0xB30,0xB31,0xB2E,0xB2B,0xB2A,
0xB2A,0xB2A,0xB27,0xB27,0xB28,0xB2A,
0xB28,0xB2A,0xB30,0xB34,0xB35,0xB35,
0xB35,0xB35,0xB36,0xB37,0xB35,0xB31,
0xB30,0xB2E,0xB30,0xB31,0xB33,0xB33,
0xB33,0xB36,0xB38,0xB37,0xB35,0xB33,
0xB34,0xB35,0xB35,0xB35,0xB36,0xB37,
0xB39,0xB39,0xB3A,0xB3B,0xB3D,0xB40,
0xB43,0xB40,0xB3B,0xB36,0xB34,0xB34,
0xB31,0xB2F,0xB2D,0xB2E,0xB2C,0xB2B,
0xB2C,0xB2F,0xB33,0xB36,0xB36,0xB34,
0xB32,0xB30,0xB30,0xB30,0xB2F,0xB2C,
0xB27,0xB22,0xB1F,0xB1B,0xB18,0xB1A,
0xB1D,0xB1D,0xB1B,0xB1A,0xB1D,0xB23,
0xB25,0xB24,0xB22,0xB22,0xB26,0xB28,
0xB29,0xB2A,0xB2D,0xB2F,0xB30,0xB2F,
0xB2E,0xB2A,0xB28,0xB25,0xB25,0xB23,
0xB23,0xB25,0xB27,0xB27,0xB24,0xB21,
0xB1F,0xB1F,0xB1E,0xB1C,0xB19,0xB1A,
0xB1C,0xB1C,0xB19,0xB16,0xB14,0xB0D,
0xB08,0xB04,0xB01,0xAFD,0xAFA,0xAF6,
0xAF5,0xAF2,0xAEF,0xAF0,0xAF6,0xAF9,
0xAFA,0xAFA,0xAFA,0xAF9,0xAF8,0xAF8,
0xAF6,0xAF5,0xAF3,0xAF1,0xAF1,0xAF2,
0xAF4,0xAF6,0xAF6,0xAF5,0xAF4,0xAF6,
0xAF6,0xAF8,0xAF8,0xAF9,0xAF8,0xAF8,
0xAF7,0xAF2,0xAEF,0xAF0,0xAF4,0xAF5,
0xAF6,0xAFA,0xAFA,0xAFC,0xAFE,0xB01,
0xB00,0xAFF,0xAFF,0xB00,0xB03,0xB05,
0xB06,0xB07,0xB05,0xB03,0xB03,0xB05,
0xB07,0xB09,0xB0C,0xB0C,0xB0C,0xB09,
0xB08,0xB06,0xB05,0xB05,0xB05,0xB06,
0xB0C,0xB11,0xB11,0xB13,0xB15,0xB17,
0xB18,0xB1A,0xB1B,0xB1B,0xB18,0xB17,
0xB17,0xB18,0xB17,0xB18,0xB19,0xB1A,
0xB1A,0xB1C,0xB1E,0xB20,0xB23,0xB26,
0xB29,0xB2A,0xB28,0xB28,0xB29,0xB2A,
0xB2B,0xB29,0xB24,0xB21,0xB20,0xB1E,
0xB1E,0xB20,0xB23,0xB22,0xB20,0xB1E,
0xB1E,0xB1B,0xB19,0xB18,0xB17,0xB17,
0xB18,0xB18,0xB19,0xB1B,0xB1F,0xB20,
0xB21,0xB20,0xB1D,0xB19,0xB16,0xB14,
0xB0F,0xB07,0xB05,0xB05,0xB04,0xB02,
0xAFF,0xB00,0xB02,0xB03,0xB05,0xB0A,
0xB0C,0xB0C,0xB0B,0xB08,0xB07,0xB07,
0xB05,0xB03,0xB03,0xB00,0xAFF,0xB00,
0xB03,0xB05,0xB03,0xB03,0xB06,0xB0A,
0xB0D,0xB0E,0xB0C,0xB08,0xB03,0xB03,
0xB09,0xB10,0xB11,0xB10,0xB0F,0xB10,
0xB12,0xB12,0xB0E,0xB09,0xB08,0xB0B,
0xB0D,0xB0C,0xB09,0xB08,0xB09,0xB06,
0xB03,0xB03,0xB02,0xB04,0xB08,0xB09,
0xB09,0xB0A,0xB0B,0xB0D,0xB0D,0xB09,
0xB08,0xB06,0xB05,0xB05,0xB02,0xAFE,
0xAFC,0xAFC,0xAFA,0xAFA,0xAFB,0xAFA,
0xAF9,0xAFB,0xAFD,0xB00,0xB03,0xAFF,
0xAFC,0xAFC,0xAFC,0xAFA,0xAFB,0xAFE,
0xB01,0xB04,0xB05,0xB02,0xB06,0xB07,
0xB04,0xAFD,0xAFD,0xB01,0xB05,0xB05,
0xB06,0xB06,0xB07,0xB05,0xB02,0xB01,
0xB00,0xB01,0xB05,0xB0B,0xB0D,0xB0D,
0xB0D,0xB13,0xB18,0xB18,0xB13,0xB10,
0xB12,0xB15,0xB12,0xB0C,0xB0D,0xB10,
0xB10,0xB0D,0xB0E,0xB0C,0xB08,0xB06,
0xB06,0xB06,0xB05,0xB04,0xB05,0xB0A,
0xB0B,0xB08,0xB08,0xB11,0xB16,0xB12,
0xB0D,0xB0F,0xB14,0xB18,0xB18,0xB17,
0xB19,0xB1B,0xB16,0xB11,0xB13,0xB15,
0xB10,0xB0D,0xB13,0xB17,0xB16,0xB12,
0xB15,0xB18,0xB1B,0xB1A,0xB1C,0xB1F,
0xB21,0xB20,0xB1B,0xB18,0xB19,0xB1A,
0xB14,0xB10,0xB0D,0xB0B,0xB0B,0xB10,
0xB14,0xB13,0xB10,0xB10,0xB12,0xB11,
0xB0A,0xB07,0xB06,0xB08,0xB09,0xB07,
0xB06,0xB09,0xB0B,0xB09,0xB06,0xB06,
0xB09,0xB06,0xB02,0xB03,0xB04,0xB06,
0xB07,0xB07,0xB06,0xB03,0xB00,0xAFB,
0xAF9,0xAFB,0xAFB,0xAFB,0xAFC,0xB03,
0xB07,0xB07,0xB07,0xB07,0xB06,0xB05,
0xAFF,0xAFD,0xB00,0xB02,0xB03,0xB05,
0xB0A,0xB0D,0xB0F,0xB0F,0xB0F,0xB10,
0xB0E,0xB0C,0xB0E,0xB10,0xB0F,0xB0C,
0xB0D,0xB10,0xB10,0xB10,0xB12,0xB15,
0xB1A,0xB1C,0xB1D,0xB21,0xB23,0xB1F,
0xB19,0xB15,0xB13,0xB0F,0xB0D,0xB0E,
0xB11,0xB17,0xB18,0xB1A,0xB1A,0xB1B,
0xB1A,0xB1D,0xB21,0xB24,0xB27,0xB29,
0xB2D,0xB31,0xB32,0xB2A,0xB25,0xB20,
0xB1D,0xB1B,0xB1C,0xB1E,0xB1E,0xB1E,
0xB20,0xB27,0xB26,0xB24,0xB22,0xB25,
0xB29,0xB28,0xB2B,0xB2E,0xB31,0xB37,
0xB3C,0xB3C,0xB38,0xB39,0xB40,0xB42,
0xB42,0xB42,0xB3F,0xB42,0xB45,0xB45,
0xB44,0xB44,0xB4B,0xB4A,0xB43,0xB42,
0xB43,0xB44,0xB41,0xB3D,0xB3E,0xB3A,
0xB31,0xB2C,0xB2D,0xB31,0xB33,0xB34,
0xB32,0xB31,0xB35,0xB33,0xB2C,0xB26,
0xB21,0xB19,0xB12,0xB0D,0xB09,0xB09,
0xB14,0xB1E,0xB1A,0xB19,0xB1F,0xB22,
0xB1E,0xB1B,0xB1A,0xB17,0xB18,0xB1A,
0xB16,0xB14,0xB15,0xB11,0xB0B,0xB10,
0xB19,0xB15,0xB0C,0xB0D,0xB10,0xB11,
0xB11,0xB0F,0xB0F,0xB12,0xB13,0xB0D,
0xB10,0xB15,0xB11,0xB09,0xB0A,0xB0F,
0xB0E,0xB0C,0xB10,0xB17,0xB19,0xB1A,
0xB1A,0xB1C,0xB1A,0xB10,0xB05,0xAFF,
0xAFE,0xAF8,0xAF1,0xAF6,0xB01,0xB06,
0xB0C,0xB0C,0xB11,0xB15,0xB12,0xB0F,
0xB10,0xB11,0xB10,0xB11,0xB14,0xB17,
0xB18,0xB1A,0xB19,0xB1B,0xB14,0xB0F,
0xB0C,0xB0F,0xB12,0xB13,0xB16,0xB19,
0xB17,0xB12,0xB0E,0xB0A,0xB08,0xB04,
0xB04,0xB09,0xB0F,0xB0A,0xB05,0xB0B,
0xB0C,0xB0C,0xB0E,0xB0E,0xB0B,0xB08,
0xB08,0xB11,0xB16,0xB1A,0xB13,0xB10,
0xB0A,0xAFE,0xAF4,0xAEE,0xAEF,0xAF0,
0xAF2,0xAF7,0xB00,0xB08,0xB0E,0xB07,
0xB02,0xAFE,0xAF9,0xAF7,0xAF9,0xAFE,
0xB08,0xB18,0xB1E,0xB23,0xB28,0xB2A,
0xB22,0xB19,0xB10,0xB0D,0xB0E,0xB10,
0xB0C,0xB0B,0xB16,0xB1C,0xB1A,0xB17,
0xB14,0xB12,0xB08,0xAFC,0xB01,0xB0D,
0xB0E,0xB10,0xB1D,0xB23,0xB1D,0xB1B,
0xB1C,0xB1F,0xB1C,0xB0E,0xB00,0xB00,
0xB08,0xB05,0xAFF,0xB0D,0xB1D,0xB1B,
0xB16,0xB1B,0xB23,0xB1A,0xB0E,0xB06,
0xAFF,0xAFC,0xAEE,0xAE4,0xAED,0xAF3,
0xAF1,0xAF1,0xAF8,0xAFB,0xAED,0xAE6,
0xAEA,0xAE9,0xAE2,0xADD,0xADC,0xADF,
0xAE3,0xAE5,0xAE7,0xAEE,0xAF2,0xAF1,
0xAF1,0xAED,0xAE5,0xAE4,0xADC,0xAD6,
0xAD2,0xAD2,0xAD0,0xAD3,0xAD7,0xADD,
0xAE3,0xAED,0xAEE,0xAEF,0xAF6,0xAF4,
0xAF1,0xAED,0xAE9,0xAEA,0xAED,0xAE9,
0xAF0,0xAF6,0xAF9,0xAFA,0xAFE,0xB00,
0xAFB,0xAF8,0xAF8,0xAF9,0xAF9,0xAF8,
0xB03,0xB17,0xB1C,0xB20,0xB29,0xB32,
0xB2E,0xB23,0xB1E,0xB1C,0xB18,0xB12,
0xB16,0xB21,0xB27,0xB23,0xB25,0xB25,
0xB23,0xB1A,0xB11,0xB10,0xB1D,0xB27,
0xB2E,0xB39,0xB3E,0xB41,0xB47,0xB4D,
0xB4A,0xB49,0xB48,0xB48,0xB44,0xB41,
0xB44,0xB4A,0xB48,0xB47,0xB51,0xB52,
0xB44,0xB33,0xB2B,0xB2A,0xB2E,0xB30,
0xB34,0xB3D,0xB4A,0xB51,0xB4E,0xB46,
0xB46,0xB3B,0xB2F,0xB30,0xB2C,0xB1C,
0xB16,0xB14,0xB0C,0xB10,0xB17,0xB1A,
0xB1F,0xB28,0xB28,0xB26,0xB22,0xB15,
0xB0E,0xB0C,0xB06,0xB06,0xAFD,0xAEA,
0xAEB,0xAF1,0xAE7,0xAE3,0xAEE,0xAF1,
0xAF2,0xAF5,0xAFA,0xAF7,0xAF7,0xAFE,
0xB00,0xB08,0xB10,0xB0C,0xB0B,0xB0E,
0xB09,0xAFE,0xAF3,0xAF0,0xAF2,0xAF9,
0xB05,0xB13,0xB19,0xB1D,0xB15,0xB0B,
0xB0A,0xB07,0xB06,0xB13,0xB23,0xB30,
0xB35,0xB2F,0xB1C,0xB0E,0xB12,0xB07,
0xB0E,0xB33,0xB35,0xB28,0xB3E,0xB4D,
0xB40,0xB32,0xB34,0xB21,0xB0C,0xB1E,
0xB2F,0xB43,0xB5C,0xB4B,0xB38,0xB33,
0xB2A,0xB31,0xB45,0xB5E,0xB51,0xB3C,
0xB42,0xB38,0xB2C,0xB2A,0xB11,0xB0B,
0xB24,0xB3F,0xB7E,0xBC3,0xBB7,0xB78,
0xB29,0xAA7,0xA37,0xA38,0xA8C,0xAF0,
0xB62,0xBDB,0xC1B,0xC13,0xBE0,0xB8C,
0xB1B,0xACA,0xA9A,0xA70,0xA75,0xAA1,
0xAB1,0xAB3,0xABF,0xAE5,0xB29,0xB57,
0xB65,0xB5D,0xB39,0xAE0,0xA7B,0xA48,
0xA3D,0xA47,0xA73,0xAB5,0xAE9,0xAFE,
0xAE0,0xAA0,0xA7F,0xAB8,0xB01,0xB49,
0xB9E,0xB9E,0xB3D,0xAE9,0xA86,0x9DB,
0x98A,0x9AA,0x9EB,0xA8E,0xB6E,0xBFA,
0xC17,0xC04,0xBA1,0xAFC,0xA66,0xA02,
0x9CB,0x9F6,0xA59,0xAC7,0xB4A,0xBDE,
0xC46,0xC28,0xC05,0xBE2,0xB7D,0xB1E,
0xAFC,0xAD2,0xAB2,0xA9D,0xA87,0xA7F,
0xA96,0xAD3,0xB07,0xB76,0xBFD,0xC3C,
0xC28,0xBDD,0xB53,0xB12,0xB15,0xB20,
0xB3D,0xB33,0xB06,0xABD,0xA81,0xA9C,
0xAE8,0xB32,0xB95,0xBDD,0xC24,0xC2D,
0xBF4,0xBBA,0xB5C,0xAED,0xA8F,0xA5C,
0xA5E,0xAAA,0xB3A,0xBB1,0xBDC,0xBF1,
0xBF7,0xC0B,0xC06,0xBF1,0xBEE,0xB9C,
0xB13,0xAC1,0xA7C,0xA45,0xA53,0xA85,
0xAE4,0xB76,0xBEA,0xC0A,0xC09,0xBD8,
0xB50,0xAD4,0xA7C,0xA33,0xA25,0xA34,
0xA97,0xB28,0xB71,0xBB2,0xBF6,0xC2E,
0xC5C,0xC53,0xC1D,0xBA3,0xB15,0xA89,
0x9DF,0x94D,0x923,0x97C,0xA0B,0xAC6,
0xB96,0xC0C,0xC34,0xC1E,0xBA8,0xB25,
0xA7D,0x9CA,0x93D,0x8C9,0x8CE,0x943,
0x9F0,0xB51,0xCA5,0xD46,0xDE6,0xDCD,
0xCA6,0xB69,0xA22,0x8F7,0x828,0x763,
0x746,0x7CE,0x8B2,0x9D2,0xADC,0xC02,
0xCF0,0xD76,0xDE2,0xDEA,0xD76,0xD03,
0xC24,0xAE9,0x9CF,0x914,0x8A5,0x884,
0x8D2,0x988,0xA59,0xB30,0xC22,0xC84,
0xC8E,0xC7C,0xBEB,0xAF8,0xA36,0x98A,
0x918,0x923,0x970,0x9F3,0xAAF,0xB83,
0xC29,0xCA4,0xCF3,0xD01,0xCB8,0xC79,
0xC40,0xBB8,0xB0C,0xA5B,0x9D5,0x985,
0x94E,0x99D,0xA71,0xB29,0xBC6,0xBEC,
0xBCF,0xBC8,0xB8C,0xB4E,0xAB3,0x9D0,
0x9A4,0x9A3,0x9CA,0xACF,0xC19,0xD8A,
0xED1,0xF20,0xE9E,0xD9D,0xC01,0xA25,
0x8C0,0x81F,0x822,0x8B3,0x9AE,0xAE2,
0xB81,0xB5B,0xB3D,0xAB7,0xA01,0x9C3,
0x9D1,0xA7A,0xB3E,0xB6C,0xB80,0xBA2,
0xBD3,0xC27,0xC3E,0xC08,0xC0D,0xC95,
0xD34,0xD96,0xD82,0xCE0,0xBF0,0xAB4,
0x959,0x809,0x6FA,0x6E1,0x76B,0x842,
0x9A8,0xB0B,0xC30,0xD0E,0xD86,0xD7B,
0xCCA,0xBDD,0xB09,0xA88,0xA7C,0xA92,
0xADB,0xBA5,0xC90,0xD1A,0xD0A,0xC6C,
0xB97,0xAEE,0xA8E,0xA59,0xA68,0xA9A,
0xAD6,0xB46,0xBA2,0xBA4,0xB40,0xACC,
0xABF,0xACC,0xACC,0xB09,0xB97,0xC7A,
0xD40,0xD6A,0xD0F,0xC5D,0xB7E,0xAB2,
0xA3A,0x9F3,0x9D3,0xA1A,0xA97,0xAED,
0xB19,0xB14,0xAED,0xAC7,0xAD6,0xB1A,
0xB5E,0xB8E,0xB67,0xAF4,0xA82,0x9E3,
0x910,0x879,0x856,0x896,0x924,0xA18,
0xB2A,0xBF7,0xC7E,0xCD8,0xCFA,0xCDC,
0xCBA,0xC8D,0xC0C,0xB88,0xB83,0xB81,
0xAEF,0xA20,0x999,0x946,0x925,0x96C,
0xA61,0xC0A,0xDDE,0xF0D,0xF72,0xF0D,
0xDB9,0xB90,0x906,0x701,0x5AC,0x514,
0x5AD,0x713,0x8D4,0xAB4,0xC1D,0xD1F,
0xDAB,0xDAC,0xD5C,0xCCD,0xC16,0xB9C,
0xB73,0xB20,0xACD,0xAF1,0xB09,0xAB0,
0xA90,0xAAE,0xA9A,0xA51,0xA21,0xA54,
0xAF4,0xBD7,0xCA9,0xCE2,0xC83,0xBE4,
0xA95,0x8CB,0x7CC,0x80E,0x90A,0xA9A,
0xC7A,0xDCC,0xE2E,0xDAA,0xC60,0xA96,
0x8A2,0x735,0x6BA,0x748,0x908,0xB64,
0xD64,0xF4E,0x10E0,0x10BF,0xF26,0xCCB,
0xA2F,0x7E4,0x65C,0x621,0x6EC,0x851,
0xA63,0xC4E,0xD2C,0xD51,0xD47,0xCC2,
0xBAE,0xAE2,0xA8E,0xA4C,0xA48,0xA79,
0xA48,0xA33,0xA4F,0xA1B,0xA2A,0xAB6,
0xB85,0xC7A,0xD5C,0xDFA,0xDF7,0xD2C,
0xBF2,0xA5E,0x863,0x686,0x55B,0x529,
0x601,0x7C8,0xAA8,0xE11,0x10B7,0x122C,
0x12A5,0x11D4,0xFD1,0xD6A,0xAF3,0x89F,
0x712,0x67B,0x69A,0x77E,0x8FD,0xA9E,
0xC26,0xD42,0xDA9,0xDAB,0xD59,0xCC6,
0xBEA,0xAEE,0xA3C,0x988,0x8CE,0x86E,
0x88A,0x900,0x9A9,0xA31,0xAA2,0xB3E,
0xBF5,0xC79,0xCA8,0xCAA,0xC49,0xB81,
0xA51,0x8F7,0x83D,0x82E,0x8A7,0x9AF,
0xAF3,0xC57,0xD64,0xDE3,0xE32,0xE22,
0xD90,0xCB2,0xB92,0xA9E,0x9E3,0x953,
0x95B,0x9A2,0xA1A,0xAF4,0xBC7,0xC3C,
0xC8E,0xCFB,0xCFF,0xC4D,0xB57,0xA3F,
0x968,0x8E4,0x8A2,0x8D8,0x951,0xA17,
0xB14,0xB7E,0xB63,0xB2C,0xB17,0xB97,
0xC1D,0xC89,0xD07,0xD11,0xCB0,0xC34,
0xB97,0xB0E,0xABA,0xA8F,0xA5A,0xA04,
0x998,0x919,0x8DA,0x900,0x948,0x9D4,
0xAEA,0xC21,0xD1A,0xDD3,0xE3C,0xE2B,
0xDDE,0xD75,0xCD5,0xBE3,0xAEA,0xA2B,
0x969,0x8F6,0x964,0xA22,0xACE,0xBB4,
0xC74,0xCEF,0xD0B,0xC8B,0xBDF,0xB1D,
0x9EB,0x8B6,0x793,0x6C2,0x6C7,0x7D7,
0x9D1,0xC03,0xE06,0xF8F,0x1018,0xF6A,
0xD9D,0xB1C,0x893,0x6B7,0x5EB,0x5E1,
0x6DF,0x8EC,0xB59,0xDB1,0xFA7,0x10E3,
0x114C,0x1068,0xE5B,0xBE4,0x919,0x665,
0x4A5,0x40C,0x4A3,0x64F,0x85F,0xAA5,
0xCE2,0xE75,0xEE7,0xEB9,0xE57,0xDC5,
0xCEF,0xBB2,0xA7C,0x977,0x881,0x7C6,
0x74B,0x760,0x882,0xA02,0xB5E,0xCEF,
0xE84,0xF77,0xFB7,0xF56,0xE57,0xCE1,
0xB34,0x992,0x875,0x811,0x84B,0x914,
0xA13,0xB28,0xC1A,0xC83,0xCA4,0xC92,
0xC00,0xB42,0xA76,0x9A4,0x8F4,0x884,
0x875,0x91F,0xA65,0xBC6,0xCFF,0xDFF,
0xEB9,0xEAD,0xDB1,0xC4A,0xB29,0xA55,
0x9CE,0x977,0x8D9,0x853,0x82E,0x827,
0x889,0x963,0xABE,0xC8C,0xE0D,0xF26,
0xF92,0xED5,0xDC1,0xC85,0xAD3,0x970,
0x893,0x82D,0x84B,0x8CF,0x991,0xA54,
0xB15,0xB93,0xBC6,0xBE7,0xBE6,0xBCC,
0xBA1,0xB7A,0xB5D,0xB51,0xB80,0xBA3,
0xB87,0xB48,0xAFE,0xAFD,0xB04,0xAFC,
0xB2E,0xB4E,0xB70,0xBB5,0xBD2,0xC28,
0xCA8,0xCEB,0xD03,0xCA4,0xC03,0xB99,
0xB3C,0xAC5,0xAF5,0xB55,0xB7A,0xB7B,
0xAEB,0x9F3,0x8DF,0x817,0x7DC,0x856,
0x916,0xA43,0xB81,0xC20,0xC2D,0xB9F,
0xACE,0xA19,0x991,0x964,0x9AC,0xA2F,
0xAF3,0xB99,0xC30,0xCFF,0xD77,0xDB0,
0xDE9,0xD60,0xC36,0xB16,0xA00,0x901,
0x81E,0x7BD,0x80E,0x8BA,0x98D,0xA47,
0xAE5,0xBA1,0xC5A,0xCBA,0xCF7,0xD23,
0xCFB,0xC98,0xBE8,0xB18,0xA6B,0x9D8,
0x96B,0x8F7,0x899,0x883,0x87E,0x8BA,
0x95E,0xA1E,0xB1F,0xC3F,0xD0E,0xD7D,
0xD63,0xCEA,0xC4F,0xBBF,0xAF3,0xA05,
0x96E,0x8F7,0x86F,0x81C,0x85C,0x8EF,
0x9C9,0xAF2,0xBEE,0xC8E,0xD05,0xD0E,
0xC55,0xB50,0xA5A,0x9B7,0x96D,0x94C,
0x97E,0x9E3,0xA85,0xB4D,0xBE4,0xC91,
0xD2E,0xD44,0xD30,0xCFE,0xCA4,0xC80,
0xC66,0xC9C,0xCE7,0xC71,0xBB1,0xAB8,
0x97D,0x86A,0x794,0x74C,0x7ED,0x917,
0xA56,0xB89,0xC4F,0xCC0,0xD09,0xCF1,
0xCD7,0xD05,0xD44,0xE1C,0xEED,0xEA9,
0xE09,0xD48,0xC1E,0xAF7,0xA1B,0x94F,
0x903,0x99C,0xAB6,0xB8B,0xBFA,0xC23,
0xC00,0xB89,0xAD1,0x9E4,0x927,0x946,
0x9E5,0xAB3,0xB70,0xBEF,0xC36,0xC3C,
0xC07,0xB7B,0xADD,0xA8B,0xAA5,0xB02,
0xB86,0xC3F,0xD18,0xDF1,0xE92,0xED5,
0xEA5,0xDAC,0xC25,0xAED,0xA04,0x909,
0x872,0x83B,0x83A,0x878,0x89B,0x890,
0x865,0x85E,0x87F,0x8A5,0x914,0x989,
0xA2F,0xB67,0xCA7,0xD8A,0xE09,0xE24,
0xE07,0xD87,0xC69,0xB17,0x9F2,0x941,
0x929,0x980,0xA17,0xAA2,0xB34,0xBEA,
0xC6D,0xC5B,0xC08,0xBD8,0xB73,0xA9D,
0x9A5,0x880,0x76D,0x700,0x713,0x7BB,
0x900,0xA53,0xB71,0xC20,0xC83,0xCD6,
0xCE0,0xCE0,0xD63,0xDF8,0xE36,0xE6F,
0xE6C,0xDAF,0xC39,0xA92,0x94E,0x87A,
0x869,0x93E,0xAC1,0xCCE,0xEFE,0x10AC,
0x116D,0x111C,0xFB2,0xD28,0xA07,0x707,
0x4B5,0x39A,0x37F,0x478,0x64A,0x85E,
0xA43,0xBC0,0xCFD,0xDF1,0xE75,0xE92,
0xE31,0xD89,0xCD6,0xB92,0xA67,0x99D,
0x8F8,0x848,0x7F3,0x85C,0x8BD,0x928,
0x9F6,0xB00,0xC09,0xD5A,0xE89,0xE8A,
0xD75,0xC10,0x9EE,0x7C1,0x6D9,0x6EA,
0x810,0xA27,0xC88,0xE22,0xE65,0xDC3,
0xC50,0x9FC,0x780,0x5BF,0x538,0x63B,
0x893,0xB22,0xD53,0xF52,0x10A9,0x10E0,
0xFF5,0xE24,0xBF8,0x9F8,0x88B,0x7EE,
0x7F3,0x891,0x98B,0xA43,0xA7A,0xA7F,
0xA89,0xA75,0xA5D,0xAAC,0xB60,0xC26,
0xCA7,0xCB4,0xC2A,0xB27,0xA2D,0x8F8,
0x7F2,0x7BF,0x846,0x9C6,0xBCA,0xD61,
0xE31,0xE36,0xD79,0xC20,0xA15,0x7DE,
0x682,0x665,0x767,0x933,0xBC2,0xE8C,
0x107A,0x1168,0x1185,0x1090,0xEAC,0xC67,
0x9FD,0x802,0x6EB,0x6BD,0x7AD,0x96A,
0xB52,0xD36,0xEB7,0xF2C,0xE72,0xCDF,
0xAFC,0x92B,0x759,0x610,0x5D7,0x60A,
0x6D4,0x881,0x9DE,0xB2A,0xCA8,0xD92,
0xE39,0xE76,0xE1F,0xDC2,0xD44,0xC8B,
0xBA8,0xAE2,0xA2E,0x979,0x951,0x9B3,
0xA5E,0xB36,0xC30,0xD04,0xD0C,0xCCD,
0xC95,0xC23,0xBBB,0xB26,0xAB6,0xAE1,
0xB1D,0xB4C,0xB88,0xB91,0xB65,0xB16,
0xAD9,0xAAF,0xABF,0xB0B,0xB31,0xB4D,
0xB42,0xB42,0xB6A,0xB54,0xB54,0xB89,
0xB92,0xBAE,0xB99,0xB27,0xAB0,0xA11,
0x98B,0x97D,0x9D1,0xA9A,0xBA2,0xC4C,
0xCD9,0xD66,0xD4F,0xCA5,0xC14,0xB58,
0xA0F,0x8E7,0x817,0x781,0x742,0x767,
0x825,0x951,0xA90,0xBD0,0xCF0,0xE30,
0xF4E,0xF87,0xF7B,0xF48,0xE72,0xD3A,
0xBE2,0xAAF,0x984,0x8DB,0x92E,0x9C1,
0xAB5,0xBED,0xCBA,0xD67,0xD9F,0xD41,
0xCC5,0xC01,0xAD5,0x96A,0x816,0x722,
0x6DF,0x79F,0x935,0xB1C,0xCFE,0xE35,
0xE8F,0xE08,0xC9D,0xAD9,0x8E8,0x772,
0x6E0,0x706,0x842,0xA3C,0xC49,0xE29,
0xFA3,0x1079,0x107F,0xFB1,0xE20,0xC30,
0xA20,0x807,0x68D,0x5D9,0x5C1,0x6A2,
0x815,0x969,0xAD4,0xC47,0xD5D,0xE3D,
0xED2,0xED4,0xE1C,0xCE1,0xB8B,0xA24,
0x8A4,0x772,0x6E4,0x6FD,0x80C,0x985,
0xAE1,0xC52,0xDAB,0xE6F,0xE8E,0xE42,
0xD6C,0xC66,0xB42,0x9E9,0x8FB,0x879,
0x863,0x8BE,0x949,0xA36,0xB1F,0xB83,
0xB9D,0xB9A,0xB61,0xB25,0xAF7,0xABC,
0xAB1,0xAA3,0xA9C,0xAE6,0xB48,0xB6F,
0xB74,0xBA5,0xBBA,0xB90,0xB18,0xABC,
0xAB0,0xA61,0xA39,0xA33,0x9D3,0x9B2,
0x9E7,0xA23,0xADB,0xBEB,0xD17,0xE0F,
0xE31,0xDCF,0xD3B,0xC7F,0xBA7,0xAA4,
0x9CE,0x931,0x8F0,0x915,0x955,0x9C8,
0xA4B,0xB0F,0xBA7,0xBB4,0xBAF,0xB87,
0xB64,0xB24,0xAC4,0xA8F,0xA92,0xAB1,
0xADC,0xB25,0xB22,0xAF5,0xB01,0xB27,
0xB0E,0xABA,0xAA2,0xA95,0xA87,0xAF7,
0xBB1,0xC8A,0xD70,0xDD3,0xDCA,0xD64,
0xC61,0xB2E,0xA16,0x98B,0x9C0,0x9ED,
0xA20,0xA68,0xA63,0xA55,0xA0C,0x9BB,
0x9F4,0xA5E,0xAC8,0xB98,0xC2E,0xC0D,
0xB5B,0xA4D,0x988,0x905,0x897,0x873,
0x900,0xA2E,0xB44,0xC22,0xD11,0xE02,
0xE5C,0xE09,0xD8A,0xC8E,0xB27,0x9DD,
0x899,0x7BC,0x772,0x756,0x79C,0x8A3,
0xA11,0xB56,0xC60,0xD79,0xE5C,0xE7D,
0xE22,0xD4E,0xC21,0xAEA,0x9AE,0x8C4,
0x884,0x8F0,0x96E,0x9CF,0xA4B,0xAD4,
0xB49,0xBBD,0xC2A,0xC5F,0xC94,0xCB3,
0xC77,0xC2B,0xBE8,0xB92,0xB4A,0xB1F,
0xAE7,0xACB,0xABD,0xA4F,0x9AD,0x91E,
0x8AF,0x887,0x8C5,0x95A,0xA17,0xB05,
0xC11,0xD06,0xD81,0xDA1,0xD93,0xCDC,
0xBFF,0xB3E,0xA4D,0x9A2,0x96E,0x953,
0x980,0x9EB,0xA49,0xB11,0xBD8,0xC65,
0xD12,0xD8E,0xDC3,0xDBF,0xD48,0xC48,
0xAFB,0x9A2,0x82D,0x703,0x6A6,0x71A,
0x83D,0x98F,0xB1F,0xC99,0xD75,0xE04,
0xE48,0xDF0,0xD4D,0xCB0,0xC24,0xBEF,
0xBD1,0xB5B,0xAF8,0xAE9,0xAC8,0xAF6,
0xB5A,0xB72,0xBA2,0xBC6,0xC00,0xC35,
0xBD1,0xB28,0xA95,0xA2F,0x9E2,0x99C,
0x9AF,0xA27,0xAA7,0xAF8,0xB1A,0xAD7,
0xA3C,0x9F8,0xA00,0x9FF,0xA00,0xA34,
0xAA5,0xB3C,0xBF8,0xCAE,0xD35,0xD89,
0xDF8,0xE2A,0xDA0,0xC67,0xAF4,0xA03,
0x953,0x8B4,0x882,0x8A2,0x91A,0x9D0,
0xA65,0xAC6,0xAC2,0xA9C,0xAA8,0xA75,
0xA01,0x9C5,0xA22,0xAC9,0xB2E,0xB6B,
0xBE2,0xC8D,0xD01,0xD02,0xCCA,0xC73,
0xBD6,0xB15,0xA57,0x99B,0x8F6,0x8B7,
0x8FC,0x9DF,0xB08,0xBE7,0xC7F,0xCEA,
0xD23,0xCAD,0xB7F,0xA1F,0x8EC,0x81F,
0x7CF,0x820,0x926,0xA85,0xBCE,0xCC1,
0xD83,0xE2D,0xE5C,0xE50,0xE42,0xDFD,
0xD62,0xC6B,0xB41,0xA15,0x8D5,0x7A5,
0x6FD,0x734,0x836,0x9B1,0xBBB,0xE33,
0x1062,0x11A7,0x11BC,0x10B0,0xEC6,0xC35,
0x94C,0x69C,0x4C4,0x401,0x44A,0x58C,
0x785,0x98A,0xB1B,0xC3F,0xD06,0xD5C,
0xD29,0xCC8,0xC96,0xC57,0xBE6,0xB56,
0xAD0,0xA76,0xA09,0x97F,0x95B,0x995,
0x9C9,0x9E6,0xA09,0xA5F,0xADF,0xB89,
0xC48,0xCA4,0xCA7,0xC64,0xB6E,0xA35,
0x9A3,0x994,0x9FA,0xB02,0xC07,0xC76,
0xC43,0xB93,0xA6A,0x8F1,0x7B5,0x704,
0x73F,0x8AE,0xAD5,0xCC7,0xE51,0xFC5,
0x106E,0xFAA,0xE14,0xC44,0xA8D,0x903,
0x7BB,0x747,0x79F,0x878,0x9AD,0xA69,
0xADA,0xB57,0xB80,0xBAE,0xBDD,0xC0C,
0xC58,0xC47,0xBFE,0xB92,0xACD,0xA1A,
0x96F,0x8C5,0x8BD,0x91A,0x9C9,0xB29,
0xC86,0xD5F,0xDBB,0xD6E,0xCBB,0xBDB,
0xA8C,0x94B,0x8CF,0x8E3,0x999,0xAD5,
0xC53,0xDE1,0xEB6,0xEEB,0xEBC,0xDD6,
0xC98,0xB47,0x9DD,0x8D1,0x8AF,0x93A,
0xA2F,0xB93,0xCF2,0xE08,0xE89,0xE13,
0xCF8,0xB86,0x9FB,0x8D7,0x81C,0x7DB,
0x824,0x877,0x901,0x9CA,0xA53,0xAC0,
0xB36,0xBD1,0xC6A,0xCD9,0xD40,0xD6F,
0xD62,0xD09,0xC4C,0xB4D,0xA09,0x91A,
0x8D3,0x91A,0xA1E,0xB74,0xCC7,0xE0B,
0xE9E,0xE78,0xDEF,0xD03,0xBE7,0xABA,
0x9BD,0x96D,0x98D,0x9DE,0xA59,0xACA,
0xB27,0xB6F,0xB86,0xB72,0xB9B,0xBEF,
0xBE1,0xB8E,0xB0B,0xA8F,0xA6C,0xA3D,
0xA1C,0xA3D,0xA53,0xA5A,0xA18,0x97B,
0x90C,0x8E0,0x8EC,0x976,0xA51,0xB62,
0xC88,0xD55,0xDC8,0xDE2,0xD7E,0xCAD,
0xBB2,0xA8E,0x93E,0x828,0x750,0x6CC,
0x6DF,0x76A,0x865,0x9A0,0xAEF,0xC47,
0xD92,0xEEC,0xFEB,0x1019,0xFDA,0xF48,
0xE36,0xCDD,0xB6E,0xA0D,0x8F4,0x89B,
0x907,0x9AC,0xA80,0xB52,0xBE0,0xC75,
0xCD0,0xC97,0xC43,0xBF4,0xB4E,0xA62,
0x96A,0x89F,0x878,0x933,0xA76,0xBD2,
0xCEE,0xD6B,0xD2C,0xC31,0xAC0,0x937,
0x7EA,0x76E,0x7C2,0x8DA,0xABD,0xCAF,
0xE3E,0xF81,0x103C,0x1016,0xF1E,0xD73,
0xB68,0x977,0x79B,0x61E,0x575,0x585,
0x64D,0x7F8,0x9F2,0xBA1,0xD32,0xE77,
0xF2A,0xF54,0xEDE,0xE12,0xCE7,0xB54,
0x9E5,0x885,0x74E,0x6A2,0x665,0x6E1,
0x840,0x9C4,0xB5D,0xD1B,0xE5C,0xEF9,
0xEFA,0xE4F,0xD20,0xBA1,0xA2E,0x91F,
0x8A4,0x8A6,0x915,0x9BB,0xA59,0xB32,
0xBB8,0xB96,0xB44,0xA80,0x9AB,0x936,
0x8AD,0x863,0x8C4,0x973,0xA5A,0xB89,
0xC94,0xD34,0xD80,0xD95,0xD79,0xCD3,
0xBD2,0xAFC,0xA36,0x97C,0x91F,0x8DF,
0x8C4,0x930,0x9B1,0xA1A,0xAD3,0xBFA,
0xD47,0xE14,0xE26,0xD9B,0xCAB,0xBBA,
0xAC3,0x9DA,0x92F,0x8E5,0x90A,0x94C,
0x9B6,0xA55,0xAD9,0xB63,0xBD3,0xBD0,
0xBA4,0xB7E,0xB59,0xB37,0xB02,0xAD4,
0xADB,0xB27,0xB87,0xBB2,0xB9F,0xB91,
0xBA2,0xB88,0xB1F,0xAAE,0xA77,0xA4C,
0xA3E,0xA8B,0xB2D,0xC19,0xCD6,0xD00,
0xCD8,0xC6C,0xBC6,0xB34,0xAE8,0xB0B,
0xB8C,0xBD5,0xBD2,0xB89,0xADA,0xA2F,
0x96B,0x8C9,0x909,0x9C6,0xA82,0xB55,
0xC1A,0xC91,0xC6C,0xB94,0xACB,0xA53,
0x9C9,0x96F,0x981,0xA0E,0xAEE,0xBC2,
0xCD5,0xE11,0xEBC,0xEA2,0xDD0,0xC1F,
0xA05,0x821,0x69B,0x5F1,0x63E,0x72C,
0x8C5,0xAD8,0xCC3,0xE01,0xE83,0xE99,
0xE35,0xD3F,0xC37,0xB1C,0x9F3,0x923,
0x886,0x85B,0x8E3,0x99E,0xA27,0xA7D,
0xAD7,0xB14,0xB18,0xB36,0xB71,0xBD1,
0xC8C,0xD29,0xD61,0xD6B,0xD15,0xC51,
0xB73,0xAC1,0xA3D,0x9F1,0x9C5,0x988,
0x8F2,0x831,0x7AF,0x78B,0x820,0x952,
0xAB2,0xC46,0xDE2,0xEF7,0xF54,0xECB,
0xDB2,0xC66,0xAE7,0x9A6,0x8C1,0x84B,
0x870,0x8CF,0x997,0xAD9,0xBE3,0xCE2,
0xDCE,0xE20,0xE24,0xDFF,0xD6B,0xCDA,
0xC22,0xB0F,0xA01,0x8E9,0x7E3,0x73E,
0x729,0x7C4,0x8F9,0xA8E,0xC3C,0xD5D,
0xDA8,0xDCF,0xDCB,0xD28,0xC76,0xC0A,
0xBF5,0xC57,0xCA6,0xC7C,0xC66,0xC65,
0xC1D,0xBCA,0xB61,0xAC4,0xA2F,0x9F2,
0xA16,0xA22,0x9DA,0x98A,0x96C,0x9B7,
0xA37,0xA7A,0xAE7,0xBAA,0xC3A,0xC8B,
0xC5E,0xBA2,0xAF4,0xA7B,0xA15,0x9B0,
0x959,0x960,0xA09,0xADE,0xBD5,0xCD1,
0xD74,0xE07,0xE4D,0xE03,0xD61,0xC24,
0xACD,0x9F9,0x92A,0x873,0x845,0x855,
0x8AC,0x95B,0x9F0,0xA84,0xB0B,0xB6C,
0xB91,0xB48,0xAC3,0xA6D,0xA87,0xAF9,
0xB77,0xBDC,0xC58,0xCD4,0xD1C,0xCF6,
0xC6E,0xBA1,0xAC2,0xA21,0x9AC,0x94E,
0x939,0x981,0xA09,0xAD8,0xB9B,0xC26,
0xC91,0xCB4,0xC5C,0xB95,0xA8B,0x956,
0x84A,0x7AB,0x787,0x7EC,0x8E6,0xA35,
0xB5D,0xC24,0xCD9,0xD9E,0xE2D,0xE96,
0xF02,0xF2C,0xED1,0xE1E,0xD26,0xB8F,
0x9A3,0x842,0x786,0x770,0x825,0x98A,
0xBAD,0xE2D,0x101E,0x1110,0x10F3,0xFDB,
0xDED,0xB3E,0x865,0x61F,0x4A0,0x415,
0x494,0x5D4,0x7B6,0x9AC,0xB24,0xC46,
0xD32,0xDC2,0xDFF,0xDD1,0xD55,0xCE9,
0xC6D,0xB92,0xAC0,0xA27,0x98F,0x92A,
0x944,0x9A5,0x9EA,0xA30,0xAB7,0xB49,
0xBB7,0xC14,0xC53,0xC61,0xC34,0xBA0,
0xAAD,0x9E5,0x9A4,0x9D0,0xA76,0xB9E,
0xCAE,0xD06,0xCC2,0xC1B,0xB19,0x9E9,
0x8E2,0x83C,0x865,0x976,0xAE4,0xC23,
0xD0E,0xDB5,0xDED,0xD66,0xC66,0xB60,
0xA53,0x94C,0x8C8,0x8F9,0x967,0x9D6,
0xA66,0xACC,0xAB9,0xA81,0xA35,0x9F8,
0xA09,0xA6E,0xAEE,0xB50,0xBA3,0xB9C,
0xB38,0xAD1,0xA6D,0x9E6,0x998,0x9A2,
0xA09,0xACF,0xB8C,0xC22,0xC5F,0xC59,
0xC54,0xBE7,0xB03,0xA67,0xA3F,0xA75,
0xADE,0xB64,0xC5F,0xD4D,0xD8D,0xD7E,
0xD30,0xC62,0xB59,0xA3D,0x94A,0x8D2,
0x8D1,0x945,0xA43,0xB84,0xCB4,0xD88,
0xD8D,0xCD7,0xBD1,0xAAF,0x9D3,0x928,
0x8A7,0x8C0,0x90D,0x961,0x9DF,0xA31,
0xA79,0xAE8,0xB2D,0xB4F,0xB9B,0xC07,
0xC54,0xC5B,0xC4E,0xC27,0xBC3,0xB3E,
0xA9D,0xA26,0xA25,0xA9D,0xB66,0xC26,
0xCEC,0xD64,0xD29,0xCAB,0xC28,0xB93,
0xB0E,0xA98,0xA65,0xA91,0xAB3,0xACC,
0xAEE,0xAF0,0xB08,0xB1C,0xB11,0xB32,
0xB86,0xBC5,0xBB6,0xB6B,0xAF1,0xA60,
0xA08,0xA0A,0xA64,0xAEB,0xB48,0xB8E,
0xB7E,0xAD8,0xA30,0x9B1,0x94D,0x963,
0x9D9,0xA92,0xBA2,0xC6B,0xCBE,0xCE0,
0xC8F,0xBF3,0xB5C,0xA8F,0x9DB,0x96C,
0x906,0x8C2,0x8E5,0x94B,0x9D1,0xA70,
0xB06,0xBA0,0xC40,0xCFA,0xD8E,0xDC3,
0xDBF,0xD9B,0xD32,0xC82,0xBCC,0xB0B,
0xA4C,0xA07,0xA39,0xA77,0xAFA,0xB9D,
0xC2D,0xCB6,0xCD3,0xC87,0xC23,0xB8D,
0xACC,0xA14,0x962,0x914,0x946,0x9D2,
0xAD2,0xC0B,0xD08,0xD53,0xCD4,0xBEF,
0xAC3,0x96C,0x862,0x7F8,0x83B,0x932,
0xAA7,0xC12,0xD45,0xE5B,0xF0F,0xF06,
0xE75,0xD87,0xC25,0xA6D,0x8D0,0x7A1,
0x704,0x711,0x7BC,0x8DE,0xA41,0xB9A,
0xCC9,0xD8E,0xDBA,0xD98,0xD47,0xCB4,
0xBE4,0xADD,0x9ED,0x931,0x8A7,0x84E,
0x815,0x85F,0x934,0x9FE,0xACF,0xBDC,
0xCCE,0xD5C,0xD79,0xD22,0xC83,0xBB4,
0xABC,0x9F5,0x98A,0x97A,0x9CB,0xA49,
0xAB7,0xB1B,0xB51,0xB36,0xAEE,0xA76,
0x9FF,0x9BA,0x96B,0x95E,0x9BE,0xA0F,
0xA6D,0xB19,0xBC6,0xC20,0xC3A,0xC3B,
0xC26,0xBB7,0xB16,0xAB7,0xA7F,0xA5B,
0xA4E,0xA31,0xA09,0xA01,0x9FB,0x9FF,
0xA58,0xAFE,0xBB9,0xC68,0xCBC,0xC9F,
0xC41,0xBB3,0xB0C,0xA62,0x9E2,0x9BB,
0xA05,0xA84,0xADD,0xB30,0xB9B,0xBCB,
0xBA2,0xB23,0xA96,0xA58,0xA47,0xA56,
0xAA5,0xB02,0xB67,0xBC7,0xBE5,0xBBB,
0xB4B,0xAC9,0xA92,0xA90,0xA67,0xA3E,
0xA3B,0xA71,0xAE4,0xB7B,0xC05,0xC91,
0xCF9,0xD01,0xCE9,0xC6C,0xBA4,0xAFE,
0xA88,0xA8D,0xAD1,0xAD3,0xAD3,0xAD1,
0xA9C,0xA62,0xA02,0x998,0x9C9,0xA60,
0xB17,0xBDB,0xC56,0xC75,0xC13,0xB4F,
0xA9B,0xA2E,0x9BC,0x985,0x9E5,0xA9F,
0xB6A,0xBFF,0xC8C,0xD13,0xD22,0xCD3,
0xC47,0xB37,0xA13,0x938,0x880,0x858,
0x8B5,0x94C,0xA2E,0xB29,0xBEE,0xC4E,
0xC56,0xC5D,0xC40,0xBCE,0xB4B,0xACB,
0xA70,0xA3C,0xA26,0xA30,0xA74,0xADA,
0xAD6,0xA67,0xA1C,0xA00,0xA13,0xA86,
0xB3A,0xC1E,0xD1E,0xDC2,0xDC7,0xD79,
0xCF6,0xC16,0xB2E,0xA97,0xA1D,0x9CC,
0x9AB,0x984,0x93F,0x8EF,0x8E3,0x941,
0x9D5,0xA83,0xB48,0xC11,0xCD0,0xD2A,
0xD20,0xCE9,0xC79,0xBED,0xB62,0xAED,
0xA92,0xA57,0xA4B,0xA51,0xAB0,0xB34,
0xB76,0xBDD,0xC52,0xC71,0xC77,0xC63,
0xC31,0xC20,0xBC7,0xB22,0xA8F,0x9E2,
0x937,0x8CA,0x8BD,0x95C,0xA55,0xB40,
0xC23,0xCB3,0xCCB,0xCBF,0xC94,0xC26,
0xBD6,0xBB1,0xBC3,0xC3D,0xC88,0xC6C,
0xC65,0xC60,0xC3E,0xC13,0xBC7,0xB3B,
0xAA9,0xA5B,0xA50,0xA37,0x9FB,0x9D2,
0x9C4,0x9ED,0xA22,0xA39,0xA72,0xACE,
0xB23,0xB76,0xB96,0xB48,0xAEF,0xAE4,
0xACF,0xA7A,0xA27,0xA3E,0xA9C,0xB07,
0xB9D,0xC4E,0xCCE,0xD2D,0xD49,0xCEF,
0xC5C,0xB80,0xA9C,0xA03,0x998,0x968,
0x97A,0x9A1,0x9E7,0xA3C,0xA7C,0xA8A,
0xA62,0xA49,0xA3C,0xA18,0x9EE,0x9F4,
0xA6E,0xB3A,0xBD9,0xC57,0xCC0,0xCF8,
0xD09,0xCCB,0xC3E,0xB90,0xAD6,0xA4C,
0x9FC,0x9D5,0x9F5,0xA44,0xAC2,0xB69,
0xBE3,0xC21,0xC49,0xC35,0xBCB,0xB1A,
0xA28,0x913,0x84F,0x7F1,0x7D8,0x836,
0x92F,0xA75,0xBA2,0xC88,0xD48,0xDFB,
0xE4E,0xE4C,0xE2B,0xDBB,0xD04,0xC3D,
0xB58,0xA50,0x964,0x8F6,0x8FA,0x947,
0x9FE,0xB1B,0xC81,0xDDD,0xEC8,0xF28,
0xED9,0xDD7,0xC5B,0xA72,0x8A5,0x769,
0x6A1,0x67B,0x70C,0x7E5,0x8F9,0xA1A,
0xAD4,0xB5B,0xBD9,0xC43,0xC94,0xCA3,
0xC8E,0xC60,0xBF4,0xB47,0xAA8,0xA4A,
0x9EB,0x99F,0x9C4,0xA2C,0xA55,0xA4C,
0xA51,0xA9B,0xB25,0xBB7,0xC17,0xC3E,
0xC4D,0xBF0,0xB0F,0xA40,0x9E9,0x9FE,
0xAA2,0xB9D,0xC6F,0xCB7,0xC69,0xBBD,
0xADA,0x9DB,0x8CE,0x820,0x84E,0x93F,
0xA5A,0xB56,0xC48,0xD4A,0xDD8,0xD73,
0xCA9,0xBCC,0xAB7,0x9C1,0x956,0x974,
0x9DD,0xA4F,0xABB,0xAFE,0xAC0,0xA58,
0xA0E,0x9D4,0x9CC,0xA1E,0xAAC,0xB24,
0xB7D,0xB87,0xB4D,0xB33,0xAF8,0xA97,
0xA6D,0xA81,0xAE0,0xB75,0xBD3,0xBF7,
0xBFA,0xBD5,0xBA9,0xB0A,0xA24,0x99E,
0x97B,0x9CA,0xA63,0xB2B,0xC62,0xD93,
0xE12,0xE2B,0xDFD,0xD1D,0xBE6,0xA9E,
0x94A,0x886,0x872,0x8D3,0x9DC,0xB54,
0xCBB,0xDBD,0xDF0,0xD61,0xC71,0xB44,
0xA35,0x957,0x8A2,0x851,0x856,0x8B0,
0x94A,0x9D8,0xA4D,0xAC7,0xB49,0xBAA,
0xBE6,0xC25,0xC65,0xCA0,0xCB1,0xC6A,
0xC00,0xB7D,0xAD8,0xA5F,0xA4E,0xAA6,
0xB54,0xC10,0xCB6,0xD22,0xD1E,0xCD9,
0xC75,0xBDF,0xB41,0xAB9,0xA6C,0xA7E,
0xA87,0xA66,0xA78,0xAA4,0xAB7,0xAD5,
0xAF7,0xB27,0xB6F,0xBA3,0xB94,0xB39,
0xABE,0xA82,0xA79,0xA99,0xB10,0xB78,
0xBA1,0xBA6,0xB35,0xA66,0x9AE,0x922,
0x8EF,0x929,0x9C1,0xAD0,0xBF2,0xCAC,
0xD11,0xD2A,0xCBB,0xBE1,0xB0A,0xA45,
0x98F,0x90C,0x8BE,0x8A6,0x8E4,0x96C,
0xA00,0xA85,0xB18,0xB9C,0xC26,0xCF7,
0xD97,0xDCA,0xDEA,0xDCE,0xD4C,0xC7F,
0xBA8,0xAE0,0xA09,0x9C3,0xA1E,0xA82,
0xB23,0xBCA,0xC38,0xCAD,0xC9E,0xC15,
0xBA3,0xB16,0xA6B,0x9D0,0x95C,0x94B,
0x99D,0xA4D,0xB3C,0xC22,0xCD1,0xCFE,
0xC84,0xB83,0xA54,0x93B,0x87C,0x86F,
0x8DB,0x9A3,0xAE6,0xC24,0xD43,0xE63,
0xF0B,0xF1F,0xEB7,0xDB9,0xC4F,0xAA7,
0x916,0x7EB,0x74A,0x752,0x7F5,0x929,
0xA94,0xBC9,0xCCB,0xD65,0xD75,0xD4E,
0xD0F,0xCB5,0xC0D,0xB16,0xA38,0x963,
0x885,0x7CC,0x75A,0x7AC,0x8AF,0x9C9,
0xB17,0xC8F,0xDAD,0xE34,0xE27,0xD84,
0xC8C,0xB70,0xA3D,0x957,0x8F8,0x90A,
0x991,0xA48,0xAF7,0xBA2,0xC02,0xBFE,
0xBCD,0xB57,0xACF,0xA5B,0x9E1,0x9A2,
0x999,0x993,0x9DB,0xA7F,0xB2B,0xBC1,
0xC31,0xC89,0xCB7,0xC7C,0xC10,0xBB2,
0xB49,0xAE6,0xA8E,0xA2D,0x9CC,0x98D,
0x97B,0x984,0x9F7,0xADB,0xBD3,0xCAE,
0xD12,0xCD7,0xC5C,0xBA2,0xABF,0xA06,
0x985,0x979,0x9DD,0xA44,0xAE3,0xBAD,
0xC22,0xC54,0xC3D,0xBBF,0xB22,0xA90,
0xA1C,0x9D6,0x9A6,0x9BF,0xA36,0xACB,
0xB45,0xB91,0xBC1,0xBEE,0xC02,0xBE7,
0xB94,0xB23,0xAAB,0xA40,0xA30,0xA8D,
0xB0B,0xB8D,0xC04,0xC65,0xC8C,0xC4D,
0xBE3,0xB85,0xB50,0xB77,0xBB4,0xBA9,
0xB85,0xB4B,0xAD6,0xA4A,0x9B4,0x960,
0x9AA,0xA4D,0xB00,0xBBA,0xC54,0xC97,
0xC33,0xB44,0xA64,0x9BF,0x92C,0x8C8,
0x8CD,0x967,0xA3F,0xB02,0xC16,0xD37,
0xDCA,0xDF3,0xD94,0xC8D,0xB50,0xA01,
0x8CA,0x81E,0x803,0x85B,0x92E,0xA68,
0xBB2,0xC6A,0xCA0,0xCE3,0xCED,0xC6E,
0xBC5,0xB29,0xAA9,0xA63,0xA44,0xA30,
0xA33,0xA44,0xA15,0x9A5,0x975,0x98C,
0x9E4,0xAAF,0xB7E,0xC52,0xD3C,0xDB8,
0xDC6,0xD6A,0xCAE,0xBFF,0xB62,0xAF0,
0xAA4,0xA51,0xA2E,0x9F9,0x97B,0x905,
0x8B7,0x8E8,0x982,0xA2F,0xB13,0xBF2,
0xC8A,0xCD1,0xCB5,0xC75,0xC11,0xB89,
0xB21,0xAC6,0xA74,0xA38,0xA09,0x9FE,
0xA34,0xAB7,0xB63,0xC23,0xCE1,0xD4F,
0xD73,0xD3E,0xCBA,0xC3A,0xB6B,0xA51,
0x984,0x902,0x8AC,0x8A2,0x905,0x9D7,
0xAD4,0xBD4,0xCA6,0xCFF,0xCED,0xCB0,
0xC4C,0xBA5,0xB1F,0xAF6,0xB02,0xB71,
0xBEA,0xC19,0xC73,0xCBA,0xCB4,0xC9B,
0xC1C,0xB4B,0xA8E,0xA1A,0xA10,0x9F3,
0x9C6,0x9CF,0x9DD,0xA1A,0xA44,0xA24,
0xA5A,0xAD3,0xB36,0xB7A,0xB75,0xB46,
0xB06,0xAA9,0xA54,0xA13,0x9F0,0xA00,
0xA68,0xB29,0xC04,0xCC3,0xD5B,0xDCF,
0xDEC,0xD88,0xCA2,0xB61,0xA3E,0x97F,
0x8E9,0x8AF,0x8DB,0x924,0x989,0xA00,
0xA81,0xAF3,0xB1B,0xB12,0xAF3,0xAB4,
0xA6A,0xA27,0xA38,0xACC,0xB7A,0xC15,
0xCAA,0xCFB,0xCFB,0xC9B,0xBF8,0xB3F,
0xA67,0x9B7,0x958,0x94F,0x989,0x9F2,
0xAA5,0xB87,0xC37,0xC9D,0xCBD,0xCA8,
0xC3D,0xB52,0xA17,0x8C9,0x7E6,0x7AA,
0x7CE,0x871,0x999,0xAE1,0xC08,0xCAF,
0xD33,0xDBA,0xDC9,0xDC2,0xDC8,0xD7A,
0xCF4,0xC68,0xBB9,0xAB9,0x99C,0x902,
0x8DC,0x90C,0x9BE,0xACA,0xC18,0xD82,
0xEA4,0xF37,0xF11,0xE4C,0xCE5,0xADF,
0x8DB,0x741,0x639,0x5E4,0x637,0x717,
0x853,0x9B5,0xAE1,0xBE5,0xCE2,0xD6E,
0xD95,0xD7B,0xD10,0xC8F,0xBEF,0xB24,
0xA94,0xA5F,0xA13,0x9C8,0x9CB,0x9E4,
0x9ED,0x9E8,0xA05,0xA6C,0xB05,0xBD5,
0xC89,0xCD6,0xCDD,0xC4B,0xB26,0xA30,
0x9C7,0x9CC,0xA5B,0xB4A,0xC1D,0xC68,
0xC28,0xB9F,0xAD2,0x9CC,0x8EB,0x8A5,
0x90E,0xA0A,0xB44,0xC2D,0xCD4,0xD71,
0xD94,0xCFD,0xC14,0xB3C,0xA41,0x960,
0x907,0x914,0x98C,0xA2A,0xAB6,0xAF6,
0xAB0,0xA51,0xA1B,0x9E7,0x9F3,0xA68,
0xB1A,0xBC6,0xC4D,0xC6B,0xC3B,0xBF7,
0xB63,0xABE,0xA3B,0x9F3,0xA30,0xAC0,
0xB35,0xB83,0xBC8,0xC06,0xC11,0xB9D,
0xACD,0xA4C,0xA31,0xA4E,0xAAA,0xB42,
0xC54,0xD76,0xDEE,0xDE6,0xD8A,0xC98,
0xB41,0x9D7,0x8B1,0x836,0x868,0x935,
0xA99,0xC20,0xD58,0xE0E,0xE14,0xD72,
0xC5E,0xB0F,0x9EA,0x935,0x8A7,0x861,
0x86D,0x8A7,0x93B,0x9DB,0xA58,0xAF4,
0xB76,0xBC1,0xC07,0xC4E,0xC6C,0xC53,
0xC2F,0xBF4,0xBA5,0xB38,0xAB8,0xA7A,
0xA9C,0xAFA,0xB86,0xC22,0xCAE,0xCFF,
0xCE8,0xCA5,0xC54,0xBF4,0xBA3,0xB4A,
0xAF0,0xAC6,0xA8A,0xA56,0xA52,0xA53,
0xA69,0xAB8,0xB1F,0xB80,0xBE9,0xC08,
0xBB5,0xB38,0xAB5,0xA49,0xA22,0xA22,
0xA5C,0xAA3,0xAC9,0xADA,0xA89,0xA00,
0x9BB,0x9A4,0x9C7,0xA40,0xADA,0xBA5,
0xC69,0xCAA,0xC93,0xC7E,0xC16,0xB62,
0xAC9,0xA35,0x99A,0x91E,0x8CF,0x8A6,
0x8C8,0x948,0x9EC,0xA85,0xB29,0xBC8,
0xC75,0xD46,0xDF3,0xE20,0xDF5,0xD8E,
0xCDA,0xBFC,0xB15,0xA4B,0x9BB,0x99C,
0x9F9,0xA7B,0xB18,0xBBD,0xC2A,0xC68,
0xC56,0xC12,0xBC4,0xB3A,0xA9F,0xA0C,
0x96D,0x92C,0x973,0xA29,0xB30,0xC1B,
0xCCA,0xD00,0xC88,0xB9B,0xA68,0x92C,
0x849,0x817,0x891,0x973,0xABA,0xC0A,
0xD45,0xE71,0xEF1,0xEE2,0xE63,0xD4A,
0xBD1,0xA29,0x8A2,0x78E,0x707,0x723,
0x7CF,0x90A,0xA83,0xBC6,0xCE9,0xDC4,
0xE10,0xE00,0xDC7,0xD3D,0xC3C,0xB01,
0xA04,0x92C,0x87D,0x81A,0x7D6,0x835,
0x92D,0xA13,0xAFB,0xBFC,0xCE4,0xD7A,
0xD95,0xD4B,0xCBC,0xC00,0xB0B,0xA22,
0x99F,0x98E,0x9D8,0xA40,0xAD6,0xB76,
0xBAD,0xB9D,0xB76,0xAFD,0xA79,0xA23,
0x9C8,0x9C8,0xA1D,0xA37,0xA77,0xAF3,
0xB4E,0xB9B,0xBD9,0xC22,0xC67,0xC55,
0xBFB,0xB9A,0xB1D,0xA81,0x9FA,0x990,
0x95A,0x97D,0x9C1,0xA11,0xABC,0xB97,
0xC32,0xC82,0xC87,0xC52,0xBF2,0xB4A,
0xABB,0xA50,0xA04,0xA12,0xA65,0xAEA,
0xB67,0xBBE,0xBFB,0xC0A,0xBCC,0xB40,
0xAC4,0xA7D,0xA42,0xA2D,0xA2A,0xA4D,
0xAAA,0xB19,0xB6C,0xB98,0xBA4,0xBA0,
0xBA5,0xB7E,0xB02,0xA7D,0xA18,0x9D5,
0xA0C,0xAA8,0xB5F,0xC20,0xCAE,0xCEE,
0xCFA,0xC98,0xC0A,0xBA0,0xB4A,0xB5A,
0xB82,0xB6D,0xB7D,0xB4C,0xAAB,0xA1B,
0x98F,0x969,0x9E1,0xA98,0xB71,0xC3D,
0xCD5,0xCF7,0xC4F,0xB32,0xA2B,0x96D,
0x8F3,0x8B9,0x904,0x9BB,0xA74,0xB27,
0xC1E,0xD10,0xD6C,0xD77,0xD3A,0xC4F,
0xB2D,0xA28,0x938,0x8B4,0x8A8,0x90B,
0x9EC,0xB06,0xBF3,0xC70,0xC99,0xCBB,
0xC8F,0xBF3,0xB53,0xABC,0xA40,0x9FD,
0x9BC,0x990,0x9C7,0xA19,0xA17,0x9EC,
0x9FA,0xA4E,0xABE,0xB50,0xBFE,0xC93,
0xD1B,0xD55,0xD07,0xC8E,0xBEF,0xB36,
0xAE6,0xAE4,0xAC3,0xA8D,0xA65,0xA20,
0x984,0x8C2,0x849,0x855,0x8EB,0x9DD,
0xB00,0xC29,0xD10,0xD8F,0xD6D,0xCD7,
0xC25,0xB4E,0xA8F,0xA30,0xA00,0x9F1,
0xA0E,0xA42,0xAAD,0xB29,0xB8F,0xC0B,
0xC63,0xC8C,0xCBD,0xCAC,0xC6A,0xC46,
0xBDD,0xB00,0xA35,0x97D,0x8B4,0x84E,
0x875,0x900,0x9E2,0xAEC,0xBF9,0xCB3,
0xCD7,0xCC7,0xC8F,0xBFA,0xB7B,0xB3F,
0xB52,0xBCF,0xC38,0xC6E,0xCCB,0xD01,
0xCD1,0xC72,0xBDB,0xB0F,0xA82,0xA54,
0xA3B,0xA13,0x9E4,0x9B8,0x9A2,0x9A0,
0x9AD,0x9D8,0xA4C,0xB00,0xB94,0xBE3,
0xBFE,0xBE1,0xB84,0xAFD,0xA7D,0xA07,
0x9AC,0x99E,0x9D9,0xA61,0xB3A,0xC27,
0xCF2,0xD87,0xDC0,0xD7E,0xCBE,0xB97,
0xA88,0x9E4,0x969,0x92B,0x949,0x96A,
0x9A4,0xA0B,0xA62,0xA95,0xAA5,0xAB3,
0xAA0,0xA6B,0xA5E,0xA77,0xAEE,0xBAC,
0xC2F,0xC92,0xCD1,0xCB1,0xC62,0xBD5,
0xB1A,0xA73,0x9DF,0x98A,0x98E,0x9CF,
0xA28,0xA91,0xB34,0xBD9,0xC47,0xC85,
0xC7A,0xC40,0xBF0,0xB42,0xA2C,0x913,
0x876,0x85B,0x877,0x90E,0xA1B,0xB1D,
0xBF0,0xC64,0xCB1,0xD1A,0xD58,0xD8E,
0xDD6,0xDCB,0xD6D,0xCEA,0xC10,0xAE2,
0x9B7,0x8DC,0x87F,0x8BB,0x98B,0xAD0,
0xC4F,0xDB9,0xED6,0xF45,0xED5,0xDE8,
0xC80,0xAAE,0x8EE,0x787,0x6B5,0x675,
0x6CD,0x7AD,0x8FF,0xA73,0xB77,0xC41,
0xD00,0xD6D,0xD73,0xD19,0xC8B,0xC02,
0xB53,0xA8B,0xA18,0x9D1,0x960,0x923,
0x96A,0x9CE,0x9ED,0x9FB,0xA5E,0xB13,
0xBD7,0xC87,0xD05,0xD30,0xD07,0xC3D,
0xAE2,0x9CC,0x968,0x982,0xA26,0xB39,
0xC23,0xC86,0xC5E,0xBC2,0xADA,0x9C5,
0x8C0,0x836,0x87F,0x994,0xAEE,0xBF5,
0xCCE,0xD9D,0xDC4,0xD1E,0xC37,0xB3A,
0xA2E,0x961,0x905,0x943,0x9D1,0xA6A,
0xB24,0xB86,0xB6E,0xB31,0xABC,0xA54,
0xA4A,0xA75,0xAC2,0xB2F,0xB7B,0xB91,
0xB90,0xB82,0xB34,0xACE,0xA80,0xA3B,
0xA53,0xAD2,0xB53,0xBC8,0xC2A,0xC61,
0xC45,0xB93,0xAA5,0x9F9,0x9A3,0x9BC,
0xA34,0xB03,0xC47,0xD63,0xDE7,0xE0E,
0xDC3,0xCE1,0xB8E,0xA28,0x90F,0x875,
0x87B,0x91F,0xA55,0xBD7,0xD2A,0xE0B,
0xE3D,0xDA0,0xC7C,0xB0E,0x9CE,0x8E6,
0x83A,0x826,0x875,0x8E9,0x9B2,0xA69,
0xACF,0xB1C,0xB57,0xB7B,0xB90,0xBB4,
0xBE4,0xC06,0xC24,0xC20,0xBDA,0xB43,
0xA96,0xA51,0xA5E,0xACD,0xB8B,0xC4E,
0xD44,0xDE7,0xDC9,0xD44,0xC7E,0xBA4,
0xADC,0xA2F,0x9D0,0x9E7,0xA28,0xA5C,
0xA97,0xAB2,0xAC9,0xAEF,0xB16,0xB60,
0xBC1,0xBEF,0xBBA,0xB46,0xACB,0xA80,
0xA64,0xA6E,0xAC9,0xB13,0xB2C,0xB2E,
0xAAA,0x9ED,0x962,0x8EE,0x8FD,0x99A,
0xA84,0xBBB,0xCB0,0xD23,0xD4A,0xD0A,
0xC5D,0xB72,0xA8A,0x9B3,0x901,0x8A2,
0x873,0x884,0x8D8,0x950,0x9D9,0xA72,
0xB2B,0xBCA,0xC64,0xD2A,0xDA4,0xDC1,
0xDA9,0xD51,0xCD5,0xC10,0xB33,0xA89,
0x9F2,0x9D1,0xA1C,0xA80,0xB17,0xB95,
0xBEC,0xC27,0xC0F,0xBE7,0xBD3,0xB95,
0xB16,0xA6E,0x9DD,0x98F,0x9A5,0xA2C,
0xAE6,0xB8D,0xBFA,0xC1C,0xBD5,0xB2C,
0xA6E,0x99C,0x8F6,0x908,0x97E,0xA26,
0xB2E,0xC35,0xD2A,0xE15,0xE93,0xE8A,
0xE16,0xD1B,0xBA7,0xA16,0x8B8,0x7BE,
0x768,0x7A3,0x85E,0x99C,0xAF2,0xC2A,
0xD20,0xD80,0xD73,0xD36,0xCDB,0xC73,
0xBBD,0xAE1,0xA44,0x9AC,0x910,0x8A0,
0x868,0x8B2,0x96D,0xA4B,0xB47,0xC4F,
0xD15,0xD6B,0xD65,0xD11,0xC67,0xB8B,
0xAAD,0x9FE,0x9A7,0x9A9,0xA05,0xA7E,
0xAEB,0xB53,0xB76,0xB68,0xB3C,0xACB,
0xA70,0xA2F,0x9D7,0x9B6,0x9D7,0xA02,
0xA55,0xAD0,0xB39,0xB8F,0xBE2,0xC28,
0xC3F,0xC13,0xBC5,0xB88,0xB46,0xAE9,
0xA90,0xA33,0xA01,0xA0C,0x9F3,0x9FB,
0xA5B,0xAE0,0xB88,0xC0A,0xC49,0xC6F,
0xC3D,0xBBF,0xB43,0xACA,0xA87,0xA85,
0xA9A,0xACB,0xB18,0xB6B,0xB83,0xB5E,
0xB31,0xAF3,0xAAA,0xA6E,0xA5C,0xA7A,
0xA99,0xAC5,0xB09,0xB4B,0xB85,0xB7C,
0xB44,0xB3E,0xB44,0xB19,0xAD1,0xA96,
0xA66,0xA51,0xAA4,0xB31,0xBB3,0xC37,
0xC80,0xC90,0xC71,0xC08,0xB9B,0xB45,
0xB17,0xB68,0xBBB,0xBBD,0xBBB,0xB69,
0xACE,0xA44,0x9C0,0x98A,0x9DA,0xA6B,
0xB1C,0xBC3,0xC43,0xC81,0xC21,0xB4A,
0xA96,0xA02,0x966,0x8FC,0x912,0x99E,
0xA45,0xAEB,0xBD4,0xCD3,0xD64,0xDA0,
0xD5A,0xC54,0xB42,0xA3F,0x91F,0x889,
0x87D,0x8C8,0x989,0xA75,0xB56,0xBF1,
0xC3B,0xC7B,0xC55,0xBDD,0xB74,0xAFE,
0xAA8,0xA7C,0xA44,0xA1A,0xA2C,0xA3F,
0x9F2,0x98D,0x97F,0x9BC,0xA5D,0xB47,
0xC23,0xD31,0xE13,0xE2F,0xDD0,0xD3E,
0xC55,0xB4B,0xA97,0xA2E,0x9E3,0x9CF,
0x9D5,0x9A1,0x937,0x8F6,0x8EB,0x936,
0xA03,0xAED,0xBCE,0xCAA,0xD55,0xD7D,
0xCFF,0xC3F,0xB7D,0xACC,0xA59,0xA25,
0xA05,0x9F6,0xA05,0xA31,0xA98,0xB13,
0xB83,0xC0B,0xC7C,0xCBC,0xCDD,0xCB0,
0xC6A,0xC41,0xBCD,0xB0B,0xA4A,0x986,
0x8E7,0x896,0x8A5,0x932,0xA0D,0xB07,
0xC12,0xCBB,0xCE2,0xCE2,0xC96,0xC19,
0xBB2,0xB61,0xB67,0xBCA,0xC1C,0xC4F,
0xC78,0xC7E,0xC5A,0xC09,0xB7C,0xAC2,
0xA33,0xA20,0xA49,0xA4A,0xA24,0xA04,
0x9D3,0x9B2,0x9B9,0x9CB,0xA34,0xAFA,
0xBC6,0xC5A,0xC6E,0xC0F,0xB94,0xB09,
0xA69,0x9D3,0x96E,0x975,0x9E4,0xA73,
0xB2A,0xC03,0xCBC,0xD51,0xD98,0xD52,
0xCAF,0xBBE,0xACE,0xA25,0x97B,0x914,
0x90D,0x926,0x97F,0xA01,0xA88,0xAFB,
0xB3A,0xB69,0xB5F,0xB0A,0xAA5,0xA52,
0xA5E,0xABF,0xB1B,0xB91,0xC2C,0xCAC,
0xCD1,0xCA0,0xC34,0xB7A,0xAAF,0xA11,
0x99D,0x959,0x95E,0x9C3,0xA62,0xB12,
0xBA4,0xC0D,0xC69,0xC95,0xC64,0xBBC,
0xAA7,0x98E,0x8C0,0x836,0x82B,0x8AA,
0x986,0xA88,0xB69,0xC20,0xCBD,0xD44,
0xDA6,0xDEE,0xE2F,0xE14,0xD95,0xCC2,
0xBA2,0xA4B,0x906,0x831,0x7DF,0x846,
0x945,0xABC,0xCAC,0xE86,0xFC3,0x100D,
0xF66,0xE0A,0xC22,0xA04,0x81C,0x6C1,
0x61F,0x635,0x6D9,0x7E0,0x927,0xA5E,
0xB69,0xC65,0xD41,0xDC7,0xDD0,0xD7E,
0xCF0,0xC25,0xB2C,0xA1F,0x962,0x91B,
0x8EA,0x8FF,0x99C,0xA44,0xAA8,0xAE5,
0xB32,0xBA5,0xC11,0xC5E,0xC67,0xC3D,
0xBE9,0xB3B,0xA61,0x9E3,0x9F2,0xA62,
0xB38,0xC2B,0xCA4,0xC87,0xBF8,0xB17,
0xA13,0x915,0x888,0x891,0x929,0xA66,
0xBAB,0xC86,0xD3E,0xDC0,0xD9F,0xCD1,
0xBD6,0xAF7,0xA22,0x97A,0x94F,0x9B2,
0xA2D,0xA7D,0xABC,0xAB6,0xA72,0xA29,
0x9F0,0x9F4,0xA4C,0xAF2,0xBA6,0xC33,
0xC91,0xC7F,0xC15,0xB9F,0xAE7,0xA25,
0x9B0,0x985,0x9FF,0xAD7,0xB73,0xBF1,
0xC3F,0xC39,0xC08,0xB60,0xA75,0x9E3,
0x9A7,0x9CA,0xA52,0xB37,0xC8F,0xDAC,
0xE27,0xE53,0xDF9,0xCEC,0xB8A,0xA03,
0x8BA,0x81C,0x834,0x8FF,0xA6E,0xBFA,
0xD24,0xDEE,0xE24,0xD93,0xC90,0xB4B,
0xA1C,0x931,0x863,0x806,0x817,0x85F,
0x904,0x9B9,0xA62,0xB25,0xBAB,0xBFC,
0xC40,0xC89,0xCC7,0xCB1,0xC70,0xBFF,
0xB6B,0xACA,0xA10,0x9CD,0xA2B,0xADF,
0xBB4,0xC70,0xD3D,0xDCA,0xDA7,0xD2A,
0xC8B,0xBE3,0xB3C,0xA70,0x9E8,0x9D7,
0x9EA,0xA29,0xA78,0xAB7,0xB08,0xB42,
0xB65,0xB9A,0xBB9,0xBB2,0xB8C,0xB32,
0xABF,0xA81,0xA82,0xAC1,0xB2B,0xB76,
0xB76,0xB37,0xA93,0x99B,0x8E9,0x89C,
0x8CB,0x9B2,0xAED,0xC2B,0xD33,0xDA3,
0xD9D,0xD31,0xC4B,0xB47,0xA50,0x973,
0x8CB,0x852,0x818,0x827,0x899,0x960,
0xA21,0xADE,0xBAB,0xC66,0xD11,0xDA3,
0xDE9,0xDDF,0xDA1,0xD2B,0xC64,0xB7E,
0xABF,0xA19,0x9A9,0x9A7,0xA08,0xAA3,
0xB49,0xBD7,0xC4D,0xCBD,0xCE4,0xC9E,
0xC51,0xBE1,0xB15,0xA58,0x998,0x913,
0x964,0xA0D,0xAE0,0xBCE,0xC59,0xC89,
0xC16,0xB0B,0xA05,0x900,0x85F,0x88C,
0x935,0xA43,0xB94,0xCCF,0xDD2,0xE7E,
0xEBA,0xE64,0xD9F,0xC7C,0xAFB,0x984,
0x84C,0x78D,0x759,0x797,0x885,0x9EC,
0xB4D,0xC7E,0xD58,0xDCC,0xDC5,0xD68,
0xD12,0xC94,0xBC0,0xADF,0xA06,0x93E,
0x8A7,0x827,0x7F4,0x870,0x942,0xA12,
0xB25,0xC62,0xD62,0xDD2,0xD8A,0xCFA,
0xC45,0xB53,0xA4A,0x994,0x971,0x98A,
0x9D2,0xA38,0xABB,0xB63,0xB95,0xB74,
0xB51,0xB03,0xACA,0xA93,0xA37,0xA0B,
0x9F0,0x9CF,0x9E6,0xA29,0xA9A,0xB13,
0xB79,0xC06,0xC78,0xC7C,0xC32,0xBCB,
0xB5F,0xAF0,0xA8D,0xA20,0x9B2,0x98D,
0x987,0x996,0xA14,0xAD5,0xBA4,0xC61,
0xCB9,0xCD0,0xCAE,0xC41,0xBB6,0xB1D,
0xA95,0xA36,0xA19,0xA45,0xA92,0xAFB,
0xB56,0xB7A,0xB68,0xB11,0xAC3,0xA82,
0xA25,0xA02,0xA05,0xA2E,0xAB0,0xB2F,
0xB7F,0xB9B,0xB8F,0xB6E,0xB3E,0xB0C,
0xAC1,0xA7F,0xA51,0xA23,0xA5C,0xAEC,
0xB87,0xC31,0xC9C,0xCC7,0xCBD,0xC4F,
0xBC9,0xB58,0xB2D,0xB5C,0xB74,0xB60,
0xB4A,0xAFD,0xA63,0x9D3,0x97C,0x977,
0x9E6,0xA95,0xB6D,0xC3A,0xCA8,0xCB0,
0xC26,0xB35,0xA64,0x9A4,0x907,0x8DE,
0x924,0x9E6,0xABC,0xB5B,0xC2B,0xCF2,
0xD3A,0xD40,0xCDD,0xBF6,0xB27,0xA62,
0x984,0x911,0x8EA,0x91A,0x9D6,0xACA,
0xBB7,0xC31,0xC69,0xCBF,0xC9C,0xBFC,
0xB6B,0xAEA,0xA80,0xA25,0x9C6,0x997,
0x9B9,0x9FF,0x9DF,0x9B3,0xA16,0xA8E,
0xB14,0xBD6,0xC90,0xD39,0xDBC,0xDC8,
0xD7F,0xD0C,0xC39,0xB5C,0xAD2,0xA93,
0xA6B,0xA29,0xA15,0x9F9,0x99A,0x934,
0x8ED,0x92F,0x9E2,0xAAC,0xB86,0xC5D,
0xD08,0xD20,0xCA4,0xC01,0xB53,0xAA4,
0xA1D,0x9E4,0x9EB,0xA06,0xA3F,0xA7C,
0xAC0,0xB20,0xB70,0xBEB,0xC57,0xC71,
0xC99,0xC91,0xC67,0xC5D,0xBF2,0xB3B,
0xA8C,0x9BF,0x8FD,0x8A3,0x8D2,0x98F,
0xAAE,0xBDD,0xCE7,0xD7B,0xD69,0xD09,
0xC5A,0xB67,0xABF,0xA6F,0xA96,0xB5E,
0xC0A,0xC4B,0xC88,0xCB0,0xC9A,0xC56,
0xBCA,0xB1F,0xABD,0xAAE,0xAA6,0xA6E,
0xA2C,0xA17,0xA03,0xA07,0xA0B,0x9FE,
0xA54,0xAE5,0xB59,0xBB0,0xBD6,0xBB8,
0xB5A,0xAEE,0xAA4,0xA34,0x9E4,0x9F9,
0xA17,0xA70,0xAF9,0xB7F,0xC05,0xC9A,
0xD17,0xD21,0xCD1,0xC2E,0xB63,0xAC2,
0xA20,0x9B1,0x98A,0x95F,0x96F,0x9BB,
0xA19,0xA65,0xA90,0xABB,0xAC4,0xAA0,
0xA8C,0xA94,0xAED,0xB76,0xBDC,0xC4C,
0xCAA,0xCBD,0xC6F,0xBD9,0xB29,0xA54,
0x9B2,0x97B,0x969,0x97D,0x9C1,0xA45,
0xAFA,0xBAA,0xC3A,0xC83,0xCC0,0xCCD,
0xC6B,0xB9D,0xA7D,0x962,0x86C,0x7F0,
0x7FA,0x86E,0x961,0xA87,0xB7E,0xC19,
0xCA0,0xD37,0xDAF,0xDFF,0xE26,0xE2B,
0xDE9,0xD3E,0xC24,0xAB1,0x94D,0x874,
0x82F,0x876,0x93F,0xA85,0xC47,0xE0A,
0xF50,0xFC8,0xF5F,0xE50,0xCB8,0xAA5,
0x8A2,0x725,0x658,0x63B,0x6AA,0x7AD,
0x8FF,0xA35,0xB20,0xBF0,0xCCD,0xD70,
0xD94,0xD41,0xCAA,0xC2E,0xB89,0xAB6,
0xA30,0x9CC,0x982,0x96E,0x9AA,0x9FF,
0xA1E,0xA24,0xA74,0xB09,0xBC1,0xC71,
0xCF7,0xD38,0xD07,0xC44,0xAEA,0x9C4,
0x95E,0x981,0xA2F,0xB60,0xC3D,0xC9B,
0xC8C,0xBF7,0xB0B,0x9CB,0x8A8,0x82E,
0x88C,0x985,0xAB6,0xBC9,0xCBB,0xDA5,
0xDEC,0xD7B,0xCC9,0xBC0,0xAA3,0x9B4,
0x913,0x8F9,0x93E,0x9AE,0xA48,0xAA5,
0xAAB,0xAB8,0xAA5,0xA8B,0xAAD,0xB01,
0xB55,0xB96,0xBB9,0xB8B,0xB3E,0xB18,
0xAC1,0xA5C,0xA30,0xA35,0xABE,0xB6D,
0xBDD,0xC20,0xC36,0xC3C,0xC22,0xB7D,
0xA9B,0x9F7,0x9AE,0x9D4,0xA40,0xAF5,
0xC14,0xD26,0xDAC,0xDE4,0xDA4,0xCC0,
0xB7A,0xA46,0x95B,0x8DF,0x906,0x9B9,
0xAD8,0xC2C,0xD27,0xDB0,0xDAB,0xCD4,
0xBC1,0xA85,0x954,0x88C,0x819,0x825,
0x885,0x90C,0x9CE,0xA51,0xA98,0xB10,
0xB46,0xB72,0xBBA,0xBFD,0xC43,0xC4A,
0xC45,0xC1B,0xBA6,0xB20,0xA78,0xA19,
0xA49,0xAD5,0xBA0,0xC6D,0xD24,0xD8C,
0xD8A,0xD48,0xCD9,0xC2F,0xB7A,0xAA7,
0x9F9,0x9BA,0x990,0x9AE,0xA0B,0xA31,
0xA71,0xAE9,0xB4D,0xBA4,0xBEB,0xC04,
0xBC2,0xB3D,0xA9F,0xA36,0xA1D,0xA28,
0xA5F,0xAA4,0xAE5,0xAF2,0xA90,0xA03,
0x98F,0x938,0x95C,0x9FD,0xADB,0xBE0,
0xCCB,0xD50,0xD7D,0xD40,0xC73,0xB64,
0xA4D,0x95A,0x8B2,0x852,0x80E,0x81C,
0x88D,0x969,0xA5D,0xB41,0xC17,0xCA1,
0xD48,0xDF4,0xE19,0xDD1,0xD43,0xC83,
0xBC6,0xAFE,0xA61,0x9EF,0x9AD,0x9FA,
0xA89,0xB28,0xBCB,0xC50,0xCC7,0xD16,
0xCE6,0xC51,0xBD4,0xB45,0xA5C,0x990,
0x8F8,0x8BC,0x928,0xA18,0xB2E,0xC02,
0xC8A,0xCA0,0xC13,0xB11,0x9DE,0x8D5,
0x85B,0x86E,0x8E5,0x9D4,0xB2C,0xC8A,
0xDD2,0xED6,0xF38,0xEF7,0xE3B,0xD19,
0xB8A,0x9C7,0x847,0x761,0x703,0x739,
0x832,0x9AB,0xB35,0xC88,0xD8B,0xE21,
0xE4A,0xE18,0xD7F,0xCBA,0xBC1,0xA8D,
0x9A0,0x8E6,0x841,0x7E8,0x7F0,0x865,
0x949,0xA3D,0xB52,0xC83,0xD4C,0xDAF,
0xD9D,0xD38,0xC82,0xB85,0xA8C,0x9B5,
0x940,0x94F,0x9B1,0xA47,0xAE7,0xB84,
0xBEC,0xBE6,0xBA2,0xB13,0xA94,0xA2E,
0x98D,0x959,0x98C,0x9A0,0x9F7,0xA92,
0xB29,0xBAA,0xC1E,0xCA7,0xCE9,0xCBA,
0xC55,0xBD5,0xB45,0xAD0,0xA7B,0xA1D,
0x9CE,0x9BB,0x9BE,0x9DE,0xA58,0xB17,
0xBC8,0xC43,0xC7E,0xC7B,0xC2B,0xBAB,
0xB34,0xAD5,0xAAD,0xABA,0xADB,0xB07,
0xB45,0xB91,0xB98,0xB69,0xB21,0xAAB,
0xA64,0xA4D,0xA6B,0xA91,0xA8B,0xAAE,
0xAF2,0xB41,0xB83,0xB8B,0xB6F,0xB60,
0xB53,0xB30,0xACC,0xA70,0xA57,0xA67,
0xAC7,0xB3C,0xBAB,0xC18,0xC44,0xC32,
0xC09,0xBB6,0xB68,0xB45,0xB6A,0xBDF,
0xC2F,0xC32,0xC10,0xB93,0xACE,0xA0F,
0x96F,0x940,0x99B,0xA2E,0xAC9,0xB6B,
0xBF6,0xC29,0xBBB,0xB08,0xA77,0xA09,
0x9BA,0x9BA,0xA25,0xAC1,0xB48,0xBA9,
0xC2C,0xC92,0xC6B,0xC10,0xB86,0xAAF,
0xA00,0x96A,0x91C,0x95C,0x9BB,0xA3D,
0xAF2,0xBA6,0xC44,0xC53,0xC16,0xBFD,
0xBA6,0xB3A,0xAD5,0xA82,0xA5F,0xA3B,
0xA18,0x9F9,0xA10,0xA42,0xA15,0x9D6,
0x9FB,0xA4F,0xABD,0xB74,0xC1D,0xCCB,
0xD7C,0xDA4,0xD74,0xD11,0xC61,0xBAA,
0xB1C,0xAB4,0xA67,0xA0F,0x9AE,0x94B,
0x8C7,0x85F,0x870,0x8FA,0x9CD,0xABE,
0xBAA,0xCA0,0xD72,0xDB5,0xD64,0xCBE,
0xBE9,0xB11,0xA50,0x9AE,0x954,0x967,
0x9A5,0x9F5,0xA89,0xB1E,0xBA5,0xC44,
0xC92,0xCB9,0xCDD,0xCA7,0xC58,0xC1A,
0xB98,0xADF,0xA30,0x98E,0x925,0x902,
0x928,0x9BE,0xA91,0xB54,0xC17,0xC79,
0xC77,0xC89,0xC4E,0xBE3,0xB9E,0xB61,
0xB80,0xBF8,0xC21,0xC2F,0xC5F,0xC5F,
0xC46,0xC13,0xB98,0xB0A,0xAC1,0xAB4,
0xAAA,0xA65,0x9F7,0x9AB,0x985,0x989,
0x9A8,0x9E8,0xA87,0xB42,0xBC4,0xBFB,
0xBEC,0xBA7,0xB37,0xACA,0xA53,0x9D0,
0x99B,0x9C5,0xA36,0xAE8,0xB9D,0xC46,
0xCDE,0xD41,0xD3C,0xCD0,0xC2E,0xB62,
0xAC8,0xA5E,0x9D9,0x9A2,0x99A,0x994,
0x9D4,0xA16,0xA5F,0xA92,0xA96,0xAB1,
0xA9B,0xA64,0xA62,0xA71,0xACC,0xB67,
0xBE4,0xC60,0xCAC,0xCD4,0xCCF,0xC60,
0xBCE,0xB26,0xA77,0x9E9,0x991,0x978,
0x97D,0x9C6,0xA76,0xB41,0xBE9,0xC64,
0xCB5,0xCCA,0xC75,0xB90,0xA6D,0x94B,
0x865,0x7F7,0x7E5,0x86F,0x98C,0xAA4,
0xB75,0xC06,0xCB2,0xD6C,0xDF8,0xE67,
0xEA1,0xE8A,0xE18,0xD4A,0xC1A,0xA90,
0x922,0x84E,0x816,0x880,0x96C,0xAD1,
0xC9C,0xE3A,0xF3F,0xF83,0xF00,0xDF0,
0xC5E,0xA61,0x887,0x715,0x620,0x5E6,
0x674,0x787,0x8FF,0xA6C,0xB84,0xC8C,
0xD4A,0xD8A,0xD92,0xD55,0xCDA,0xC45,
0xB63,0xA83,0xA04,0x9A4,0x949,0x94D,
0x9BD,0xA29,0xA4C,0xA60,0xAC1,0xB3D,
0xBB9,0xC4C,0xCAA,0xCCD,0xCA4,0xBC7,
0xA9E,0x9E0,0x9A7,0x9E7,0xAA0,0xBA3,
0xC66,0xC94,0xC61,0xBC8,0xAB0,0x972,
0x896,0x857,0x8B7,0x9AC,0xAD1,0xBDE,
0xCEF,0xDCB,0xDEB,0xD55,0xC7B,0xB6E,
0xA38,0x953,0x8F4,0x91E,0x99C,0xA36,
0xAC4,0xADB,0xAA4,0xA71,0xA15,0x9C4,
0x9D2,0xA44,0xAF1,0xB99,0xC21,0xC5C,
0xC57,0xC33,0xB9F,0xAEA,0xA63,0xA2D,
0xA91,0xB13,0xB52,0xB87,0xBAE,0xBC7,
0xBA3,0xAF5,0xA4A,0x9F4,0x9FA,0xA54,
0xAC1,0xB7A,0xCB0,0xDA7,0xE01,0xE12,
0xD8A,0xC6D,0xB1E,0x9AA,0x87D,0x813,
0x86C,0x973,0xAF2,0xC8D,0xDCE,0xE66,
0xE31,0xD38,0xBE0,0xA6F,0x94A,0x88B,
0x82F,0x845,0x87F,0x8F5,0x998,0x9F2,
0xA44,0xA97,0xAD2,0xB3F,0xBC1,0xC4A,
0xCD2,0xD1F,0xD2D,0xCCB,0xC17,0xB3A,
0xA42,0x9C6,0x9DF,0xA69,0xB50,0xC42,
0xD2B,0xDAA,0xD8C,0xD47,0xCC8,0xC0E,
0xB61,0xAC8,0xA73,0xA50,0xA31,0xA46,
0xA65,0xA64,0xA7F,0xAA7,0xAD0,0xB29,
0xB93,0xBC4,0xBBD,0xB6C,0xAEA,0xA9B,
0xA84,0xA6E,0xA7C,0xAAF,0xAD1,0xABC,
0xA3F,0x9D0,0x99A,0x96B,0x9B8,0xA72,
0xB3E,0xC37,0xCC1,0xCA5,0xC92,0xC3E,
0xB7F,0xAD0,0xA41,0x9A6,0x930,0x8F9,
0x8D0,0x8BA,0x8F2,0x964,0xA0B,0xABC,
0xB5C,0xC26,0xCE8,0xD91,0xDEC,0xDCE,
0xD94,0xD12,0xC33,0xB66,0xA9A,0x9D1,
0x962,0x992,0xA30,0xADB,0xB9D,0xC48,
0xCF3,0xD64,0xD53,0xCF3,0xC65,0xBA1,
0xA9E,0x997,0x8CD,0x886,0x8E0,0x9AB,
0xAC4,0xBE0,0xCA4,0xCE8,0xC81,0xBAF,
0xA9D,0x948,0x873,0x862,0x8CF,0x9B7,
0xAFD,0xC4D,0xD92,0xEAA,0xF07,0xECE,
0xE26,0xCEF,0xB59,0x9B1,0x84F,0x767,
0x717,0x75A,0x850,0x9C3,0xB37,0xC81,
0xD7C,0xDF4,0xE06,0xDDA,0xD6A,0xCBB,
0xBBD,0xA9A,0x99C,0x8AB,0x7DB,0x765,
0x73A,0x7C0,0x8E1,0xA06,0xB55,0xCBA,
0xDC3,0xE50,0xE34,0xD87,0xC98,0xB6E,
0xA23,0x925,0x8B7,0x8D0,0x94D,0x9ED,
0xAC9,0xBA2,0xBF0,0xBFC,0xBD1,0xB57,
0xADF,0xA61,0x9D0,0x989,0x979,0x95E,
0x99D,0xA22,0xA9B,0xB26,0xBBF,0xC3E,
0xC92,0xC89,0xC4C,0xBF9,0xB5F,0xADB,
0xA68,0x9E0,0x97A,0x964,0x97B,0x9CE,
0xA92,0xB7A,0xC59,0xD05,0xD32,0xCE4,
0xC49,0xB7E,0xAB8,0xA13,0x9AE,0x9A6,
0x9E8,0xA65,0xB18,0xBB0,0xBF4,0xC05,
0xBC2,0xB4D,0xACF,0xA2E,0x9E2,0x9E8,
0xA07,0xA55,0xAC9,0xB61,0xBCB,0xBCB,
0xBA5,0xB8A,0xB74,0xB40,0xAEF,0xAB8,
0xAA3,0xAA0,0xAD7,0xB50,0xBAD,0xBE3,
0xC13,0xC35,0xC15,0xBB8,0xB75,0xB57,
0xB6E,0xBB2,0xBCE,0xBCD,0xBB6,0xB54,
0xAB8,0xA11,0x974,0x945,0x9BB,0xA61,
0xB0E,0xBAA,0xC26,0xC76,0xC03,0xB3C,
0xAB9,0xA39,0x9D8,0x9A3,0x9C9,0xA6A,
0xB01,0xB86,0xC61,0xD0A,0xD28,0xD27,
0xCAE,0xBA4,0xAA2,0x9A9,0x8E0,0x8B3,
0x8CD,0x94C,0xA34,0xB1A,0xBD7,0xC14,
0xC30,0xC5C,0xC22,0xBA7,0xB53,0xB02,
0xAB9,0xA8D,0xA6A,0xA4D,0xA64,0xA87,
0xA46,0xA03,0xA08,0xA28,0xAA3,0xB71,
0xC37,0xCF0,0xD96,0xDDA,0xDC5,0xD63,
0xC99,0xBCA,0xB36,0xABF,0xA3F,0x9B3,
0x953,0x90D,0x89C,0x85B,0x8A9,0x96F,
0xA6F,0xB66,0xC55,0xD33,0xDA4,0xD7F,
0xCE8,0xC0E,0xB3C,0xAAD,0xA5B,0xA32,
0xA16,0xA1C,0xA55,0xA81,0xAC7,0xB32,
0xB82,0xBEF,0xC42,0xC52,0xC6F,0xC62,
0xC3B,0xC18,0xB9D,0xB17,0xA87,0x9BA,
0x91C,0x8E3,0x910,0x9A1,0xA8D,0xBA6,
0xC96,0xCF2,0xCC7,0xC89,0xBFE,0xB4D,
0xAD8,0xAB9,0xB35,0xBDA,0xC24,0xC60,
0xCAA,0xCC3,0xCB1,0xC5E,0xBC4,0xB18,
0xAAE,0xA8E,0xA71,0xA1D,0x9AF,0x94F,
0x923,0x948,0x975,0x9E8,0xAA5,0xB63,
0xC0E,0xC5F,0xC42,0xBD1,0xB4A,0xABF,
0xA10,0x964,0x925,0x971,0xA01,0xAA7,
0xB83,0xC55,0xCEF,0xD77,0xD9E,0xD56,
0xCA2,0xB74,0xA73,0x9BF,0x91F,0x8EA,
0x903,0x948,0x9BB,0xA29,0xA96,0xAE4,
0xAFD,0xAFA,0xABC,0xA4E,0xA0A,0xA23,
0xAA1,0xB5A,0xC05,0xC99,0xD0C,0xD35,
0xD03,0xC5D,0xB5A,0xA7C,0x9CA,0x95D,
0x94B,0x973,0x9DE,0xA76,0xB21,0xBB7,
0xC1E,0xC56,0xC9A,0xCAE,0xC56,0xB8B,
0xA4C,0x913,0x841,0x7E4,0x7F6,0x88C,
0x994,0xAC2,0xBB4,0xC61,0xD15,0xDB6,
0xE19,0xE5E,0xE5F,0xE00,0xD65,0xC77,
0xB4A,0xA04,0x8E5,0x85C,0x85A,0x8DC,
0x9E3,0xB4C,0xCF2,0xE75,0xF4F,0xF6A,
0xEE6,0xDC8,0xC21,0xA1C,0x85A,0x70F,
0x63F,0x635,0x6D3,0x7D5,0x914,0xA39,
0xB3B,0xC3F,0xD03,0xD79,0xDA9,0xD7C,
0xD1C,0xC7D,0xB78,0xA6E,0x9B2,0x93E,
0x8DC,0x8D6,0x97C,0xA23,0xA5C,0xA83,
0xACD,0xB2F,0xBA0,0xC18,0xC66,0xC74,
0xC4C,0xBA4,0xAB1,0xA27,0xA0B,0xA47,
0xB10,0xC10,0xCA5,0xC94,0xC1A,0xB5B,
0xA53,0x932,0x85F,0x836,0x8CD,0xA10,
0xB77,0xC9B,0xD97,0xE43,0xE13,0xD36,
0xC29,0xADF,0x9AD,0x8EA,0x8B2,0x930,
0x9E0,0xA74,0xAED,0xADC,0xA6C,0xA11,
0x9D0,0x9D9,0xA3B,0xAF1,0xBA9,0xC17,
0xC48,0xC1A,0xBD9,0xB8A,0xAE3,0xA4F,
0x9FF,0x9F9,0xA7E,0xB1A,0xB8B,0xC06,
0xC41,0xC4F,0xC1D,0xB4A,0xA5C,0x9D4,
0x9BD,0x9FA,0xA62,0xB3E,0xC7A,0xD60,
0xDCA,0xDED,0xD93,0xC8F,0xB52,0xA16,
0x90D,0x892,0x8C2,0x98F,0xADA,0xC47,
0xD66,0xE0A,0xDEA,0xD10,0xBE2,0xAA1,
0x992,0x8BF,0x834,0x835,0x888,0x909,
0x9BD,0xA40,0xAA1,0xB08,0xB51,0xB84,
0xBBF,0xC10,0xC48,0xC60,0xC50,0xBE0,
0xB4C,0xABA,0xA36,0xA17,0xA69,0xAFD,
0xBBE,0xC91,0xD57,0xDA6,0xD6B,0xD04,
0xC77,0xBD3,0xB14,0xA6D,0xA3C,0xA27,
0xA12,0xA3A,0xA64,0xA7A,0xA98,0xAAF,
0xADB,0xB21,0xB5A,0xB69,0xB43,0xB12,
0xAD6,0xAAE,0xACA,0xB1F,0xB73,0xB6B,
0xB41,0xAF5,0xA22,0x943,0x8BE,0x88F,
0x904,0x9E3,0xAE5,0xBFB,0xCC0,0xD19,
0xD26,0xCC4,0xC12,0xB49,0xA73,0x9BC,
0x91A,0x8A0,0x866,0x878,0x8E8,0x996,
0xA57,0xB1A,0xBDF,0xC78,0xCF0,0xD6A,
0xD9A,0xD6F,0xD16,0xC83,0xBD7,0xB3E,
0xABA,0xA3B,0x9F1,0xA39,0xAD8,0xB4F,
0xBB5,0xC1D,0xC74,0xC9E,0xC7B,0xC3E,
0xBF2,0xB79,0xAD7,0xA1A,0x968,0x91D,
0x959,0xA02,0xAFE,0xBE5,0xC6F,0xC9A,
0xC1F,0xB11,0x9E6,0x8E4,0x872,0x8A2,
0x939,0xA35,0xB73,0xCA6,0xDBF,0xEAD,
0xF0C,0xEBE,0xDEF,0xCBD,0xB32,0x998,
0x83B,0x767,0x74A,0x7B4,0x8A8,0xA09,
0xB71,0xCC4,0xDCD,0xE36,0xE16,0xDAC,
0xD17,0xC46,0xB39,0xA3E,0x977,0x8D4,
0x85D,0x831,0x839,0x898,0x968,0xA59,
0xB6C,0xC96,0xD80,0xDEC,0xDDF,0xD53,
0xC48,0xB16,0xA01,0x93F,0x909,0x952,
0x9FC,0xAC4,0xB7E,0xC31,0xC6A,0xC11,
0xB7C,0xAAD,0xA03,0x99E,0x92E,0x927,
0x962,0x9A0,0xA30,0xAC2,0xB39,0xBA4,
0xC0A,0xC76,0xCA4,0xC7F,0xC2D,0xBBB,
0xB53,0xAFB,0xA8A,0xA06,0x9C1,0x9AF,
0x99F,0x9C9,0xA42,0xAF8,0xBCB,0xC6B,
0xCCE,0xCF6,0xCC6,0xC6B,0xBBE,0xAF0,
0xA7C,0xA48,0xA4B,0xA70,0xABA,0xB31,
0xB81,0xB8F,0xB6B,0xB07,0xAA3,0xA5B,
0xA38,0xA40,0xA59,0xA9C,0xB00,0xB6A,
0xBC4,0xBDB,0xBD5,0xBBE,0xB80,0xB17,
0xA8E,0xA37,0xA18,0xA28,0xAA5,0xB57,
0xBFA,0xC83,0xCC6,0xCD9,0xCAB,0xC1D,
0xBA5,0xB44,0xB19,0xB42,0xB4C,0xB3F,
0xB22,0xAC0,0xA4B,0x9C2,0x953,0x963,
0x9CC,0xA61,0xB1D,0xBEB,0xC98,0xCC9,
0xC55,0xBA1,0xAE4,0xA27,0x978,0x925,
0x96E,0xA0E,0xAAD,0xB51,0xC4D,0xD2A,
0xD5D,0xD36,0xCB3,0xBAD,0xAA6,0x9AA,
0x8D1,0x892,0x8BA,0x905,0x9BE,0xACB,
0xBC2,0xC47,0xC71,0xC99,0xC5E,0xBCB,
0xB54,0xAD3,0xA5F,0xA17,0x9E6,0x9E2,
0xA21,0xA59,0xA40,0xA3F,0xA8E,0xACE,
0xB28,0xBC5,0xC6E,0xD05,0xD4A,0xD2C,
0xCD6,0xC54,0xBB7,0xB30,0xAFD,0xAE4,
0xAA6,0xA6C,0xA25,0x9B2,0x916,0x88E,
0x885,0x8FC,0x9C4,0xAC7,0xBC0,0xC97,
0xD2A,0xD38,0xCE0,0xC5A,0xBB3,0xAFA,
0xA69,0xA23,0xA00,0xA01,0xA23,0xA46,
0xAB0,0xB1F,0xB83,0xC25,0xC8B,0xCA3,
0xCAC,0xC7F,0xC50,0xC15,0xB6F,0xAA2,
0x9E9,0x936,0x89D,0x877,0x8D0,0x99B,
0xAB9,0xBB6,0xC80,0xCE4,0xCAD,0xC6C,
0xC05,0xB7A,0xB38,0xB1E,0xB77,0xC15,
0xC56,0xC65,0xC8E,0xC93,0xC78,0xC31,
0xB9C,0xAE8,0xA90,0xAA3,0xA9E,0xA58,
0xA01,0x9B0,0x989,0x995,0x9BB,0xA1C,
0xAB6,0xB4D,0xBB7,0xBD7,0xBB3,0xB6F,
0xAEF,0xA73,0xA11,0x99E,0x97F,0x9C8,
0xA64,0xB3D,0xC19,0xCE3,0xD87,0xDCC,
0xDAC,0xD13,0xC00,0xACE,0x9F5,0x968,
0x90D,0x91A,0x962,0x99D,0x9DF,0xA23,
0xA80,0xAC7,0xAD9,0xAF7,0xACC,0xA86,
0xA58,0xA5D,0xAE2,0xB8A,0xC17,0xC91,
0xCD4,0xCDC,0xC87,0xBDE,0xB19,0xA57,
0x9DB,0x9B2,0x9AC,0x9CC,0xA13,0xA76,
0xB20,0xBB9,0xC01,0xC29,0xC3C,0xC37,
0xBEB,0xB16,0x9EC,0x8DD,0x83E,0x818,
0x84B,0x90A,0xA1E,0xB2F,0xC0E,0xC8F,
0xD09,0xD5D,0xD7E,0xDBF,0xDCC,0xD8A,
0xD24,0xC8A,0xBB5,0xA7E,0x95B,0x8B9,
0x882,0x8BC,0x982,0xABC,0xC60,0xE10,
0xF33,0xFA0,0xF56,0xE46,0xC79,0xA50,
0x854,0x6E3,0x5FA,0x5CB,0x678,0x7AC,
0x91D,0xA65,0xB7F,0xC9D,0xD53,0xDA1,
0xDA1,0xD4A,0xCD0,0xC1F,0xB42,0xA63,
0x9DD,0x9B0,0x96D,0x979,0xA14,0xA5F,
0xA52,0xA53,0xA84,0xAF9,0xB80,0xC17,
0xC86,0xCBF,0xCC9,0xC07,0xAC2,0x9FC,
0x9BC,0x9D6,0xA76,0xB71,0xC17,0xC4A,
0xC08,0xB51,0xA5F,0x956,0x8AF,0x89C,
0x931,0xA61,0xB82,0xC5C,0xD2C,0xD9E,
0xD66,0xC9C,0xBAB,0xA9F,0x99F,0x908,
0x8EB,0x947,0x9DC,0xA77,0xB0C,0xB21,
0xAF0,0xAC9,0xA76,0xA52,0xA6E,0xADF,
0xB74,0xBDA,0xC18,0xBE8,0xB97,0xB63,
0xAE0,0xA60,0xA06,0x9EE,0xA6F,0xAFE,
0xB68,0xBD4,0xC02,0xC1F,0xC08,0xB71,
0xAC7,0xA3A,0xA00,0xA23,0xA81,0xB4C,
0xC55,0xD27,0xD92,0xDC3,0xD8A,0xC99,
0xB46,0x9F7,0x8F6,0x8A6,0x8EE,0x9AD,
0xAFA,0xC57,0xD72,0xE18,0xDDA,0xCF5,
0xBB5,0xA64,0x975,0x8BE,0x84A,0x85D,
0x8A4,0x918,0x9C5,0xA4C,0xAB8,0xB17,
0xB5E,0xB97,0xBD6,0xC38,0xC6D,0xC70,
0xC5E,0xC23,0xBD7,0xB3A,0xA7B,0xA32,
0xA54,0xAD4,0xB80,0xC3C,0xD07,0xD7E,
0xD7E,0xD44,0xCD9,0xC3E,0xB8E,0xAEF,
0xA8F,0xA48,0xA14,0xA16,0xA22,0xA2F,
0xA66,0xAA5,0xAEB,0xB42,0xBA4,0xBF7,
0xBE1,0xB81,0xB0E,0xAA6,0xA89,0xA83,
0xA8A,0xAAD,0xAAD,0xA8F,0xA1A,0x98C,
0x939,0x8F8,0x945,0xA1C,0xB08,0xC19,
0xCFB,0xD71,0xD8A,0xCFD,0xC09,0xB10,
0xA14,0x91F,0x86A,0x83E,0x890,0x8FF,
0x998,0xA4C,0xAEA,0xB61,0xBC5,0xC37,
0xCCC,0xD4E,0xD5C,0xD42,0xD1C,0xCBC,
0xC37,0xBA1,0xB1A,0xAA6,0xA50,0xA61,
0xAA7,0xB01,0xB76,0xBB1,0xBD4,0xBF6,
0xBD5,0xB9E,0xB7C,0xB41,0xABA,0xA09,
0x9A2,0x990,0x9EF,0xA94,0xB40,0xBED,
0xC52,0xC3C,0xBA3,0xAC2,0x9C9,0x8E2,
0x873,0x89C,0x93A,0xA46,0xB8D,0xCD7,
0xDF2,0xEBB,0xEF1,0xE9E,0xDCC,0xC6C,
0xACD,0x95D,0x82E,0x77C,0x77E,0x80A,
0x925,0xA7C,0xBBA,0xCC9,0xD74,0xDAA,
0xD95,0xD45,0xCEF,0xC65,0xB71,0xA8A,
0x9D2,0x927,0x8A3,0x829,0x80F,0x8B6,
0x99C,0xA6F,0xB67,0xC76,0xD3E,0xDA8,
0xD9E,0xD22,0xC50,0xB42,0xA38,0x96E,
0x90A,0x928,0x9AB,0xA4C,0xAFF,0xB98,
0xBB5,0xB9C,0xB52,0xAAD,0xA3C,0xA03,
0x9BD,0x9BD,0x9E8,0xA09,0xA78,0xAFD,
0xB49,0xBA0,0xBFD,0xC44,0xC65,0xC3B,
0xBF6,0xBAF,0xB4C,0xAFE,0xAB4,0xA46,
0x9E8,0x9AA,0x98D,0x9BF,0xA4B,0xB1F,
0xBFE,0xCA8,0xCEF,0xCD4,0xC6C,0xBDD,
0xB4A,0xAC9,0xA62,0xA54,0xA89,0xAB5,
0xB04,0xB5E,0xB84,0xB6C,0xB20,0xAC0,
0xA61,0xA2F,0xA2F,0xA27,0xA49,0xAAE,
0xB20,0xB84,0xBB1,0xB7F,0xB35,0xB23,
0xB12,0xAC7,0xA73,0xA5E,0xA5F,0xA6A,
0xADD,0xB79,0xBDC,0xC2D,0xC66,0xC7B,
0xC68,0xC12,0xBC4,0xB95,0xB7E,0xBA0,
0xBC5,0xBA9,0xB6E,0xAEB,0xA41,0x9B5,
0x93E,0x94B,0x9EB,0xAAA,0xB8B,0xC45,
0xCB1,0xCFD,0xC96,0xB91,0xAB6,0xA15,
0x997,0x962,0x97D,0x9E4,0xA4B,0xAD4,
0xBC9,0xC94,0xD07,0xD41,0xCE0,0xC0B,
0xB3A,0xA51,0x981,0x920,0x8F5,0x900,
0x986,0xA47,0xAEF,0xB46,0xB7F,0xBE7,
0xBFF,0xBCA,0xB86,0xB20,0xAD9,0xAAA,
0xA74,0xA68,0xA9D,0xAB4,0xA6F,0xA2C,
0xA14,0xA0A,0xA46,0xADC,0xBB7,0xC8B,
0xD22,0xD68,0xD4E,0xCE1,0xC0C,0xB40,
0xAEC,0xABE,0xA86,0xA5D,0xA2E,0x9D5,
0x937,0x8AD,0x895,0x8F1,0x9B3,0xAAA,
0xBB0,0xCB4,0xD5E,0xD7C,0xD1F,0xC7B,
0xBC0,0xB07,0xA9D,0xA5A,0xA1F,0xA1C,
0xA2D,0xA4E,0xA96,0xAE8,0xB42,0xBAA,
0xBF8,0xC21,0xC39,0xC26,0xBFA,0xBE2,
0xB70,0xAD4,0xA51,0x980,0x8D0,0x8A6,
0x8E6,0x98F,0xA5B,0xB26,0xC04,0xC89,
0xCA2,0xC9A,0xC4D,0xBD7,0xB94,0xB6F,
0xB97,0xBFC,0xC17,0xC33,0xC65,0xC53,
0xC22,0xBE9,0xB7D,0xAF9,0xABB,0xAE7,
0xB09,0xAD7,0xA8A,0xA40,0xA03,0x9D3,
0x9A0,0x999,0x9F0,0xA8C,0xB3E,0xBC1,
0xBF6,0xBF1,0xBBC,0xB5A,0xACB,0xA2C,
0x9C2,0x9BC,0x9ED,0xA65,0xB10,0xBBB,
0xC80,0xD05,0xD08,0xCBE,0xC17,0xB50,
0xAC3,0xA41,0x9D4,0x9B3,0x9B3,0x9B8,
0x9DC,0xA05,0xA3C,0xA5B,0xA63,0xA92,
0xA9C,0xA7D,0xA7C,0xAA5,0xB2D,0xBCA,
0xC2A,0xC7E,0xCB5,0xCBF,0xC88,0xBFD,
0xB5C,0xABE,0xA3D,0x9FE,0x9D5,0x9C6,
0x9FA,0xA62,0xB01,0xBB4,0xC46,0xC9B,
0xCA4,0xC75,0xBED,0xAF4,0x9BC,0x888,
0x7D9,0x7CE,0x827,0x916,0xA61,0xB97,
0xC67,0xCCB,0xD30,0xD82,0xD86,0xD85,
0xD7A,0xD4D,0xD01,0xC62,0xB92,0xA9B,
0x993,0x8EF,0x8C2,0x8FF,0x9B8,0xAD8,
0xC6B,0xDF8,0xEFC,0xF54,0xEFA,0xE13,
0xC84,0xA8B,0x8B1,0x72B,0x646,0x62D,
0x6B7,0x7C5,0x90E,0xA5B,0xB91,0xC91,
0xD3F,0xDA3,0xDAA,0xD33,0xC90,0xC05,
0xB49,0xA66,0x9F0,0x9CE,0x9A6,0x9B6,
0xA0A,0xA3E,0xA3B,0xA42,0xA8E,0xAF9,
0xB74,0xC1F,0xC9E,0xCBE,0xC97,0xBE5,
0xADA,0xA22,0x9C8,0x9DA,0xA7E,0xB40,
0xBB9,0xBE3,0xBC1,0xB3C,0xA52,0x94E,
0x899,0x874,0x900,0xA1A,0xB44,0xC39,
0xD3A,0xDF9,0xDE0,0xD3B,0xC54,0xB2A,
0xA03,0x937,0x8F5,0x937,0x9A9,0xA41,
0xAD0,0xAE1,0xAAF,0xA77,0xA2E,0xA0A,
0xA42,0xADE,0xBA0,0xC3D,0xC96,0xC90,
0xC52,0xBEB,0xB42,0xA95,0xA23,0xA01,
0xA4C,0xAD7,0xB44,0xB97,0xBCF,0xBF7,
0xBF5,0xB7B,0xAE0,0xA7D,0xA3C,0xA45,
0xA92,0xB44,0xC6B,0xD4D,0xDCC,0xDF6,
0xD7C,0xC62,0xAF7,0x99A,0x89F,0x830,
0x877,0x989,0xB24,0xC97,0xD8E,0xE22,
0xDEF,0xD01,0xBC1,0xA63,0x93E,0x84D,
0x7A5,0x7B9,0x840,0x8FE,0x9EB,0xAC2,
0xB86,0xBFD,0xC16,0xBF9,0xBD9,0xBE0,
0xBE6,0xBE0,0xBD2,0xBB9,0xB99,0xB28,
0xA94,0xA6C,0xAAC,0xB3F,0xBFB,0xCB3,
0xD5E,0xDA3,0xD6E,0xD17,0xC89,0xBC7,
0xB0E,0xA5E,0xA20,0xA37,0xA3C,0xA56,
0xA6E,0xA76,0xA95,0xAAC,0xAC0,0xB09,
0xB68,0xB9B,0xB95,0xB52,0xB0B,0xAFF,
0xB00,0xB1A,0xB58,0xB76,0xB74,0xB1A,
0xA5B,0x9BF,0x943,0x8E0,0x906,0x9B3,
0xA9B,0xB97,0xC72,0xCF3,0xD2A,0xD15,
0xC96,0xBEB,0xB25,0xA30,0x95E,0x8C0,
0x86E,0x86A,0x8B2,0x953,0xA15,0xAD2,
0xB95,0xC4C,0xD13,0xDB8,0xDE0,0xDD5,
0xD7E,0xCF0,0xC3E,0xB74,0xAF1,0xA6F,
0xA17,0xA3B,0xA8B,0xAE7,0xB43,0xB6C,
0xB92,0xBC9,0xBAD,0xB8F,0xB99,0xB45,
0xAD6,0xA4E,0x9B5,0x989,0x9BC,0xA4E,
0xB22,0xBD9,0xC55,0xC5A,0xBCC,0xAE3,
0x9BB,0x8BD,0x857,0x883,0x933,0xA5E,
0xBC3,0xD15,0xE20,0xEDC,0xF06,0xE90,
0xDB0,0xC5F,0xAE1,0x988,0x857,0x7B6,
0x7C9,0x845,0x935,0xA67,0xB8C,0xC8B,
0xD10,0xD2D,0xD24,0xCF9,0xCD2,0xC60,
0xB89,0xAB7,0x9F4,0x928,0x865,0x7DB,
0x7C1,0x83D,0x90D,0x9F4,0xB2A,0xC87,
0xD7F,0xDEF,0xDE4,0xD60,0xC74,0xB3A,
0xA10,0x937,0x8DD,0x91A,0x98E,0xA1F,
0xAE0,0xB95,0xBD1,0xBB7,0xB63,0xADA,
0xA76,0xA12,0x9AA,0x9C0,0x9F3,0xA06,
0xA66,0xACD,0xB10,0xB5E,0xBC0,0xC0C,
0xC0B,0xBE6,0xBB8,0xB79,0xB53,0xB32,
0xAF9,0xAA0,0xA48,0x9F0,0x983,0x96A,
0x9CF,0xA8B,0xB7A,0xC4B,0xCD1,0xD02,
0xCCC,0xC62,0xBB4,0xAEF,0xA4F,0x9E3,
0x9D4,0xA06,0xA65,0xAE5,0xB1D,0xB3F,
0xB4F,0xB02,0xAAD,0xA54,0xA20,0xA18,
0xA01,0xA1D,0xA7E,0xACE,0xB13,0xB23,
0xB13,0xB2A,0xB3A,0xB2F,0xB17,0xAE5,
0xA9F,0xA79,0xABB,0xB37,0xB94,0xBEF,
0xC56,0xC92,0xC79,0xC33,0xBE7,0xBB0,
0xBBD,0xBEF,0xBDE,0xBB6,0xB83,0xAFE,
0xA4F,0x9AF,0x951,0x966,0x9DE,0xA90,
0xB5E,0xC20,0xCB3,0xCCF,0xC42,0xB5F,
0xA95,0x9DE,0x93F,0x8F8,0x94D,0xA25,
0xB01,0xBEB,0xD11,0xDDC,0xDFF,0xDCB,
0xD03,0xBB1,0xA6F,0x948,0x871,0x83F,
0x85C,0x8D6,0x9E6,0xB20,0xC12,0xC99,
0xCC6,0xCD1,0xC7D,0xBDE,0xB30,0xA7F,
0xA00,0x9B3,0x985,0x998,0x9F7,0xA41,
0xA2A,0xA1C,0xA6D,0xAE7,0xB90,0xC59,
0xD12,0xDB7,0xDF1,0xD9D,0xD08,0xC3D,
0xB56,0xAA4,0xA6D,0xA7E,0xA91,0xAAD,
0xAA1,0xA43,0x9B1,0x928,0x908,0x965,
0x9F9,0xAB6,0xB9E,0xC84,0xCFD,0xCDF,
0xC6D,0xBDB,0xB4B,0xAE3,0xAA0,0xAA7,
0xAAA,0xA8E,0xA97,0xAA7,0xAC6,0xB00,
0xB54,0xBD9,0xC47,0xC78,0xCA0,0xC74,
0xC3C,0xC0F,0xB7A,0xABD,0xA09,0x94E,
0x8C3,0x892,0x8E2,0x9B3,0xAAA,0xBAA,
0xC97,0xCFD,0xCEC,0xCBC,0xC36,0xB77,
0xAF7,0xADE,0xB39,0xBD4,0xC38,0xC86,
0xCD5,0xCFA,0xCE3,0xC78,0xBD8,0xB21,
0xA97,0xA70,0xA3E,0x9EC,0x9A9,0x97B,
0x981,0x9B9,0x9E6,0xA1A,0xABC,0xB6E,
0xBF3,0xC38,0xC0A,0xB94,0xAED,0xA54,
0x9D1,0x969,0x95D,0x991,0xA18,0xADA,
0xBA8,0xC64,0xCE4,0xD50,0xD52,0xCD6,
0xC3F,0xB60,0xA92,0xA13,0x99C,0x981,
0x99A,0x9A7,0x9D8,0xA11,0xA47,0xA53,
0xA4D,0xA63,0xA5B,0xA64,0xA8A,0xAC6,
0xB79,0xC1F,0xC63,0xCAB,0xCD9,0xCAF,
0xC2D,0xB79,0xADF,0xA54,0x9D5,0x9A6,
0x9B8,0x9DB,0xA05,0xA51,0xAEB,0xBA0,
0xC2B,0xC94,0xCC4,0xCBD,0xC3F,0xB27,
0x9D7,0x89F,0x7D2,0x770,0x7A5,0x8A2,
0x9DC,0xB08,0xC04,0xCAF,0xD5F,0xDCA,
0xDE1,0xDF3,0xDB8,0xD4F,0xCBF,0xBF7,
0xB0F,0x9E9,0x8FC,0x88C,0x895,0x917,
0xA07,0xB54,0xCF1,0xE61,0xF28,0xF56,
0xED5,0xDA3,0xBF8,0x9F7,0x818,0x6F1,
0x65B,0x660,0x721,0x83F,0x97D,0xAA2,
0xBA8,0xC9D,0xD50,0xDB0,0xDAD,0xD4A,
0xCCD,0xC25,0xB2D,0xA52,0x9E7,0x998,
0x969,0x999,0xA0C,0xA68,0xA67,0xA61,
0xAAB,0xB20,0xBA9,0xC4A,0xCB9,0xCDF,
0xC9F,0xBC9,0xABC,0xA08,0x9D0,0xA0B,
0xAC0,0xBA5,0xC1C,0xC03,0xB82,0xAC4,
0x9E3,0x916,0x8AD,0x8A4,0x96C,0xACC,
0xBF0,0xCC7,0xD7E,0xDE4,0xD98,0xCB9,
0xBA5,0xA80,0x9A1,0x909,0x8F8,0x98A,
0xA2E,0xAE8,0xB82,0xB75,0xB06,0xAA6,
0xA65,0xA44,0xA5F,0xAE1,0xB89,0xC18,
0xC5B,0xC11,0xB9B,0xB36,0xA8F,0x9F0,
0x9A4,0x9AF,0xA4E,0xB22,0xBC2,0xC2D,
0xC66,0xC7C,0xC52,0xBA5,0xAC4,0xA17,
0x9D4,0xA00,0xA67,0xB2D,0xC5B,0xD36,
0xD9C,0xDE4,0xD7A,0xC6A,0xB15,0x9B8,
0x8D3,0x87F,0x8C8,0x9B7,0xB27,0xC8D,
0xD80,0xDF0,0xDA0,0xC92,0xB6A,0xA53,
0x96C,0x8E3,0x88E,0x899,0x8DF,0x96B,
0xA1B,0xA72,0xACB,0xB35,0xB6A,0xB9F,
0xBDC,0xC17,0xC5D,0xC72,0xC41,0xBE1,
0xB6D,0xAAA,0x9E0,0x9B5,0xA12,0xABD,
0xBAE,0xC8E,0xD4D,0xDBB,0xD87,0xCEF,
0xC42,0xB93,0xAD1,0xA23,0x9DB,0x9DD,
0x9F1,0xA39,0xA85,0xABE,0xB17,0xB43,
0xB36,0xB59,0xB83,0xB7B,0xB4A,0xADA,
0xA4F,0xA18,0xA3A,0xA92,0xAFF,0xB3A,
0xB43,0xB15,0xA68,0x995,0x90F,0x8BF,
0x8FF,0x9CD,0xACA,0xBE1,0xCB2,0xD20,
0xD41,0xD01,0xC6F,0xBA2,0xABB,0x9E2,
0x93E,0x8B1,0x843,0x83B,0x88D,0x94D,
0xA2A,0xAF7,0xBD4,0xCA9,0xD69,0xDF2,
0xE26,0xDEB,0xD66,0xCB2,0xBC1,0xAD5,
0xA1B,0x978,0x938,0x9AC,0xA5D,0xAEB,
0xB9C,0xC25,0xC86,0xCCF,0xC9D,0xC39,
0xBE5,0xB4A,0xA6E,0x9A6,0x90A,0x8E3,
0x969,0xA57,0xB58,0xC30,0xCB0,0xCC4,
0xC25,0xB19,0x9F7,0x8DF,0x871,0x8A4,
0x952,0xA96,0xC00,0xD33,0xE4D,0xF09,
0xF16,0xE8A,0xD99,0xC52,0xAB6,0x92D,
0x7F1,0x754,0x75F,0x7C9,0x8DC,0xA65,
0xBCE,0xCF5,0xDB2,0xDF6,0xDD9,0xD6D,
0xCE5,0xC34,0xB55,0xA86,0x9D8,0x936,
0x89C,0x82D,0x813,0x88D,0x978,0xA60,
0xB77,0xCA3,0xD51,0xD7F,0xD38,0xCA3,
0xBD6,0xADC,0x9FA,0x96D,0x94B,0x97A,
0x9E2,0xA5C,0xADF,0xB4E,0xB4F,0xB0D,
0xAA7,0xA3E,0xA1E,0xA00,0x9F1,0xA47,
0xA81,0xA92,0xAEB,0xB2F,0xB67,0xBA9,
0xBDE,0xC1D,0xC43,0xC0E,0xBA2,0xB76,
0xB3F,0xAE4,0xAAA,0xA4D,0x9FB,0x9F0,
0x9DE,0x9F7,0xA93,0xB59,0xC15,0xC9E,
0xCB9,0xC98,0xC3B,0xBB3,0xB1E,0xA82,
0xA31,0xA31,0xA55,0xA9E,0xB06,0xB64,
0xBA0,0xB83,0xB1E,0xAC9,0xA73,0xA2B,
0xA2B,0xA57,0xA7A,0xAC5,0xB39,0xB46,
0xB43,0xB30,0xADE,0xAB7,0xAAF,0xAA0,
0xA92,0xA95,0xA8A,0xAA8,0xB3E,0xBD9,
0xC1E,0xC52,0xC57,0xC35,0xBFD,0xB8F,
0xB12,0xABA,0xACF,0xB2A,0xB78,0xBB3,
0xBC4,0xB7E,0xB27,0xAA4,0xA1C,0xA27,
0xA62,0xA93,0xB26,0xBBB,0xC0C,0xC3A,
0xBC3,0xB03,0xA7D,0x9E3,0x966,0x959,
0x9A8,0xA39,0xAD5,0xB7B,0xC4B,0xCEB,
0xD12,0xCFC,0xC78,0xB8F,0xAAB,0x9C3,
0x91B,0x8ED,0x90A,0x98A,0xA67,0xB57,
0xC2D,0xC6A,0xC57,0xC64,0xC0A,0xB7B,
0xB1A,0xAB7,0xA59,0xA2C,0xA17,0x9FF,
0xA1C,0xA34,0x9DA,0x9CF,0xA21,0xA6D,
0xB0C,0xBDC,0xC97,0xD59,0xDC7,0xDB2,
0xD59,0xCA7,0xBC1,0xAEE,0xA7E,0xA4A,
0xA2E,0xA5D,0xA6E,0xA25,0x9AA,0x92C,
0x91E,0x995,0xA2B,0xACE,0xB92,0xC60,
0xCC8,0xCBF,0xC79,0xBE3,0xB61,0xB08,
0xAB0,0xA8C,0xA83,0xA58,0xA28,0xA2C,
0xA86,0xAF8,0xB9E,0xC63,0xCC7,0xD19,
0xD45,0xCF5,0xC9A,0xC3E,0xB82,0xACF,
0xA49,0x992,0x906,0x8E9,0x92E,0x9CF,
0xAA9,0xB8A,0xC4C,0xC97,0xCA4,0xC9B,
0xC50,0xC08,0xBB0,0xB6D,0xBAC,0xBF5,
0xC04,0xC2A,0xC65,0xC6E,0xC31,0xBE9,
0xB5D,0xAA3,0xA6A,0xA68,0xA44,0xA3B,
0xA2B,0xA1D,0xA3B,0xA62,0xA60,0xA4B,
0xA87,0xAFB,0xB4A,0xB69,0xB76,0xB61,
0xB14,0xAB9,0xA4E,0x9DD,0x9B6,0x9CF,
0xA21,0xAC8,0xB86,0xC2C,0xCA5,0xCDD,
0xCBF,0xC61,0xBD4,0xB23,0xABB,0xA85,
0xA33,0xA1C,0xA27,0xA00,0x9F3,0xA1B,
0xA4A,0xA5B,0xA88,0xAD2,0xADE,0xAD2,
0xAD3,0xAF7,0xB5A,0xBC7,0xC2B,0xC71,
0xC97,0xCC1,0xC73,0xBC6,0xB24,0xA68,
0x9C2,0x964,0x94D,0x983,0x9E4,0xA67,
0xB23,0xBC0,0xC24,0xC61,0xC82,0xC92,
0xC41,0xB5C,0xA38,0x934,0x861,0x7EE,
0x7F9,0x896,0x98C,0xA86,0xB50,0xBFE,
0xCC3,0xD54,0xDB5,0xE09,0xE1D,0xDE1,
0xD5D,0xC7C,0xB58,0xA01,0x8F0,0x871,
0x85A,0x8DC,0x9ED,0xB47,0xCC7,0xE3D,
0xF2B,0xF4C,0xEC0,0xD91,0xBD0,0x9DA,
0x80E,0x6B3,0x5FD,0x60A,0x6CA,0x7E8,
0x94C,0xA98,0xBA4,0xCC0,0xD98,0xDDA,
0xDA3,0xD3B,0xCBA,0xC03,0xB27,0xA5C,
0x9C3,0x969,0x91D,0x93F,0x9DE,0xA32,
0xA2F,0xA45,0xAA2,0xB1D,0xBA2,0xC29,
0xC80,0xCAA,0xC7B,0xB99,0xA8F,0x9FA,
0x9E1,0xA35,0xAE3,0xBB3,0xC0E,0xBEF,
0xB8C,0xAD0,0x9D4,0x8E6,0x854,0x862,
0x91E,0xA61,0xB97,0xC72,0xD48,0xDDD,
0xDAF,0xCDA,0xBE2,0xAE1,0x9D4,0x909,
0x8DC,0x937,0x9AB,0xA49,0xAE2,0xAEB,
0xAB1,0xA63,0xA06,0x9FC,0xA49,0xAD5,
0xB65,0xBDE,0xC43,0xC39,0xC02,0xBB0,
0xB09,0xA7E,0xA15,0xA06,0xA7A,0xAD0,
0xB0A,0xB5B,0xBAC,0xBFC,0xBED,0xB75,
0xAE8,0xA83,0xA67,0xA75,0xAC2,0xB91,
0xC98,0xD4F,0xDA7,0xDC4,0xD57,0xC66,
0xB32,0x9EB,0x904,0x8B0,0x8F4,0x9DF,
0xB34,0xC9A,0xDA4,0xE01,0xDA7,0xCC1,
0xB89,0xA47,0x96F,0x8D9,0x874,0x89C,
0x8DC,0x92F,0x9C6,0xA2D,0xA7F,0xAF0,
0xB54,0xBAD,0xBF0,0xC2B,0xC4A,0xC4D,
0xC44,0xC02,0xB9E,0xB0C,0xA83,0xA55,
0xA81,0xB14,0xBC2,0xC77,0xD4E,0xD96,
0xD55,0xD14,0xC98,0xBED,0xB32,0xA81,
0xA2C,0xA17,0xA07,0xA0D,0xA1F,0xA4D,
0xAAF,0xB08,0xB5E,0xBC1,0xBFB,0xBEE,
0xB87,0xAC9,0xA4A,0xA40,0xA63,0xAB8,
0xB22,0xB6B,0xB73,0xB24,0xA74,0x9CA,
0x959,0x92A,0x981,0xA6C,0xBA3,0xCCB,
0xD7C,0xDA7,0xD75,0xCAE,0xB8E,0xA6F,
0x978,0x8D1,0x893,0x899,0x8E1,0x950,
0x9CE,0xA62,0xAD3,0xB38,0xBAB,0xC24,
0xCDE,0xD95,0xDC3,0xDBB,0xD82,0xCED,
0xC3D,0xB84,0xACD,0xA22,0x9CE,0x9E4,
0xA2E,0xAD3,0xBA6,0xC33,0xCC2,0xD36,
0xD11,0xC9E,0xC21,0xB63,0xA6F,0x99B,
0x913,0x911,0x994,0xA71,0xB6C,0xC20,
0xCA2,0xCAB,0xBDC,0xABF,0x98D,0x88D,
0x836,0x848,0x8E3,0xA2A,0xB9E,0xD0A,
0xE48,0xF33,0xF74,0xEFA,0xDFB,0xC6A,
0xA92,0x8F0,0x7B7,0x710,0x714,0x7AC,
0x8EB,0xA80,0xBD5,0xCED,0xDA4,0xDBB,
0xD8A,0xD2E,0xC85,0xBDD,0xB1B,0xA3A,
0x9A1,0x90C,0x888,0x82A,0x820,0x895,
0x90E,0x9BB,0xADA,0xC07,0xCF3,0xD8A,
0xDA5,0xD39,0xC67,0xB43,0xA32,0x98F,
0x94B,0x973,0x9E6,0xA77,0xB27,0xB93,
0xB6E,0xB2F,0xAE2,0xA7D,0xA55,0xA1F,
0x9DF,0x9D6,0x9D3,0x9D3,0xA16,0xA8E,
0xB00,0xB64,0xBDA,0xC5E,0xC8A,0xC39,
0xBED,0xBAD,0xB4E,0xAF1,0xAA1,0xA69,
0xA41,0x9FE,0x9CE,0x9F1,0xA72,0xB2B,
0xBE0,0xC43,0xC75,0xC89,0xC17,0xB95,
0xB34,0xAA6,0xA30,0xA13,0xA27,0xA61,
0xACD,0xB43,0xB83,0xB94,0xB7D,0xB17,
0xAC0,0xA7D,0xA42,0xA3F,0xA70,0xAB9,
0xAFC,0xB38,0xB49,0xB31,0xB28,0xB26,
0xB1E,0xB0F,0xADF,0xAC5,0xABD,0xABF,
0xAF3,0xB24,0xB82,0xBD9,0xBD3,0xBDA,
0xBB3,0xB79,0xB8A,0xBA1,0xBCC,0xC1D,
0xC34,0xBFC,0xB9D,0xAE8,0xA21,0x997,
0x936,0x978,0xA13,0xAA2,0xB75,0xC2C,
0xC69,0xC27,0xB61,0xAAE,0xA4A,0x9B5,
0x962,0x975,0x9D5,0xA91,0xB23,0xBE3,
0xCBF,0xD27,0xD22,0xCCE,0xC07,0xAF0,
0xA0F,0x950,0x8CB,0x8CE,0x914,0x9BC,
0xAB1,0xB8F,0xC3E,0xC7D,0xC97,0xC99,
0xC43,0xBC2,0xB37,0xAB8,0xA59,0xA1A,
0x9EF,0x9E1,0xA0F,0xA33,0xA11,0xA2A,
0xA88,0xAFC,0xB84,0xC23,0xCD7,0xD57,
0xD94,0xD6D,0xCE9,0xC60,0xBCA,0xB40,
0xAFD,0xACC,0xA9C,0xA5B,0xA12,0x99D,
0x8EC,0x86A,0x86E,0x8FF,0x9E4,0xAE8,
0xBF3,0xCEE,0xD70,0xD61,0xD0C,0xC6C,
0xBA3,0xAEE,0xA64,0xA09,0x9CB,0x9D6,
0x9FC,0xA2B,0xABE,0xB5A,0xBCD,0xC65,
0xCA4,0xCA2,0xC93,0xC34,0xBEE,0xBBF,
0xB52,0xAC2,0xA2E,0x997,0x924,0x8FD,
0x951,0xA0E,0xB18,0xC32,0xCEB,0xD32,
0xD09,0xCA9,0xC20,0xB72,0xAFC,0xAEB,
0xB67,0xC0C,0xC43,0xC6A,0xC89,0xC83,
0xC56,0xBFA,0xB83,0xAF9,0xAC0,0xAA9,
0xA77,0xA1C,0x9BA,0x976,0x96E,0x998,
0x9CD,0xA1B,0xAB5,0xB6A,0xBCF,0xBE2,
0xBA4,0xB42,0xAD4,0xA5D,0xA0E,0x9B4,
0x9AE,0xA39,0xABE,0xB6F,0xC40,0xCCA,
0xD12,0xD2F,0xD06,0xC70,0xB92,0xAAE,
0xA0C,0x9AB,0x980,0x998,0x9C1,0x9F7,
0xA3F,0xA82,0xABE,0xABD,0xACF,0xAF6,
0xADA,0xA9E,0xA9A,0xAC3,0xB12,0xB91,
0xC03,0xC63,0xCB2,0xCB4,0xC62,0xBE0,
0xB33,0xA6B,0x9AC,0x95E,0x968,0x981,
0x9BB,0xA48,0xB1F,0xC05,0xC9F,0xCE8,
0xCF7,0xCC3,0xC37,0xB20,0x9C7,0x878,
0x79B,0x748,0x773,0x837,0x96D,0xAB3,
0xBA6,0xC7F,0xD68,0xE24,0xEA2,0xECC,
0xEA3,0xE2B,0xD49,0xC27,0xAD5,0x977,
0x89F,0x841,0x833,0x8CA,0x9D0,0xB3D,
0xD13,0xEAA,0xF7A,0xF7F,0xED5,0xD80,
0xB9B,0x98A,0x7C5,0x684,0x61C,0x67D,
0x768,0x8B2,0xA01,0xB1F,0xC09,0xCC6,
0xD4C,0xD8A,0xD5B,0xCDB,0xC76,0xBE1,
0xB0E,0xA61,0x9FA,0x9C3,0x977,0x99D,
0xA16,0xA5C,0xA7C,0xA87,0xAAC,0xB0C,
0xB81,0xBE8,0xC28,0xC3A,0xC07,0xB42,
0xA65,0xA19,0xA18,0xA7F,0xB95,0xC8C,
0xCD3,0xC8E,0xBDC,0xAD3,0x98C,0x85E,
0x7BA,0x7E2,0x8EC,0xA97,0xC11,0xD21,
0xDF4,0xE36,0xDC5,0xCCB,0xB81,0xA39,
0x92A,0x87B,0x86B,0x901,0x9CA,0xAA1,
0xB42,0xB4E,0xAFF,0xA8D,0xA1E,0x9E4,
0xA1F,0xAB1,0xB48,0xBCE,0xC0D,0xBEE,
0xBBF,0xB52,0xAA1,0xA33,0xA0D,0xA48,
0xAFD,0xB86,0xBD5,0xC1E,0xC39,0xC28,
0xBC1,0xAF0,0xA1D,0x9C6,0x9D8,0xA30,
0xAD2,0xBF5,0xD44,0xDFB,0xE26,0xDF4,
0xD2F,0xBF7,0xAAB,0x954,0x87E,0x876,
0x909,0xA12,0xB98,0xD02,0xDE5,0xE64,
0xE07,0xD0E,0xBDC,0xA8A,0x987,0x8BF,
0x843,0x854,0x880,0x8D5,0x974,0x9FE,
0xA93,0xB35,0xB97,0xBD2,0xC01,0xC3D,
0xC3A,0xC0F,0xBEC,0xB98,0xB4D,0xAF1,
0xA95,0xA96,0xAE9,0xB78,0xC3A,0xD07,
0xDBE,0xDEF,0xD9C,0xD14,0xC3D,0xB52,
0xA79,0x9D0,0x9C1,0x9E6,0xA10,0xA6C,
0xAB6,0xAD7,0xAEE,0xB1F,0xB5F,0xBBA,
0xC08,0xC15,0xBA2,0xADF,0xA4C,0x9FD,
0x9FD,0xA64,0xADF,0xB50,0xB87,0xB4C,
0xA9B,0x9D8,0x94B,0x910,0x979,0xA4C,
0xB65,0xC67,0xD14,0xD44,0xD12,0xC8E,
0xBB7,0xAE9,0xA36,0x987,0x90D,0x8DD,
0x8D3,0x8F4,0x936,0x9B1,0xA51,0xB00,
0xBA8,0xC49,0xCFC,0xDAA,0xDE0,0xDAA,
0xD53,0xCA6,0xBA4,0xAD7,0xA1E,0x951,
0x934,0x9A2,0xA34,0xAF7,0xBAA,0xC26,
0xCA5,0xCC0,0xC6C,0xC14,0xB9F,0xB04,
0xA4E,0x98A,0x905,0x908,0x967,0xA14,
0xAF5,0xBB5,0xC27,0xC2A,0xBBE,0xAEA,
0x9D7,0x904,0x8AE,0x8DF,0x980,0xA77,
0xBA3,0xCBB,0xDA8,0xE48,0xE53,0xDF5,
0xD53,0xC3D,0xAED,0x9A0,0x89B,0x818,
0x800,0x875,0x96B,0xA8F,0xBA5,0xC9A,
0xD47,0xD7C,0xD6F,0xD2F,0xCB9,0xC24,
0xB46,0xA58,0x99B,0x90C,0x891,0x830,
0x840,0x8E1,0x98D,0xA52,0xB5B,0xC4B,
0xD14,0xD61,0xD37,0xCCC,0xC0F,0xB09,
0xA17,0x972,0x939,0x975,0x9F3,0xAA5,
0xB86,0xC0C,0xC0E,0xBEA,0xB63,0xA9E,
0xA0B,0x98D,0x931,0x940,0x97E,0x9D4,
0xA50,0xADE,0xB43,0xB83,0xBF2,0xC48,
0xC51,0xC2C,0xBFF,0xBBB,0xB50,0xADA,
0xA68,0x9FB,0x9AA,0x995,0x9AF,0x9D9,
0xA80,0xB80,0xC4F,0xCD5,0xD23,0xD22,
0xCA2,0xBE2,0xB07,0xA4A,0x9F0,0x9F7,
0xA3E,0xAA4,0xB1A,0xBA9,0xBFC,0xBF0,
0xBA7,0xB3A,0xACB,0xA82,0xA59,0xA2D,
0xA23,0xA41,0xA92,0xB14,0xB85,0xBCE,
0xC04,0xC21,0xC23,0xBC3,0xB12,0xAA4,
0xA84,0xA75,0xABA,0xB35,0xBAE,0xC13,
0xC39,0xC1C,0xBD8,0xB81,0xB39,0xB37,
0xB8D,0xC13,0xC57,0xC61,0xC22,0xB63,
0xA7E,0x995,0x8C0,0x8B7,0x947,0x9FC,
0xB0E,0xC31,0xCF6,0xD0E,0xC67,0xB97,
0xAE3,0xA11,0x95D,0x919,0x969,0x9FE,
0xA81,0xB47,0xC55,0xD04,0xD59,0xD5B,
0xCAC,0xBBC,0xAC8,0x9CA,0x91D,0x8C6,
0x8C7,0x954,0xA2E,0xB26,0xBD6,0xC29,
0xC7C,0xC9C,0xC66,0xBFE,0xB89,0xB1C,
0xA9E,0xA3B,0x9FD,0x9D7,0x9F8,0x9FC,
0x9C9,0x9D8,0xA1B,0xA8D,0xB47,0xC04,
0xCD0,0xD87,0xDD6,0xD96,0xD02,0xC3E,
0xB6B,0xAD8,0xA75,0xA45,0xA22,0x9DD,
0x992,0x930,0x8B0,0x886,0x8C9,0x971,
0xA6C,0xB4D,0xC1A,0xCCC,0xD14,0xCE6,
0xC64,0xBBE,0xB2B,0xAD1,0xA95,0xA56,
0xA4A,0xA51,0xA54,0xA6F,0xAC3,0xB18,
0xB85,0xC02,0xC2E,0xC5B,0xC82,0xC67,
0xC3C,0xBE9,0xB5F,0xADE,0xA33,0x963,
0x8E0,0x8C3,0x919,0x9EA,0xACF,0xBD2,
0xC92,0xCB9,0xCC3,0xCA1,0xC31,0xBBA,
0xB56,0xB53,0xBC3,0xC2D,0xC5B,0xC6A,
0xC8C,0xC82,0xC3A,0xBE2,0xB69,0xAF7,
0xAE1,0xAE5,0xA9A,0xA0D,0x98F,0x94D,
0x93B,0x959,0x991,0xA1F,0xAF6,0xB99,
0xBEF,0xC04,0xBC0,0xB4B,0xAD4,0xA77,
0xA21,0x9D1,0x9C3,0xA0D,0xA93,0xB5A,
0xC34,0xCC5,0xD2E,0xD5F,0xD13,0xC62,
0xB89,0xA96,0x9F8,0x9A2,0x966,0x975,
0x9A9,0x9CE,0xA0F,0xA66,0xA88,0xA9A,
0xAC4,0xAD7,0xAAE,0xA87,0xA79,0xAB4,
0xB3B,0xBDC,0xC59,0xCC8,0xD1D,0xD09,
0xCB8,0xC36,0xB5B,0xA79,0x9D7,0x96D,
0x955,0x970,0x9B0,0xA31,0xB09,0xBD2,
0xC42,0xC81,0xC7A,0xC40,0xBB7,0xAAE,
0x982,0x890,0x808,0x804,0x86C,0x956,
0xA73,0xB60,0xC00,0xC87,0xD13,0xD74,
0xDDE,0xE31,0xE1A,0xDE6,0xD4E,0xC6B,
0xB5D,0x9F2,0x8EE,0x87B,0x864,0x900,
0xA06,0xB66,0xD35,0xEA7,0xF75,0xF62,
0xE90,0xD40,0xB4E,0x955,0x7CA,0x695,
0x61B,0x689,0x773,0x8BF,0xA04,0xAED,
0xBC8,0xC9B,0xD2E,0xD7C,0xD5B,0xD1E,
0xCC7,0xBF4,0xAF5,0xA2D,0x9D0,0x963,
0x91E,0x997,0xA17,0xA5D,0xA99,0xAC3,
0xAFD,0xB4F,0xBA5,0xBF3,0xC3E,0xC50,
0xBDD,0xB0A,0xA43,0x9E7,0xA03,0xA7A,
0xB77,0xC65,0xC9B,0xC68,0xBD0,0xADC,
0x9D4,0x8DC,0x84C,0x867,0x960,0xAD1,
0xBFB,0xCE8,0xDC3,0xE0A,0xD70,0xC74,
0xB43,0xA05,0x915,0x88E,0x89B,0x91B,
0x9B7,0xA75,0xADC,0xAC6,0xAA1,0xA34,
0x9C9,0x9CA,0xA32,0xADA,0xB61,0xBCE,
0xC09,0xBEC,0xBBA,0xB54,0xAC1,0xA3F,
0x9D9,0x9E4,0xA66,0xAFE,0xB7C,0xBC3,
0xBF6,0xC0F,0xBB8,0xAF3,0xA5A,0xA32,
0xA4C,0xAB4,0xB5C,0xC59,0xD7D,0xE06,
0xE0D,0xDBC,0xCE8,0xBC9,0xA77,0x93F,
0x892,0x889,0x918,0xA21,0xB7B,0xCB8,
0xD8E,0xDF0,0xDA2,0xCCD,0xBBE,0xA96,
0x9B9,0x911,0x8B9,0x8B0,0x8C3,0x926,
0x994,0x9FF,0xA87,0xAEA,0xB3C,0xBB2,
0xC3B,0xCB4,0xCB6,0xCAC,0xC91,0xBF8,
0xB4D,0xA8D,0x9E7,0x9C1,0xA06,0xAAB,
0xB93,0xC96,0xD6A,0xDA4,0xD88,0xD40,
0xCA3,0xBF2,0xB2D,0xA9F,0xA65,0xA42,
0xA62,0xA8A,0xA84,0xA97,0xACD,0xAF1,
0xB22,0xB7E,0xBBD,0xBBB,0xB7F,0xB19,
0xACD,0xAB9,0xAC3,0xAEB,0xB21,0xB32,
0xB0D,0xAA3,0x9F4,0x950,0x906,0x92C,
0x9B5,0xA77,0xB5C,0xC53,0xCD9,0xCE8,
0xCB9,0xC18,0xB4B,0xA98,0x9F6,0x968,
0x90C,0x8DD,0x8D5,0x8EA,0x933,0x9B6,
0xA5A,0xB0C,0xBA4,0xC44,0xD0D,0xDB1,
0xDB8,0xD6C,0xCFC,0xC3C,0xB72,0xAD2,
0xA55,0x9FE,0xA09,0xA6C,0xAE2,0xB59,
0xBC8,0xC2D,0xC86,0xC8A,0xC41,0xBF3,
0xB7D,0xAD9,0xA29,0x980,0x922,0x957,
0xA0F,0xB03,0xC00,0xCC0,0xD05,0xCBC,
0xBD2,0xAA7,0x966,0x866,0x82A,0x877,
0x932,0xA66,0xBB2,0xD02,0xE56,0xF1D,
0xF35,0xED3,0xDDC,0xC4B,0xA9A,0x90C,
0x7D5,0x763,0x776,0x81F,0x95B,0xA9F,
0xBBF,0xCB3,0xD4E,0xD79,0xD63,0xD32,
0xCCC,0xC18,0xB29,0xA23,0x961,0x8B2,
0x830,0x80A,0x83C,0x904,0xA03,0xAE8,
0xBE5,0xCBA,0xD3B,0xD63,0xD12,0xC7E,
0xBAF,0xAA7,0x9DF,0x9AC,0x9D8,0xA4D,
0xAEA,0xB62,0xBC1,0xBD6,0xB81,0xB01,
0xA46,0x9A3,0x962,0x944,0x98E,0xA1C,
0xA75,0xAD3,0xB41,0xBAF,0xBE6,0xBE6,
0xC09,0xC1B,0xBEC,0xB8F,0xB31,0xAD7,
0xA82,0xA5B,0xA33,0x9FA,0xA05,0xA1B,
0xA32,0xAAF,0xB6A,0xC12,0xC9B,0xCD3,
0xCB0,0xC4F,0xB9E,0xACE,0xA2F,0x9DC,
0x9EB,0xA55,0xAC1,0xB21,0xBA2,0xBEA,
0xBDE,0xBA0,0xB3E,0xACF,0xA5F,0xA0C,
0x9EE,0x9EB,0xA1B,0xA83,0xAEA,0xB74,
0xBF2,0xC15,0xC2D,0xC2F,0xBE2,0xB5E,
0xAB8,0xA2B,0x9DB,0x9DB,0xA52,0xB18,
0xBEA,0xCA7,0xD07,0xD1C,0xCDA,0xC3D,
0xB9A,0xB27,0xB25,0xB58,0xB5C,0xB46,
0xB18,0xAAA,0xA25,0x98D,0x934,0x986,
0xA41,0xB10,0xBD4,0xC81,0xCD9,0xC8C,
0xBD3,0xB1F,0xA59,0x99E,0x92B,0x92C,
0x9B9,0xA6A,0xB0E,0xC13,0xD35,0xDB6,
0xDB0,0xD4C,0xC45,0xB20,0xA15,0x90C,
0x878,0x85E,0x8A0,0x950,0xA4F,0xB77,
0xC29,0xC51,0xC9B,0xC94,0xC16,0xB8D,
0xB01,0xAAB,0xA63,0x9F2,0x9BD,0x9C0,
0x9CA,0x9E0,0x9D3,0x9D0,0xA23,0xA97,
0xB12,0xBAC,0xC4A,0xCE4,0xD32,0xD1F,
0xCDA,0xC60,0xBA7,0xB07,0xABF,0xA87,
0xA3B,0xA15,0x9E4,0x961,0x8CF,0x84F,
0x837,0x8C3,0x9AC,0xAD2,0xBF2,0xD06,
0xDC6,0xDB6,0xD5A,0xCD5,0xBF8,0xB2D,
0xA7F,0xA14,0x9E7,0x9EA,0xA28,0xA86,
0xB0E,0xB89,0xC31,0xCBC,0xCCC,0xCE0,
0xCE0,0xCA4,0xC5F,0xBD9,0xAFE,0xA46,
0x999,0x8F2,0x8A5,0x8C3,0x95F,0xA72,
0xB80,0xC5E,0xCE7,0xCDE,0xCB7,0xC7E,
0xC09,0xBA0,0xB57,0xB59,0xBBD,0xBFC,
0xC06,0xC24,0xC44,0xC44,0xC27,0xBE9,
0xB72,0xAFC,0xAB2,0xA81,0xA32,0x9C0,
0x958,0x905,0x8EA,0x920,0x97C,0xA18,
0xAEC,0xBB2,0xC2E,0xC40,0xC1F,0xBCC,
0xB3A,0xABF,0xA49,0x9BD,0x99D,0x9ED,
0xA7C,0xB3B,0xC0A,0xCC4,0xD5E,0xD78,
0xD08,0xC64,0xB7B,0xA99,0xA17,0x9CB,
0x9B7,0x9D7,0x9E3,0x9D4,0x9E9,0xA2F,
0xA5A,0xA77,0xAAC,0xAC0,0xAC8,0xAB8,
0xA7D,0xAA5,0xB16,0xB84,0xBEB,0xC27,
0xC5C,0xC7C,0xC33,0xBC6,0xB54,0xA9B,
0xA2C,0xA04,0x9BB,0x9B5,0x9FC,0xA33,
0xABC,0xB62,0xBB2,0xBE2,0xBF5,0xBD2,
0xB52,0xA64,0x957,0x8AE,0x884,0x87D,
0x8E5,0x9E9,0xAD6,0xB82,0xC0E,0xC87,
0xD0E,0xD69,0xDC6,0xE21,0xE23,0xDEA,
0xD45,0xC3C,0xB26,0x9FD,0x916,0x895,
0x87E,0x911,0xA34,0xBD0,0xD6A,0xE89,
0xF32,0xEEC,0xDF0,0xC8B,0xAA3,0x8E5,
0x782,0x675,0x623,0x689,0x75C,0x891,
0x9D3,0xAD4,0xBE8,0xCF2,0xD87,0xDBB,
0xD9D,0xD34,0xCAC,0xBCD,0xAB9,0x9EC,
0x961,0x8E7,0x8CC,0x94D,0x9F3,0xA5C,
0xA95,0xABF,0xB15,0xB8C,0xBF5,0xC52,
0xC8A,0xC87,0xC1F,0xB39,0xA4F,0x9C6,
0x9C6,0xA47,0xB2A,0xBFA,0xC3E,0xC09,
0xB79,0xAAC,0x9BA,0x8EC,0x893,0x8C7,
0x9A5,0xAFA,0xC06,0xCE3,0xDCF,0xE11,
0xD91,0xCC3,0xBA7,0xA73,0x98C,0x8E7,
0x8B7,0x90F,0x992,0xA35,0xAA9,0xAB1,
0xA84,0xA4F,0xA3F,0xA3D,0xA7A,0xB13,
0xB8D,0xBDD,0xBF0,0xBB8,0xB90,0xB2F,
0xA9D,0xA50,0xA2E,0xA8B,0xB3A,0xBB3,
0xC0E,0xC3F,0xC28,0xBF8,0xB86,0xAAF,
0xA06,0x9F9,0xA59,0xAF4,0xBD7,0xCF6,
0xDE6,0xE50,0xE64,0xDF0,0xCE8,0xB9B,
0xA17,0x8DA,0x851,0x853,0x8FC,0xA63,
0xC19,0xD95,0xE92,0xEC7,0xE1D,0xCFE,
0xB8D,0xA20,0x90C,0x846,0x811,0x847,
0x8A2,0x94D,0x9F4,0xA8D,0xB2D,0xB72,
0xB9C,0xBCA,0xBED,0xC17,0xC20,0xC1A,
0xBF1,0xB99,0xB27,0xA87,0xA13,0xA10,
0xA7F,0xB47,0xC1F,0xCEB,0xD7C,0xD88,
0xD25,0xC86,0xBC9,0xB0D,0xA4D,0x9EA,
0xA18,0xA55,0xA9B,0xAC3,0xACE,0xB08,
0xB30,0xB39,0xB59,0xBA5,0xBD0,0xBB6,
0xB79,0xB08,0xAAF,0xA7F,0xA60,0xA8A,
0xAA1,0xA8E,0xAA1,0xA54,0x9DB,0x98D,
0x941,0x94F,0x9C8,0xA82,0xB84,0xC64,
0xCCA,0xCF3,0xCEF,0xC77,0xBB0,0xAF3,
0xA23,0x951,0x8A6,0x841,0x849,0x890,
0x911,0x9C2,0xA6F,0xB2B,0xC03,0xCB1,
0xD5C,0xE06,0xE1A,0xDBD,0xD4E,0xC8F,
0xB9D,0xAD6,0xA22,0x9B8,0x9D5,0xA2C,
0xAA1,0xB47,0xBD3,0xC25,0xC70,0xC87,
0xC51,0xC0C,0xBA0,0xB2E,0xAAA,0xA0F,
0x9CC,0x9F1,0xA5D,0xB13,0xBC7,0xC4B,
0xC7B,0xC18,0xB52,0xA64,0x973,0x8DC,
0x8BC,0x907,0x9DA,0xB23,0xC51,0xD6B,
0xE71,0xEDD,0xEAB,0xDEC,0xCA4,0xB0C,
0x92E,0x78D,0x6BE,0x69F,0x72B,0x84F,
0x9EF,0xB9D,0xCE5,0xDC6,0xE22,0xDF2,
0xD81,0xCD2,0xBFF,0xB23,0xA58,0x9A1,
0x8EE,0x892,0x83A,0x80F,0x88A,0x952,
0xA22,0xB2D,0xC4E,0xD1B,0xD66,0xD4F,
0xCD9,0xC37,0xB7C,0xA8E,0x9DF,0x9B1,
0x9C1,0x9ED,0xA56,0xAC3,0xB37,0xB6E,
0xB51,0xB33,0xACB,0xA44,0xA16,0x9F8,
0xA15,0xA8B,0xAC7,0xAFB,0xB63,0xB98,
0xB86,0xB8D,0xBB5,0xBB8,0xB82,0xB57,
0xB6A,0xB83,0xB70,0xB55,0xB11,0xAB2,
0xA7C,0xA23,0x9E7,0xA27,0xAA2,0xB44,
0xBD5,0xC39,0xC65,0xC43,0xBEA,0xB7E,
0xB27,0xACD,0xAA6,0xAB3,0xAD0,0xB1A,
0xB4A,0xB4B,0xB36,0xAF0,0xA9F,0xA48,
0xA1E,0xA3C,0xA8F,0xACC,0xAD7,0xB04,
0xB28,0xB4F,0xB72,0xB56,0xB4E,0xB6B,
0xB2F,0xAE5,0xAA4,0xA3D,0xA0B,0xA3F,
0xAAE,0xB44,0xBD6,0xC24,0xC3B,0xC36,
0xBEC,0xB76,0xB21,0xB01,0xB5D,0xBB2,
0xBC9,0xBB9,0xB5A,0xAE7,0xA57,0x9B1,
0x960,0x9A8,0xA40,0xAD0,0xB6A,0xBFA,
0xC46,0xC16,0xB87,0xB2D,0xAB9,0xA40,
0xA00,0x9BF,0xA05,0xAA0,0xB28,0xC08,
0xCCB,0xCFF,0xD0A,0xC9D,0xB8E,0xA67,
0x977,0x8CF,0x8A6,0x8F4,0x963,0xA29,
0xB2F,0xBFB,0xC75,0xCAC,0xCCC,0xCA4,
0xC3A,0xBD2,0xB35,0xA98,0xA09,0x992,
0x972,0x984,0x9E9,0xA13,0xA02,0xA63,
0xAB5,0xAF2,0xB75,0xBF5,0xC89,0xD3C,
0xD71,0xD1E,0xC95,0xBCC,0xADE,0xA42,
0xA10,0xA0B,0xA15,0xA2D,0xA2A,0x9ED,
0x971,0x90C,0x93E,0x9C4,0xA65,0xB30,
0xBFB,0xCB2,0xD25,0xCDE,0xC3D,0xBB2,
0xB31,0xADD,0xA90,0xA3D,0xA26,0xA45,
0xA70,0xACC,0xB25,0xB61,0xBD8,0xC1A,
0xC1E,0xC65,0xC47,0xC09,0xC12,0xB8F,
0xAD5,0xA36,0x971,0x8C0,0x87A,0x893,
0x92A,0xA39,0xB3E,0xC41,0xD02,0xD1E,
0xD23,0xCE2,0xC3D,0xBD3,0xB8E,0xB8C,
0xBD1,0xC05,0xC0A,0xC30,0xC67,0xC4C,
0xC24,0xBD4,0xB43,0xB07,0xB0A,0xB15,
0xAFA,0xA76,0xA01,0x98E,0x933,0x931,
0x935,0x9A9,0xA98,0xB81,0xC3E,0xC9E,
0xC99,0xC37,0xBB3,0xB35,0xA83,0x9FC,
0x9C0,0x9DF,0xA90,0xB62,0xC29,0xCCE,
0xD50,0xD9D,0xD35,0xC51,0xB5F,0xA8A,
0xA0A,0x9A1,0x972,0x99F,0x9EC,0xA39,
0xA63,0xAA9,0xACC,0xAC4,0xACE,0xA93,
0xA43,0xA20,0xA0E,0xA5B,0xAFD,0xBA6,
0xC24,0xC86,0xCE4,0xCD4,0xC44,0xB83,
0xAC2,0xA04,0x976,0x947,0x956,0x99B,
0xA36,0xAEF,0xBA8,0xC37,0xC5A,0xC58,
0xC3A,0xBCD,0xB18,0xA23,0x937,0x89A,
0x83A,0x847,0x8C7,0x98F,0xA8F,0xB77,
0xC0A,0xCB1,0xD76,0xDFF,0xE75,0xE95,
0xE49,0xDC1,0xCDD,0xB96,0xA2D,0x901,
0x846,0x814,0x888,0x980,0xAE1,0xCA5,
0xE58,0xF6C,0xFDC,0xF9D,0xE88,0xCD6,
0xAD2,0x8CF,0x736,0x63E,0x5FD,0x65E,
0x75A,0x8B3,0x9FA,0xB06,0xC13,0xCF6,
0xD7C,0xDB6,0xD8A,0xD1D,0xC72,0xB7B,
0xA6D,0x993,0x910,0x8D8,0x913,0x9C9,
0xA7F,0xAE6,0xAFA,0xB24,0xB6A,0xB93,
0xBCC,0xBFD,0xC14,0xC12,0xBB8,0xADE,
0xA2E,0xA02,0xA24,0xAA1,0xB76,0xC24,
0xC40,0xBF2,0xB47,0xA4D,0x946,0x888,
0x840,0x87C,0x980,0xAE0,0xBE4,0xCDB,
0xD9E,0xDB1,0xD35,0xC40,0xB27,0xA1D,
0x93A,0x8CF,0x8F4,0x964,0xA1B,0xAD6,
0xAE6,0xAA1,0xA42,0x9CD,0x9A0,0x9D2,
0xA69,0xB23,0xBD0,0xC48,0xC5A,0xC41,
0xC04,0xB7A,0xAC6,0xA2B,0xA0A,0xA5C,
0xAD4,0xB56,0xBA3,0xBD0,0xC12,0xC00,
0xB65,0xAB6,0xA4C,0xA45,0xAA3,0xB38,
0xBEB,0xD05,0xDE3,0xE18,0xE1E,0xD9E,
0xC87,0xB6C,0xA37,0x913,0x886,0x89F,
0x974,0xAE4,0xC69,0xD9C,0xE45,0xE4C,
0xD8E,0xC36,0xACE,0x9A8,0x8E8,0x88A,
0x895,0x8D9,0x930,0x9BF,0xA4B,0xAB9,
0xAF9,0xB08,0xB2E,0xB73,0xBC9,0xBF8,
0xC10,0xC27,0xC13,0xBD3,0xB44,0xAB0,
0xA5D,0xA64,0xAF6,0xBA4,0xC62,0xD3A,
0xD8B,0xD45,0xCC1,0xC26,0xBA6,0xB15,
0xA6D,0xA2C,0xA3C,0xA4E,0xA65,0xA6E,
0xA86,0xABE,0xAEC,0xB0C,0xB4C,0xB9C,
0xBC9,0xBBA,0xB6A,0xB10,0xAD6,0xAB2,
0xAD4,0xB16,0xB3B,0xB4C,0xB2D,0xA9B,
0x9C1,0x917,0x8A8,0x8AA,0x956,0xA5E,
0xB80,0xCAD,0xD4B,0xD78,0xD65,0xCB3,
0xBD0,0xAED,0x9FA,0x930,0x88F,0x80B,
0x7EF,0x828,0x8C4,0x9CE,0xACE,0xB93,
0xC4D,0xD1A,0xDBB,0xE02,0xDEB,0xDA3,
0xD3C,0xC77,0xB7E,0xAB8,0x9F8,0x97A,
0x9B9,0xA57,0xB1A,0xC04,0xC8E,0xCC4,
0xCE3,0xC9E,0xC1F,0xBA8,0xB25,0xA80,
0x9DC,0x956,0x919,0x94B,0x9F5,0xAFE,
0xC06,0xCC4,0xD07,0xC84,0xB6A,0xA28,
0x8CB,0x7DB,0x7CA,0x84C,0x973,0xAFE,
0xC75,0xDD4,0xEE7,0xF78,0xF44,0xE62,
0xD23,0xB70,0x98E,0x7DA,0x69D,0x63A,
0x6A0,0x7C3,0x9A9,0xB89,0xD0A,0xE2B,
0xE81,0xE36,0xD90,0xCBC,0xBDE,0xAD2,
0x9C7,0x906,0x879,0x80D,0x7E4,0x803,
0x8A7,0x9D7,0xB03,0xC35,0xD4F,0xDEA,
0xE15,0xDBC,0xCFE,0xC00,0xAF0,0x9F7,
0x934,0x8F2,0x929,0x9B0,0xA52,0xB0A,
0xBC4,0xC0F,0xBDD,0xB62,0xABC,0xA2A,
0x9CA,0x96C,0x946,0x984,0x9C4,0xA26,
0xA9F,0xB05,0xB68,0xBB2,0xC0A,0xC3D,
0xC16,0xBCF,0xB9B,0xB54,0xB1B,0xAF2,
0xAA7,0xA5E,0xA3D,0xA04,0x9E7,0xA5C,
0xAFA,0xBB9,0xC68,0xCB1,0xCC0,0xC6E,
0xBD4,0xB37,0xA9D,0xA4A,0xA4F,0xA7E,
0xAD6,0xB30,0xB85,0xBA8,0xB85,0xB52,
0xB05,0xAB7,0xA86,0xA73,0xA90,0xA98,
0xAB2,0xB17,0xB78,0xBB0,0xB9C,0xB5E,
0xB41,0xB35,0xB17,0xAE1,0xAAC,0xA76,
0xA5A,0xAA4,0xB15,0xB79,0xBF2,0xC48,
0xC7F,0xC6D,0xBF9,0xB85,0xB30,0xB27,
0xB55,0xB68,0xB84,0xB82,0xB22,0xAB1,
0xA2C,0x998,0x99F,0xA26,0xAAC,0xB38,
0xBC2,0xC2B,0xC44,0xBDD,0xB40,0xAAE,
0xA20,0x9B2,0x978,0x99B,0xA29,0xAA5,
0xB25,0xC02,0xCB5,0xCEB,0xCE7,0xC73,
0xB88,0xAA7,0x9CC,0x918,0x8EF,0x929,
0x9A5,0xA53,0xB1C,0xBE1,0xC3E,0xC56,
0xC4C,0xBEA,0xB67,0xAF0,0xA84,0xA4E,
0xA23,0xA1C,0xA4B,0xA81,0xABB,0xA77,
0xA1B,0xA3F,0xA4F,0xA8D,0xB1D,0xB8E,
0xC3B,0xCF8,0xD2C,0xD03,0xCCD,0xC37,
0xB95,0xB36,0xAEE,0xAC6,0xA7B,0xA1A,
0x9A8,0x921,0x897,0x865,0x8D9,0x9B0,
0xAA6,0xBA5,0xC9A,0xD44,0xD54,0xCF5,
0xC71,0xBB4,0xB0F,0xAA4,0xA48,0xA2A,
0xA46,0xA54,0xA65,0xAC2,0xB49,0xBB0,
0xC33,0xC97,0xC95,0xC8A,0xC56,0xC0F,
0xBD5,0xB4E,0xAC6,0xA5D,0x9CE,0x963,
0x935,0x954,0x9DC,0xAB4,0xBA0,0xC57,
0xCAB,0xCAA,0xC88,0xC42,0xBD7,0xB7F,
0xB5E,0xBA0,0xC23,0xC66,0xC8D,0xCC2,
0xCAB,0xC62,0xC1C,0xB8E,0xAC2,0xA49,
0xA63,0xA68,0xA29,0x9FF,0x9CE,0x9B3,
0x9CB,0x9CF,0x9FD,0xA94,0xB3D,0xBDB,
0xC44,0xC2C,0xBC4,0xB38,0xA95,0x9FF,
0x98D,0x97B,0x9D2,0xA4D,0xAEA,0xBB4,
0xC73,0xD1D,0xD93,0xD87,0xD07,0xC30,
0xB14,0xA27,0x9AC,0x94A,0x92F,0x985,
0x9E4,0xA46,0xA9F,0xAD1,0xAF8,0xB0E,
0xB0D,0xAD5,0xA77,0xA37,0xA32,0xA9A,
0xB2A,0xB96,0xC01,0xC63,0xCAE,0xCB3,
0xC3E,0xBD3,0xB59,0xAB5,0xA61,0xA05,
0x99E,0x991,0x9C2,0xA41,0xAE9,0xB80,
0xC03,0xC71,0xCA8,0xC71,0xBC2,0xAB4,
0x9AA,0x8E9,0x86A,0x856,0x8B3,0x974,
0xA63,0xB33,0xBCD,0xC5A,0xCF2,0xD68,
0xDD2,0xDF9,0xDC9,0xD60,0xCA4,0xBB9,
0xAA5,0x998,0x8F3,0x8BB,0x8F0,0x9A7,
0xADA,0xC5F,0xDCC,0xECD,0xF45,0xEE9,
0xDCC,0xC3C,0xA47,0x859,0x6E5,0x60C,
0x5EB,0x68B,0x7B2,0x90C,0xA59,0xB6B,
0xC5A,0xD11,0xD60,0xD5E,0xD11,0xC89,
0xBDC,0xAF8,0xA13,0x993,0x956,0x92B,
0x950,0x9FB,0xA97,0xAB5,0xAC1,0xAF2,
0xB1F,0xB72,0xBE6,0xC2F,0xC68,0xC79,
0xBFC,0xB26,0xA85,0xA45,0xA6A,0xAEA,
0xBA5,0xC34,0xC25,0xBBD,0xB25,0xA36,
0x94B,0x8C1,0x898,0x91E,0xA54,0xB78,
0xC49,0xD0A,0xDAC,0xDAF,0xD00,0xC1D,
0xB0D,0x9D5,0x903,0x8D7,0x925,0x9A1,
0xA3E,0xAE3,0xB0A,0xAD5,0xA95,0xA2C,
0x9D7,0x9E8,0xA55,0xAEA,0xB7A,0xBFE,
0xC2D,0xC08,0xBC5,0xB41,0xAB5,0xA40,
0xA01,0xA50,0xADF,0xB52,0xBA9,0xBE3,
0xC16,0xC01,0xB64,0xABC,0xA58,0xA3C,
0xA5D,0xABB,0xB8B,0xCBA,0xDBB,0xE1B,
0xE15,0xDA7,0xC98,0xB39,0x9C8,0x8B2,
0x86D,0x8D0,0x9BE,0xB38,0xCC9,0xDF0,
0xE83,0xE3F,0xD4A,0xBD9,0xA49,0x92C,
0x84E,0x7E0,0x813,0x87D,0x91A,0x9BC,
0xA3B,0xACB,0xB3D,0xB81,0xBC8,0xC0F,
0xC52,0xC8D,0xC97,0xC7D,0xC4C,0xBE3,
0xB47,0xA8C,0xA28,0xA5F,0xAE1,0xB7E,
0xC2F,0xCFC,0xD77,0xD65,0xD1C,0xC9D,
0xBF5,0xB45,0xAA3,0xA64,0xA75,0xA87,
0xAA3,0xA9B,0xA92,0xAB5,0xACC,0xAEF,
0xB3A,0xB9A,0xBCF,0xBD2,0xBB4,0xB4A,
0xAE1,0xABF,0xAC4,0xAF9,0xB28,0xB2B,
0xB00,0xA4A,0x96D,0x8DF,0x882,0x8AB,
0x96D,0xA86,0xBC3,0xCA7,0xD2A,0xD73,
0xD48,0xCA7,0xBE0,0xAEA,0x9D9,0x8F4,
0x835,0x7AD,0x789,0x7F6,0x8DC,0x9ED,
0xAFB,0xBF2,0xCD6,0xDA9,0xE3E,0xE4B,
0xDFB,0xD7C,0xCBC,0xBDE,0xB0D,0xA48,
0x99D,0x945,0x977,0xA20,0xAD9,0xB77,
0xC00,0xC82,0xCDB,0xCBA,0xC51,0xBD3,
0xB2E,0xA75,0x9A4,0x902,0x8F5,0x971,
0xA47,0xB56,0xC52,0xCE3,0xCDF,0xC3A,
0xB10,0x9BA,0x8A8,0x81A,0x81C,0x8AE,
0x9C3,0xB28,0xC7C,0xDA7,0xEA3,0xF20,
0xEEB,0xE3C,0xD16,0xB6D,0x9C8,0x85C,
0x738,0x6C9,0x70B,0x7F6,0x953,0xAB4,
0xC12,0xD48,0xE08,0xE50,0xE29,0xDAF,
0xCF5,0xBF9,0xAD8,0x9E0,0x904,0x851,
0x7E0,0x7D1,0x878,0x94C,0xA3B,0xB6A,
0xC87,0xD6D,0xDE0,0xDDB,0xD5B,0xC8F,
0xB8A,0xA5A,0x962,0x8FD,0x90B,0x962,
0x9DE,0xA87,0xB51,0xBB3,0xBCF,0xBC2,
0xB5E,0xB09,0xAA8,0xA25,0xA03,0x9F8,
0x9D0,0x9FF,0xA5C,0xAB1,0xB01,0xB55,
0xBD9,0xC32,0xC48,0xC62,0xC5A,0xC12,
0xBA0,0xB06,0xA4A,0x9B2,0x95E,0x932,
0x962,0xA17,0xB0E,0xBFF,0xCAC,0xCF4,
0xCF1,0xC96,0xC03,0xB73,0xAF3,0xAA3,
0xA7D,0xA7D,0xA99,0xAC6,0xB1E,0xB75,
0xB9D,0xB83,0xB2D,0xACE,0xA9E,0xA96,
0xA73,0xA3E,0xA5E,0xAB7,0xAED,0xB0D,
0xB32,0xB6A,0xBA9,0xBBD,0xBA7,0xB57,
0xAE9,0xA87,0xA3D,0xA49,0xAA1,0xB16,
0xB81,0xBC5,0xC04,0xC38,0xC1B,0xBEE,
0xBDC,0xBE2,0xC20,0xC20,0xBB4,0xB33,
0xA98,0x9FD,0x975,0x8F1,0x907,0x9C6,
0xA79,0xB41,0xC16,0xC8A,0xC94,0xBF9,
0xB1B,0xA4F,0x989,0x904,0x8D6,0x916,
0x9D8,0xAB9,0xBAA,0xCC5,0xD75,0xD90,
0xD40,0xC76,0xB40,0xA16,0x93D,0x8B1,
0x8A1,0x8E5,0x95F,0xA52,0xB5A,0xC2E,
0xC85,0xC84,0xC7F,0xC21,0xB95,0xB08,
0xAA0,0xA4E,0x9EA,0x9A8,0x998,0x9A4,
0x9AF,0x994,0x998,0xA0F,0xAAC,0xB5F,
0xC26,0xCBB,0xD2A,0xD2C,0xCC5,0xC48,
0xBA7,0xB05,0xAA0,0xA99,0xABE,0xAB8,
0xAAC,0xA95,0xA29,0x99E,0x914,0x8A2,
0x8C1,0x980,0xA77,0xB6E,0xC5E,0xCFA,
0xD11,0xCC9,0xC47,0xBAD,0xB02,0xA7C,
0xA39,0xA14,0xA0E,0xA08,0xA15,0xA6F,
0xAE6,0xB7A,0xC2A,0xC90,0xCD6,0xD12,
0xCFA,0xCB4,0xC45,0xBA5,0xAE2,0xA13,
0x94C,0x8B1,0x894,0x909,0x9EC,0xB15,
0xC3B,0xD13,0xD4E,0xD1C,0xCC8,0xC1B,
0xB4F,0xACF,0xAA8,0xB08,0xBAA,0xC0E,
0xC59,0xCAD,0xCEA,0xCD5,0xC84,0xC12,
0xB72,0xAEB,0xA97,0xA3D,0x9D7,0x987,
0x97D,0x9B1,0x9F4,0xA3C,0xAA3,0xB3D,
0xBD5,0xC29,0xC2F,0xBF6,0xB97,0xB2C,
0xAAE,0xA39,0x9D9,0x9A2,0x9D0,0xA5C,
0xB2A,0xC0B,0xCBE,0xD4A,0xDA2,0xD7A,
0xCD8,0xBED,0xAE3,0xA35,0x9D9,0x98B,
0x9A2,0x9E8,0xA31,0xA8A,0xAE9,0xB20,
0xB15,0xB03,0xAFB,0xABA,0xA71,0xA5A,
0xA65,0xAF9,0xBAA,0xC17,0xC71,0xCA0,
0xCB3,0xC5C,0xBB0,0xB1B,0xA62,0x9C2,
0x97B,0x969,0x98A,0x9DC,0xA49,0xAD8,
0xB99,0xC34,0xC8A,0xCB6,0xC98,0xC2E,
0xB6E,0xA4D,0x932,0x870,0x80F,0x821,
0x8B3,0x9A3,0xAB0,0xB82,0xC1E,0xCC2,
0xD37,0xD8F,0xDEB,0xE00,0xDD0,0xD76,
0xCCF,0xBC4,0xA6D,0x935,0x87F,0x84A,
0x896,0x983,0xB00,0xCD6,0xE71,0xF5E,
0xF87,0xEF2,0xDB9,0xBF4,0x9F5,0x833,
0x70A,0x65A,0x62A,0x6B1,0x7D1,0x920,
0xA54,0xB4D,0xC39,0xD0B,0xD7B,0xD85,
0xD30,0xCB0,0xC28,0xB6A,0xA90,0xA00,
0x998,0x93C,0x93C,0x98F,0x9BF,0x9CE,
0xA01,0xA66,0xAF6,0xBBA,0xC76,0xCF8,
0xD2C,0xCE0,0xBFD,0xACC,0x9FE,0x9CF,
0xA01,0xA9B,0xB82,0xBEF,0xBE5,0xBA5,
0xB18,0xA58,0x98F,0x918,0x91F,0x99F,
0xAA2,0xBB6,0xC5D,0xCF2,0xD5D,0xD28,
0xC7D,0xBA4,0xAC4,0x9FA,0x95C,0x931,
0x96C,0x9D5,0xA67,0xAF4,0xB0B,0xACA,
0xA69,0xA02,0x9D7,0xA14,0xA88,0xAEE,
0xB61,0xBA6,0xB98,0xB9A,0xB7D,0xB0E,
0xAA9,0xA5F,0xA57,0xAA0,0xB01,0xB6B,
0xBC8,0xC05,0xC48,0xC2E,0xB8C,0xAD8,
0xA5B,0xA2A,0xA38,0xA9D,0xB66,0xC8D,
0xD5A,0xD8D,0xDAC,0xD4B,0xC5D,0xB3F,
0x9E9,0x910,0x8EA,0x92B,0x9F6,0xB3A,
0xC71,0xD67,0xDE8,0xD92,0xCB2,0xB86,
0xA69,0x9B7,0x91A,0x8A2,0x89E,0x8C8,
0x91D,0x9A2,0xA12,0xA8E,0xB28,0xB8B,
0xBC9,0xC02,0xC37,0xC56,0xC54,0xC1D,
0xBB0,0xB4F,0xAE8,0xA8B,0xA85,0xAE0,
0xB77,0xC22,0xCC2,0xD43,0xD50,0xCED,
0xC73,0xBF2,0xB66,0xAB8,0xA32,0xA39,
0xA6C,0xA8A,0xAC2,0xAE9,0xAFC,0xB13,
0xB1B,0xB0F,0xB16,0xB42,0xB5C,0xB32,
0xB04,0xACC,0xAA0,0xAAC,0xADB,0xB08,
0xB19,0xB14,0xAC6,0xA26,0x98D,0x924,
0x8FD,0x94B,0x9EE,0xAF1,0xC02,0xC90,
0xCB0,0xCA5,0xC54,0xBAD,0xAEA,0xA3A,
0x9A9,0x92D,0x8D9,0x8AC,0x8C0,0x92E,
0x9D3,0xA7F,0xB35,0xBE2,0xC75,0xCFF,
0xD65,0xD7D,0xD65,0xD16,0xC88,0xBDF,
0xB19,0xA57,0x9C3,0x99A,0x9F5,0xA86,
0xB22,0xBE8,0xC75,0xCAF,0xCBE,0xC75,
0xC05,0xBA3,0xB1B,0xA82,0x9F1,0x974,
0x95A,0x9B6,0xA62,0xB30,0xBF1,0xC6B,
0xC7F,0xC00,0xB0A,0x9F1,0x8ED,0x86F,
0x88B,0x912,0xA15,0xB5A,0xC83,0xDA8,
0xE8C,0xECD,0xE78,0xD95,0xC47,0xABC,
0x925,0x7F6,0x75F,0x754,0x7D4,0x8DE,
0xA46,0xB9A,0xCAE,0xD77,0xDC8,0xDAC,
0xD6F,0xD0A,0xC39,0xB44,0xA81,0x9C4,
0x900,0x878,0x827,0x836,0x8E0,0x9A5,
0xA69,0xB69,0xC62,0xD19,0xD75,0xD60,
0xD0A,0xC78,0xB91,0xA8B,0x9B7,0x949,
0x953,0x9A8,0xA23,0xAF2,0xBA1,0xBF2,
0xC10,0xBC5,0xB38,0xACC,0xA53,0x9DB,
0x9C7,0x9D5,0xA01,0xA7C,0xB07,0xB91,
0xC05,0xC44,0xC71,0xC56,0xC00,0xBC0,
0xB81,0xB33,0xAE2,0xA9A,0xA52,0xA14,
0x9E9,0x9D6,0xA0C,0xAA7,0xB7F,0xC45,
0xCB5,0xCB7,0xC8B,0xC12,0xB57,0xACE,
0xA51,0x9F8,0xA08,0xA3E,0xA94,0xB01,
0xB48,0xB78,0xB85,0xB62,0xB2D,0xAF0,
0xAC6,0xABB,0xABB,0xAC0,0xAD1,0xAF1,
0xB1C,0xB2A,0xAFF,0xADC,0xAF9,0xB28,
0xB2B,0xB07,0xAFA,0xB0B,0xB1C,0xB4F,
0xBA5,0xBE5,0xC02,0xBED,0xBC2,0xB9C,
0xB58,0xB28,0xB3B,0xB79,0xBE0,0xC19,
0xC05,0xBBE,0xB18,0xA56,0x9A6,0x921,
0x93B,0x9D7,0xA8C,0xB5E,0xC2A,0xCBD,
0xCE3,0xC46,0xB5F,0xAA0,0x9E1,0x955,
0x932,0x967,0x9F3,0xA87,0xB3F,0xC42,
0xCED,0xD11,0xD05,0xC73,0xB80,0xAB4,
0x9CA,0x916,0x8D4,0x8D6,0x93F,0xA07,
0xAEB,0xBB7,0xC34,0xC74,0xCA2,0xC82,
0xC0C,0xB87,0xB10,0xAA4,0xA27,0x9B3,
0x987,0x999,0x9A8,0x995,0x9AF,0xA1A,
0xA9B,0xB3F,0xBFC,0xCA3,0xD2C,0xD6B,
0xD44,0xCEC,0xC66,0xBB1,0xAEA,0xA51,
0xA0F,0x9E0,0x9C3,0x9C8,0x9A8,0x978,
0x95E,0x969,0x9D4,0xA83,0xB3C,0xC05,
0xCB5,0xD18,0xD0F,0xCA7,0xC12,0xB60,
0xAB2,0xA35,0x9FC,0x9FE,0xA16,0xA41,
0xA9F,0xB1C,0xB99,0xC17,0xC7D,0xC9B,
0xC98,0xC87,0xC38,0xBDA,0xB8E,0xB1F,
0xAA2,0xA30,0x9BE,0x962,0x94D,0x9A2,
0xA4C,0xB13,0xBE9,0xC90,0xCBF,0xCB6,
0xC7F,0xC0E,0xBA8,0xB68,0xB57,0xB9F,
0xC0C,0xC31,0xC50,0xC76,0xC62,0xC33,
0xBF0,0xB7F,0xB02,0xAB2,0xAA0,0xA7F,
0xA3A,0x9FF,0x9CA,0x9BE,0x9EF,0xA2A,
0xA72,0xAF0,0xB72,0xBBE,0xBDC,0xBDD,
0xBAD,0xB54,0xADB,0xA59,0x9FE,0x9DD,
0xA10,0xA7E,0xB10,0xBDF,0xC8C,0xCF0,
0xD2E,0xD03,0xC80,0xBBE,0xACC,0xA1D,
0x9AB,0x952,0x953,0x994,0x9EF,0xA6D,
0xADB,0xB19,0xB24,0xB10,0xAE0,0xA8B,
0xA46,0xA12,0xA1F,0xAB1,0xB61,0xBED,
0xC68,0xCB3,0xCC1,0xC81,0xBFA,0xB53,
0xA99,0xA13,0x9DC,0x9C6,0x9EA,0xA3B,
0xAA7,0xB46,0xBC7,0xC01,0xC24,0xC1A,
0xBEC,0xB9C,0xAFD,0xA1E,0x95B,0x8E9,
0x8A2,0x8AF,0x935,0x9E5,0xA99,0xB3A,
0xBCE,0xC80,0xD19,0xD8E,0xDF5,0xE09,
0xDCE,0xD4E,0xC79,0xB65,0xA3B,0x926,
0x881,0x871,0x8E0,0x9BF,0xB15,0xCA7,
0xDF8,0xEC0,0xED0,0xE34,0xD1F,0xB91,
0x9DE,0x870,0x768,0x6D3,0x6C1,0x756,
0x860,0x95F,0xA32,0xB05,0xBE4,0xCA7,
0xD00,0xD13,0xD09,0xCC2,0xC39,0xB67,
0xA98,0xA16,0x9A0,0x94E,0x974,0x9D7,
0xA20,0xA54,0xA84,0xAC0,0xB17,0xB79,
0xBCA,0xBFC,0xC15,0xBFA,0xB6C,0xAB4,
0xA69,0xA73,0xAB3,0xB66,0xC1A,0xC4B,
0xC0E,0xB72,0xA9E,0x9BC,0x8EF,0x880,
0x8AA,0x988,0xAB6,0xBBE,0xCA2,0xD6B,
0xDB0,0xD37,0xC78,0xB9C,0xA9F,0x9CC,
0x94C,0x956,0x9D3,0xA57,0xADE,0xB35,
0xB1A,0xACB,0xA5D,0x9F6,0x9D3,0xA0E,
0xA9D,0xB36,0xBB5,0xBFC,0xBE9,0xBC1,
0xB76,0xAE9,0xA79,0xA41,0xA54,0xAC3,
0xB35,0xB80,0xBBA,0xBEE,0xC17,0xBF4,
0xB66,0xAC0,0xA4E,0xA20,0xA3D,0xA9D,
0xB4E,0xC47,0xCFC,0xD45,0xD53,0xCE4,
0xC0A,0xB06,0x9F0,0x925,0x8F7,0x953,
0xA23,0xB57,0xC71,0xD39,0xD93,0xD3E,
0xC6C,0xB5B,0xA45,0x97C,0x8FE,0x8CD,
0x8F9,0x953,0x9CA,0xA4B,0xAA5,0xADF,
0xB0C,0xB27,0xB3C,0xB63,0xBA3,0xBDA,
0xC12,0xC30,0xC02,0xBB8,0xB45,0xACB,
0xA9E,0xABD,0xB32,0xBC8,0xC4E,0xCCD,
0xCF3,0xCC4,0xC7F,0xC09,0xB7E,0xAFE,
0xA93,0xA7C,0xA91,0xA9E,0xABD,0xACF,
0xAE4,0xB05,0xB07,0xB09,0xB28,0xB4B,
0xB58,0xB36,0xAE2,0xAA7,0xA9F,0xAA5,
0xADA,0xB1D,0xB23,0xB07,0xAC1,0xA3B,
0x9C1,0x975,0x964,0x9C9,0xA85,0xB4D,
0xC13,0xC90,0xCA3,0xC70,0xBFA,0xB5F,
0xABF,0xA27,0x9C0,0x988,0x944,0x90C,
0x91F,0x979,0x9FA,0xA83,0xB09,0xB97,
0xC30,0xCC2,0xD0D,0xD0D,0xCF5,0xCBF,
0xC52,0xBC3,0xB52,0xAEC,0xA73,0xA41,
0xA67,0xA9D,0xAF6,0xB6D,0xBDE,0xC37,
0xC60,0xC51,0xC1C,0xBCE,0xB4C,0xA9B,
0x9FC,0x994,0x980,0x9DD,0xA91,0xB4E,
0xBDE,0xC2E,0xC24,0xBA2,0xADE,0x9F9,
0x926,0x8E3,0x923,0x9BB,0xABB,0xBCF,
0xCB2,0xD63,0xDCE,0xDE4,0xD9C,0xCF0,
0xBEF,0xACC,0x9AB,0x8BA,0x833,0x82C,
0x898,0x968,0xA75,0xB73,0xC40,0xCD5,
0xD00,0xCDA,0xCB8,0xC80,0xC0B,0xB70,
0xAC3,0xA19,0x980,0x8EA,0x873,0x872,
0x8F8,0x99E,0xA4F,0xB3F,0xC45,0xD18,
0xD73,0xD55,0xCF6,0xC4A,0xB57,0xA59,
0x99E,0x956,0x96A,0x9C4,0xA5B,0xB0A,
0xB9A,0xBD7,0xBB6,0xB4E,0xADE,0xA8E,
0xA35,0x9F7,0xA0A,0xA26,0xA39,0xA80,
0xAE4,0xB2D,0xB59,0xB9F,0xC00,0xC1D,
0xC03,0xBF1,0xBCD,0xB8C,0xB36,0xACB,
0xA5B,0x9F6,0x9BA,0x9B4,0x9F9,0xA98,
0xB75,0xC3D,0xCB9,0xCF5,0xCE3,0xC69,
0xBB7,0xAFE,0xA65,0xA1A,0xA14,0xA38,
0xA97,0xB0D,0xB75,0xBB7,0xBC1,0xBA0,
0xB66,0xB0B,0xAC0,0xAA0,0xA7B,0xA69,
0xA9B,0xAD2,0xB0C,0xB43,0xB4E,0xB65,
0xB78,0xB56,0xB37,0xB26,0xB03,0xAD6,
0xAD6,0xB18,0xB61,0xBB3,0xBE3,0xBDC,
0xBDC,0xBB4,0xB74,0xB56,0xB41,0xB63,
0xBBA,0xBE7,0xBDF,0xBA2,0xB15,0xA7F,
0x9FB,0x97A,0x96F,0x9E6,0xA79,0xB1C,
0xBB0,0xC0F,0xC19,0xBB4,0xB3F,0xAD9,
0xA57,0xA08,0x9F8,0xA27,0xA97,0xAF5,
0xB77,0xC13,0xC54,0xC78,0xC75,0xBF7,
0xB4D,0xAA3,0x9DE,0x96C,0x95C,0x971,
0x9DD,0xA7D,0xB2A,0xBB9,0xBE0,0xBF4,
0xC06,0xBC7,0xB74,0xB30,0xAF5,0xAC8,
0xA8C,0xA54,0xA37,0xA33,0xA2F,0xA05,
0x9FD,0xA35,0xA8C,0xB1C,0xBC6,0xC6F,
0xD0A,0xD48,0xD1B,0xCB4,0xC2D,0xB83,
0xADF,0xA86,0xA58,0xA2E,0xA15,0x9E6,
0x9A3,0x96D,0x94D,0x96B,0x9DD,0xA8A,
0xB41,0xBEE,0xC83,0xCC2,0xCA2,0xC39,
0xBC4,0xB5C,0xAE2,0xA8A,0xA66,0xA46,
0xA3C,0xA54,0xA97,0xAF9,0xB4B,0xBBC,
0xC31,0xC4F,0xC54,0xC3A,0xBE5,0xBB8,
0xB77,0xAED,0xA6B,0x9EC,0x97A,0x947,
0x94B,0x9AA,0xA62,0xB26,0xBF8,0xC96,
0xCA7,0xC78,0xC2E,0xBA7,0xB27,0xAE2,
0xAED,0xB69,0xBD7,0xC00,0xC35,0xC5B,
0xC5A,0xC36,0xBE7,0xB80,0xB10,0xAB8,
0xA8A,0xA4B,0x9EA,0x9AA,0x9A1,0x9BE,
0x9F7,0xA37,0xA8D,0xB0F,0xB8E,0xBE7,
0xC13,0xBE4,0xB8B,0xB36,0xAC1,0xA4E,
0x9EB,0x9BF,0xA01,0xA86,0xB33,0xBEB,
0xC85,0xCEF,0xD1E,0xCEE,0xC66,0xBA1,
0xAD2,0xA47,0x9E3,0x9A0,0x99D,0x9BF,
0xA03,0xA56,0xAA7,0xADC,0xAF3,0xB06,
0xAEC,0xAA5,0xA5F,0xA3D,0xA63,0xAD0,
0xB4B,0xBAD,0xC09,0xC4B,0xC6A,0xC47,
0xBDF,0xB61,0xAD4,0xA59,0xA12,0x9E5,
0x9E8,0xA29,0xA95,0xB34,0xBC2,0xBF5,
0xBFC,0xBEF,0xBC3,0xB67,0xAAE,0x9C9,
0x924,0x8D8,0x8CF,0x919,0x9B7,0xA82,
0xB37,0xBA6,0xBFD,0xC5D,0xCB2,0xD05,
0xD4A,0xD5F,0xD41,0xCF3,0xC6C,0xB92,
0xA7B,0x98E,0x917,0x916,0x968,0xA0A,
0xB2C,0xC8F,0xDBB,0xE63,0xE63,0xDDB,
0xCF3,0xB97,0xA05,0x8C7,0x7F2,0x76F,
0x766,0x7E0,0x8B5,0x9A0,0xA6B,0xB20,
0xBE1,0xC8A,0xCF3,0xD16,0xCF5,0xCBE,
0xC5D,0xBB0,0xAF2,0xA56,0x9C9,0x96C,
0x97B,0x9D5,0xA2C,0xA60,0xAA7,0xB17,
0xB83,0xBEA,0xC3A,0xC46,0xC2F,0xBDF,
0xB15,0xA51,0xA06,0xA16,0xA87,0xB41,
0xBE5,0xC35,0xC15,0xBA0,0xB0A,0xA4E,
0x991,0x93A,0x95E,0xA03,0xAF8,0xBA9,
0xC28,0xCBF,0xCF9,0xC98,0xBFF,0xB59,
0xAB6,0xA29,0x9CB,0x9D8,0xA1C,0xA66,
0xAA7,0xABC,0xA92,0xA3F,0x9FD,0x9D5,
0x9DE,0xA34,0xADD,0xB94,0xC0B,0xC25,
0xBED,0xBAB,0xB54,0xAD8,0xA88,0xA62,
0xA8B,0xB01,0xB65,0xB95,0xB9E,0xB95,
0xB80,0xB42,0xAC9,0xA5A,0xA28,0xA39,
0xA8F,0xB09,0xBC8,0xCA7,0xD31,0xD6C,
0xD59,0xCBD,0xBC9,0xAB8,0x9C0,0x93A,
0x91E,0x966,0xA35,0xB50,0xC62,0xD33,
0xD77,0xD1B,0xC61,0xB75,0xAA7,0x9FF,
0x95D,0x91F,0x93B,0x95A,0x9A0,0x9F0,
0xA32,0xA8C,0xAE2,0xB25,0xB68,0xBB3,
0xBFE,0xC2B,0xC49,0xC3A,0xBF4,0xB98,
0xB08,0xA8A,0xA5F,0xA6C,0xAD3,0xB6C,
0xC11,0xCB2,0xCE9,0xCD4,0xCAF,0xC4C,
0xBC4,0xB21,0xA9C,0xA80,0xA6C,0xA52,
0xA6C,0xA80,0xA97,0xAC6,0xAE9,0xB29,
0xB7E,0xBA1,0xBAC,0xB9A,0xB50,0xAF4,
0xAAE,0xAA4,0xADD,0xB03,0xAF8,0xAEB,
0xA9F,0xA0E,0x9AD,0x985,0x98C,0x9E5,
0xA77,0xB33,0xBEF,0xC5D,0xC82,0xC7C,
0xC38,0xBC4,0xB34,0xA90,0x9EF,0x982,
0x942,0x914,0x934,0x99C,0xA14,0xA9B,
0xB31,0xBAD,0xC23,0xCA2,0xCFB,0xD21,
0xD1D,0xCEC,0xC84,0xBEF,0xB5C,0xAC2,
0xA3B,0xA18,0xA50,0xAAB,0xB2E,0xBB0,
0xC06,0xC35,0xC16,0xBD8,0xB99,0xB38,
0xADB,0xA78,0xA19,0x9E8,0xA0B,0xA85,
0xB1E,0xBB2,0xBFA,0xC01,0xBC3,0xB1B,
0xA64,0x9BD,0x944,0x93A,0x987,0xA2E,
0xB24,0xC0D,0xCD9,0xD96,0xE01,0xDEF,
0xD73,0xC9B,0xB7F,0xA56,0x951,0x888,
0x82B,0x851,0x8D6,0x9B1,0xAC0,0xBB9,
0xC7E,0xD07,0xD35,0xD19,0xCCD,0xC5E,
0xBCD,0xB11,0xA5B,0x9B8,0x938,0x8E8,
0x8BB,0x8F9,0x9AF,0xA6A,0xB25,0xBEF,
0xC89,0xCD3,0xCC2,0xC74,0xBF9,0xB57,
0xAAB,0xA16,0x9CF,0x9E2,0xA28,0xA80,
0xACE,0xB2C,0xB78,0xB75,0xB52,0xB0E,
0xAAE,0xA86,0xA62,0xA38,0xA56,0xA78,
0xA84,0xAC5,0xB12,0xB3C,0xB5E,0xB90,
0xBCE,0xBEF,0xBDC,0xBBE,0xBA4,0xB5E,
0xAFB,0xA94,0xA34,0xA06,0x9E7,0x9D4,
0xA36,0xAF3,0xB9C,0xC17,0xC63,0xC71,
0xC3A,0xBCC,0xB49,0xAD4,0xA7D,0xA5E,
0xA5E,0xA6B,0xA9E,0xAEB,0xB27,0xB40,
0xB44,0xB22,0xADD,0xAA3,0xA8A,0xA91,
0xAA3,0xAC4,0xAF4,0xB15,0xB28,0xB33,
0xB22,0xB0A,0xB20,0xB2F,0xB10,0xAF0,
0xACC,0xAA3,0xAA2,0xAEA,0xB4F,0xBB1,
0xBE8,0xBE3,0xBBF,0xB73,0xB22,0xB01,
0xB0A,0xB41,0xB8A,0xBA9,0xB8A,0xB54,
0xAFA,0xA8B,0xA0F,0x9AA,0x9D2,0xA4B,
0xACE,0xB65,0xBDD,0xC19,0xBF0,0xB76,
0xAFB,0xA80,0xA1F,0x9EC,0x9E5,0xA2F,
0xA92,0xAD2,0xB50,0xBE7,0xC2B,0xC51,
0xC49,0xBD2,0xB3A,0xAB2,0xA30,0x9D6,
0x9BD,0x9D4,0xA29,0xAAB,0xB2F,0xB7A,
0xB94,0xBB7,0xBC7,0xBA9,0xB72,0xB1D,
0xADC,0xAC2,0xA83,0xA4D,0xA51,0xA6B,
0xA63,0xA28,0xA16,0xA4E,0xA9A,0xB0D,
0xBA1,0xC2E,0xCBE,0xD11,0xCF3,0xC9D,
0xC15,0xB7C,0xB0A,0xAC1,0xA9E,0xA86,
0xA70,0xA49,0x9F8,0x997,0x94A,0x947,
0x9B4,0xA63,0xB1E,0xBE3,0xC80,0xCB6,
0xC8E,0xC30,0xBB6,0xB33,0xAD4,0xA9D,
0xA70,0xA67,0xA83,0xAAD,0xAED,0xB3C,
0xB99,0xC11,0xC5E,0xC69,0xC6D,0xC50,
0xC1D,0xBEB,0xB86,0xAFA,0xA73,0x9E6,
0x962,0x921,0x941,0x9C2,0xA7A,0xB43,
0xBFA,0xC6B,0xC85,0xC78,0xC53,0xC00,
0xBA2,0xB6A,0xB5E,0xB8B,0xBAC,0xBB7,
0xBE8,0xC16,0xC17,0xC02,0xBCB,0xB65,
0xB08,0xAE6,0xAE1,0xABC,0xA84,0xA50,
0xA1D,0xA05,0xA03,0xA16,0xA56,0xAC5,
0xB4A,0xBB9,0xBED,0xBD4,0xBA3,0xB50,
0xADA,0xA72,0xA12,0x9F5,0xA2C,0xA91,
0xB22,0xBC3,0xC53,0xCB8,0xCD4,0xC91,
0xC0D,0xB65,0xABA,0xA64,0xA3B,0xA1B,
0xA1D,0xA23,0xA1C,0xA13,0xA16,0xA28,
0xA3D,0xA75,0xAC4,0xAEB,0xB01,0xB11,
0xB36,0xB92,0xBD0,0xBEC,0xC05,0xBF5,
0xBCE,0xB7C,0xB07,0xA9D,0xA40,0xA1B,
0xA32,0xA52,0xA92,0xADC,0xB20,0xB88,
0xBCC,0xBC9,0xBC3,0xBAE,0xB72,0xAF9,
0xA3E,0x98D,0x91F,0x8E5,0x8EA,0x94A,
0x9FF,0xAD8,0xB99,0xC05,0xC4B,0xCA8,
0xCE9,0xD22,0xD5D,0xD3F,0xCD1,0xC45,
0xBA5,0xACE,0x9D9,0x939,0x915,0x94D,
0x9C9,0xA7A,0xB91,0xCD8,0xDB4,0xE0C,
0xDDE,0xD46,0xC5A,0xB05,0x9A4,0x894,
0x7D7,0x788,0x7BF,0x871,0x965,0xA55,
0xB22,0xBC5,0xC3E,0xC9B,0xCC4,0xCA3,
0xC59,0xC05,0xB89,0xAE4,0xA65,0xA11,
0x9D6,0x9D0,0xA0D,0xA61,0xA97,0xAB5,
0xAD2,0xB0B,0xB66,0xBB6,0xBEA,0xC05,
0xC01,0xBAC,0xB00,0xA66,0xA35,0xA69,
0xAE0,0xB7B,0xBF5,0xC0C,0xBC0,0xB35,
0xA88,0x9DA,0x94F,0x924,0x984,0xA53,
0xB55,0xC0E,0xC7B,0xCF1,0xD02,0xC90,
0xBFB,0xB40,0xA73,0x9BE,0x94C,0x938,
0x97B,0xA01,0xAA4,0xB17,0xB40,0xB5A,
0xB4A,0xB0F,0xAF4,0xAFB,0xB1B,0xB2B,
0xB26,0xB1A,0xAFE,0xAE5,0xAC4,0xAA4,
0xAA9,0xAC3,0xB09,0xB7C,0xBD4,0xC03,
0xC0B,0xBF2,0xBBF,0xB4A,0xAB3,0xA40,
0xA15,0xA4A,0xAB1,0xB37,0xBF9,0xCB1,
0xD0F,0xD2E,0xD03,0xC64,0xB97,0xAB7,
0x9D5,0x94D,0x93A,0x99A,0xA7D,0xB90,
0xC7C,0xD31,0xD75,0xD11,0xC34,0xB27,
0xA34,0x97F,0x90C,0x8FA,0x92C,0x979,
0x9EF,0xA52,0xAB0,0xB16,0xB4D,0xB87,
0xBC6,0xBED,0xC0C,0xC0B,0xBFA,0xBDB,
0xB9A,0xB32,0xAAA,0xA49,0xA47,0xA97,
0xB13,0xBA7,0xC4B,0xCD1,0xCF7,0xCD0,
0xC75,0xBED,0xB5D,0xADC,0xA7C,0xA60,
0xA68,0xA70,0xA80,0xA9B,0xAC6,0xB02,
0xB2B,0xB54,0xB98,0xBC3,0xBB0,0xB65,
0xB06,0xAC1,0xA9B,0xAA5,0xAD1,0xAFB,
0xB0D,0xAF3,0xA92,0xA17,0x9C1,0x991,
0x9AC,0xA19,0xAB3,0xB75,0xC09,0xC3F,
0xC5A,0xC4E,0xBE9,0xB61,0xAD9,0xA42,
0x9B6,0x959,0x928,0x92B,0x96B,0x9E1,
0xA6E,0xB04,0xB8D,0xBFB,0xC6D,0xCDD,
0xD13,0xD01,0xCC5,0xC60,0xBBE,0xB0C,
0xA90,0xA34,0x9FF,0xA30,0xAA2,0xB21,
0xB97,0xBE9,0xC13,0xC1C,0xBFB,0xBBD,
0xB71,0xB1D,0xABB,0xA4F,0xA06,0x9F3,
0xA14,0xA77,0xB14,0xBB4,0xC14,0xC1B,
0xBC6,0xB29,0xA60,0x999,0x927,0x913,
0x953,0x9FC,0xAF1,0xBDB,0xCA1,0xD4C,
0xDA2,0xD88,0xD26,0xC7F,0xB92,0xA7C,
0x967,0x89B,0x847,0x860,0x8E4,0x9C7,
0xAD6,0xBD6,0xC8F,0xCFB,0xD12,0xCD0,
0xC78,0xC16,0xB7E,0xAD1,0xA49,0x9DC,
0x97E,0x936,0x903,0x91C,0x98A,0xA0C,
0xAC3,0xBA2,0xC63,0xCFA,0xD2D,0xCFD,
0xC89,0xBD1,0xB01,0xA49,0x9D3,0x9B8,
0x9E6,0xA2F,0xA8D,0xB08,0xB55,0xB6C,
0xB68,0xB29,0xAE3,0xABE,0xA7E,0xA5F,
0xA7A,0xA6C,0xA65,0xA95,0xAD9,0xB15,
0xB32,0xB71,0xBC3,0xBCF,0xBB7,0xBA5,
0xB7A,0xB44,0xB2C,0xAED,0xA8F,0xA5D,
0xA35,0xA2B,0xA64,0xACD,0xB5C,0xBE0,
0xC24,0xC3F,0xC21,0xBB0,0xB3C,0xADE,
0xA8A,0xA80,0xAA9,0xAD1,0xB0F,0xB5A,
0xB8E,0xB8F,0xB5C,0xB14,0xACD,0xA90,
0xA6A,0xA6F,0xA9C,0xACC,0xAFD,0xB43,
0xB77,0xB7D,0xB67,0xB49,0xB34,0xB23,
0xAFA,0xACB,0xAA4,0xA81,0xA8E,0xAEB,
0xB5C,0xBB2,0xBE5,0xBF2,0xBE0,0xBAD,
0xB67,0xB40,0xB39,0xB5B,0xBA0,0xBAA,
0xB71,0xB21,0xABD,0xA4E,0x9D7,0x99C,
0x9E7,0xA64,0xAD9,0xB69,0xBEE,0xC3C,
0xC1F,0xB99,0xB0D,0xA87,0xA0E,0x9C5,
0x9C1,0xA2A,0xAAB,0xB16,0xBB9,0xC53,
0xC81,0xC70,0xC24,0xB7E,0xAC7,0xA32,
0x9B0,0x97E,0x9A0,0x9D9,0xA36,0xACE,
0xB65,0xBCC,0xBF4,0xC0A,0xC00,0xBBC,
0xB74,0xB26,0xAD6,0xAA3,0xA72,0xA56,
0xA5F,0xA72,0xA5C,0xA33,0xA4B,0xA7D,
0xACD,0xB59,0xBD4,0xC41,0xCAF,0xCC6,
0xC87,0xC1A,0xB8D,0xAFE,0xA9E,0xA7F,
0xA7D,0xA81,0xA93,0xA8C,0xA4C,0x9FD,
0x9D0,0x9CF,0xA0F,0xA90,0xB1F,0xBAF,
0xC2D,0xC6C,0xC60,0xC0F,0xBAA,0xB43,
0xADE,0xA99,0xA78,0xA74,0xA71,0xA6E,
0xAB0,0xB15,0xB60,0xBB3,0xBF2,0xBF1,
0xBEE,0xBE9,0xBCA,0xBAF,0xB73,0xB22,
0xAE5,0xA8E,0xA18,0x9CD,0x9C4,0xA08,
0xA8D,0xB0E,0xB92,0xBED,0xBF7,0xBF8,
0xBE4,0xBAC,0xB82,0xB70,0xB7E,0xBBA,
0xBDE,0xBCD,0xBDF,0xBEC,0xBCD,0xBB7,
0xB8E,0xB41,0xAF8,0xADC,0xAE4,0xACA,
0xA81,0xA3E,0xA14,0xA0B,0xA22,0xA47,
0xA90,0xAFB,0xB65,0xBB9,0xBDA,0xBC9,
0xB93,0xB48,0xAFA,0xAA1,0xA52,0xA32,
0xA54,0xAA8,0xB19,0xB8B,0xBF0,0xC50,
0xC7E,0xC62,0xC11,0xB87,0xAFC,0xAA6,
0xA66,0xA3C,0xA3E,0xA45,0xA51,0xA6B,
0xA81,0xA96,0xAA2,0xAB4,0xAC7,0xAC1,
0xABD,0xACD,0xB08,0xB6C,0xBB6,0xBEF,
0xC19,0xC14,0xBF7,0xBB0,0xB43,0xAD5,
0xA6F,0xA2E,0xA14,0xA13,0xA36,0xA7E,
0xAEC,0xB75,0xBDC,0xBFE,0xBFC,0xBE2,
0xBA3,0xB22,0xA66,0x9B6,0x940,0x91C,
0x93A,0x9A1,0xA51,0xAFF,0xB83,0xBD2,
0xC0E,0xC57,0xC87,0xCC1,0xCFA,0xCEF,
0xCBD,0xC5A,0xBB9,0xAE0,0x9F4,0x962,
0x931,0x95F,0x9FC,0xACC,0xBD3,0xCDB,
0xD87,0xDBD,0xD75,0xCD2,0xBE1,0xAB8,
0x9A0,0x8B8,0x827,0x807,0x83C,0x8C6,
0x991,0xA61,0xB11,0xBA9,0xC28,0xC65,
0xC7A,0xC62,0xC10,0xBC0,0xB52,0xAB4,
0xA45,0xA10,0x9DE,0x9E8,0xA42,0xA9A,
0xABE,0xAC1,0xAE7,0xB1F,0xB4E,0xB94,
0xBC0,0xBC6,0xBC4,0xB6C,0xAD0,0xA67,
0xA4F,0xA83,0xAF1,0xB8E,0xC12,0xC1D,
0xBDF,0xB62,0xABB,0xA08,0x963,0x930,
0x962,0xA0A,0xAF7,0xBA3,0xC34,0xCAE,
0xCD1,0xC89,0xC07,0xB75,0xAD0,0xA39,
0x9DC,0x9D9,0xA11,0xA54,0xAA0,0xAC4,
0xAAC,0xA95,0xA7D,0xA6B,0xA90,0xAEA,
0xB4E,0xB9A,0xBC8,0xBC2,0xB88,0xB49,
0xAF4,0xAA4,0xA6C,0xA58,0xAA8,0xB24,
0xB80,0xBC2,0xBEC,0xC04,0xBF5,0xB8F,
0xAEC,0xA6D,0xA41,0xA50,0xA90,0xB0D,
0xBD9,0xC99,0xCE3,0xCF0,0xCC9,0xC2D,
0xB5A,0xA75,0x9B2,0x960,0x975,0x9E0,
0xAAD,0xBAD,0xC87,0xD14,0xD2A,0xCB3,
0xBF1,0xB14,0xA57,0x9CF,0x95D,0x946,
0x96F,0x99C,0x9F9,0xA55,0xAA9,0xB03,
0xB2C,0xB5B,0xBA3,0xBD3,0xBE6,0xBD9,
0xBC9,0xBA8,0xB77,0xB41,0xAEF,0xAB3,
0xAB4,0xAF9,0xB70,0xBDC,0xC51,0xCB1,
0xCB0,0xC7E,0xC25,0xBAE,0xB37,0xAAF,
0xA54,0xA49,0xA66,0xA90,0xAB7,0xADF,
0xB16,0xB47,0xB5B,0xB6F,0xB94,0xB8E,
0xB63,0xB30,0xAC9,0xA6C,0xA55,0xA7A,
0xAD8,0xB24,0xB4B,0xB59,0xAED,0xA51,
0x9EF,0x9A0,0x993,0x9ED,0xA95,0xB76,
0xC27,0xC74,0xC98,0xC7B,0xBFC,0xB5A,
0xAC0,0xA2A,0x99A,0x943,0x930,0x951,
0x9A4,0xA1A,0xA9A,0xB10,0xB7B,0xBD7,
0xC2B,0xC85,0xCB5,0xCB6,0xCA2,0xC69,
0xC10,0xB96,0xB1C,0xAA6,0xA43,0xA3C,
0xA79,0xAC8,0xB38,0xB9C,0xBE3,0xC20,
0xC22,0xBE7,0xBA3,0xB52,0xADF,0xA54,
0x9DA,0x9A6,0x9CB,0xA39,0xACA,0xB55,
0xBC1,0xBF7,0xBCE,0xB61,0xAC7,0xA0F,
0x991,0x974,0x9A6,0xA2F,0xAEA,0xBA5,
0xC56,0xCF4,0xD43,0xD20,0xCC9,0xC46,
0xB7B,0xA96,0x9BF,0x918,0x8C9,0x8C6,
0x91F,0x9D7,0xABA,0xB91,0xC35,0xC93,
0xCAB,0xC90,0xC64,0xC1B,0xB95,0xB06,
0xA98,0xA20,0x99E,0x93C,0x901,0x91E,
0x999,0xA27,0xACE,0xB93,0xC4A,0xCCF,
0xCEB,0xCA9,0xC3D,0xBA9,0xAF9,0xA4C,
0x9D5,0x9BA,0x9EB,0xA37,0xAA2,0xB32,
0xB93,0xB9E,0xB7D,0xB1C,0xAC3,0xA8A,
0xA31,0xA0A,0xA1A,0xA21,0xA53,0xA9A,
0xAE2,0xB40,0xB93,0xBE4,0xC21,0xC24,
0xC04,0xBCD,0xB6E,0xB00,0xAA8,0xA50,
0xA09,0x9F9,0x9E6,0x9F8,0xA5D,0xAE2,
0xB72,0xBDE,0xC11,0xC2E,0xC17,0xBCD,
0xB6E,0xB17,0xAD6,0xAA6,0xA9A,0xA96,
0xAA5,0xAE2,0xB23,0xB5B,0xB71,0xB52,
0xB22,0xAEB,0xAC4,0xAA0,0xA7E,0xA97,
0xAD3,0xB22,0xB70,0xB82,0xB6E,0xB52,
0xB30,0xB0B,0xAD6,0xAB0,0xAA1,0xA8C,
0xAAF,0xB10,0xB76,0xBCB,0xBF8,0xC11,
0xC13,0xBEB,0xBB1,0xB78,0xB57,0xB60,
0xB6D,0xB5E,0xB3A,0xB0E,0xACF,0xA7F,
0xA2E,0xA1A,0xA61,0xABA,0xB10,0xB7D,
0xBC2,0xBCA,0xB8F,0xB12,0xAA8,0xA5E,
0xA2B,0xA24,0xA41,0xAA4,0xB19,0xB68,
0xBE3,0xC5B,0xC78,0xC7B,0xC43,0xB9D,
0xAFE,0xA6C,0x9D9,0x99D,0x9A7,0x9E2,
0xA66,0xB01,0xB8E,0xBE6,0xC02,0xC1C,
0xC07,0xBB5,0xB6A,0xB11,0xABA,0xA8B,
0xA6B,0xA56,0xA61,0xA85,0xA87,0xA6F,
0xA87,0xAB1,0xAEF,0xB69,0xBDE,0xC48,
0xC97,0xC90,0xC68,0xC25,0xBAF,0xB40,
0xB01,0xAEE,0xAE8,0xADD,0xAD1,0xA9D,
0xA42,0x9F0,0x9B1,0x9B7,0xA15,0xAA1,
0xB48,0xBE1,0xC4D,0xC75,0xC59,0xC1A,
0xBB4,0xB3F,0xADD,0xA97,0xA68,0xA47,
0xA3D,0xA48,0xA7D,0xADE,0xB45,0xBC4,
0xC1E,0xC36,0xC4E,0xC41,0xC1A,0xBEA,
0xB81,0xB0C,0xAA6,0xA2B,0x9A8,0x959,
0x967,0x9C1,0xA56,0xB12,0xBCE,0xC3C,
0xC4B,0xC45,0xC19,0xBBC,0xB6D,0xB34,
0xB30,0xB70,0xBA3,0xBB2,0xBCC,0xBE5,
0xBD7,0xBA1,0xB4E,0xAEE,0xAAC,0xAA5,
0xAA7,0xA82,0xA5E,0xA4A,0xA3A,0xA3C,
0xA42,0xA58,0xA9C,0xB0A,0xB77,0xBB7,
0xBC7,0xBB4,0xB67,0xAF7,0xA92,0xA40,
0xA09,0xA03,0xA37,0xA97,0xB11,0xB94,
0xBFB,0xC47,0xC72,0xC5C,0xC06,0xB7E,
0xB02,0xAB7,0xA73,0xA48,0xA2C,0xA1C,
0xA3D,0xA69,0xA9A,0xAC1,0xACC,0xADC,
0xAD5,0xAB5,0xAA1,0xA9D,0xAC0,0xB0A,
0xB54,0xB95,0xBD2,0xC00,0xC0A,0xBE0,
0xB8E,0xB18,0xA95,0xA33,0x9F5,0x9D6,
0x9F5,0xA39,0xA9F,0xB1E,0xB8D,0xBDD,
0xC06,0xC0A,0xBD9,0xB48,0xA9C,0xA08,
0x987,0x941,0x945,0x991,0xA24,0xAB8,
0xB35,0xB93,0xBDF,0xC36,0xC79,0xCBB,
0xCFD,0xCF7,0xCBD,0xC54,0xBAF,0xAEA,
0xA2A,0x9B4,0x982,0x9A6,0xA21,0xAC6,
0xBB0,0xCA5,0xD61,0xDC4,0xD8D,0xCE4,
0xBE9,0xAAF,0x987,0x896,0x808,0x7EE,
0x83F,0x8F0,0x9C8,0xAA2,0xB54,0xBEF,
0xC72,0xCA9,0xC9F,0xC58,0xBF5,0xB99,
0xB14,0xA7E,0xA32,0xA1E,0xA0A,0xA21,
0xA77,0xABF,0xAC6,0xAAE,0xAAF,0xADC,
0xB19,0xB5E,0xBA3,0xBE3,0xC0F,0xBD6,
0xB4D,0xAEA,0xAC0,0xAC3,0xB04,0xB74,
0xBC3,0xBB7,0xB77,0xB03,0xA71,0x9E0,
0x95D,0x947,0x9A1,0xA41,0xB18,0xBBB,
0xC3C,0xCB3,0xCD0,0xC7D,0xBF7,0xB61,
0xAB4,0xA2C,0x9FA,0xA06,0xA43,0xA8A,
0xAD4,0xB0F,0xB05,0xADB,0xAA4,0xA71,
0xA72,0xAB1,0xB0D,0xB60,0xBA1,0xBA8,
0xB85,0xB64,0xB16,0xABB,0xA86,0xA6C,
0xA94,0xAE3,0xB23,0xB60,0xB8D,0xB9F,
0xB8B,0xB3F,0xAD0,0xA7E,0xA64,0xA81,
0xACC,0xB4F,0xC13,0xCBC,0xD01,0xD07,
0xCCC,0xC29,0xB49,0xA69,0x9B6,0x96B,
0x99A,0xA1B,0xAEA,0xBD8,0xC81,0xCD2,
0xCBE,0xC3C,0xB8C,0xAC9,0xA28,0x9C8,
0x980,0x982,0x9AD,0x9DA,0xA30,0xA75,
0xAAD,0xAF0,0xB19,0xB3E,0xB63,0xBA2,
0xBE1,0xC04,0xC20,0xC09,0xBCC,0xB6F,
0xAF3,0xAB0,0xAAA,0xAE6,0xB5F,0xBD3,
0xC3F,0xC77,0xC5A,0xC27,0xBD9,0xB71,
0xB0D,0xAB3,0xA7B,0xA77,0xA90,0xABE,
0xADA,0xAE1,0xAFF,0xB24,0xB3E,0xB53,
0xB6A,0xB7E,0xB66,0xB23,0xAD7,0xAA2,
0xA9F,0xAAB,0xAC4,0xAF0,0xB0E,0xB10,
0xAD7,0xA82,0xA47,0xA19,0xA16,0xA59,
0xABC,0xB38,0xBB6,0xC0A,0xC2D,0xC2A,
0xBE3,0xB67,0xAE1,0xA4E,0x9D2,0x990,
0x975,0x985,0x9C9,0xA2D,0xAA1,0xB0C,
0xB64,0xBC0,0xC31,0xC9A,0xCC7,0xCC3,
0xCA3,0xC4F,0xBDE,0xB67,0xAF4,0xA94,
0xA5B,0xA6E,0xAAE,0xB00,0xB66,0xBB9,
0xBF5,0xC27,0xC26,0xBF6,0xBC3,0xB6E,
0xAE8,0xA61,0x9F1,0x9C4,0x9F4,0xA63,
0xAF3,0xB76,0xBE3,0xC20,0xBE6,0xB53,
0xAA4,0xA05,0x9A6,0x99A,0x9DA,0xA67,
0xB2E,0xBEE,0xC83,0xD04,0xD4B,0xD33,
0xCDE,0xC52,0xB7A,0xA86,0x9A4,0x8F1,
0x89D,0x8AE,0x91E,0x9E2,0xACE,0xBB4,
0xC65,0xCBC,0xCC6,0xCA2,0xC65,0xC0A,
0xB77,0xAD4,0xA5F,0x9F6,0x99A,0x951,
0x91A,0x938,0x9AC,0xA3B,0xAF3,0xBC3,
0xC60,0xCB8,0xCC6,0xC8D,0xC10,0xB59,
0xA9A,0xA12,0x9E3,0x9EC,0xA1B,0xA6D,
0xADF,0xB59,0xB8E,0xB7A,0xB49,0xAFF,
0xACC,0xAAC,0xA6C,0xA4E,0xA5B,0xA64,
0xA82,0xAAD,0xADE,0xB10,0xB45,0xB9C,
0xBDE,0xBEF,0xBDE,0xBBB,0xB86,0xB32,
0xADE,0xA90,0xA43,0xA26,0xA25,0xA38,
0xA8F,0xAFF,0xB73,0xBE2,0xC0C,0xC08,
0xBDC,0xB82,0xB16,0xAAE,0xA70,0xA6E,
0xA96,0xAC0,0xAF1,0xB47,0xB85,0xB8B,
0xB71,0xB2F,0xAD8,0xA97,0xA63,0xA4F,
0xA6E,0xAA1,0xAEE,0xB3D,0xB75,0xB87,
0xB63,0xB3B,0xB2F,0xB14,0xAF6,0xAE4,
0xAC1,0xAB2,0xAE4,0xB2A,0xB61,0xB93,
0xBB3,0xBBA,0xBAE,0xB7F,0xB43,0xB25,
0xB1F,0xB60,0xBA5,0xB9F,0xB8D,0xB62,
0xB0D,0xAAE,0xA2F,0x9D4,0x9EC,0xA2F,
0xA95,0xB19,0xB8C,0xBE6,0xBE2,0xB8A,
0xB36,0xADB,0xA6C,0xA1C,0xA1D,0xA63,
0xAB2,0xAF7,0xB77,0xBFA,0xC1D,0xC0E,
0xBC7,0xB2B,0xA98,0xA25,0x9D0,0x9CE,
0x9FC,0xA3D,0xAB6,0xB41,0xBBB,0xBFD,
0xC00,0xBF0,0xBB9,0xB66,0xB23,0xAE4,
0xAA8,0xA7C,0xA5D,0xA5E,0xA81,0xA9D,
0xAA0,0xA95,0xAAB,0xAD5,0xB00,0xB3F,
0xB8A,0xBE6,0xC42,0xC60,0xC3C,0xC06,
0xBBD,0xB61,0xB1C,0xAE5,0xAAF,0xA9B,
0xA99,0xA84,0xA4E,0xA0F,0x9F7,0xA16,
0xA64,0xAD5,0xB4F,0xBDA,0xC45,0xC4F,
0xC1D,0xBCB,0xB66,0xB04,0xAB7,0xA98,
0xA8F,0xA92,0xA92,0xA97,0xAC9,0xB08,
0xB47,0xB97,0xBD7,0xBF3,0xC01,0xBEE,
0xBBA,0xB8D,0xB56,0xB06,0xAB1,0xA5A,
0xA01,0x9DE,0x9EE,0xA34,0xAB7,0xB47,
0xBCC,0xC13,0xC20,0xC1D,0xBDC,0xB7D,
0xB41,0xB25,0xB37,0xB78,0xBAD,0xBCD,
0xBFC,0xC1A,0xC06,0xBCC,0xB7A,0xB18,
0xAD6,0xAB9,0xAA8,0xA8D,0xA5A,0xA35,
0xA2A,0xA3A,0xA55,0xA74,0xABA,0xB23,
0xB8F,0xBD4,0xBD7,0xBA5,0xB58,0xB00,
0xA95,0xA34,0x9FD,0xA03,0xA42,0xAAC,
0xB2D,0xBA6,0xC09,0xC55,0xC67,0xC33,
0xBC7,0xB3A,0xAC7,0xA7C,0xA43,0xA35,
0xA37,0xA41,0xA65,0xA97,0xAC4,0xACD,
0xAD0,0xAEB,0xAF0,0xADB,0xAD0,0xACF,
0xAF0,0xB3C,0xB7B,0xBAA,0xBD6,0xBF2,
0xBE2,0xB8A,0xB1F,0xAC3,0xA68,0xA28,
0xA14,0xA21,0xA5B,0xAAD,0xB10,0xB86,
0xBD8,0xC07,0xC1B,0xC02,0xBBE,0xB2D,
0xA70,0x9C4,0x94E,0x921,0x937,0x991,
0xA32,0xAF1,0xB80,0xBDC,0xC34,0xC82,
0xCAA,0xCC3,0xCD0,0xCB2,0xC67,0xBF6,
0xB5E,0xAA5,0xA0B,0x9B8,0x9A1,0x9E2,
0xA68,0xB15,0xBF5,0xCD3,0xD67,0xD8A,
0xD44,0xCAC,0xBCC,0xAB9,0x9AF,0x8E3,
0x86F,0x860,0x89C,0x926,0x9DD,0xA7B,
0xB06,0xB8D,0xC01,0xC5E,0xC87,0xC71,
0xC2F,0xBC9,0xB48,0xAB9,0xA51,0xA23,
0x9FA,0xA10,0xA70,0xABB,0xADD,0xADB,
0xAE2,0xB01,0xB24,0xB4B,0xB6B,0xB82,
0xB80,0xB34,0xAC7,0xA93,0xA98,0xACA,
0xB3A,0xBC9,0xC20,0xC11,0xBB6,0xB35,
0xA9B,0x9F2,0x965,0x92C,0x970,0xA2E,
0xB09,0xBBA,0xC4F,0xCD7,0xD0C,0xCBB,
0xC2B,0xB74,0xAA7,0xA0C,0x9BE,0x9C9,
0xA15,0xA7A,0xAE4,0xB13,0xB07,0xAF8,
0xACD,0xAA4,0xAAB,0xAD4,0xB10,0xB37,
0xB46,0xB51,0xB55,0xB4E,0xB27,0xAED,
0xABA,0xAA4,0xAC6,0xB06,0xB41,0xB7C,
0xBB4,0xBCA,0xBC5,0xB83,0xB11,0xAB7,
0xA87,0xA83,0xAA5,0xB0C,0xBC1,0xC48,
0xC76,0xC90,0xC75,0xC11,0xB7C,0xABD,
0xA2C,0x9FC,0xA11,0xA61,0xAF3,0xBA0,
0xC30,0xC86,0xC88,0xC2C,0xB93,0xAEB,
0xA5E,0x9EC,0x99E,0x993,0x9A9,0x9D5,
0xA23,0xA5D,0xA93,0xAD8,0xB12,0xB52,
0xB8C,0xBC6,0xBFA,0xC06,0xBF1,0xBC8,
0xB81,0xB16,0xAAE,0xA83,0xAAB,0xB08,
0xB83,0xBFA,0xC5A,0xC8D,0xC6E,0xC26,
0xBD2,0xB6B,0xB0B,0xAC9,0xABE,0xACE,
0xAD9,0xADC,0xADD,0xACE,0xAB9,0xAB4,
0xAB9,0xAE1,0xB21,0xB4A,0xB54,0xB53,
0xB3F,0xB14,0xB02,0xB10,0xB1E,0xB1B,
0xB07,0xAEE,0xA91,0xA28,0x9EF,0x9C2,
0x9DD,0xA49,0xADC,0xB93,0xC2A,0xC69,
0xC6E,0xC3D,0xBC6,0xB2D,0xA93,0xA0B,
0x9AC,0x96E,0x960,0x991,0x9E3,0xA40,
0xAA3,0xB0A,0xB74,0xBCB,0xC1C,0xC78,
0xC9F,0xC8C,0xC64,0xC1A,0xBB1,0xB44,
0xADD,0xA87,0xA61,0xA78,0xAB7,0xB06,
0xB54,0xB96,0xBC5,0xBE5,0xBD8,0xBAB,
0xB79,0xB31,0xAD9,0xA86,0xA3B,0xA1A,
0xA34,0xA81,0xB05,0xB75,0xBAE,0xBB6,
0xB70,0xAFD,0xA74,0x9E7,0x9A1,0x9A9,
0x9F4,0xA83,0xB45,0xBFD,0xC85,0xCF3,
0xD27,0xCFE,0xC8A,0xBD2,0xAF4,0xA1F,
0x965,0x8FF,0x8FF,0x951,0x9E4,0xA9C,
0xB5E,0xBF8,0xC60,0xC88,0xC66,0xC39,
0xC08,0xBC5,0xB5E,0xAD0,0xA59,0x9ED,
0x980,0x93F,0x924,0x967,0xA0E,0xAAF,
0xB57,0xC0C,0xC94,0xCD3,0xCB1,0xC51,
0xBBB,0xB00,0xA55,0x9E1,0x9B9,0x9DE,
0xA36,0xAA5,0xB1B,0xB82,0xBA8,0xB8E,
0xB53,0xAF8,0xAAB,0xA75,0xA3C,0xA2B,
0xA3E,0xA51,0xA7F,0xAC7,0xB19,0xB4A,
0xB69,0xB95,0xBA8,0xB8D,0xB6C,0xB5A,
0xB3A,0xB1E,0xB08,0xAD8,0xAA5,0xA75,
0xA46,0xA39,0xA75,0xAE3,0xB63,0xBDB,
0xC16,0xC1F,0xBE8,0xB7C,0xB18,0xAB5,
0xA70,0xA67,0xA80,0xAB2,0xAEF,0xB3D,
0xB85,0xB97,0xB83,0xB62,0xB23,0xAD9,
0xAAE,0xA92,0xA7D,0xA90,0xABC,0xAF7,
0xB3E,0xB5E,0xB66,0xB7E,0xB84,0xB6A,
0xB33,0xAF8,0xAC9,0xAB2,0xACA,0xB0A,
0xB55,0xBA0,0xBD7,0xBE7,0xBD4,0xBA0,
0xB4E,0xB0C,0xB07,0xB3C,0xB66,0xB63,
0xB48,0xB18,0xACC,0xA7A,0xA2B,0xA12,
0xA5C,0xABF,0xB2A,0xBAA,0xC08,0xC1D,
0xBCE,0xB48,0xAC9,0xA51,0x9F9,0x9D9,
0xA01,0xA76,0xAF4,0xB6A,0xC01,0xC7A,
0xC93,0xC6D,0xC05,0xB54,0xAA8,0xA0F,
0x991,0x97E,0x9B1,0xA0B,0xAA5,0xB50,
0xBDF,0xC1E,0xC0F,0xBF5,0xBB6,0xB4B,
0xAEE,0xAA3,0xA7C,0xA6C,0xA5F,0xA74,
0xAAE,0xAE7,0xAE5,0xACE,0xAE0,0xAFA,
0xB1E,0xB65,0xBB9,0xC06,0xC34,0xC2E,
0xBFC,0xBBA,0xB6A,0xB1F,0xAFB,0xAF1,
0xAF4,0xAF3,0xADA,0xAA7,0xA57,0x9FC,
0x9CD,0x9DD,0xA34,0xAA5,0xB13,0xB99,
0xC01,0xC2A,0xC1D,0xBE7,0xBB0,0xB75,
0xB3A,0xB0C,0xADE,0xAB0,0xA8F,0xA84,
0xA91,0xAC1,0xAFB,0xB52,0xBB6,0xBF1,
0xC18,0xC18,0xBF2,0xBC4,0xB6E,0xAF4,
0xA79,0xA10,0x9BB,0x999,0x9C1,0xA37,
0xAD5,0xB6E,0xBF7,0xC42,0xC3F,0xC27,
0xBF8,0xB9D,0xB37,0xAF6,0xB00,0xB47,
0xB7A,0xB9C,0xBD7,0xBFF,0xBF0,0xBC2,
0xB82,0xB21,0xACF,0xAB6,0xAA8,0xA7E,
0xA4E,0xA2F,0xA2E,0xA4E,0xA6F,0xA8F,
0xAD5,0xB38,0xB82,0xB97,0xB86,0xB6D,
0xB2C,0xACE,0xA80,0xA3E,0xA21,0xA43,
0xA83,0xAE9,0xB76,0xBF3,0xC45,0xC6C,
0xC63,0xC24,0xBB0,0xB1F,0xAB4,0xA7F,
0xA55,0xA3A,0xA44,0xA45,0xA4E,0xA65,
0xA7E,0xA9C,0xAA9,0xABA,0xACB,0xAD3,
0xAD7,0xADB,0xB0C,0xB65,0xBA1,0xBC8,
0xBDA,0xBD7,0xBC1,0xB78,0xB22,0xACD,
0xA80,0xA60,0xA55,0xA51,0xA64,0xA92,
0xAED,0xB5C,0xB9F,0xBB4,0xBC8,0xBC3,
0xB86,0xB0C,0xA67,0x9DB,0x987,0x965,
0x981,0x9E7,0xA78,0xB0D,0xB7B,0xBC4,
0xC09,0xC4E,0xC7C,0xCA6,0xCC4,0xCAD,
0xC6D,0xC05,0xB70,0xACD,0xA2D,0x9C7,
0x9B0,0x9CB,0xA26,0xAC2,0xB96,0xC82,
0xD22,0xD5C,0xD44,0xCDE,0xC19,0xAFE,
0x9E9,0x918,0x896,0x868,0x897,0x922,
0x9D2,0xA74,0xAF1,0xB6A,0xBDD,0xC32,
0xC5D,0xC51,0xC36,0xBFD,0xB81,0xAF9,
0xA91,0xA4C,0xA0D,0x9FC,0xA2F,0xA5A,
0xA6D,0xA7C,0xA9F,0xAE3,0xB32,0xB87,
0xBD3,0xBFE,0xBF2,0xB83,0xADF,0xA69,
0xA4A,0xA75,0xAE0,0xB89,0xC09,0xC10,
0xBCD,0xB46,0xA9B,0x9E9,0x956,0x93B,
0x9A3,0xA60,0xB2B,0xBCA,0xC4A,0xCB6,
0xCBA,0xC50,0xBC1,0xB2A,0xA7D,0x9FB,
0x9C2,0x9E3,0xA43,0xA98,0xAF2,0xB15,
0xAEB,0xAC2,0xA99,0xA7D,0xA93,0xACE,
0xB27,0xB71,0xB98,0xB9E,0xB88,0xB65,
0xB11,0xABD,0xA8E,0xA79,0xAB6,0xB1E,
0xB7C,0xBCB,0xBE7,0xBEB,0xBC8,0xB5D,
0xAD4,0xA65,0xA3A,0xA51,0xA83,0xAEA,
0xB9A,0xC37,0xC7D,0xC97,0xC86,0xC21,
0xB8C,0xAE5,0xA4D,0x9F2,0x9E9,0xA43,
0xAD6,0xB7A,0xC0B,0xC64,0xC6F,0xC1B,
0xB90,0xAFB,0xA7B,0xA1D,0x9E3,0x9E1,
0x9FF,0xA23,0xA56,0xA73,0xA93,0xAD7,
0xB15,0xB4B,0xB89,0xBD1,0xC00,0xC08,
0xC01,0xBD0,0xB79,0xB15,0xAA0,0xA50,
0xA3D,0xA74,0xAE7,0xB6A,0xBF5,0xC65,
0xC89,0xC88,0xC65,0xC13,0xBA4,0xB37,
0xADE,0xA96,0xA5E,0xA49,0xA57,0xA66,
0xA89,0xAC2,0xAEB,0xB20,0xB63,0xB87,
0xB7A,0xB46,0xB09,0xAE3,0xADD,0xAE3,
0xAFE,0xB19,0xB19,0xAF8,0xA8F,0xA1E,
0x9E3,0x9CE,0x9F4,0xA6D,0xB09,0xBAC,
0xC1C,0xC39,0xC27,0xBDE,0xB65,0xAE3,
0xA88,0xA47,0xA1C,0xA0D,0xA0F,0xA27,
0xA5B,0xA98,0xAD0,0xB09,0xB44,0xB81,
0xBC0,0xC0E,0xC3D,0xC3D,0xC2F,0xC11,
0xBD1,0xB7F,0xB36,0xAE7,0xAA2,0xAA3,
0xACE,0xAFC,0xB36,0xB68,0xB8F,0xBAB,
0xB9B,0xB75,0xB57,0xB2D,0xAF0,0xAA5,
0xA64,0xA54,0xA79,0xAC8,0xB31,0xB87,
0xBBA,0xBBE,0xB72,0xAF8,0xA7A,0xA06,
0x9C5,0x9CF,0xA20,0xAAC,0xB46,0xBD7,
0xC5C,0xCC5,0xCEF,0xCCE,0xC7C,0xBF0,
0xB20,0xA3D,0x974,0x8F9,0x8EA,0x92E,
0x9CB,0xAAC,0xB7C,0xC1E,0xC8E,0xCB4,
0xC8C,0xC36,0xBDF,0xB84,0xB05,0xA87,
0xA28,0x9D7,0x992,0x968,0x96A,0x9C1,
0xA4C,0xACB,0xB5D,0xBFD,0xC6B,0xC8C,
0xC66,0xC0A,0xB8A,0xAED,0xA54,0x9F1,
0x9E1,0xA18,0xA73,0xADA,0xB48,0xB9F,
0xBB3,0xB88,0xB3E,0xAD3,0xA85,0xA68,
0xA58,0xA6A,0xA8A,0xA9B,0xAB9,0xAEE,
0xB1B,0xB3F,0xB60,0xB8F,0xBAF,0xBA5,
0xB79,0xB4D,0xB27,0xAF2,0xACB,0xAA0,
0xA81,0xA80,0xA78,0xA82,0xAC4,0xB1C,
0xB75,0xBC4,0xBF0,0xBF9,0xBC8,0xB78,
0xB2B,0xAE6,0xAB6,0xAB0,0xAC7,0xAEF,
0xB20,0xB42,0xB55,0xB59,0xB38,0xAF1,
0xAAA,0xA75,0xA4E,0xA46,0xA60,0xA95,
0xAE8,0xB42,0xB83,0xBA5,0xBA8,0xBA4,
0xB9A,0xB72,0xB33,0xADB,0xA85,0xA58,
0xA57,0xA8A,0xAE7,0xB53,0xBB2,0xBF0,
0xC10,0xC02,0xBC8,0xB89,0xB59,0xB51,
0xB4C,0xB21,0xAF5,0xAC5,0xA7E,0xA3E,
0xA17,0xA28,0xA82,0xAF5,0xB68,0xBCE,
0xC02,0xBF5,0xBA2,0xB22,0xAB2,0xA47,
0x9EF,0x9E4,0xA2E,0xA9F,0xB12,0xB78,
0xBF1,0xC63,0xC7C,0xC47,0xBD9,0xB35,
0xA9C,0xA27,0x9CE,0x9B9,0x9DA,0xA20,
0xAA2,0xB2E,0xB99,0xBC2,0xBB3,0xBA9,
0xB85,0xB3F,0xB04,0xAD1,0xAAB,0xA97,
0xA93,0xAA5,0xACC,0xAE9,0xADE,0xAC8,
0xACA,0xAD6,0xAFC,0xB4E,0xBA9,0xBFF,
0xC31,0xC37,0xC18,0xBE1,0xB9F,0xB59,
0xB3A,0xB31,0xB13,0xAF0,0xABE,0xA66,
0x9F4,0x99C,0x977,0x992,0x9F5,0xA83,
0xB2C,0xBD6,0xC5E,0xC99,0xC71,0xC09,
0xB8C,0xB16,0xAB6,0xA84,0xA6E,0xA6F,
0xA93,0xAC7,0xB14,0xB54,0xB83,0xBC6,
0xBE8,0xBD8,0xBC7,0xBA5,0xB7E,0xB65,
0xB25,0xAD1,0xA94,0xA45,0x9F5,0x9D4,
0x9F5,0xA64,0xAF0,0xB7D,0xBF2,0xC1A,
0xC00,0xBCF,0xB7E,0xB27,0xAEB,0xAD7,
0xB09,0xB67,0xBB2,0xBDF,0xC0D,0xC19,
0xBFF,0xBE3,0xB99,0xB29,0xAE0,0xAC5,
0xAAB,0xA81,0xA54,0xA41,0xA4E,0xA6D,
0xA86,0xAA5,0xAE7,0xB34,0xB6E,0xB80,
0xB63,0xB37,0xB02,0xAD1,0xA9F,0xA6C,
0xA5B,0xA84,0xAE0,0xB47,0xBA6,0xBF3,
0xC17,0xC1C,0xC0E,0xBE0,0xB84,0xB0D,
0xAB2,0xA86,0xA6C,0xA6C,0xA78,0xA6E,
0xA72,0xA8C,0xAA4,0xAAB,0xAB0,0xAC2,
0xAC8,0xAB9,0xAB8,0xAD1,0xB11,0xB5C,
0xB96,0xBCC,0xBF2,0xBF6,0xBD3,0xB7C,
0xB25,0xAD8,0xA80,0xA50,0xA4D,0xA64,
0xA86,0xAB2,0xB07,0xB5C,0xB7D,0xB8F,
0xBA2,0xBA3,0xB7D,0xB12,0xA89,0xA11,
0x9BC,0x987,0x97C,0x9CB,0xA54,0xAE9,
0xB61,0xBAD,0xBFE,0xC58,0xC99,0xCC3,
0xCD8,0xCBD,0xC74,0xC02,0xB61,0xAAC,
0xA07,0x9A5,0x981,0x99E,0xA20,0xAD9,
0xBB2,0xC87,0xD14,0xD47,0xD19,0xC92,
0xBC3,0xAC6,0x9C2,0x8F4,0x87B,0x869,
0x8BE,0x94D,0xA09,0xACD,0xB68,0xBEC,
0xC46,0xC5C,0xC4E,0xC27,0xBD9,0xB73,
0xB0D,0xAA8,0xA6E,0xA5C,0xA47,0xA52,
0xA96,0xAD5,0xADF,0xACE,0xACB,0xAE7,
0xB0B,0xB36,0xB5C,0xB79,0xB8E,0xB68,
0xB0A,0xAC7,0xAC2,0xADE,0xB20,0xB7B,
0xBBD,0xBC5,0xB95,0xB43,0xACC,0xA3C,
0x9C3,0x991,0x9CC,0xA65,0xB11,0xBA7,
0xC28,0xC89,0xC92,0xC33,0xBB6,0xB26,
0xA81,0xA06,0x9CF,0x9E1,0xA20,0xA71,
0xAD4,0xB01,0xAF8,0xAF3,0xAE0,0xAC1,
0xAB6,0xAD7,0xB20,0xB6A,0xB92,0xB95,
0xB85,0xB66,0xB1D,0xAD1,0xA96,0xA78,
0xA9F,0xADC,0xB17,0xB52,0xB7C,0xB9E,
0xB9A,0xB57,0xAFC,0xABA,0xAA1,0xAAB,
0xACF,0xB2D,0xBBE,0xC35,0xC68,0xC6C,
0xC39,0xBB4,0xB0E,0xA6A,0x9E6,0x9BC,
0x9E8,0xA60,0xB1A,0xBCD,0xC51,0xC9C,
0xC87,0xC1F,0xB8E,0xAF1,0xA76,0xA18,
0x9DD,0x9DB,0x9EE,0xA15,0xA4C,0xA81,
0xAB3,0xADE,0xB01,0xB29,0xB5B,0xB92,
0xBC3,0xBDD,0xBE1,0xBB2,0xB6F,0xB24,
0xAC2,0xA92,0xA97,0xAC5,0xB1A,0xB75,
0xBE1,0xC25,0xC32,0xC2D,0xC0A,0xBC9,
0xB69,0xAF6,0xAAD,0xA91,0xA79,0xA74,
0xA99,0xACA,0xAFA,0xB19,0xB37,0xB63,
0xB87,0xB96,0xB7D,0xB45,0xB10,0xAEF,
0xADA,0xAD2,0xAE3,0xAF9,0xAFE,0xAEC,
0xAA8,0xA51,0xA2B,0xA21,0xA48,0xAAF,
0xB35,0xBCC,0xC2D,0xC39,0xC20,0xBDD,
0xB6C,0xAF1,0xA81,0xA2B,0x9EA,0x9CE,
0x9DF,0xA0A,0xA42,0xA8A,0xADD,0xB1F,
0xB4E,0xB7F,0xBC1,0xC11,0xC40,0xC54,
0xC51,0xC27,0xBDF,0xB70,0xB06,0xAB4,
0xA6A,0xA61,0xA94,0xAD6,0xB26,0xB63,
0xB9B,0xBCC,0xBD1,0xBAF,0xB8B,0xB5A,
0xB00,0xA99,0xA4B,0xA30,0xA60,0xABD,
0xB25,0xB7A,0xBAA,0xBC0,0xB8D,0xB19,
0xA9F,0xA33,0x9FA,0x9FF,0xA3A,0xAA1,
0xB21,0xBAB,0xC2F,0xC9B,0xCDA,0xCC6,
0xC71,0xBEE,0xB31,0xA62,0x9AA,0x932,
0x911,0x93A,0x9A6,0xA58,0xB22,0xBD5,
0xC57,0xC9A,0xCA3,0xC78,0xC25,0xBBB,
0xB3D,0xAB4,0xA49,0xA14,0x9F4,0x9D0,
0x9C8,0x9F7,0xA49,0xAA6,0xB0A,0xB71,
0xBD6,0xC18,0xC17,0xBFA,0xBBF,0xB60,
0xAF4,0xA98,0xA73,0xA74,0xA85,0xAAD,
0xAE8,0xB1E,0xB33,0xB25,0xB08,0xAD8,
0xAB9,0xAA0,0xA71,0xA6D,0xA80,0xA92,
0xABD,0xAFC,0xB39,0xB66,0xB92,0xBBA,
0xBB7,0xB8C,0xB62,0xB39,0xB01,0xAD0,
0xAB9,0xAA7,0xA9C,0xA9B,0xA89,0xA87,
0xAAE,0xAF2,0xB45,0xB8D,0xBB2,0xBB7,
0xB92,0xB4F,0xB18,0xAF1,0xADC,0xAE5,
0xAFD,0xB14,0xB30,0xB44,0xB41,0xB2B,
0xAF7,0xAB8,0xA8F,0xA80,0xA91,0xAAE,
0xACB,0xAF8,0xB29,0xB4C,0xB59,0xB4D,
0xB3B,0xB2B,0xB1A,0xAF0,0xABE,0xAAC,
0xAA3,0xAA5,0xAD5,0xB27,0xB70,0xBAF,
0xBDA,0xBEC,0xBD9,0xB95,0xB4A,0xB13,
0xAFF,0xB19,0xB37,0xB4A,0xB57,0xB30,
0xAE5,0xA98,0xA46,0xA24,0xA50,0xA9E,
0xB10,0xB8A,0xBDE,0xBF8,0xBBB,0xB55,
0xAEA,0xA80,0xA38,0xA1E,0xA33,0xA84,
0xADA,0xB29,0xBA1,0xC08,0xC27,0xC19,
0xBCE,0xB44,0xAB8,0xA3F,0x9E8,0x9D2,
0x9E9,0xA2B,0xAA1,0xB1A,0xB78,0xBA1,
0xBA2,0xBAA,0xB96,0xB64,0xB35,0xB05,
0xAEA,0xAD9,0xABA,0xA99,0xA8F,0xA8C,
0xA6F,0xA57,0xA7B,0xAB4,0xAFA,0xB69,
0xBCA,0xC15,0xC4C,0xC3C,0xBFC,0xBB9,
0xB5C,0xB02,0xAD0,0xAC2,0xAC6,0xAC1,
0xAB5,0xA97,0xA5A,0xA22,0xA14,0xA36,
0xA8B,0xAEC,0xB52,0xBC5,0xC12,0xC1B,
0xBEC,0xB97,0xB47,0xB0A,0xAE3,0xAD3,
0xAC6,0xAC0,0xACF,0xAE3,0xAFC,0xB18,
0xB37,0xB6C,0xB92,0xBA6,0xBBC,0xBC0,
0xBA5,0xB87,0xB53,0xB02,0xAB4,0xA5F,
0xA1D,0xA05,0xA12,0xA5E,0xAD3,0xB49,
0xBBA,0xBEE,0xBF6,0xBF2,0xBC1,0xB7B,
0xB50,0xB37,0xB47,0xB7C,0xB9B,0xBB3,
0xBC7,0xBCD,0xBBB,0xB94,0xB59,0xB11,
0xAE7,0xAE5,0xAE7,0xACC,0xAA7,0xA91,
0xA89,0xA7E,0xA70,0xA72,0xA9F,0xAE9,
0xB2A,0xB61,0xB79,0xB68,0xB4F,0xB23,
0xAEF,0xABD,0xA90,0xA84,0xA9B,0xAD6,
0xB31,0xB8B,0xBCC,0xC12,0xC37,0xC24,
0xBE0,0xB65,0xAEF,0xA95,0xA40,0xA18,
0xA0D,0xA16,0xA54,0xA9D,0xAD8,0xB06,
0xB1F,0xB2B,0xB11,0xAE3,0xACB,0xAC5,
0xAF1,0xB37,0xB61,0xB85,0xBA4,0xBB8,
0xBB1,0xB82,0xB49,0xB05,0xAC1,0xAA0,
0xA92,0xA85,0xA8C,0xAB0,0xAEE,0xB2E,
0xB52,0xB5E,0xB70,0xB7E,0xB60,0xB10,
0xA9B,0xA21,0x9D3,0x9B4,0x9CE,0xA1C,
0xA90,0xB0A,0xB65,0xBA3,0xBE7,0xC24,
0xC43,0xC69,0xC82,0xC66,0xC20,0xBBF,
0xB3F,0xAAA,0xA1D,0x9CA,0x9C0,0xA00,
0xA83,0xB30,0xBFC,0xCB4,0xD24,0xD2F,
0xCD2,0xC3B,0xB75,0xA86,0x9BD,0x931,
0x8E1,0x8E5,0x925,0x998,0xA2E,0xABE,
0xB45,0xBC5,0xC2A,0xC67,0xC71,0xC3B,
0xBDE,0xB7E,0xB12,0xAA0,0xA5B,0xA36,
0xA2D,0xA58,0xA8C,0xAB8,0xAD3,0xAE0,
0xAFB,0xB1C,0xB53,0xB9A,0xBBF,0xBC5,
0xBB4,0xB58,0xAD3,0xA81,0xA6A,0xA86,
0xADF,0xB50,0xBA2,0xBB3,0xB8F,0xB43,
0xAD2,0xA52,0x9EF,0x9D2,0xA0B,0xA85,
0xB0C,0xB7E,0xBEE,0xC4B,0xC51,0xC00,
0xB95,0xB16,0xA8F,0xA30,0xA0E,0xA24,
0xA5C,0xAAC,0xAF7,0xB04,0xAEC,0xACD,
0xAA4,0xA94,0xAA9,0xAD5,0xB13,0xB53,
0xB8F,0xB9F,0xB93,0xB74,0xB25,0xAD7,
0xA9A,0xA7C,0xAA2,0xAE3,0xB20,0xB5E,
0xB87,0xBA6,0xBA5,0xB54,0xAE9,0xAA3,
0xA86,0xA8F,0xABD,0xB21,0xBBC,0xC38,
0xC72,0xC8E,0xC6B,0xBED,0xB4A,0xAA3,
0xA15,0x9DC,0x9EB,0xA48,0xAE4,0xB86,
0xC05,0xC4F,0xC50,0xBFC,0xB76,0xAEC,
0xA7E,0xA2C,0x9FF,0xA09,0xA2A,0xA52,
0xA87,0xAA8,0xAC0,0xAE6,0xB09,0xB30,
0xB5E,0xB8D,0xBB9,0xBDE,0xBE0,0xBC1,
0xB95,0xB49,0xAEC,0xAB8,0xABA,0xAEE,
0xB4B,0xBA7,0xBF6,0xC17,0xC05,0xBE1,
0xBA7,0xB63,0xB20,0xAD7,0xAB6,0xAB5,
0xAB3,0xABB,0xAC4,0xACF,0xAE0,0xADD,
0xADF,0xB01,0xB27,0xB3E,0xB3A,0xB21,
0xB14,0xB0D,0xB12,0xB25,0xB33,0xB34,
0xB26,0xAF5,0xA94,0xA3A,0xA05,0x9EA,
0xA0B,0xA70,0xAF5,0xB89,0xBEF,0xC15,
0xC1B,0xBF5,0xB95,0xB30,0xACE,0xA61,
0xA09,0x9D0,0x9B4,0x9BE,0x9F2,0xA4B,
0xAB7,0xB28,0xB8F,0xBDB,0xC1B,0xC4F,
0xC52,0xC2E,0xBF3,0xBAC,0xB64,0xB1F,
0xAEF,0xAC0,0xA9C,0xAB6,0xAE8,0xB15,
0xB46,0xB66,0xB80,0xB97,0xB8F,0xB75,
0xB52,0xB24,0xAE2,0xA8B,0xA4A,0xA35,
0xA5C,0xAB6,0xB2D,0xB94,0xBCA,0xBCF,
0xB89,0xB09,0xA83,0xA06,0x9C0,0x9C2,
0x9FD,0xA82,0xB2D,0xBD5,0xC6A,0xCCD,
0xCEB,0xCC4,0xC66,0xBD3,0xB0D,0xA49,
0x9B0,0x953,0x93F,0x967,0x9DD,0xA96,
0xB47,0xBD6,0xC39,0xC64,0xC57,0xC29,
0xBE7,0xB8C,0xB12,0xA9C,0xA46,0x9FB,
0x9BB,0x9A5,0x9BA,0x9FD,0xA66,0xAC7,
0xB39,0xBBA,0xC16,0xC3E,0xC2D,0xBF9,
0xBB0,0xB3F,0xAC2,0xA68,0xA3A,0xA44,
0xA71,0xAA6,0xAED,0xB34,0xB4D,0xB48,
0xB26,0xAE0,0xAB1,0xA92,0xA70,0xA7E,
0xA9C,0xAA5,0xAC7,0xAEB,0xB0D,0xB31,
0xB50,0xB83,0xBAE,0xBB8,0xBAE,0xB9E,
0xB7B,0xB47,0xB11,0xAC2,0xA75,0xA47,
0xA2B,0xA40,0xA8E,0xAF6,0xB6F,0xBD2,
0xC0F,0xC25,0xC04,0xBB7,0xB56,0xAFF,
0xAC3,0xAA4,0xAAA,0xAC4,0xAEB,0xB1E,
0xB3D,0xB49,0xB3A,0xB0E,0xAED,0xAD7,
0xAD0,0xADF,0xAF5,0xB13,0xB37,0xB54,
0xB6C,0xB67,0xB47,0xB26,0xB0D,0xAF9,
0xAD7,0xAC5,0xAC2,0xABF,0xAEC,0xB2D,
0xB61,0xB8B,0xB9E,0xBA6,0xBA2,0xB7F,
0xB67,0xB58,0xB53,0xB7B,0xB8A,0xB77,
0xB60,0xB1A,0xABE,0xA6E,0xA2D,0xA28,
0xA5E,0xAA2,0xAEF,0xB48,0xB83,0xB89,
0xB61,0xB22,0xAEF,0xAC4,0xAA3,0xA94,
0xA9D,0xACB,0xB02,0xB28,0xB73,0xBB6,
0xBBD,0xBB9,0xB92,0xB40,0xAF1,0xA9F,
0xA54,0xA2C,0xA1A,0xA34,0xA7C,0xAE6,
0xB50,0xB86,0xB9B,0xBB5,0xBAA,0xB7B,
0xB4F,0xB13,0xAD9,0xAAE,0xA85,0xA71,
0xA7E,0xA89,0xA74,0xA6E,0xA9A,0xAC9,
0xB08,0xB69,0xBC1,0xC0A,0xC39,0xC30,
0xC00,0xBC0,0xB78,0xB21,0xADE,0xACD,
0xABE,0xAAF,0xAA0,0xA76,0xA4F,0xA39,
0xA3B,0xA65,0xAA9,0xB01,0xB62,0xBBE,
0xBFC,0xC04,0xBDD,0xB9B,0xB4E,0xB04,
0xAD0,0xABD,0xAB3,0xAAD,0xAB7,0xAD0,
0xB05,0xB3A,0xB63,0xB95,0xBB2,0xBB4,
0xBB4,0xB97,0xB70,0xB44,0xB09,0xAD0,
0xA9D,0xA65,0xA3A,0xA37,0xA5F,0xAA6,
0xB00,0xB5D,0xBA8,0xBBD,0xBA2,0xB7C,
0xB48,0xB0A,0xAE4,0xAE4,0xB12,0xB61,
0xB97,0xBB0,0xBCE,0xBCF,0xBB2,0xB91,
0xB53,0xB00,0xAC4,0xAB2,0xAB1,0xA9D,
0xA80,0xA72,0xA7A,0xA8E,0xA9B,0xAA6,
0xADD,0xB22,0xB4B,0xB63,0xB62,0xB43,
0xB12,0xADC,0xAA7,0xA7E,0xA73,0xA8D,
0xABF,0xB06,0xB61,0xBB1,0xBE3,0xC0E,
0xC21,0xBFE,0xBAD,0xB46,0xAF0,0xABC,
0xA8F,0xA79,0xA80,0xA85,0xA8B,0xA96,
0xAAE,0xAC3,0xAD1,0xAEA,0xAFE,0xB00,
0xAFB,0xB04,0xB2B,0xB5A,0xB81,0xBAA,
0xBC6,0xBD7,0xBCB,0xB8F,0xB4A,0xAF7,
0xAA0,0xA6E,0xA5E,0xA71,0xA9C,0xADB,
0xB30,0xB80,0xBB0,0xBCA,0xBD8,0xBC7,
0xB8D,0xB25,0xAA9,0xA3A,0x9EE,0x9D1,
0x9DC,0xA1E,0xA83,0xAE3,0xB2F,0xB66,
0xBAE,0xBF7,0xC28,0xC5E,0xC7C,0xC6D,
0xC37,0xBD2,0xB4D,0xAB3,0xA1D,0x9BD,
0x9A5,0x9D6,0xA42,0xAD3,0xB97,0xC57,
0xCD1,0xCF8,0xCC6,0xC47,0xB8C,0xAA7,
0x9D5,0x93C,0x8DF,0x8D1,0x90E,0x97F,
0xA0A,0xA88,0xAF6,0xB6D,0xBD8,0xC16,
0xC27,0xC10,0xBDE,0xB95,0xB2C,0xABD,
0xA75,0xA48,0xA29,0xA3A,0xA73,0xAA9,
0xAC4,0xAD4,0xAF9,0xB30,0xB6E,0xBA8,
0xBC6,0xBC9,0xBAC,0xB5A,0xAF2,0xAAE,
0xAA0,0xABC,0xAFF,0xB59,0xB8C,0xB8B,
0xB59,0xB03,0xA99,0xA2C,0x9EB,0x9F6,
0xA51,0xAF0,0xB82,0xBDD,0xC28,0xC5E,
0xC47,0xBE5,0xB6A,0xAF2,0xA83,0xA31,
0xA0F,0xA30,0xA79,0xAC6,0xB0B,0xB1D,
0xB11,0xAF7,0xACE,0xAC1,0xAD4,0xAFE,
0xB36,0xB5C,0xB79,0xB72,0xB4A,0xB29,
0xAF5,0xAB8,0xAA0,0xAA7,0xAE5,0xB33,
0xB69,0xB8E,0xB9B,0xB9D,0xB80,0xB31,
0xAE2,0xAB3,0xAA2,0xAB4,0xAE6,0xB46,
0xBC2,0xC18,0xC38,0xC31,0xBF8,0xB7E,
0xAE5,0xA63,0xA17,0xA0F,0xA4D,0xAC5,
0xB62,0xBEF,0xC42,0xC5C,0xC34,0xBBE,
0xB30,0xAA7,0xA37,0x9ED,0x9BE,0x9C7,
0x9FE,0xA4C,0xAA6,0xAEB,0xB28,0xB60,
0xB77,0xB7A,0xB75,0xB72,0xB68,0xB58,
0xB44,0xB20,0xAFF,0xADD,0xAB7,0xAC2,
0xAFE,0xB50,0xBA9,0xBFA,0xC2F,0xC25,
0xBEE,0xBAF,0xB5E,0xB19,0xAE1,0xAB1,
0xAA6,0xAC2,0xAE0,0xAFB,0xB15,0xB1B,
0xB0E,0xB05,0xB08,0xB13,0xB21,0xB29,
0xB2C,0xB1A,0xB02,0xAFB,0xB03,0xB1F,
0xB45,0xB4A,0xB3A,0xB0B,0xAAC,0xA5A,
0xA27,0xA0B,0xA3D,0xAA2,0xB1B,0xBA5,
0xC06,0xC25,0xC13,0xBD8,0xB81,0xB17,
0xABA,0xA6E,0xA2F,0xA13,0xA03,0x9FF,
0xA25,0xA63,0xAA8,0xAEF,0xB3B,0xB8B,
0xBDD,0xC2E,0xC54,0xC4B,0xC2A,0xBEA,
0xB91,0xB22,0xAC3,0xA81,0xA5F,0xA73,
0xAA3,0xAEA,0xB42,0xB77,0xBA2,0xBC7,
0xBB8,0xB95,0xB69,0xB24,0xAD2,0xA7C,
0xA39,0xA22,0xA45,0xA9A,0xB03,0xB62,
0xBA5,0xBBE,0xB8B,0xB23,0xAAC,0xA32,
0x9F0,0x9F8,0xA35,0xAA3,0xB24,0xBA0,
0xC1A,0xC7D,0xCA6,0xC86,0xC33,0xBBB,
0xB17,0xA75,0x9E0,0x975,0x95B,0x984,
0x9E6,0xA70,0xB0A,0xB95,0xBF9,0xC3A,
0xC4E,0xC36,0xC07,0xBBF,0xB5A,0xAEB,
0xA84,0xA2D,0x9DD,0x99A,0x982,0x9C7,
0xA3C,0xABC,0xB58,0xBF1,0xC64,0xC9A,
0xC8C,0xC42,0xBC5,0xB36,0xAAF,0xA45,
0xA15,0xA16,0xA47,0xA9F,0xAFB,0xB44,
0xB68,0xB6B,0xB55,0xB25,0xAFE,0xADA,
0xAAE,0xA92,0xA82,0xA82,0xA92,0xAB2,
0xADE,0xB0B,0xB49,0xB85,0xB92,0xB84,
0xB70,0xB57,0xB36,0xB0C,0xAEB,0xAC6,
0xAA1,0xA8A,0xA78,0xA80,0xAB6,0xAFB,
0xB3D,0xB7F,0xBB1,0xBB9,0xB99,0xB65,
0xB32,0xAF5,0xAC3,0xAB5,0xABC,0xACD,
0xAE7,0xB14,0xB3F,0xB4B,0xB39,0xB19,
0xAFB,0xADE,0xAC0,0xAAC,0xAAA,0xACD,
0xB00,0xB25,0xB3E,0xB49,0xB4C,0xB4A,
0xB46,0xB41,0xB2D,0xB00,0xADA,0xABE,
0xACE,0xAF5,0xB22,0xB5C,0xB87,0xB9B,
0xB9C,0xB7C,0xB60,0xB49,0xB3B,0xB51,
0xB61,0xB57,0xB45,0xB15,0xAD2,0xA9E,
0xA6B,0xA6C,0xAA0,0xAE4,0xB34,0xB78,
0xB9C,0xB9E,0xB5B,0xAF5,0xAAD,0xA73,
0xA4C,0xA45,0xA74,0xAD1,0xB2A,0xB72,
0xBD0,0xC09,0xC09,0xBEE,0xB9C,0xB1F,
0xAB3,0xA48,0xA06,0xA0B,0xA2F,0xA84,
0xAF9,0xB6A,0xBC4,0xBE8,0xBDA,0xBBA,
0xB74,0xB27,0xAE0,0xAA3,0xA91,0xA89,
0xA7E,0xA98,0xACB,0xAE7,0xAE6,0xADE,
0xAEC,0xB01,0xB1E,0xB51,0xB8D,0xBBE,
0xBE2,0xBDC,0xBBB,0xB8C,0xB4F,0xB1C,
0xAFD,0xB00,0xB07,0xB05,0xAFD,0xAD8,
0xA97,0xA57,0xA29,0xA3C,0xA82,0xACC,
0xB2A,0xB8D,0xBD0,0xBE0,0xBBF,0xB8A,
0xB48,0xB09,0xAD4,0xAA5,0xA8D,0xA92,
0xAA9,0xAC3,0xAED,0xB14,0xB3A,0xB6E,
0xB8A,0xB96,0xB9B,0xB8B,0xB7C,0xB5D,
0xB21,0xAE3,0xA9C,0xA57,0xA2D,0xA27,
0xA44,0xA85,0xAE5,0xB40,0xB86,0xBAC,
0xBA8,0xB9B,0xB7A,0xB3E,0xB1B,0xB18,
0xB37,0xB62,0xB81,0xBA1,0xBBD,0xBBF,
0xBA0,0xB72,0xB38,0xAFD,0xAD7,0xAC9,
0xABE,0xAB4,0xAA8,0xA9B,0xA9F,0xAB7,
0xAD0,0xAEA,0xB1D,0xB56,0xB7F,0xB91,
0xB84,0xB63,0xB32,0xAF2,0xAC2,0xA95,
0xA83,0xA94,0xAC5,0xB11,0xB69,0xBB5,
0xBF1,0xC1B,0xC14,0xBDC,0xB7F,0xB17,
0xAD3,0xAAD,0xA82,0xA7D,0xA93,0xAA6,
0xAC2,0xAE1,0xAFD,0xB00,0xAF8,0xAF0,
0xAD4,0xAB7,0xAB6,0xACB,0xB03,0xB43,
0xB80,0xBAE,0xBC8,0xBCA,0xBAB,0xB65,
0xB0B,0xAB4,0xA70,0xA49,0xA3B,0xA3D,
0xA54,0xA9C,0xAF7,0xB4D,0xB96,0xBC5,
0xBD2,0xBC2,0xB83,0xB20,0xAA4,0xA2E,
0x9ED,0x9D9,0x9E2,0xA1E,0xA81,0xAE3,
0xB36,0xB73,0xBB6,0xBE7,0xC0D,0xC37,
0xC4D,0xC40,0xC07,0xBAE,0xB3E,0xAAF,
0xA38,0x9F4,0x9DE,0xA1B,0xA83,0xB12,
0xBCA,0xC5C,0xCAC,0xCBE,0xC7F,0xC0A,
0xB5C,0xA9F,0x9FE,0x989,0x950,0x94B,
0x984,0x9F0,0xA6B,0xAD7,0xB35,0xB89,
0xBCF,0xBF8,0xBFE,0xBE0,0xBB5,0xB7C,
0xB31,0xAE1,0xAA2,0xA73,0xA57,0xA6A,
0xA9F,0xAC5,0xAD7,0xAEA,0xB03,0xB2C,
0xB58,0xB82,0xBA0,0xBB3,0xBB0,0xB6B,
0xB02,0xAB8,0xAA3,0xABC,0xB09,0xB5E,
0xB89,0xB92,0xB6C,0xB1F,0xAC7,0xA68,
0xA23,0xA1B,0xA50,0xAC0,0xB37,0xB7B,
0xBB9,0xBE8,0xBCE,0xB8A,0xB51,0xB0D,
0xABF,0xA91,0xA84,0xA9D,0xAB5,0xABB,
0xAC7,0xABE,0xAAE,0xAA7,0xA95,0xA9B,
0xAC4,0xB03,0xB49,0xB79,0xB94,0xB8B,
0xB65,0xB38,0xAF3,0xABC,0xAA7,0xAA5,
0xAD4,0xB0E,0xB34,0xB57,0xB63,0xB62,
0xB45,0xB08,0xAD6,0xAC1,0xACD,0xAF5,
0xB30,0xB8C,0xBEE,0xC25,0xC32,0xC16,
0xBD0,0xB66,0xAF3,0xA93,0xA48,0xA32,
0xA55,0xAA4,0xB1E,0xB91,0xBF3,0xC31,
0xC1B,0xBC7,0xB59,0xAE4,0xA7D,0xA2C,
0xA01,0xA05,0xA1A,0xA4A,0xA7E,0xAA9,
0xADD,0xB0E,0xB2E,0xB4C,0xB71,0xB96,
0xBA7,0xBAC,0xBA3,0xB83,0xB4C,0xB04,
0xACC,0xAB5,0xABF,0xAE7,0xB2D,0xB8D,
0xBE3,0xC00,0xBFA,0xBE1,0xBAA,0xB6A,
0xB21,0xADB,0xAB2,0xA9D,0xAA1,0xABB,
0xACE,0xAD9,0xAED,0xB02,0xB10,0xB1F,
0xB30,0xB35,0xB24,0xB05,0xAE1,0xAD5,
0xAE0,0xAE4,0xAF0,0xAFE,0xB02,0xAEA,
0xAB4,0xA7F,0xA58,0xA48,0xA6D,0xABC,
0xB1E,0xB87,0xBCA,0xBD7,0xBC8,0xB92,
0xB3C,0xAE8,0xA9E,0xA5F,0xA3B,0xA2B,
0xA24,0xA33,0xA5D,0xA92,0xAD2,0xB1A,
0xB54,0xB93,0xBE2,0xC1C,0xC29,0xC1B,
0xBF6,0xBBA,0xB74,0xB31,0xAFC,0xAC4,
0xAAD,0xAC9,0xAF3,0xB20,0xB57,0xB78,
0xB97,0xBB6,0xBA3,0xB78,0xB51,0xB21,
0xAE1,0xA9A,0xA61,0xA60,0xA96,0xAE7,
0xB45,0xB94,0xBBF,0xBB7,0xB7C,0xB17,
0xAA0,0xA3C,0xA0B,0xA15,0xA4C,0xAB3,
0xB33,0xBA9,0xC17,0xC71,0xC94,0xC7D,
0xC34,0xBB0,0xB04,0xA54,0x9C6,0x979,
0x970,0x9A2,0xA0C,0xAA4,0xB40,0xBBC,
0xC12,0xC33,0xC24,0xBFE,0xBD0,0xB8F,
0xB34,0xAD0,0xA79,0xA38,0xA0C,0x9ED,
0x9F4,0xA36,0xA87,0xAD2,0xB34,0xB9A,
0xBE0,0xBFC,0xBF7,0xBD0,0xB82,0xB1C,
0xAC0,0xA79,0xA57,0xA63,0xA8E,0xAC5,
0xB04,0xB37,0xB41,0xB30,0xB0F,0xAE5,
0xACC,0xAC2,0xAB8,0xAC0,0xAC9,0xACC,
0xADD,0xAFA,0xB16,0xB33,0xB58,0xB78,
0xB7F,0xB6B,0xB51,0xB3B,0xB16,0xAEE,
0xACE,0xAAD,0xA94,0xA94,0xAA2,0xAC8,
0xB05,0xB41,0xB7E,0xBAA,0xBAD,0xB92,
0xB5D,0xB21,0xAED,0xABE,0xAAA,0xAB6,
0xAD7,0xB0B,0xB3D,0xB62,0xB7C,0xB82,
0xB6D,0xB3B,0xAFF,0xAD6,0xAB7,0xAA6,
0xAAC,0xABC,0xAD9,0xB06,0xB2D,0xB48,
0xB5E,0xB6A,0xB6E,0xB59,0xB2A,0xAFC,
0xACE,0xAB6,0xAD4,0xB05,0xB2C,0xB5D,
0xB7F,0xB87,0xB83,0xB69,0xB50,0xB3C,
0xB3E,0xB5F,0xB6C,0xB5B,0xB39,0xAF4,
0xAAD,0xA6F,0xA2F,0xA2E,0xA6F,0xAC5,
0xB2A,0xB88,0xBC7,0xBC9,0xB82,0xB28,
0xAD3,0xA7D,0xA3E,0xA2F,0xA54,0xAA1,
0xAEE,0xB3C,0xB9E,0xBD8,0xBE4,0xBD7,
0xB96,0xB2F,0xAD6,0xA8F,0xA5E,0xA4E,
0xA5C,0xA8F,0xAD0,0xB13,0xB50,0xB67,
0xB70,0xB7C,0xB69,0xB4E,0xB2E,0xB00,
0xAD7,0xAB8,0xA9D,0xA9A,0xAA7,0xAA8,
0xA9A,0xA9C,0xABB,0xAE8,0xB28,0xB6F,
0xBB3,0xBF9,0xC21,0xC10,0xBDE,0xB9D,
0xB4F,0xB03,0xAD5,0xAC3,0xAB6,0xAB0,
0xAAA,0xA95,0xA7A,0xA60,0xA58,0xA7F,
0xACC,0xB14,0xB58,0xBA0,0xBC8,0xBB8,
0xB86,0xB4E,0xB11,0xADF,0xAC8,0xAC1,
0xABE,0xAC8,0xAD4,0xAE1,0xAFE,0xB1D,
0xB43,0xB76,0xB90,0xB9E,0xBA8,0xB94,
0xB74,0xB4C,0xB13,0xAE2,0xAB6,0xA7B,
0xA5F,0xA5C,0xA76,0xAB8,0xAFF,0xB41,
0xB6D,0xB78,0xB78,0xB6A,0xB41,0xB26,
0xB2A,0xB3D,0xB67,0xB95,0xB9C,0xB95,
0xB90,0xB80,0xB67,0xB45,0xB1A,0xAF3,
0xAE2,0xAE8,0xAED,0xADA,0xAC2,0xAAA,
0xAA9,0xABB,0xAC6,0xADC,0xB14,0xB4B,
0xB78,0xB8E,0xB82,0xB65,0xB39,0xAFE,
0xAC1,0xA8B,0xA7C,0xA92,0xABE,0xB0D,
0xB6D,0xBC1,0xBF7,0xC05,0xBE4,0xBB0,
0xB5E,0xAFD,0xAC9,0xAAC,0xA92,0xA91,
0xA9C,0xAA4,0xAB8,0xAD4,0xAEC,0xAF3,
0xAEF,0xAF0,0xAE6,0xAD8,0xADE,0xAF2,
0xB18,0xB48,0xB6E,0xB88,0xB92,0xB8D,
0xB78,0xB4C,0xB13,0xAD9,0xAA2,0xA87,
0xA7C,0xA75,0xA89,0xAB6,0xAF3,0xB3A,
0xB75,0xBA0,0xBBD,0xBB9,0xB91,0xB3F,
0xAC9,0xA5C,0xA10,0x9E3,0x9E9,0xA2A,
0xA8D,0xAF5,0xB49,0xB93,0xBD8,0xBFD,
0xC0E,0xC24,0xC30,0xC19,0xBE0,0xB8E,
0xB2A,0xAB0,0xA43,0xA0E,0xA0B,0xA38,
0xA99,0xB21,0xBBB,0xC48,0xC98,0xC9B,
0xC5F,0xBEB,0xB49,0xA8E,0x9EE,0x987,
0x95A,0x960,0x9A4,0xA16,0xA8D,0xAEE,
0xB3F,0xB8A,0xBC3,0xBDF,0xBD9,0xBBF,
0xB9A,0xB6C,0xB2D,0xAE0,0xAA8,0xA81,
0xA5F,0xA67,0xA91,0xAB4,0xACC,0xAE5,
0xB03,0xB28,0xB48,0xB69,0xB83,0xB8C,
0xB78,0xB33,0xAE2,0xABE,0xABE,0xADD,
0xB2C,0xB78,0xB8F,0xB80,0xB54,0xB09,
0xAAC,0xA4D,0xA19,0xA2C,0xA7A,0xAEF,
0xB5E,0xBAC,0xBF4,0xC1B,0xBFF,0xBB8,
0xB60,0xB00,0xAAF,0xA7D,0xA70,0xA8C,
0xAB8,0xAE3,0xAFA,0xAE6,0xAC8,0xAB5,
0xA9B,0xA96,0xABE,0xAF8,0xB37,0xB73,
0xB92,0xB98,0xB8A,0xB62,0xB22,0xAE4,
0xABA,0xAB3,0xAD8,0xB09,0xB2B,0xB4C,
0xB67,0xB73,0xB65,0xB26,0xAE4,0xAB7,
0xAA2,0xABE,0xAEC,0xB2E,0xB91,0xBCB,
0xBD7,0xBD5,0xBA4,0xB50,0xAF6,0xA9A,
0xA5E,0xA55,0xA78,0xAC7,0xB3B,0xBA8,
0xBF2,0xC0F,0xBE7,0xB97,0xB31,0xAC4,
0xA76,0xA43,0xA25,0xA31,0xA49,0xA72,
0xAA3,0xAC2,0xAE2,0xAF8,0xB07,0xB22,
0xB47,0xB6B,0xB7E,0xB89,0xB85,0xB65,
0xB39,0xB01,0xACE,0xAC4,0xAE0,0xB17,
0xB5B,0xBA3,0xBE6,0xBFF,0xBFA,0xBDD,
0xBA3,0xB68,0xB22,0xADD,0xAB9,0xAAE,
0xAAE,0xABE,0xAD8,0xAF6,0xB13,0xB1B,
0xB20,0xB30,0xB36,0xB2D,0xB13,0xAF0,
0xADE,0xAD7,0xAE0,0xAFD,0xB18,0xB34,
0xB46,0xB29,0xADF,0xA96,0xA68,0xA55,
0xA66,0xA9E,0xAF8,0xB5A,0xB9B,0xBBF,
0xBC7,0xBA1,0xB60,0xB1C,0xADB,0xAA0,
0xA6B,0xA47,0xA34,0xA34,0xA4E,0xA7B,
0xAB0,0xAF0,0xB31,0xB74,0xBC2,0xBFC,
0xC09,0xC00,0xBE7,0xBB6,0xB70,0xB1E,
0xAD0,0xA86,0xA65,0xA78,0xAAB,0xAFA,
0xB51,0xB90,0xBC0,0xBDC,0xBD1,0xBAF,
0xB76,0xB21,0xAC7,0xA7E,0xA50,0xA58,
0xA89,0xAD4,0xB33,0xB7A,0xB96,0xB8C,
0xB55,0xB00,0xA9E,0xA4C,0xA28,0xA2A,
0xA5F,0xAC5,0xB39,0xBA6,0xC05,0xC4A,
0xC57,0xC33,0xBED,0xB77,0xAE8,0xA63,
0xA01,0x9D7,0x9D9,0xA0B,0xA73,0xAF2,
0xB65,0xBB1,0xBDE,0xBE6,0xBC9,0xBAA,
0xB80,0xB40,0xAFC,0xAB8,0xA86,0xA61,
0xA45,0xA2D,0xA29,0xA56,0xA9B,0xADF,
0xB39,0xB94,0xBCA,0xBE6,0xBE2,0xBB2,
0xB66,0xB0E,0xAB7,0xA84,0xA7E,0xA93,
0xABC,0xAEC,0xB24,0xB56,0xB58,0xB44,
0xB22,0xAF3,0xAD8,0xAC5,0xAB4,0xAC0,
0xAC8,0xAC6,0xAD7,0xAED,0xB01,0xB19,
0xB37,0xB56,0xB68,0xB64,0xB56,0xB47,
0xB34,0xB12,0xAEB,0xAC7,0xAB1,0xAA3,
0xA97,0xA9E,0xAD2,0xB1E,0xB64,0xB94,
0xBA4,0xBA1,0xB7F,0xB45,0xB10,0xADB,
0xAB6,0xAB9,0xACC,0xAE3,0xB0B,0xB31,
0xB4A,0xB52,0xB3F,0xB18,0xAFA,0xAE7,
0xADA,0xACF,0xACA,0xAD9,0xAEB,0xAF8,
0xB0C,0xB17,0xB2A,0xB48,0xB59,0xB5C,
0xB45,0xB22,0xB00,0xAE9,0xAF1,0xB09,
0xB2A,0xB4E,0xB56,0xB52,0xB51,0xB3C,
0xB2B,0xB29,0xB35,0xB56,0xB69,0xB60,
0xB44,0xB0E,0xAD7,0xAA9,0xA8B,0xA99,
0xAC7,0xAF5,0xB2D,0xB69,0xB91,0xB8F,
0xB64,0xB2D,0xAF7,0xABD,0xA8D,0xA77,
0xA8B,0xABB,0xAF0,0xB37,0xB8E,0xBCD,
0xBE2,0xBDB,0xBA7,0xB4F,0xAFD,0xAA4,
0xA57,0xA38,0xA3C,0xA69,0xAB6,0xB0D,
0xB5B,0xB7B,0xB88,0xB93,0xB7E,0xB57,
0xB2A,0xB05,0xAF8,0xADF,0xAC4,0xABE,
0xAC4,0xAC1,0xAB0,0xAB2,0xAD1,0xAEF,
0xB13,0xB42,0xB74,0xBA9,0xBCA,0xBC7,
0xBB5,0xB97,0xB60,0xB2E,0xB12,0xAFE,
0xAE1,0xACA,0xAB2,0xA90,0xA6D,0xA52,
0xA4E,0xA6C,0xAA2,0xAEB,0xB3D,0xB8C,
0xBC1,0xBC4,0xBA9,0xB86,0xB59,0xB29,
0xB03,0xAEA,0xADB,0xAD7,0xAD6,0xADD,
0xAFC,0xB1D,0xB40,0xB73,0xB89,0xB8C,
0xB8F,0xB7D,0xB67,0xB4B,0xB15,0xAEC,
0xAC4,0xA8E,0xA6B,0xA60,0xA78,0xAB4,
0xAF9,0xB47,0xB8D,0xB9F,0xB99,0xB85,
0xB58,0xB2B,0xB17,0xB16,0xB35,0xB61,
0xB79,0xB8C,0xB9A,0xB93,0xB7C,0xB51,
0xB13,0xAE3,0xAC8,0xAC1,0xABD,0xAAF,
0xAA5,0xA9F,0xAA1,0xAB0,0xAC0,0xADC,
0xB07,0xB34,0xB4F,0xB4B,0xB2F,0xB11,
0xAF4,0xADB,0xABD,0xAAD,0xAB6,0xAD3,
0xB0E,0xB52,0xB85,0xBAA,0xBBA,0xBB7,
0xB9C,0xB68,0xB1D,0xACD,0xAA8,0xA9A,
0xA93,0xAA8,0xAC2,0xADC,0xAF7,0xB02,
0xB04,0xAF5,0xAE1,0xADB,0xAC7,0xAAD,
0xAA7,0xAC3,0xB01,0xB3E,0xB67,0xB87,
0xBA0,0xBAC,0xB92,0xB59,0xB10,0xAC4,
0xA96,0xA85,0xA8B,0xA9E,0xABE,0xAEC,
0xB2E,0xB60,0xB7C,0xB96,0xB9D,0xB8B,
0xB62,0xB08,0xA96,0xA3C,0xA08,0x9FB,
0xA17,0xA5A,0xAB9,0xB17,0xB5C,0xB94,
0xBCE,0xBFD,0xC14,0xC1F,0xC13,0xBEF,
0xBBA,0xB6F,0xB10,0xAA8,0xA58,0xA34,
0xA37,0xA6B,0xAC6,0xB3A,0xBC0,0xC36,
0xC75,0xC74,0xC36,0xBC7,0xB30,0xA90,
0xA0C,0x9B2,0x98D,0x99A,0x9D2,0xA31,
0xA96,0xAE2,0xB2D,0xB80,0xBBB,0xBDA,
0xBDA,0xBB7,0xB8D,0xB57,0xB0C,0xABF,
0xA8C,0xA7A,0xA7C,0xA97,0xAC7,0xAE2,
0xAE9,0xAF5,0xB00,0xB0C,0xB29,0xB4B,
0xB55,0xB55,0xB4E,0xB29,0xAFA,0xAE2,
0xAE1,0xB01,0xB45,0xB80,0xB89,0xB69,
0xB2E,0xAE3,0xA99,0xA50,0xA29,0xA44,
0xA91,0xAFA,0xB57,0xB97,0xBD7,0xBF2,
0xBC7,0xB7D,0xB2A,0xAD7,0xA97,0xA6C,
0xA71,0xA9C,0xACB,0xAF5,0xB11,0xB08,
0xAEC,0xAD8,0xAC6,0xAC3,0xAD8,0xB0A,
0xB3E,0xB57,0xB5A,0xB4C,0xB40,0xB21,
0xAEA,0xAC1,0xAAE,0xAC5,0xAFD,0xB2E,
0xB5B,0xB7E,0xB90,0xB89,0xB54,0xB09,
0xAC5,0xAA0,0xAA6,0xAC2,0xAFA,0xB4F,
0xBAB,0xBF0,0xC03,0xBF5,0xBC0,0xB5E,
0xAF3,0xA8C,0xA45,0xA39,0xA5E,0xAB5,
0xB2D,0xB9A,0xBE4,0xC07,0xBF0,0xBA8,
0xB49,0xAE0,0xA8E,0xA56,0xA36,0xA3A,
0xA4E,0xA6D,0xA99,0xAC2,0xAF1,0xB21,
0xB44,0xB65,0xB7C,0xB8D,0xB8F,0xB84,
0xB6A,0xB43,0xB1A,0xAE3,0xAAF,0xAA6,
0xAC3,0xB02,0xB55,0xBA1,0xBE5,0xBF8,
0xBE4,0xBC6,0xB92,0xB57,0xB1A,0xAE8,
0xAD2,0xAC2,0xAB9,0xAC0,0xACA,0xADC,
0xAF6,0xB12,0xB32,0xB55,0xB67,0xB5B,
0xB3C,0xB0D,0xAE1,0xAD2,0xAD2,0xADB,
0xAF7,0xB11,0xB21,0xB15,0xADE,0xAA6,
0xA85,0xA75,0xA8C,0xAC7,0xB15,0xB6B,
0xBA1,0xBBB,0xBBA,0xB8C,0xB46,0xB03,
0xAC6,0xA91,0xA70,0xA64,0xA61,0xA6F,
0xA8E,0xAB9,0xAE8,0xB11,0xB3C,0xB6F,
0xBA7,0xBD9,0xBE7,0xBDB,0xBC6,0xB9C,
0xB61,0xB1F,0xAE3,0xAB5,0xA9B,0xAAC,
0xACF,0xAFF,0xB3C,0xB6A,0xB99,0xBB1,
0xBA4,0xB8E,0xB64,0xB2A,0xAEA,0xAAA,
0xA7F,0xA7F,0xAAF,0xAF8,0xB44,0xB7A,
0xB95,0xB84,0xB40,0xAE7,0xA96,0xA55,
0xA44,0xA61,0xAA1,0xB04,0xB65,0xBB4,
0xBFB,0xC1B,0xC08,0xBDB,0xB9F,0xB4A,
0xADE,0xA79,0xA35,0xA18,0xA1C,0xA3C,
0xA87,0xAEF,0xB4E,0xB9C,0xBCF,0xBDB,
0xBC9,0xBA7,0xB79,0xB3D,0xAF2,0xAB1,
0xA81,0xA5B,0xA47,0xA44,0xA55,0xA8C,
0xACC,0xB08,0xB4E,0xB89,0xBA8,0xBAE,
0xBA0,0xB7A,0xB3F,0xAFC,0xAC0,0xAA2,
0xAA6,0xABE,0xAE4,0xB0D,0xB2F,0xB48,
0xB43,0xB2E,0xB04,0xAD0,0xABD,0xAB0,
0xAA3,0xAB0,0xAC2,0xAD5,0xAF9,0xB15,
0xB21,0xB2D,0xB3F,0xB51,0xB53,0xB44,
0xB35,0xB27,0xB0C,0xAF7,0xAE8,0xAD4,
0xACD,0xAC8,0xAC2,0xAD6,0xAFF,0xB2B,
0xB4F,0xB63,0xB64,0xB57,0xB3D,0xB19,
0xAFE,0xAEA,0xAE5,0xAEF,0xAF9,0xB09,
0xB1F,0xB30,0xB3C,0xB38,0xB15,0xAF2,
0xAD2,0xABE,0xAB7,0xAB3,0xABF,0xAE0,
0xB04,0xB29,0xB4B,0xB59,0xB5C,0xB61,
0xB57,0xB36,0xB0C,0xAE5,0xAC8,0xAC0,
0xAD8,0xAFC,0xB22,0xB4F,0xB6B,0xB76,
0xB73,0xB5E,0xB4B,0xB40,0xB43,0xB58,
0xB5D,0xB48,0xB26,0xAF1,0xABE,0xA9A,
0xA7F,0xA8E,0xAC1,0xAFC,0xB40,0xB72,
0xB87,0xB8A,0xB5D,0xB1A,0xAE0,0xAAB,
0xA86,0xA75,0xA88,0xABA,0xAEF,0xB33,
0xB85,0xBAC,0xBB1,0xBA2,0xB68,0xB1A,
0xAD6,0xA95,0xA6D,0xA6D,0xA85,0xAA9,
0xAE1,0xB28,0xB5A,0xB67,0xB6F,0xB6A,
0xB4D,0xB30,0xB12,0xAF4,0xAE0,0xACD,
0xABF,0xAC1,0xAD1,0xAD2,0xABE,0xABD,
0xAD1,0xAE5,0xB06,0xB3E,0xB7B,0xBB3,
0xBD5,0xBD5,0xBC4,0xB9E,0xB5C,0xB23,
0xB02,0xAEA,0xAD9,0xACE,0xABF,0xA9E,
0xA7A,0xA63,0xA63,0xA85,0xAC3,0xB0E,
0xB5C,0xB9C,0xBBD,0xBB9,0xB92,0xB5D,
0xB2B,0xB02,0xAEC,0xADE,0xAD4,0xAD7,
0xADC,0xAF3,0xB17,0xB32,0xB51,0xB78,
0xB83,0xB81,0xB7B,0xB63,0xB4E,0xB38,
0xB11,0xAE8,0xAC5,0xA9C,0xA78,0xA6E,
0xA87,0xABC,0xB05,0xB54,0xB97,0xBA9,
0xB9D,0xB94,0xB70,0xB3C,0xB16,0xB06,
0xB13,0xB30,0xB42,0xB59,0xB71,0xB7A,
0xB7C,0xB6D,0xB44,0xB14,0xAFC,0xAF5,
0xAEA,0xAD4,0xABC,0xAAF,0xAB2,0xAB4,
0xAB3,0xAC8,0xAF2,0xB13,0xB2F,0xB33,
0xB20,0xB06,0xAE9,0xAE0,0xAD7,0xAC7,
0xACD,0xAE3,0xB03,0xB32,0xB61,0xB7F,
0xB91,0xBA2,0xB97,0xB73,0xB3B,0xAF9,
0xAD2,0xAB9,0xAA7,0xAA7,0xAA7,0xAAA,
0xABA,0xACF,0xAE2,0xAEB,0xB00,0xB18,
0xB19,0xB0F,0xAFB,0xAF6,0xB0C,0xB25,
0xB3A,0xB4E,0xB62,0xB76,0xB73,0xB57,
0xB32,0xB07,0xADA,0xABF,0xAB1,0xAA7,
0xAAF,0xAD3,0xB0C,0xB3B,0xB58,0xB72,
0xB81,0xB7E,0xB5D,0xB11,0xAB9,0xA75,
0xA50,0xA44,0xA56,0xA92,0xADA,0xB18,
0xB42,0xB5B,0xB80,0xBA2,0xBBB,0xBDF,
0xBF4,0xBE5,0xBC0,0xB83,0xB32,0xAD4,
0xA80,0xA4D,0xA47,0xA72,0xABF,0xB1F,
0xB8E,0xBF5,0xC31,0xC37,0xC0B,0xBB6,
0xB47,0xAC0,0xA48,0x9F5,0x9C4,0x9BE,
0x9E3,0xA2D,0xA91,0xAED,0xB3E,0xB8E,
0xBCA,0xBE4,0xBDA,0xBB2,0xB83,0xB4C,
0xB02,0xAC2,0xAA2,0xA8F,0xA84,0xA9D,
0xAC9,0xAE8,0xAF7,0xAFE,0xB0F,0xB29,
0xB43,0xB56,0xB62,0xB61,0xB45,0xB09,
0xACD,0xAB0,0xABA,0xAE3,0xB31,0xB7A,
0xB98,0xB8E,0xB61,0xB1C,0xACA,0xA77,
0xA48,0xA4F,0xA87,0xADC,0xB32,0xB7C,
0xBBB,0xBE2,0xBD0,0xB97,0xB4B,0xAF4,
0xAA9,0xA6F,0xA5D,0xA74,0xA95,0xACC,
0xAFA,0xB06,0xB09,0xAFF,0xAEB,0xAE5,
0xAF2,0xB0F,0xB2A,0xB3E,0xB50,0xB53,
0xB47,0xB30,0xB0B,0xAE9,0xAD0,0xACC,
0xAE9,0xB0D,0xB2C,0xB45,0xB53,0xB59,
0xB49,0xB1C,0xAF6,0xADA,0xAD3,0xAE0,
0xAF7,0xB31,0xB78,0xB9C,0xBB2,0xBB5,
0xB88,0xB3E,0xAE9,0xA9D,0xA70,0xA6D,
0xA95,0xAE3,0xB42,0xB91,0xBBB,0xBC5,
0xBA9,0xB6B,0xB1E,0xAD4,0xAA2,0xA84,
0xA7B,0xA86,0xA91,0xAA9,0xABD,0xAC2,
0xAD4,0xAED,0xB00,0xB1A,0xB38,0xB5D,
0xB7D,0xB8E,0xB87,0xB6F,0xB4B,0xB16,
0xAE3,0xAD1,0xAE2,0xB02,0xB26,0xB5E,
0xB92,0xBA6,0xBA4,0xB95,0xB7A,0xB56,
0xB2C,0xAFF,0xAE6,0xADE,0xADA,0xADE,
0xAE5,0xAEC,0xAF8,0xB03,0xB14,0xB30,
0xB44,0xB46,0xB39,0xB1F,0xB03,0xAF2,
0xAE5,0xAEA,0xAF9,0xAFF,0xB02,0xAE8,
0xAB9,0xA9C,0xA8A,0xA87,0xAB0,0xAF1,
0xB39,0xB81,0xBA5,0xBA6,0xBA3,0xB80,
0xB44,0xB0D,0xAD9,0xAA9,0xA80,0xA62,
0xA5C,0xA70,0xA96,0xAC5,0xAFD,0xB34,
0xB64,0xB90,0xBB1,0xBC2,0xBBC,0xBA6,
0xB92,0xB6E,0xB48,0xB27,0xAFD,0xADD,
0xAD0,0xAD7,0xAF0,0xB16,0xB3F,0xB53,
0xB6A,0xB7A,0xB70,0xB5F,0xB40,0xB1A,
0xAEC,0xABA,0xA9A,0xA96,0xAB2,0xAEA,
0xB22,0xB50,0xB6D,0xB69,0xB42,0xB05,
0xAC2,0xA87,0xA72,0xA80,0xAA8,0xAEF,
0xB3D,0xB89,0xBCD,0xBF9,0xC03,0xBE5,
0xBAA,0xB4D,0xAE2,0xA82,0xA35,0xA12,
0xA21,0xA50,0xA99,0xAEE,0xB41,0xB85,
0xBB0,0xBC5,0xBC3,0xBB5,0xB9D,0xB6F,
0xB32,0xAEF,0xAB1,0xA7E,0xA58,0xA3F,
0xA47,0xA7A,0xAB9,0xAFE,0xB49,0xB89,
0xBB2,0xBBA,0xBAB,0xB8B,0xB53,0xB11,
0xAD0,0xAA7,0xAA1,0xAB3,0xACF,0xAED,
0xB10,0xB25,0xB27,0xB21,0xB06,0xAEC,
0xAE0,0xACE,0xAC6,0xACA,0xACF,0xAD2,
0xAE3,0xAFE,0xB1B,0xB2C,0xB40,0xB55,
0xB5B,0xB4E,0xB3F,0xB30,0xB1B,0xB06,
0xAF0,0xAD5,0xAC1,0xAB8,0xAB2,0xAC0,
0xAED,0xB20,0xB4B,0xB6D,0xB81,0xB80,
0xB62,0xB32,0xB0A,0xAE7,0xACF,0xAC8,
0xACF,0xAE5,0xAFF,0xB17,0xB26,0xB21,
0xB15,0xB08,0xAFA,0xAF2,0xAED,0xAF0,
0xAF9,0xB09,0xB1A,0xB22,0xB26,0xB1E,
0xB0B,0xB08,0xB07,0xAF9,0xAE7,0xADF,
0xADA,0xAE8,0xB14,0xB40,0xB59,0xB67,
0xB67,0xB5C,0xB3D,0xB19,0xB00,0xAFB,
0xB13,0xB3C,0xB54,0xB5C,0xB52,0xB2D,
0xAFB,0xACB,0xAAF,0xAB9,0xAD0,0xAEF,
0xB1E,0xB43,0xB59,0xB54,0xB33,0xB18,
0xAFB,0xAD5,0xABD,0xAB2,0xAC2,0xAE0,
0xAF6,0xB22,0xB5C,0xB7B,0xB8C,0xB8C,
0xB61,0xB27,0xAF0,0xABB,0xA97,0xA8C,
0xA93,0xAB8,0xAEE,0xB1C,0xB3B,0xB4B,
0xB55,0xB56,0xB3E,0xB1E,0xB09,0xAF7,
0xAE8,0xADD,0xAD3,0xADB,0xAE8,0xADD,
0xAC4,0xABF,0xACB,0xADF,0xB08,0xB3D,
0xB74,0xBA3,0xBB7,0xBA8,0xB8B,0xB66,
0xB32,0xB08,0xAF8,0xAEE,0xAE4,0xADE,
0xAD0,0xABA,0xA9F,0xA8A,0xA90,0xAB1,
0xAE3,0xB18,0xB54,0xB8D,0xBA7,0xB9D,
0xB7E,0xB55,0xB29,0xB0C,0xAF5,0xADE,
0xAD2,0xAD5,0xAE1,0xAFB,0xB19,0xB33,
0xB53,0xB72,0xB78,0xB72,0xB6A,0xB53,
0xB47,0xB37,0xB13,0xAF5,0xAD9,0xABA,
0xAA4,0xA9A,0xAA8,0xACC,0xAFD,0xB31,
0xB5A,0xB6F,0xB77,0xB76,0xB5D,0xB3E,
0xB2B,0xB27,0xB3B,0xB55,0xB5A,0xB61,
0xB6E,0xB6D,0xB5E,0xB49,0xB24,0xB05,
0xB05,0xB02,0xAEE,0xAD4,0xABA,0xAAC,
0xAAB,0xAB1,0xABD,0xAD9,0xB08,0xB2E,
0xB45,0xB54,0xB50,0xB3D,0xB27,0xB15,
0xAFB,0xADC,0xAD2,0xAD8,0xAEC,0xB12,
0xB3B,0xB63,0xB84,0xB90,0xB85,0xB61,
0xB31,0xB01,0xAE4,0xACE,0xAC2,0xAC2,
0xAC1,0xAC7,0xAD5,0xAE0,0xAE5,0xAE2,
0xAE1,0xAE0,0xAD5,0xAD7,0xADE,0xAF5,
0xB26,0xB4F,0xB6B,0xB7C,0xB80,0xB75,
0xB53,0xB29,0xAFF,0xAD6,0xABC,0xAAE,
0xAB2,0xAC0,0xAD2,0xAF2,0xB20,0xB42,
0xB53,0xB5C,0xB62,0xB5B,0xB34,0xAF2,
0xAB1,0xA80,0xA65,0xA61,0xA7B,0xAB7,
0xAFA,0xB33,0xB57,0xB6C,0xB83,0xB8E,
0xB93,0xB9C,0xB9D,0xB98,0xB80,0xB5A,
0xB27,0xAE1,0xAA9,0xA88,0xA83,0xAA3,
0xAD5,0xB21,0xB81,0xBCF,0xBFC,0xC02,
0xBDE,0xB93,0xB2D,0xABA,0xA59,0xA11,
0x9E9,0x9E9,0xA0F,0xA4C,0xA98,0xAE0,
0xB26,0xB6A,0xB9B,0xBBE,0xBC7,0xBB4,
0xB92,0xB5C,0xB14,0xADA,0xAB5,0xA97,
0xA8B,0xAA3,0xAC9,0xADF,0xAEA,0xAF7,
0xB0B,0xB23,0xB43,0xB64,0xB76,0xB78,
0xB65,0xB33,0xB00,0xAE7,0xAE3,0xAF3,
0xB19,0xB3B,0xB46,0xB3A,0xB1F,0xAF6,
0xAC8,0xA9E,0xA8D,0xA99,0xAC7,0xB0C,
0xB41,0xB68,0xB90,0xB9E,0xB89,0xB5C,
0xB30,0xAFD,0xACB,0xAB1,0xAAF,0xAC1,
0xADA,0xAF2,0xAFE,0xAF6,0xAE4,0xAD7,
0xAD2,0xAE3,0xAFF,0xB27,0xB4C,0xB5D,
0xB5B,0xB42,0xB2B,0xB0E,0xAE8,0xAD1,
0xAC9,0xAD6,0xAF9,0xB1A,0xB34,0xB46,
0xB50,0xB5C,0xB50,0xB27,0xAFC,0xAE0,
0xADD,0xAEA,0xB03,0xB2E,0xB69,0xB90,
0xB9D,0xB9B,0xB79,0xB44,0xB05,0xAC8,
0xAA4,0xAA7,0xABD,0xAF2,0xB3C,0xB73,
0xB97,0xBA3,0xB89,0xB53,0xB0C,0xACD,
0xA9C,0xA76,0xA6D,0xA74,0xA80,0xAA9,
0xAD2,0xAF4,0xB10,0xB1E,0xB27,0xB2F,
0xB3D,0xB4F,0xB58,0xB5E,0xB53,0xB3D,
0xB26,0xAFA,0xAD6,0xAD6,0xAEA,0xB12,
0xB41,0xB70,0xBA2,0xBB0,0xBA0,0xB83,
0xB5B,0xB34,0xB09,0xAE3,0xAD4,0xAD1,
0xAD5,0xAE1,0xAEE,0xAF9,0xB05,0xB0D,
0xB11,0xB1D,0xB26,0xB25,0xB17,0xB01,
0xAF1,0xAF6,0xB00,0xB0B,0xB1A,0xB24,
0xB1F,0xB03,0xAC9,0xA9A,0xA82,0xA7D,
0xAA0,0xAD4,0xB18,0xB63,0xB8E,0xBA1,
0xB9F,0xB7D,0xB4A,0xB13,0xAE3,0xABA,
0xA94,0xA81,0xA7F,0xA87,0xA9F,0xAC2,
0xAEC,0xB14,0xB38,0xB5D,0xB84,0xB9C,
0xB9C,0xB96,0xB8A,0xB72,0xB50,0xB2E,
0xB08,0xAE4,0xADD,0xAEC,0xB00,0xB23,
0xB47,0xB59,0xB69,0xB69,0xB57,0xB45,
0xB37,0xB17,0xAE9,0xAC4,0xAAF,0xAB1,
0xACF,0xAFD,0xB2E,0xB54,0xB66,0xB56,
0xB25,0xAEE,0xAB9,0xA8E,0xA84,0xA9B,
0xACB,0xB13,0xB5A,0xB95,0xBC3,0xBDD,
0xBDC,0xBBE,0xB90,0xB4E,0xAFC,0xAAD,
0xA70,0xA52,0xA4D,0xA64,0xA9D,0xAE9,
0xB33,0xB70,0xB93,0xBA0,0xB9C,0xB8A,
0xB6A,0xB3A,0xB04,0xAD2,0xAA9,0xA8A,
0xA74,0xA6D,0xA83,0xAB4,0xAE0,0xB0E,
0xB46,0xB7B,0xB9F,0xBA8,0xB9D,0xB7D,
0xB48,0xB09,0xAD3,0xAB3,0xAAB,0xAB6,
0xAD4,0xAF7,0xB19,0xB2D,0xB2B,0xB1B,
0xB03,0xAEE,0xAE0,0xAD6,0xAD0,0xAD6,
0xAE0,0xADF,0xAE9,0xAFD,0xB0D,0xB1B,
0xB31,0xB4B,0xB55,0xB51,0xB45,0xB30,
0xB18,0xB04,0xAE9,0xAD2,0xACF,0xACA,
0xAC6,0xAD8,0xB03,0xB2D,0xB53,0xB6C,
0xB71,0xB69,0xB4F,0xB2B,0xB0F,0xAFA,
0xAE8,0xADE,0xAE0,0xAF0,0xB0A,0xB1F,
0xB29,0xB2B,0xB28,0xB17,0xB01,0xAEC,
0xAE7,0xAE7,0xAE5,0xAF3,0xB08,0xB1A,
0xB28,0xB2B,0xB33,0xB3C,0xB36,0xB24,
0xB0C,0xAF5,0xAE7,0xAE2,0xAF8,0xB14,
0xB2D,0xB40,0xB45,0xB4C,0xB46,0xB39,
0xB31,0xB27,0xB35,0xB4A,0xB47,0xB37,
0xB1D,0xAFA,0xAD6,0xAB1,0xAA3,0xAB5,
0xAD9,0xAFD,0xB22,0xB4B,0xB65,0xB60,
0xB3F,0xB17,0xAF5,0xAD4,0xAB8,0xAB2,
0xAC3,0xAE4,0xB05,0xB30,0xB6A,0xB85,
0xB82,0xB73,0xB43,0xB0D,0xADD,0xAA9,
0xA94,0xA98,0xAA6,0xACC,0xAFC,0xB33,
0xB55,0xB55,0xB58,0xB55,0xB3A,0xB1D,
0xB02,0xAF1,0xAEB,0xADF,0xAD3,0xAD7,
0xAE4,0xAE2,0xAD5,0xAD8,0xAE3,0xAF7,
0xB1D,0xB47,0xB6B,0xB87,0xB8D,0xB80,
0xB6C,0xB4B,0xB21,0xB04,0xAF5,0xAF0,
0xAF0,0xAED,0xAEA,0xADF,0xACB,0xAB8,
0xAB2,0xAC3,0xAE3,0xB04,0xB2C,0xB58,
0xB71,0xB70,0xB61,0xB46,0xB2A,0xB12,
0xAFE,0xAF2,0xAEB,0xAE8,0xAE4,0xAEB,
0xB05,0xB1D,0xB35,0xB50,0xB5D,0xB66,
0xB6A,0xB5F,0xB50,0xB3F,0xB1F,0xAFF,
0xADB,0xAB1,0xA9C,0xAA0,0xAB9,0xADF,
0xB11,0xB46,0xB65,0xB69,0xB67,0xB5F,
0xB47,0xB2D,0xB1F,0xB21,0xB39,0xB4F,
0xB4D,0xB50,0xB56,0xB4F,0xB43,0xB33,
0xB16,0xAFB,0xAF3,0xAF8,0xAF6,0xAE9,
0xADB,0xAD1,0xACD,0xAD5,0xADD,0xAE9,
0xB05,0xB25,0xB3C,0xB45,0xB40,0xB2F,
0xB1A,0xAF9,0xAD9,0xAC2,0xABE,0xACE,
0xAEC,0xB13,0xB3E,0xB5E,0xB70,0xB7C,
0xB77,0xB5C,0xB37,0xB12,0xAFE,0xAEC,
0xADF,0xAD9,0xACF,0xAD0,0xAD9,0xAE5,
0xAEF,0xAF1,0xAFE,0xB06,0xAFC,0xAF9,
0xAF6,0xB02,0xB1D,0xB2F,0xB40,0xB53,
0xB5C,0xB5B,0xB4B,0xB32,0xB18,0xAF4,
0xADB,0xAD0,0xACD,0xAD1,0xAD5,0xAED,
0xB17,0xB33,0xB43,0xB4E,0xB51,0xB4A,
0xB2E,0xB03,0xACF,0xAA3,0xA8F,0xA8E,
0xA99,0xABF,0xAED,0xB13,0xB32,0xB4C,
0xB6A,0xB80,0xB90,0xB9F,0xBA4,0xB98,
0xB77,0xB47,0xB0B,0xAC9,0xA9C,0xA8F,
0xA9C,0xABD,0xAF5,0xB3F,0xB8E,0xBC8,
0xBD8,0xBC7,0xBA1,0xB67,0xB15,0xAB7,
0xA6A,0xA36,0xA1C,0xA23,0xA4B,0xA86,
0xAC3,0xAFB,0xB2F,0xB65,0xB85,0xB94,
0xB93,0xB7E,0xB62,0xB30,0xAF6,0xACC,
0xAAF,0xAA3,0xAAA,0xAC8,0xAEB,0xAFC,
0xB03,0xB08,0xB10,0xB1A,0xB28,0xB3E,
0xB50,0xB55,0xB45,0xB19,0xAEC,0xAD0,
0xACD,0xAE8,0xB14,0xB42,0xB58,0xB51,
0xB38,0xB10,0xADD,0xAAB,0xA8A,0xA8D,
0xAB2,0xAEF,0xB27,0xB4F,0xB7A,0xB99,
0xB8E,0xB69,0xB3B,0xB06,0xAD7,0xAB7,
0xAAD,0xAB9,0xACE,0xAED,0xB02,0xAFE,
0xAF7,0xAF5,0xAEE,0xAF3,0xB05,0xB1F,
0xB3A,0xB4A,0xB4A,0xB3E,0xB2A,0xB11,
0xAF3,0xADD,0xADA,0xAE6,0xB02,0xB1D,
0xB2C,0xB36,0xB3D,0xB42,0xB35,0xB18,
0xB03,0xAF8,0xAFC,0xB09,0xB1D,0xB46,
0xB71,0xB84,0xB88,0xB7F,0xB5F,0xB2B,
0xAF2,0xAC6,0xAAA,0xAA9,0xAC3,0xAF7,
0xB3A,0xB70,0xB8B,0xB8B,0xB6B,0xB3B,
0xB09,0xAD6,0xAAE,0xA95,0xA90,0xAA6,
0xABC,0xAD9,0xAF5,0xB08,0xB1E,0xB28,
0xB2E,0xB34,0xB37,0xB3D,0xB3D,0xB39,
0xB34,0xB2A,0xB20,0xB06,0xAF5,0xAF9,
0xB0B,0xB2B,0xB52,0xB78,0xB93,0xB93,
0xB7E,0xB5F,0xB3A,0xB1A,0xAFA,0xAE4,
0xAE5,0xAEB,0xAF5,0xB01,0xB06,0xB0E,
0xB12,0xB12,0xB17,0xB22,0xB28,0xB22,
0xB10,0xAFE,0xAF2,0xAF6,0xB01,0xB14,
0xB24,0xB25,0xB1F,0xB07,0xAE2,0xAC2,
0xAA8,0xAA3,0xABA,0xAE0,0xB11,0xB3E,
0xB58,0xB69,0xB6E,0xB5B,0xB33,0xB0A,
0xAE5,0xAC0,0xAA1,0xA8C,0xA89,0xA96,
0xAAF,0xAD5,0xAFC,0xB22,0xB44,0xB61,
0xB7E,0xB95,0xB94,0xB86,0xB72,0xB51,
0xB2E,0xB0A,0xAE8,0xAD0,0xACD,0xAE0,
0xAF3,0xB0E,0xB29,0xB3A,0xB4F,0xB54,
0xB49,0xB3E,0xB30,0xB1A,0xAF8,0xAD6,
0xABF,0xABE,0xAD8,0xAFD,0xB25,0xB48,
0xB59,0xB4F,0xB2A,0xAF9,0xAC4,0xA9B,
0xA91,0xAA4,0xACC,0xB08,0xB47,0xB82,
0xBB5,0xBD4,0xBD0,0xBB0,0xB81,0xB40,
0xAEF,0xAA1,0xA66,0xA4B,0xA4D,0xA6D,
0xAAF,0xAF7,0xB31,0xB60,0xB80,0xB90,
0xB95,0xB8D,0xB7D,0xB5E,0xB33,0xAFE,
0xACC,0xAA3,0xA82,0xA71,0xA7D,0xAA1,
0xAD3,0xB09,0xB40,0xB71,0xB90,0xB99,
0xB8D,0xB6D,0xB40,0xB11,0xAE2,0xABF,
0xAB5,0xABF,0xAD4,0xAF2,0xB10,0xB22,
0xB27,0xB1C,0xB09,0xAFE,0xAF9,0xAF2,
0xAEF,0xAF4,0xAF9,0xAF8,0xAFC,0xB07,
0xB11,0xB1E,0xB31,0xB3F,0xB41,0xB3C,
0xB36,0xB2C,0xB1E,0xB11,0xB01,0xAEB,
0xADE,0xAD5,0xAD1,0xADF,0xAF9,0xB1D,
0xB41,0xB56,0xB61,0xB5F,0xB45,0xB24,
0xB0B,0xAF5,0xAE7,0xAE3,0xAEB,0xAFD,
0xB11,0xB24,0xB31,0xB36,0xB2B,0xB1A,
0xB0A,0xAFA,0xAF1,0xAEC,0xAEB,0xAF4,
0xB02,0xB0B,0xB10,0xB10,0xB10,0xB19,
0xB19,0xB10,0xB0B,0xB09,0xB08,0xB0C,
0xB1A,0xB29,0xB37,0xB40,0xB43,0xB41,
0xB32,0xB22,0xB18,0xB12,0xB19,0xB27,
0xB2D,0xB2B,0xB20,0xB09,0xAF6,0xAE1,
0xAD3,0xADD,0xAF1,0xB07,0xB20,0xB33,
0xB40,0xB3F,0xB27,0xB0A,0xAF0,0xAD4,
0xAC2,0xAC2,0xAD3,0xAEA,0xB02,0xB29,
0xB57,0xB74,0xB7F,0xB74,0xB4E,0xB1D,
0xAEC,0xABB,0xA9D,0xA95,0xAA1,0xAC4,
0xAF9,0xB2A,0xB4E,0xB5E,0xB68,0xB67,
0xB56,0xB3D,0xB1D,0xAFC,0xAE6,0xAD6,
0xAC9,0xAC6,0xAD0,0xAD5,0xAD8,0xAE3,
0xAF4,0xB09,0xB25,0xB42,0xB5E,0xB75,
0xB79,0xB6B,0xB55,0xB3B,0xB1C,0xB04,
0xAFC,0xAFD,0xAF9,0xAF3,0xAE6,0xAD4,
0xAC1,0xAB4,0xABC,0xAD6,0xAF8,0xB1A,
0xB3D,0xB5D,0xB6A,0xB5F,0xB47,0xB29,
0xB12,0xB01,0xAF4,0xAEB,0xAE7,0xAE7,
0xAE8,0xAF0,0xB05,0xB1F,0xB38,0xB4F,
0xB5A,0xB5D,0xB59,0xB4B,0xB3E,0xB2B,
0xB0C,0xAF2,0xADB,0xAC1,0xAB7,0xABD,
0xAD2,0xAF4,0xB1C,0xB44,0xB5E,0xB5E,
0xB56,0xB4B,0xB33,0xB1F,0xB18,0xB1B,
0xB30,0xB43,0xB47,0xB4F,0xB55,0xB4D,
0xB3F,0xB2D,0xB14,0xAFD,0xAEF,0xAED,
0xAEF,0xAEA,0xAE6,0xAE8,0xAEA,0xAE9,
0xAEE,0xAF6,0xB0C,0xB26,0xB34,0xB3A,
0xB37,0xB29,0xB17,0xAFF,0xAE4,0xAD0,
0xACB,0xADB,0xAF9,0xB1C,0xB3C,0xB55,
0xB67,0xB6B,0xB61,0xB4D,0xB2D,0xB0C,
0xAFA,0xAEE,0xAE3,0xAD9,0xAD5,0xAD3,
0xADA,0xAEA,0xAFB,0xB08,0xB13,0xB14,
0xB0A,0xAFF,0xAFB,0xB02,0xB11,0xB23,
0xB2F,0xB38,0xB42,0xB49,0xB41,0xB2B,
0xB0F,0xAF1,0xADB,0xACD,0xAC8,0xACD,
0xADF,0xAFF,0xB27,0xB45,0xB57,0xB5B,
0xB5A,0xB4D,0xB2A,0xAFB,0xACC,0xAA9,
0xA99,0xA98,0xAA7,0xACF,0xB01,0xB2A,
0xB43,0xB56,0xB6A,0xB73,0xB7A,0xB82,
0xB7C,0xB6A,0xB52,0xB34,0xB0E,0xAE3,
0xAC4,0xAB9,0xAC2,0xADB,0xB02,0xB39,
0xB6E,0xB97,0xBAA,0xBA3,0xB88,0xB5C,
0xB17,0xAD1,0xA97,0xA6C,0xA58,0xA5B,
0xA79,0xAAF,0xAE5,0xB11,0xB36,0xB56,
0xB6F,0xB7A,0xB76,0xB68,0xB53,0xB32,
0xB08,0xAE7,0xACF,0xAC0,0xABF,0xAD3,
0xAEE,0xAFC,0xB00,0xB0B,0xB18,0xB27,
0xB38,0xB45,0xB49,0xB47,0xB36,0xB10,
0xAED,0xADE,0xAE1,0xAFA,0xB20,0xB41,
0xB4D,0xB3C,0xB1F,0xAFC,0xAD3,0xAB5,
0xAAB,0xAB9,0xAE5,0xB18,0xB3E,0xB5A,
0xB71,0xB7B,0xB64,0xB39,0xB0D,0xAE5,
0xAC7,0xABA,0xAC1,0xADA,0xAFA,0xB19,
0xB2A,0xB22,0xB10,0xAFC,0xAE9,0xAE2,
0xAEF,0xB04,0xB15,0xB27,0xB34,0xB35,
0xB30,0xB22,0xB0C,0xAF9,0xAED,0xAF0,
0xB03,0xB10,0xB1B,0xB26,0xB2F,0xB33,
0xB25,0xB09,0xAF0,0xAE2,0xAE5,0xAF0,
0xB0B,0xB3D,0xB6D,0xB85,0xB8D,0xB86,
0xB64,0xB2C,0xAF4,0xAC4,0xAA9,0xAAB,
0xAC4,0xAF2,0xB28,0xB55,0xB71,0xB70,
0xB5A,0xB3A,0xB11,0xAF0,0xAD5,0xABA,
0xAAD,0xAAB,0xAAF,0xABD,0xAD2,0xAED,
0xB0E,0xB26,0xB33,0xB3D,0xB47,0xB4A,
0xB45,0xB3D,0xB2E,0xB21,0xB12,0xAFD,
0xAF1,0xAFA,0xB0D,0xB2A,0xB48,0xB64,
0xB73,0xB67,0xB54,0xB3B,0xB1D,0xB04,
0xAEE,0xADC,0xADE,0xAE7,0xAF2,0xB03,
0xB0D,0xB0F,0xB15,0xB18,0xB16,0xB18,
0xB18,0xB12,0xB09,0xAFE,0xAF8,0xAF6,
0xAF8,0xB03,0xB12,0xB18,0xB1B,0xB0C,
0xAF1,0xADD,0xACB,0xAC8,0xADB,0xAF9,
0xB1E,0xB40,0xB53,0xB5A,0xB53,0xB3B,
0xB1E,0xAFE,0xAE2,0xACB,0xABA,0xAB2,
0xAB4,0xABF,0xAD3,0xAEB,0xB06,0xB22,
0xB3B,0xB57,0xB73,0xB7C,0xB78,0xB6D,
0xB58,0xB39,0xB1B,0xB01,0xAEC,0xADA,
0xADE,0xAF2,0xB04,0xB1C,0xB3A,0xB4E,
0xB5E,0xB60,0xB52,0xB40,0xB26,0xB04,
0xAE5,0xAD0,0xAC6,0xACD,0xAEB,0xB10,
0xB33,0xB4F,0xB5A,0xB4C,0xB2B,0xB02,
0xAD6,0xAB2,0xAA9,0xAB7,0xAD8,0xB08,
0xB38,0xB63,0xB8A,0xBA3,0xBA5,0xB8E,
0xB66,0xB2D,0xAEC,0xAB5,0xA8C,0xA7C,
0xA8A,0xAA9,0xADC,0xB18,0xB46,0xB6B,
0xB7D,0xB7B,0xB74,0xB65,0xB4C,0xB2E,
0xB0B,0xAEE,0xAD3,0xABC,0xAAD,0xAA6,
0xAB1,0xAD1,0xAF3,0xB17,0xB40,0xB62,
0xB72,0xB72,0xB5E,0xB3E,0xB1A,0xAF4,
0xAD4,0xAC8,0xACE,0xAE2,0xAFC,0xB15,
0xB2F,0xB3A,0xB34,0xB26,0xB10,0xAFB,
0xAEE,0xADF,0xADC,0xAE3,0xAE9,0xAF2,
0xB04,0xB16,0xB22,0xB2F,0xB40,0xB4C,
0xB48,0xB38,0xB27,0xB14,0xB02,0xAF5,
0xAED,0xAEA,0xAED,0xAEB,0xAEF,0xB02,
0xB1A,0xB30,0xB40,0xB3F,0xB3A,0xB31,
0xB22,0xB10,0xB00,0xAF8,0xAF9,0xB00,
0xB0A,0xB17,0xB22,0xB29,0xB26,0xB20,
0xB15,0xB02,0xAF5,0xAEE,0xAED,0xAF3,
0xAFA,0xB07,0xB15,0xB1F,0xB1F,0xB19,
0xB17,0xB19,0xB14,0xB08,0xAFE,0xAF7,
0xAF2,0xAF8,0xB0B,0xB1F,0xB31,0xB39,
0xB3B,0xB39,0xB2D,0xB1B,0xB15,0xB17,
0xB23,0xB31,0xB33,0xB2D,0xB1C,0xB04,
0xAEB,0xACF,0xAC4,0xAD5,0xAF0,0xB0B,
0xB28,0xB42,0xB4E,0xB43,0xB28,0xB0D,
0xAF2,0xAD9,0xACE,0xAD1,0xAE3,0xAFA,
0xB13,0xB35,0xB56,0xB60,0xB5C,0xB4C,
0xB26,0xB01,0xAE2,0xAC6,0xABC,0xAC0,
0xAD1,0xAEF,0xB12,0xB31,0xB41,0xB43,
0xB42,0xB37,0xB25,0xB19,0xB0C,0xB04,
0xAFE,0xAF4,0xAF1,0xAF2,0xAF3,0xAED,
0xAE4,0xAE7,0xAF2,0xB06,0xB21,0xB3B,
0xB55,0xB67,0xB68,0xB5C,0xB4C,0xB3A,
0xB21,0xB0E,0xB01,0xAF8,0xAF3,0xAED,
0xAE3,0xAD9,0xACE,0xAC5,0xACB,0xAE6,
0xB06,0xB27,0xB49,0xB63,0xB68,0xB5D,
0xB49,0xB2D,0xB10,0xAF8,0xAED,0xAE8,
0xAE7,0xAEE,0xAF4,0xAFB,0xB0B,0xB1C,
0xB33,0xB48,0xB4F,0xB56,0xB54,0xB47,
0xB35,0xB1F,0xB04,0xAEE,0xADA,0xAC9,
0xAC5,0xAD2,0xAEB,0xB07,0xB25,0xB3D,
0xB4B,0xB4A,0xB46,0xB3C,0xB2C,0xB1D,
0xB18,0xB1C,0xB2A,0xB34,0xB39,0xB3F,
0xB43,0xB3F,0xB37,0xB29,0xB16,0xB02,
0xAF9,0xAF7,0xAEE,0xAE6,0xAE3,0xAE4,
0xAED,0xAF3,0xAFA,0xB0A,0xB1D,0xB2A,
0xB31,0xB2A,0xB1A,0xB0C,0xAFD,0xAED,
0xAE4,0xAE1,0xAEA,0xAFA,0xB10,0xB2A,
0xB3F,0xB4E,0xB58,0xB59,0xB4A,0xB32,
0xB12,0xAF8,0xAE9,0xADE,0xAD9,0xADE,
0xAE6,0xAF1,0xAFA,0xB01,0xB08,0xB08,
0xB08,0xB03,0xAFB,0xAF5,0xAF5,0xAFF,
0xB15,0xB2A,0xB3A,0xB49,0xB4F,0xB4C,
0xB3B,0xB1D,0xB01,0xAE8,0xAD8,0xAD1,
0xAD1,0xAD9,0xAEA,0xB02,0xB22,0xB3A,
0xB46,0xB4B,0xB49,0xB3D,0xB1F,0xAF8,
0xAD3,0xAB8,0xAAA,0xAA8,0xABA,0xADB,
0xAFC,0xB15,0xB29,0xB3E,0xB52,0xB63,
0xB70,0xB7B,0xB7D,0xB71,0xB57,0xB34,
0xB06,0xADC,0xAC1,0xAB7,0xABF,0xADB,
0xB01,0xB30,0xB5F,0xB80,0xB8F,0xB87,
0xB6C,0xB44,0xB0F,0xAD7,0xAA9,0xA8D,
0xA82,0xA8A,0xAA1,0xAC3,0xAE8,0xB09,
0xB27,0xB44,0xB57,0xB62,0xB5F,0xB4F,
0xB3C,0xB21,0xB04,0xAF0,0xAE6,0xADD,
0xADD,0xAEE,0xB00,0xB06,0xB06,0xB09,
0xB0D,0xB16,0xB23,0xB2E,0xB35,0xB35,
0xB27,0xB0F,0xAFC,0xAF6,0xAFA,0xB0C,
0xB27,0xB39,0xB39,0xB2C,0xB15,0xAFB,
0xAE0,0xACC,0xAC5,0xAD0,0xAF2,0xB1C,
0xB3A,0xB53,0xB63,0xB63,0xB52,0xB35,
0xB15,0xAF8,0xAE2,0xAD9,0xADD,0xAEA,
0xAFB,0xB0A,0xB0E,0xB06,0xAFC,0xAF3,
0xAEE,0xAF0,0xB00,0xB18,0xB2B,0xB38,
0xB3B,0xB36,0xB2C,0xB19,0xB03,0xAF3,
0xAEC,0xAF4,0xB06,0xB13,0xB21,0xB2B,
0xB31,0xB33,0xB23,0xB0C,0xAFE,0xAF9,
0xAFB,0xB02,0xB11,0xB32,0xB50,0xB5D,
0xB5F,0xB56,0xB3F,0xB1D,0xAF9,0xADB,
0xACE,0xAD6,0xAEE,0xB11,0xB38,0xB57,
0xB6A,0xB68,0xB4E,0xB29,0xB03,0xAE5,
0xAD0,0xAC0,0xAC0,0xACD,0xADE,0xAF4,
0xB02,0xB0B,0xB15,0xB17,0xB18,0xB1B,
0xB22,0xB2B,0xB32,0xB34,0xB34,0xB2C,
0xB1B,0xB06,0xAF8,0xAF7,0xAFF,0xB15,
0xB32,0xB51,0xB63,0xB64,0xB5B,0xB4B,
0xB33,0xB1C,0xB04,0xAF6,0xAF0,0xAEF,
0xAF3,0xAF9,0xAFE,0xB01,0xB06,0xB0C,
0xB14,0xB1E,0xB27,0xB27,0xB22,0xB19,
0xB0F,0xB0A,0xB09,0xB0C,0xB0C,0xB0A,
0xB05,0xAF7,0xAE5,0xAD9,0xAD5,0xADA,
0xAF0,0xB0E,0xB2D,0xB43,0xB4B,0xB48,
0xB3A,0xB24,0xB0A,0xAF7,0xAE6,0xAD8,
0xAD2,0xAD2,0xAD9,0xAE5,0xAF4,0xB04,
0xB13,0xB22,0xB2F,0xB3C,0xB4B,0xB56,
0xB55,0xB4E,0xB40,0xB2A,0xB14,0xB01,
0xAF3,0xAE8,0xAEB,0xAF9,0xB0C,0xB22,
0xB35,0xB3F,0xB44,0xB3F,0xB32,0xB24,
0xB12,0xAFF,0xAED,0xADF,0xADA,0xAE3,
0xAF8,0xB14,0xB2E,0xB3D,0xB41,0xB36,
0xB20,0xB04,0xAE4,0xACF,0xACC,0xAD6,
0xAED,0xB0E,0xB2E,0xB4D,0xB65,0xB72,
0xB71,0xB61,0xB46,0xB1E,0xAF3,0xACE,
0xAB3,0xAAB,0xAB3,0xACE,0xAF3,0xB1B,
0xB3E,0xB58,0xB64,0xB61,0xB53,0xB43,
0xB31,0xB19,0xB00,0xAEC,0xADB,0xACD,
0xAC2,0xAC0,0xACB,0xAE3,0xAFB,0xB13,
0xB34,0xB4B,0xB54,0xB52,0xB49,0xB38,
0xB1E,0xB02,0xAEC,0xADF,0xADD,0xAE8,
0xAFB,0xB0F,0xB23,0xB2F,0xB31,0xB29,
0xB17,0xB04,0xAF9,0xAEE,0xAEB,0xAF0,
0xAF2,0xAFB,0xB09,0xB13,0xB1B,0xB23,
0xB2D,0xB32,0xB30,0xB2A,0xB22,0xB15,
0xB07,0xAFB,0xAF3,0xAEC,0xAEE,0xAF1,
0xAFA,0xB0B,0xB1F,0xB31,0xB3E,0xB3E,
0xB39,0xB2F,0xB20,0xB0F,0xB00,0xAFB,
0xAFA,0xAFE,0xB05,0xB0E,0xB18,0xB1E,
0xB1F,0xB1E,0xB12,0xB08,0xB02,0xAFF,
0xAFC,0xAFC,0xB01,0xB0C,0xB13,0xB19,
0xB19,0xB16,0xB14,0xB14,0xB11,0xB0A,
0xB03,0xB00,0xAFE,0xB05,0xB16,0xB27,
0xB35,0xB3D,0xB3C,0xB37,0xB2E,0xB24,
0xB1B,0xB15,0xB1B,0xB22,0xB1E,0xB15,
0xB08,0xAF8,0xAE7,0xAD9,0xAD5,0xAE5,
0xAFF,0xB19,0xB33,0xB44,0xB47,0xB39,
0xB21,0xB0C,0xAF8,0xAE1,0xAD7,0xADB,
0xAEA,0xAFC,0xB0C,0xB25,0xB41,0xB50,
0xB50,0xB48,0xB33,0xB19,0xAFF,0xAE5,
0xAD8,0xAD4,0xADA,0xAEA,0xB01,0xB17,
0xB27,0xB2D,0xB38,0xB3C,0xB31,0xB25,
0xB18,0xB09,0xAFF,0xAF3,0xAF0,0xAF3,
0xAFA,0xAFC,0xAFA,0xAFC,0xB02,0xB0C,
0xB1D,0xB2F,0xB3F,0xB4C,0xB50,0xB48,
0xB3C,0xB29,0xB13,0xB05,0xAFF,0xAFD,
0xAFA,0xAFB,0xAF9,0xAF1,0xAE6,0xAE1,
0xAE5,0xAF4,0xB07,0xB19,0xB2B,0xB39,
0xB3F,0xB3A,0xB2D,0xB20,0xB14,0xB0B,
0xB06,0xB01,0xB00,0xAFF,0xB00,0xB05,
0xB0E,0xB16,0xB23,0xB2D,0xB32,0xB35,
0xB34,0xB32,0xB30,0xB2B,0xB1B,0xB0B,
0xAFA,0xAE8,0xADE,0xADA,0xAE4,0xAF7,
0xB0E,0xB24,0xB31,0xB35,0xB35,0xB30,
0xB26,0xB1C,0xB19,0xB1C,0xB25,0xB2C,
0xB2C,0xB2D,0xB2E,0xB2D,0xB2D,0xB27,
0xB1A,0xB10,0xB0C,0xB08,0xB00,0xAF8,
0xAF1,0xAEF,0xAF1,0xAF4,0xAF9,0xB01,
0xB0F,0xB19,0xB1E,0xB1D,0xB1E,0xB17,
0xB0C,0xB04,0xAFB,0xAF3,0xAF5,0xAFE,
0xB0C,0xB20,0xB32,0xB3E,0xB48,0xB4B,
0xB45,0xB35,0xB1C,0xB06,0xAF7,0xAEB,
0xAE5,0xAE9,0xAED,0xAF5,0xAFE,0xB07,
0xB0F,0xB12,0xB12,0xB0F,0xB05,0xAFF,
0xAFD,0xB01,0xB0F,0xB1D,0xB26,0xB2F,
0xB33,0xB34,0xB2C,0xB1E,0xB12,0xB03,
0xAFA,0xAF7,0xAF4,0xAF4,0xAF7,0xB01,
0xB10,0xB1C,0xB25,0xB2D,0xB31,0xB30,
0xB22,0xB08,0xAEE,0xAD9,0xAD0,0xACE,
0xAD8,0xAED,0xB04,0xB18,0xB27,0xB34,
0xB42,0xB48,0xB4D,0xB50,0xB4C,0xB40,
0xB2E,0xB1A,0xB02,0xAED,0xADF,0xAE0,
0xAEB,0xAFD,0xB10,0xB2B,0xB48,0xB59,
0xB5E,0xB56,0xB43,0xB2A,0xB09,0xAE7,
0xACE,0xABE,0xAB8,0xABE,0xACB,0xADF,
0xAF5,0xB0B,0xB21,0xB33,0xB3E,0xB44,
0xB42,0xB38,0xB2F,0xB20,0xB0F,0xB03,
0xAFB,0xAF2,0xAF0,0xAF7,0xAFE,0xB02,
0xB04,0xB07,0xB0F,0xB1B,0xB26,0xB2E,
0xB32,0xB31,0xB25,0xB11,0xB00,0xAFA,
0xAFE,0xB0A,0xB1C,0xB2A,0xB2F,0xB29,
0xB1C,0xB07,0xAF2,0xAE0,0xAD9,0xAE1,
0xAF7,0xB15,0xB2F,0xB41,0xB51,0xB53,
0xB44,0xB2E,0xB15,0xAFA,0xAE6,0xADD,
0xAE1,0xAEC,0xAFA,0xB0A,0xB12,0xB13,
0xB11,0xB0C,0xB05,0xB02,0xB08,0xB13,
0xB1A,0xB21,0xB23,0xB20,0xB1E,0xB18,
0xB0D,0xB05,0xB02,0xB07,0xB11,0xB18,
0xB1D,0xB20,0xB22,0xB23,0xB1E,0xB10,
0xB07,0xB03,0xB04,0xB0A,0xB13,0xB24,
0xB33,0xB38,0xB3C,0xB3A,0xB2D,0xB19,
0xB02,0xAEF,0xAE6,0xAE9,0xAF4,0xB0A,
0xB21,0xB36,0xB42,0xB44,0xB38,0xB26,
0xB11,0xB00,0xAF4,0xAEC,0xAE7,0xAEA,
0xAED,0xAF3,0xAF8,0xAFC,0xB03,0xB09,
0xB0F,0xB19,0xB24,0xB2D,0xB32,0xB33,
0xB2F,0xB26,0xB1A,0xB08,0xAFF,0xAFE,
0xB03,0xB0E,0xB1C,0xB2A,0xB35,0xB35,
0xB33,0xB30,0xB29,0xB1F,0xB14,0xB0D,
0xB0B,0xB08,0xB05,0xB03,0xB02,0xB04,
0xB08,0xB0C,0xB13,0xB1B,0xB1F,0xB1E,
0xB19,0xB12,0xB0D,0xB0C,0xB0C,0xB0E,
0xB10,0xB0E,0xB0B,0xB02,0xAF6,0xAEF,
0xAEC,0xAF1,0xB01,0xB12,0xB25,0xB32,
0xB36,0xB36,0xB30,0xB20,0xB0F,0xAFF,
0xAF3,0xAEA,0xAE6,0xAE6,0xAEA,0xAF3,
0xAFF,0xB0B,0xB14,0xB1F,0xB29,0xB30,
0xB37,0xB39,0xB38,0xB33,0xB2B,0xB21,
0xB16,0xB0F,0xB08,0xB03,0xB03,0xB09,
0xB12,0xB1A,0xB1F,0xB20,0xB22,0xB21,
0xB1C,0xB19,0xB17,0xB11,0xB0A,0xB02,
0xAFF,0xB01,0xB08,0xB12,0xB1B,0xB22,
0xB22,0xB1A,0xB0D,0xAFF,0xAF0,0xAE8,
0xAEC,0xAF6,0xB06,0xB19,0xB2A,0xB3C,
0xB48,0xB4D,0xB49,0xB3F,0xB2F,0xB17,
0xAFD,0xAE6,0xAD5,0xAD0,0xAD5,0xAE2,
0xAFA,0xB14,0xB2A,0xB3B,0xB41,0xB3F,
0xB38,0xB2F,0xB25,0xB17,0xB09,0xAFD,
0xAF5,0xAEC,0xAE6,0xAE4,0xAE7,0xAF3,
0xAFE,0xB0C,0xB1B,0xB2A,0xB31,0xB35,
0xB33,0xB2C,0xB1F,0xB0F,0xB02,0xAFC,
0xAFA,0xAFE,0xB06,0xB0E,0xB17,0xB18,
0xB16,0xB10,0xB08,0xAFF,0xAFC,0xAF9,
0xAF9,0xAFD,0xB00,0xB04,0xB0F,0xB17,
0xB1D,0xB22,0xB29,0xB2D,0xB2C,0xB25,
0xB1E,0xB13,0xB09,0xB01,0xAFC,0xAF9,
0xAF7,0xAF9,0xAFE,0xB08,0xB16,0xB21,
0xB2A,0xB2D,0xB2C,0xB27,0xB1C,0xB11,
0xB0B,0xB05,0xB05,0xB07,0xB0A,0xB0E,
0xB12,0xB15,0xB16,0xB15,0xB13,0xB10,
0xB0D,0xB0C,0xB0C,0xB0B,0xB0B,0xB0D,
0xB10,0xB12,0xB13,0xB13,0xB15,0xB18,
0xB1A,0xB17,0xB13,0xB0E,0xB0A,0xB0A,
0xB0E,0xB14,0xB1A,0xB20,0xB22,0xB23,
0xB20,0xB1B,0xB19,0xB17,0xB19,0xB1B,
0xB19,0xB17,0xB12,0xB0A,0xB03,0xAFD,
0xAFA,0xB01,0xB09,0xB14,0xB1E,0xB26,
0xB27,0xB24,0xB18,0xB0E,0xB05,0xAFE,
0xAFA,0xAFC,0xB01,0xB0A,0xB12,0xB1D,
0xB28,0xB2D,0xB2C,0xB27,0xB1C,0xB0F,
0xB05,0xAFA,0xAF6,0xAF5,0xAF9,0xB02,
0xB0D,0xB15,0xB1C,0xB1F,0xB21,0xB20,
0xB1D,0xB1A,0xB15,0xB10,0xB0B,0xB08,
0xB05,0xB07,0xB08,0xB07,0xB03,0xB04,
0xB07,0xB0D,0xB16,0xB1F,0xB28,0xB30,
0xB32,0xB30,0xB2B,0xB22,0xB17,0xB11,
0xB0F,0xB0C,0xB0A,0xB08,0xB04,0xAFD,
0xAF6,0xAF0,0xAF2,0xAFA,0xB05,0xB13,
0xB21,0xB2D,0xB30,0xB2D,0xB27,0xB1E,
0xB14,0xB0D,0xB09,0xB08,0xB06,0xB05,
0xB09,0xB0D,0xB13,0xB18,0xB1F,0xB25,
0xB26,0xB24,0xB23,0xB20,0xB1D,0xB1A,
0xB13,0xB0B,0xB01,0xAF9,0xAF4,0xAF4,
0xAFA,0xB03,0xB10,0xB1B,0xB23,0xB25,
0xB25,0xB22,0xB1C,0xB18,0xB15,0xB17,
0xB1B,0xB20,0xB20,0xB22,0xB24,0xB21,
0xB1E,0xB1A,0xB12,0xB0C,0xB0A,0xB0A,
0xB08,0xB05,0xB02,0xB01,0xB01,0xB02,
0xB02,0xB05,0xB0B,0xB12,0xB18,0xB1A,
0xB1B,0xB1A,0xB16,0xB10,0xB0A,0xB04,
0xB03,0xB05,0xB0A,0xB13,0xB1D,0xB22,
0xB26,0xB28,0xB26,0xB20,0xB18,0xB0F,
0xB0C,0xB09,0xB06,0xB04,0xB03,0xB02,
0xB02,0xB04,0xB07,0xB0A,0xB0C,0xB0D,
0xB0D,0xB0D,0xB0D,0xB11,0xB17,0xB1E,
0xB20,0xB23,0xB23,0xB21,0xB1B,0xB11,
0xB08,0xB01,0xAFE,0xAFF,0xB02,0xB07,
0xB0E,0xB15,0xB1B,0xB1F,0xB1F,0xB1E,
0xB1C,0xB17,0xB0F,0xB05,0xAFA,0xAF3,
0xAF1,0xAF4,0xAFB,0xB07,0xB11,0xB1B,
0xB21,0xB25,0xB29,0xB2C,0xB2E,0xB30,
0xB2D,0xB27,0xB1F,0xB14,0xB0A,0xB00,
0xAFB,0xAFB,0xB00,0xB08,0xB13,0xB1F,
0xB2C,0xB36,0xB38,0xB34,0xB2C,0xB1F,
0xB0D,0xAFC,0xAEE,0xAE4,0xAE1,0xAE5,
0xAEF,0xAFC,0xB08,0xB11,0xB1B,0xB23,
0xB28,0xB29,0xB27,0xB24,0xB1F,0xB18,
0xB0F,0xB09,0xB05,0xB01,0xB00,0xB02,
0xB07,0xB09,0xB0A,0xB0D,0xB12,0xB16,
0xB1C,0xB20,0xB22,0xB21,0xB1C,0xB12,
0xB09,0xB05,0xB05,0xB0A,0xB12,0xB19,
0xB1B,0xB19,0xB14,0xB0C,0xB04,0xAFE,
0xAFC,0xB00,0xB0A,0xB14,0xB1D,0xB24,
0xB28,0xB29,0xB23,0xB1C,0xB12,0xB06,
0xAFF,0xAFC,0xAFE,0xB03,0xB09,0xB0F,
0xB12,0xB11,0xB0E,0xB0A,0xB07,0xB08,
0xB0B,0xB11,0xB16,0xB1A,0xB1B,0xB1A,
0xB1A,0xB15,0xB10,0xB0C,0xB0A,0xB0B,
0xB0D,0xB10,0xB12,0xB14,0xB16,0xB17,
0xB16,0xB12,0xB0F,0xB0F,0xB10,0xB11,
0xB15,0xB1C,0xB24,0xB27,0xB28,0xB25,
0xB1D,0xB12,0xB08,0xB01,0xAFE,0xB01,
0xB08,0xB14,0xB21,0xB28,0xB2C,0xB2B,
0xB24,0xB19,0xB0D,0xB03,0xAFD,0xAF8,
0xAF8,0xAFC,0xB02,0xB08,0xB0D,0xB10,
0xB14,0xB15,0xB15,0xB15,0xB16,0xB17,
0xB17,0xB19,0xB19,0xB18,0xB16,0xB10,
0xB0D,0xB0D,0xB10,0xB15,0xB1B,0xB22,
0xB25,0xB25,0xB22,0xB1D,0xB17,0xB12,
0xB0D,0xB0A,0xB0A,0xB0B,0xB0E,0xB0F,
0xB10,0xB10,0xB10,0xB11,0xB12,0xB13,
0xB13,0xB13,0xB12,0xB11,0xB0F,0xB10,
0xB11,0xB12,0xB13,0xB12,0xB0F,0xB0A,
0xB05,0xB03,0xB01,0xB03,0xB0A,0xB11,
0xB19,0xB1F,0xB22,0xB23,0xB22,0xB1D,
0xB16,0xB0E,0xB08,0xB02,0xAFD,0xAFC,
0xAFE,0xB02,0xB07,0xB0C,0xB11,0xB16,
0xB1A,0xB1F,0xB23,0xB24,0xB23,0xB20,
0xB1D,0xB18,0xB13,0xB0F,0xB0C,0xB09,
0xB0A,0xB0C,0xB10,0xB14,0xB17,0xB18,
0xB1A,0xB1B,0xB19,0xB18,0xB14,0xB11,
0xB0C,0xB09,0xB07,0xB08,0xB0C,0xB12,
0xB15,0xB18,0xB19,0xB17,0xB12,0xB0C,
0xB06,0xB03,0xB03,0xB06,0xB0B,0xB12,
0xB1A,0xB20,0xB25,0xB26,0xB25,0xB21,
0xB1B,0xB14,0xB0B,0xB04,0xAFF,0xAFD,
0xAFE,0xB02,0xB09,0xB11,0xB18,0xB1C,
0xB1F,0xB1F,0xB1D,0xB1B,0xB18,0xB15,
0xB11,0xB0D,0xB09,0xB05,0xB03,0xAFF,
0xB00,0xB03,0xB07,0xB0E,0xB15,0xB1C,
0xB20,0xB21,0xB20,0xB1D,0xB17,0xB12,
0xB0C,0xB09,0xB09,0xB0A,0xB0B,0xB0E,
0xB11,0xB13,0xB13,0xB12,0xB11,0xB0F,
0xB0C,0xB0B,0xB0B,0xB0C,0xB0C,0xB0D,
0xB0E,0xB11,0xB13,0xB15,0xB17,0xB18,
0xB18,0xB16,0xB14,0xB12,0xB11,0xB0F,
0xB0F,0xB0E,0xB0D,0xB0C,0xB0A,0xB0C,
0xB0F,0xB13,0xB17,0xB19,0xB1A,0xB1A,
0xB18,0xB15,0xB12,0xB0F,0xB0E,0xB0E,
0xB0E,0xB10,0xB11,0xB12,0xB12,0xB12,
0xB11,0xB10,0xB10,0xB0F,0xB0F,0xB0F,
0xB10,0xB11,0xB12,0xB13,0xB13,0xB14,
0xB13,0xB13,0xB12,0xB11,0xB10,0xB0F,
0xB0E,0xB0F,0xB11,0xB13,0xB14,0xB16,
0xB17,0xB18,0xB17,0xB15,0xB14,0xB12,
0xB13,0xB14,0xB13,0xB13,0xB12,0xB10,
0xB0E,0xB0B,0xB0A,0xB0C,0xB0D,0xB10,
0xB14,0xB16,0xB18,0xB17,0xB14,0xB11,
0xB0F,0xB0C,0xB0B,0xB0B,0xB0E,0xB10,
0xB11,0xB14,0xB17,0xB17,0xB17,0xB16,
0xB13,0xB10,0xB0D,0xB0B,0xB0A,0xB0B,
0xB0C,0xB0F,0xB12,0xB15,0xB17,0xB16,
0xB16,0xB15,0xB13,0xB12,0xB10,0xB10,
0xB10,0xB10,0xB0F,0xB0F,0xB0F,0xB0F,
0xB0E,0xB0E,0xB0F,0xB10,0xB12,0xB16,
0xB17,0xB19,0xB19,0xB19,0xB17,0xB14,
0xB12,0xB10,0xB11,0xB10,0xB10,0xB0F,
0xB0F,0xB0E,0xB0C,0xB0B,0xB0B,0xB0D,
0xB10,0xB12,0xB16,0xB18,0xB19,0xB18,
0xB16,0xB13,0xB11,0xB0F,0xB0F,0xB0F,
0xB0F,0xB0F,0xB0F,0xB11,0xB12,0xB14,
0xB15,0xB16,0xB17,0xB17,0xB16,0xB14,
0xB13,0xB12,0xB10,0xB0F,0xB0E,0xB0D,
0xB0C,0xB0C,0xB0E,0xB10,0xB12,0xB14,
0xB15,0xB16,0xB15,0xB15,0xB13,0xB12,
0xB12,0xB12,0xB13,0xB14,0xB14,0xB15,
0xB15,0xB15,0xB14,0xB13,0xB11,0xB10,
0xB0F,0xB10,0xB10,0xB10,0xB10,0xB10,
0xB10,0xB10,0xB0F,0xB10,0xB10,0xB11,
0xB12,0xB12,0xB13,0xB13,0xB12,0xB12,
0xB11,0xB10,0xB10,0xB10,0xB11,0xB11,
0xB13,0xB13,0xB14,0xB14,0xB14,0xB13,
0xB12,0xB12,0xB11,0xB11,0xB10,0xB10,
0xB0F,0xB0F,0xB0F,0xB10,0xB10,0xB10,
0xB10,0xB11,0xB10,0xB11,0xB11,0xB12,
0xB13,0xB13,0xB13,0xB14,0xB13,0xB13,
0xB12,0xB12,0xB11,0xB10,0xB10,0xB10,
0xB10,0xB10,0xB11,0xB11,0xB12,0xB12,
0xB13,0xB13,0xB12,0xB13,0xB11,0xB11,
0xB0F,0xB0F,0xB0F,0xB0F,0xB10,0xB11,
0xB12,0xB13,0xB13,0xB13,0xB13,0xB13,
0xB13,0xB13,0xB13,0xB13,0xB12,0xB12,
0xB11,0xB11,0xB10,0xB11,0xB10,0xB11,
0xB11,0xB12,0xB13,0xB13,0xB13,0xB13,
0xB12,0xB12,0xB11,0xB11,0xB11,0xB10,
0xB10,0xB11,0xB11,0xB11,0xB11,0xB11,
0xB12,0xB11,0xB12,0xB12,0xB12,0xB12,
0xB12,0xB11,0xB12,0xB11,0xB12,0xB11,
0xB12,0xB11,0xB12,0xB11,0xB12,0xB11,
0xB12,0xB12,0xB12,0xB12,0xB12,0xB11,
0xB12,0xB11,0xB12,0xB11,0xB12,0xB11,
0xB12,0xB11,0xB12,0xB11,0xB12,0xB12,
0xB11,0xB12,0xB11,0xB12,0xB12,0xB11,
0xB12,0xB12,0xB11,0xB12,0xB11,0xB12,
0xB12,0xB11,0xB12,0xB11,0xB12,0xB11,
0xB12,0xB12,0xB11,0xB12,0xB11,0xB12,
0xB11,0xB12,0xB12,0xB11,0xB12,0xB11,
0xB12,0xB11,0xB12,0xB12,0xB11,0xB12,
0xB11,0xB12,0xB11,0xB12,0xB12,0xB11,
0xB12,0xB12,0xB11,0xB12,0xB11,0xB12,
0xB11,0xB12,0xB12,0xB12,0xB12,0xB12,
0xB12,0xB11,0xB12,0xB12,0xB12,0xB12,
0xB11,0xB12,0xB12,0xB11,0xB12,0xB11,
0xB12,0xB12,0xB11,0xB12,0xB11,0xB12,
0xB11,0xB12,0xB11,0xB12,0xB11,0xB12,
0xB11,0xB12,0xB12,0xB12,0xB12,0xB11,
0xB12,0xB11,0xB12,0xB11,0xB12,0xB12,
0xB11,0xB12,0xB11,0xB12,0xB11,0xB12,
0xB11,0xB12,0xB11,0xB12,0xB11,0xB12,
0xB12,0xB12,0xB11,0xB12,0xB11,0xB12,
0xB12,0xB11,0xB12,0xB11,0xB12,0xB11,
0xB12,0xB11,0xB12,0xB12,0xB11,0xB12,
0xB11,0xB12,0xB12,0xB12,0xB12,0xB12,
0xB11,0xB12,0xB11,0xB12,0xB11,0xB12,
0xB11,0xB12,0xB11,0xB12,0xB11,0xB11,
0xB12,0xB11,0xB12,0xB12,0xB11,0xB12,
0xB11,0xB12,0xB11,0xB12,0xB12,0xB12,
0xB11,0xB12,0xB11,0xB12,0xB12,0xB11,
0xB12,0xB11,0xB12,0xB11,0xB12,0xB11,
0xB12,0xB11,0xB12,0xB11,0xB12,0xB11,
0xB12,0xB11,0xB11,0xB12,0xB11,0xB12,
0xB11,0xB12,0xB12,0xB11,0xB12,0xB11,
0xB12,0xB11,0xB12,0xB12,0xB11,0xB12,
0xB11,0xB12,0xB12,0xB11,0xB12,0xB11,
0xB12,0xB11,0xB12,0xB11,0xB12,0xB12,
0xB11,0xB12,0xB12,0xB11,0xB12,0xB11,
0xB12,0xB12,0xB12,0xB12,0xB12,0xB11,
0xB12,0xB11,0xB12,0xB12,0xB11,0xB12,
0xB12,0xB12,0xB12,0xB11,0xB12,0xB11,
0xB12,0xB11,0xB12,0xB11,0xB12,0xB12,
0xB11,0xB12,0xB11,0xB12,0xB12,0xB11,
0xB12,0xB11,0xB12,0xB12,0xB11,0xB12,
0xB11,0xB12,0xB11,0xB12,0xB11,0xB12,
0xB12,0xB12,0xB12,0xB12,0xB11,0xB12,
0xB11,0xB12,0xB11,0xB11,0xB12,0xB12,
0xB11,0xB12,0xB12,0xB11,0xB12,0xB11,
0xB12,0xB11,0xB12,0xB11,0xB12,0xB11,
0xB12,0xB12,0xB11,0xB12,0xB11,0xB12,
0xB11,0xB12,0xB11,0xB12,0xB11,0xB12,
0xB11,0xB12,0xB11,0xB12,0xB11,0xB12,
0xB11,0xB12,0xB11,0xB12,0xB11,0xB12,
0xB11,0xB12,0xB12,0xB12,0xB12,0xB11,
0xB12,0xB11,0xB12,0xB11,0xB12,0xB11,
0xB12,0xB11,0xB12,0xB11,0xB12,0xB12,
0xB11,0xB12,0xB11,0xB12,0xB12,0xB12,
0xB12,0xB11,0xB12,0xB12,0xB11,0xB12,
0xB11,0xB12,0xB11,0xB12,0xB11,0xB12,
0xB12,0xB11,0xB12,0xB11,0xB12,0xB11,
0xB12,0xB12,0xB11,0xB12,0xB11,0xB12,
0xB12,0xB11,0xB12,0xB11,0xB12,0xB11,
0xB12,0xB12,0xB11,0xB12,0xB11,0xB12,
0xB11,0xB12,0xB11,0xB12,0xB11,0xB12,
0xB12,0xB11,0xB12,0xB11,0xB12,0xB12,
0xB11,0xB12,0xB11,0xB12,0xB11,0xB12,
0xB11,0xB12,0xB12,0xB11,0xB12,0xB11,
0xB12,0xB12,0xB11,0xB12,0xB12,0xB11,
0xB12,0xB12,0xB11,0xB12,0xB11,0xB12,
0xB11,0xB12,0xB12,0xB11,0xB12,0xB12,
0xB12,0xB12,0xB12,0xB11,0xB12,0xB11,
0xB12,0xB11,0xB12,0xB12,0xB12,0xB12,
0xB12,0xB12,0xB11,0xB12,0xB11,0xB12,
0xB11,0xB12,0xB12,0xB12,0xB11,0xB12,
0xB11,0xB12,0xB12,0xB11,0xB12,0xB11,
0xB12,0xB11,0xB12,0xB11,0xB12,0xB12,
0xB11,0xB12,0xB12,0xB12,0xB12,0xB12,
0xB11,0xB12,0xB11,0xB12,0xB12,0xB11,
0xB12,0xB11,0xB12,0xB11,0xB12,0xB11,
0xB12,0xB11,0xB12,0xB12,0xB11,0xB12,
0xB12,0xB11,0xB12,0xB11,0xB12,0xB11,
0xB12,0xB11,0xB12,0xB11,0xB12,0xB11,
0xB12,0xB11,0xB12,0xB11,0xB12,0xB12,
0xB11,0xB12,0xB11,0xB12,0xB11,0xB12,
0xB11,0xB12,0xB11,0xB12,0xB11,0xB12,
0xB11,0xB12,0xB11,0xB12,0xB12,0xB11,
0xB12,0xB12,0xB11,0xB12,0xB11,0xB12,
0xB12,0xB11,0xB12,0xB11,0xB12,0xB12,
0xB11,0xB12,0xB11,0xB12,0xB11,0xB12,
0xB11,0xB12,0xB11,0xB11,0xB12,0xB11,
0xB12,0xB11,0xB12,0xB12,0xB12,0xB12,
0xB12,0xB12,0xB12,0xB11,0xB12,0xB11,
0xB12,0xB12,0xB11,0xB12,0xB11,0xB12,
0xB12,0xB11,0xB12,0xB12,0xB11,0xB12,
0xB11,0xB12,0xB11,0xB12,0xB11,0xB12,
0xB11,0xB12,0xB11,0xB12,0xB11,0xB12,
0xB12,0xB12,0xB12,0xB12,0xB12,0xB12,
0xB12,0xB11,0xB12,0xB12,0xB11,0xB12,
0xB11,0xB12,0xB11,0xB12,0xB11,0xB12,
0xB11,0xB12,0xB11,0xB12,0xB11,0xB12,
0xB11,0xB12,0xB11,0xB12,0xB11,0xB12,
0xB11,0xB12,0xB11,0xB12,0xB12,0xB12,
0xB11,0xB12,0xB11,0xB12,0xB12,0xB12,
0xB11,0xB12,0xB11,0xB12,0xB11,0xB12,
0xB12,0xB11,0xB12,0xB11,0xB12,0xB11,
0xB12,0xB12,0xB11,0xB12,0xB11,0xB12,
0xB11,0xB12,0xB12,0xB12,0xB12,0xB11,
0xB12,0xB11,0xB12,0xB12,0xB12,0xB12,
0xB12,0xB11,0xB12,0xB12,0xB11,0xB12,
0xB11,0xB11,0xB12,0xB12,0xB11,0xB12,
0xB11,0xB12,0xB12,0xB12,0xB11,0xB12,
0xB11,0xB12,0xB12,0xB12,0xB11,0xB12,
0xB11,0xB12,0xB11,0xB12,0xB11,0xB12,
0xB12,0xB11,0xB12,0xB11,0xB12,0xB11,
0xB12,0xB11,0xB12,0xB11,0xB12,0xB12,
0xB11,0xB12,0xB11,0xB12,0xB11,0xB12,
0xB11,0xB12,0xB12,0xB12,0xB11,0xB12,
0xB11,0xB12,0xB11,0xB12,0xB11,0xB12,
0xB11,0xB12,0xB11,0xB12,0xB11,0xB12,
0xB11,0xB12,0xB12,0xB11,0xB12,0xB11,
0xB12,0xB12,0xB11,0xB12,0xB12,0xB11,
0xB12,0xB11,0xB12,0xB11,0xB12,0xB11,
0xB12,0xB11,0xB12,0xB11,0xB12,0xB11,
0xB12,0xB12,0xB12,0xB12,0xB12,0xB12,
0xB12,0xB12,0xB12,0xB12,0xB12,0xB12,
0xB12,0xB12,0xB11,0xB12,0xB11,0xB12,
0xB11,0xB12,0xB11,0xB12,0xB11,0xB12,
0xB12,0xB12,0xB12,0xB11,0xB12,0xB12,
0xB11,0xB12,0xB11,0xB12,0xB11,0xB12,
0xB11,0xB12,0xB11,0xB12,0xB11,0xB12,
0xB11,0xB12,0xB11,0xB12,0xB11,0xB12,
0xB11,0xB12,0xB12,0xB11,0xB12,0xB11,
0xB12,0xB12,0xB12,0xB12,0xB12,0xB12,
0xB12,0xB11,0xB12,0xB11,0xB12,0xB11,
0xB12,0xB11,0xB12,0xB12,0xB11,0xB12,
0xB11,0xB12,0xB11,0xB12,0xB12,0xB11,
0xB12,0xB11,0xB11,0xB12,0xB11,0xB12,
0xB11,0xB12,0xB12,0xB12,0xB12,0xB12,
0xB12,0xB12,0xB12,0xB12,0xB11,0xB12,
0xB11,0xB12,0xB11,0xB12,0xB12,0xB12,
0xB11,0xB12,0xB12,0xB12,0xB11,0xB12,
0xB11,0xB12,0xB12,0xB12,0xB12,0xB12,
0xB12,0xB11,0xB12,0xB11,0xB12,0xB11,
0xB12,0xB11,0xB12,0xB11,0xB12,0xB12,
0xB11,0xB12,0xB11,0xB12,0xB11,0xB12,
0xB12,0xB12,0xB12,0xB12,0xB12,0xB12,
0xB12,0xB11,0xB12,0xB11,0xB12,0xB11,
0xB12,0xB12,0xB12,0xB12,0xB12,0xB12,
0xB11,0xB12,0xB11,0xB12,0xB11,0xB12,
0xB11,0xB12,0xB11,0xB12,0xB11,0xB12,
0xB11,0xB12,0xB12,0xB11,0xB12,0xB11,
0xB11,0xB12,0xB11,0xB12,0xB11,0xB12,
0xB12,0xB11,0xB12,0xB11,0xB12,0xB11,
0xB12,0xB11,0xB12,0xB11,0xB12,0xB11,
0xB12,0xB12,0xB11,0xB12,0xB11,0xB12,
0xB11,0xB12,0xB12,0xB12,0xB12,0xB11,
0xB12,0xB11,0xB12,0xB11,0xB12,0xB11,
0xB12,0xB12,0xB11,0xB12,0xB12,0xB12,
0xB12,0xB11,0xB12,0xB11,0xB12,0xB11,
0xB12,0xB11,0xB12,0xB12,0xB11,0xB12,
0xB11,0xB12,0xB11,0xB12,0xB11,0xB12,
0xB11,0xB12,0xB11,0xB11,0xB12,0xB11,
0xB12,0xB12,0xB11,0xB12,0xB11,0xB12,
0xB12,0xB11,0xB12,0xB11,0xB12,0xB11,
0xB12,0xB11,0xB12,0xB11,0xB12,0xB11,
0xB12,0xB11,0xB12,0xB12,0xB12,0xB11,
0xB12,0xB11,0xB12,0xB11,0xB12,0xB12,
0xB12,0xB11,0xB12,0xB12,0xB11,0xB12,
0xB11,0xB12,0xB11,0xB12,0xB11,0xB12,
0xB12,0xB12,0xB12,0xB12,0xB12,0xB12,
0xB12,0xB11,0xB12,0xB11,0xB11,0xB12,
0xB11,0xB12,0xB12,0xB12,0xB12,0xB12,
0xB12,0xB11,0xB12,0xB11,0xB12,0xB12,
0xB12,0xB11,0xB12,0xB11,0xB12,0xB11,
0xB12,0xB11,0xB12,0xB11,0xB12,0xB12,
0xB11,0xB12,0xB11,0xB12,0xB11,0xB12,
0xB12,0xB12,0xB11,0xB12,0xB12,0xB11,
0xB12,0xB11,0xB12,0xB11,0xB12,0xB12,
0xB11,0xB12,0xB11,0xB12,0xB12,0xB11,
0xB12,0xB11,0xB12,0xB12,0xB11,0xB12,
0xB11,0xB12,0xB11,0xB12,0xB12,0xB11,
0xB12,0xB11,0xB12,0xB11,0xB12,0xB12,
0xB11,0xB12,0xB11,0xB12,0xB11,0xB12,
0xB11,0xB12,0xB12,0xB11,0xB12,0xB12,
0xB12,0xB11,0xB12,0xB11,0xB12,0xB11,
0xB12,0xB12,0xB11,0xB12,0xB11,0xB12,
0xB12,0xB11,0xB12,0xB11,0xB12,0xB11,
0xB12,0xB11,0xB12,0xB11,0xB12,0xB11,
0xB12,0xB11,0xB12,0xB11,0xB12,0xB11,
0xB12,0xB12,0xB12,0xB12,0xB11,0xB12,
0xB11,0xB12,0xB11,0xB12,0xB12,0xB12,
0xB12,0xB12,0xB11,0xB12,0xB12,0xB12,
0xB12,0xB12,0xB11,0xB12,0xB11,0xB12,
0xB11,0xB12,0xB11,0xB12,0xB11,0xB12,
0xB12,0xB12,0xB11,0xB12,0xB12,0xB11,
0xB12,0xB11,0xB12,0xB12,0xB11,0xB12,
0xB11,0xB12,0xB11,0xB12,0xB11,0xB12,
0xB11,0xB12,0xB11,0xB12,0xB11,0xB12,
0xB12,0xB12,0xB12,0xB12,0xB11,0xB12,
0xB12,0xB12,0xB12,0xB12,0xB11,0xB12,
0xB11,0xB12,0xB12,0xB12,0xB11,0xB12,
0xB11,0xB12,0xB11,0xB12,0xB11,0xB12,
0xB11,0xB12,0xB11,0xB12,0xB11,0xB12,
0xB12,0xB11,0xB12,0xB11,0xB12,0xB11,
0xB12,0xB11,0xB12,0xB12,0xB11,0xB12,
0xB11,0xB12,0xB12,0xB11,0xB12,0xB11,
0xB12,0xB12,0xB12,0xB11,0xB12,0xB12,
0xB11,0xB12,0xB11,0xB12,0xB11,0xB12,
0xB12,0xB11,0xB12,0xB11,0xB12,0xB11,
0xB12,0xB12,0xB11,0xB12,0xB11,0xB12,
0xB11,0xB12,0xB12,0xB11,0xB12,0xB11,
0xB12,0xB12,0xB11,0xB12,0xB11,0xB12,
0xB11,0xB12,0xB11,0xB12,0xB11,0xB12,
0xB11,0xB12,0xB11,0xB12,0xB12,0xB11,
0xB12,0xB11,0xB12,0xB11,0xB12,0xB11,
0xB12,0xB11,0xB12,0xB12,0xB11,0xB12,
0xB11,0xB12,0xB12,0xB11,0xB12,0xB12,
0xB12,0xB12,0xB12,0xB11,0xB12,0xB11,
0xB12,0xB11,0xB12,0xB11,0xB12,0xB12,
0xB11,0xB12,0xB11,0xB12,0xB11,0xB12,
0xB12,0xB11,0xB12,0xB11,0xB12,0xB11,
0xB11,0xB12,0xB11,0xB12,0xB12,0xB11,
0xB12,0xB11,0xB12,0xB11,0xB12,0xB11,
0xB12,0xB12,0xB11,0xB12,0xB11,0xB12,
0xB11,0xB12,0xB11,0xB12,0xB11,0xB12,
0xB11,0xB12,0xB11,0xB12,0xB11,0xB12,
0xB11,0xB12,0xB11,0xB12,0xB11,0xB12,
0xB12,0xB12,0xB11,0xB12,0xB11,0xB12,
0xB12,0xB11,0xB12,0xB11,0xB12,0xB11,
0xB12,0xB12,0xB12,0xB11,0xB12,0xB11,
0xB12,0xB11,0xB12,0xB11,0xB12,0xB12,
0xB11,0xB12,0xB11,0xB12,0xB12,0xB11,
0xB12,0xB11,0xB12,0xB11,0xB11,0xB12,
0xB11,0xB12,0xB11,0xB12,0xB11,0xB12,
0xB11,0xB12,0xB12,0xB11,0xB12,0xB11,
0xB12,0xB11,0xB12,0xB12,0xB11,0xB12,
0xB11,0xB12,0xB11,0xB12,0xB11,0xB12,
0xB11,0xB12,0xB11,0xB12,0xB11,0xB12,
0xB12,0xB12,0xB11,0xB12,0xB12,0xB11,
0xB12,0xB11,0xB12,0xB12,0xB11,0xB12,
0xB11,0xB12,0xB11,0xB12,0xB11,0xB12,
0xB11,0xB12,0xB11,0xB12,0xB11,0xB12,
0xB12,0xB11,0xB12,0xB11,0xB12,0xB11,
0xB12,0xB12,0xB11,0xB12,0xB11,0xB12,
0xB12,0xB11,0xB12,0xB11,0xB12,0xB12,
0xB11,0xB12,0xB11,0xB12,0xB12,0xB12,
0xB11,0xB12,0xB11,0xB12,0xB11,0xB12,
0xB12,0xB11,0xB12,0xB12,0xB11,0xB12,
0xB11,0xB12,0xB11,0xB12,0xB11,0xB12,
0xB11,0xB12,0xB11,0xB12,0xB11,0xB12,
0xB11,0xB12,0xB12,0xB12,0xB12,0xB11,
0xB12,0xB11,0xB12,0xB12,0xB11,0xB12,
0xB11,0xB12,0xB11,0xB12,0xB11,0xB12,
0xB12,0xB12,0xB12,0xB12,0xB12,0xB11,
0xB12,0xB11,0xB12,0xB12,0xB12,0xB11,
0xB12,0xB11,0xB12,0xB12,0xB12,0xB11,
0xB12,0xB12,0xB11,0xB12,0xB12,0xB12,
0xB12,0xB12,0xB12,0xB12,0xB12,0xB11,
0xB12,0xB12,0xB12,0xB12,0xB11,0xB12,
0xB11,0xB12,0xB11,0xB12,0xB12,0xB11,
0xB12,0xB11,0xB12,0xB11,0xB12,0xB12,
0xB11,0xB12,0xB11,0xB12,0xB11,0xB12,
0xB12,0xB12,0xB11,0xB12,0xB12,0xB11,
0xB12,0xB11,0xB12,0xB12,0xB11,0xB12,
0xB11,0xB12,0xB11,0xB12,0xB11,0xB12,
0xB12,0xB11,0xB12,0xB11,0xB12,0xB11,
0xB12,0xB12,0xB12,0xB12,0xB12,0xB12,
0xB12,0xB12,0xB11,0xB12,0xB11,0xB12,
0xB11,0xB12,0xB12,0xB12,0xB12,0xB12,
0xB11,0xB12,0xB12,0xB11,0xB12,0xB11,
0xB12,0xB11,0xB12,0xB11,0xB12,0xB11,
0xB12,0xB12,0xB12,0xB11,0xB12,0xB11,
0xB12,0xB11,0xB12,0xB11,0xB12,0xB12,
0xB11,0xB12,0xB12,0xB12,0xB12,0xB11,
0xB12,0xB12,0xB11,0xB12,0xB11,0xB12,
0xB11,0xB12,0xB11,0xB12,0xB11,0xB12,
0xB11,0xB12,0xB11,0xB12,0xB11,0xB12,
0xB12,0xB12,0xB11,0xB12,0xB11,0xB12,
0xB12,0xB11,0xB12,0xB11,0xB11,0xB12,
0xB11,0xB12,0xB11,0xB12,0xB12,0xB11,
0xB12,0xB12,0xB11,0xB12,0xB11,0xB12,
0xB11,0xB12,0xB11,0xB12,0xB11,0xB12,
0xB11,0xB12,0xB12,0xB11,0xB12,0xB11,
0xB12,0xB11,0xB12,0xB12,0xB11,0xB12,
0xB11,0xB12,0xB11,0xB12,0xB11,0xB12,
0xB11,0xB12,0xB11,0xB12,0xB11,0xB12,
0xB11,0xB12,0xB11,0xB12,0xB11,0xB12,
0xB11,0xB12,0xB11,0xB12,0xB12,0xB11,
0xB12,0xB11,0xB12,0xB12,0xB11,0xB12,
0xB12,0xB11,0xB12,0xB12,0xB12,0xB12,
0xB12,0xB11,0xB12,0xB11,0xB12,0xB12,
0xB11,0xB12,0xB11,0xB12,0xB11,0xB12,
0xB11,0xB12,0xB11,0xB12,0xB12,0xB11,
0xB12,0xB11,0xB12,0xB11,0xB12,0xB11,
0xB12,0xB11,0xB12,0xB12,0xB11,0xB12,
0xB11,0xB12,0xB11,0xB12,0xB11,0xB12,
0xB12,0xB12,0xB12,0xB11,0xB12,0xB11,
0xB12,0xB12,0xB11,0xB12,0xB11,0xB12,
0xB12,0xB11,0xB12,0xB11,0xB12,0xB12,
0xB11,0xB12,0xB11,0xB12,0xB12,0xB12,
0xB11,0xB12,0xB11,0xB12,0xB11,0xB11,
0xB12,0xB12,0xB11,0xB12,0xB11,0xB12,
0xB12,0xB11,0xB12,0xB11,0xB12,0xB11,
0xB12,0xB11,0xB12,0xB12,0xB11,0xB12,
0xB11,0xB11,0xB12,0xB11,0xB12,0xB12,
0xB11,0xB12,0xB12,0xB11,0xB12,0xB11,
0xB12,0xB11,0xB12,0xB11,0xB12,0xB11,
0xB12,0xB11,0xB12,0xB12,0xB11,0xB12,
0xB12,0xB11,0xB12,0xB11,0xB12,0xB12,
0xB11,0xB12,0xB11,0xB12,0xB12,0xB11,
0xB12,0xB11,0xB12,0xB11,0xB12,0xB12,
0xB11,0xB12,0xB11,0xB12,0xB11,0xB12,
0xB12,0xB11,0xB12,0xB11,0xB12,0xB11,
0xB12,0xB11,0xB12,0xB12,0xB11,0xB12,
0xB11,0xB12,0xB11,0xB12,0xB12,0xB11,
0xB12,0xB11,0xB12,0xB12,0xB12,0xB11,
0xB12,0xB11,0xB12,0xB11,0xB11,0xB12,
0xB12,0xB11,0xB12,0xB11,0xB12,0xB11,
0xB12,0xB11,0xB12,0xB11,0xB12,0xB12,
0xB12,0xB11,0xB11,0xB12,0xB11,0xB12,
0xB11,0xB12,0xB11,0xB12,0xB11,0xB12,
0xB11,0xB12,0xB12,0xB11,0xB12,0xB11,
0xB12,0xB12,0xB12,0xB11,0xB12,0xB11,
0xB12,0xB12,0xB11,0xB12,0xB11,0xB12,
0xB11,0xB12,0xB11,0xB11,0xB12,0xB11,
0xB12,0xB12,0xB12,0xB11,0xB12,0xB11,
0xB12,0xB11,0xB12,0xB11,0xB12,0xB11,
0xB12,0xB11,0xB12,0xB11,0xB12,0xB11,
0xB11,0xB12,0xB12,0xB12,0xB12,0xB11,
0xB12,0xB11,0xB12,0xB11,0xB12,0xB12,
0xB11,0xB12,0xB11,0xB12,0xB11,0xB12,
0xB11,0xB12,0xB11,0xB12,0xB11,0xB12,
0xB11,0xB12,0xB11,0xB12,0xB12,0xB11,
0xB12,0xB12,0xB12,0xB12,0xB11,0xB12,
0xB12,0xB12,0xB12,0xB11,0xB12,0xB11,
0xB12,0xB11,0xB12,0xB12,0xB12,0xB12,
0xB12,0xB12,0xB12,0xB12,0xB12,0xB12,
0xB11,0xB12,0xB11,0xB12,0xB11,0xB12,
0xB11,0xB12,0xB11,0xB12,0xB11,0xB12,
0xB11,0xB12,0xB11,0xB12,0xB12,0xB12,
0xB12,0xB12,0xB11,0xB12,0xB11,0xB12,
0xB11,0xB12,0xB12,0xB12,0xB12,0xB12,
0xB11,0xB12,0xB11,0xB12,0xB12,0xB12,
0xB11,0xB12,0xB11,0xB12,0xB12,0xB11,
0xB12,0xB12,0xB11,0xB12,0xB12,0xB11,
0xB12,0xB11,0xB12,0xB11,0xB12,0xB11,
0xB12,0xB12,0xB12,0xB11,0xB12,0xB11,
0xB12,0xB11,0xB11,0xB12,0xB11,0xB12,
0xB11,0xB12,0xB11,0xB12,0xB12,0xB12,
0xB11,0xB12,0xB11,0xB12,0xB11,0xB11,
0xB12,0xB11,0xB12,0xB11,0xB12,0xB11,
0xB12,0xB12,0xB11,0xB12,0xB11,0xB12,
0xB11,0xB12,0xB11,0xB12,0xB12,0xB11,
0xB12,0xB11,0xB12,0xB12,0xB11,0xB12,
0xB12,0xB11,0xB12,0xB11,0xB12,0xB12,
0xB11,0xB12,0xB11,0xB12,0xB11,0xB12,
0xB11,0xB12,0xB11,0xB12,0xB11,0xB12,
0xB12,0xB11,0xB12,0xB11,0xB12,0xB11,
0xB12,0xB11,0xB12,0xB12,0xB12,0xB12,
0xB12,0xB12,0xB12,0xB12,0xB11,0xB12,
0xB11,0xB12,0xB11,0xB11,0xB12,0xB12,
0xB11,0xB12,0xB11,0xB12,0xB11,0xB12,
0xB11,0xB12,0xB12,0xB11,0xB12,0xB11,
0xB12,0xB11,0xB12,0xB12,0xB11,0xB12,
0xB12,0xB11,0xB12,0xB11,0xB12,0xB12,
0xB11,0xB12,0xB11,0xB12,0xB11,0xB12,
0xB11,0xB12,0xB11,0xB12,0xB11,0xB12,
0xB11,0xB12,0xB11,0xB12,0xB11,0xB12,
0xB12,0xB11,0xB12,0xB11,0xB12,0xB12,
0xB11,0xB12,0xB11,0xB12,0xB12,0xB12,
0xB12,0xB11,0xB12,0xB11,0xB12,0xB12,
0xB11,0xB12,0xB11,0xB12,0xB11,0xB12,
0xB11,0xB12,0xB11,0xB12,0xB11,0xB11,
0xB12,0xB11,0xB12,0xB11,0xB12,0xB11,
0xB12,0xB11,0xB12,0xB11,0xB12,0xB11,
0xB12,0xB12,0xB11,0xB12,0xB11,0xB12,
0xB12,0xB11,0xB12,0xB12,0xB11,0xB12,
0xB11,0xB12,0xB11,0xB12,0xB11,0xB12,
0xB11,0xB12,0xB11,0xB12,0xB11,0xB12,
0xB1C,0xB21,0xB25,0xB27,0xB27,0xB25,
0xB22,0xB22,0xB1D,0xB1B,0xB1D,0xB1E,
0xB21,0xB25,0xB1E,0xB16,0xB13,0xB12,
0xB15,0xB18,0xB17,0xB16,0xB13,0xB10,
0xB0C,0xB0A,0xB10,0xB14,0xB19,0xB1B,
0xB10,0xB07,0xB0A,0xB11,0xB15,0xB17,
0xB1C,0xB1C,0xB15,0xB13,0xB12,0xB15,
0xB1A,0xB1C,0xB1F,0xB1D,0xB1D,0xB1E,
0xB1B,0xB1A,0xB18,0xB18,0xB1E,0xB1E,
0xB19,0xB17,0xB14,0xB17,0xB19,0xB16,
0xB17,0xB17,0xB16,0xB1A,0xB1A,0xB11,
0xB0E,0xB14,0xB18,0xB19,0xB1B,0xB1E,
0xB1F,0xB1E,0xB1C,0xB1A,0xB15,0xB12,
0xB11,0xB0D,0xB0C,0xB0F,0xB13,0xB10,
0xB0F,0xB11,0xB0F,0xB0D,0xB0D,0xB0B,
0xB0A,0xB0E,0xB0F,0xB0E,0xB12,0xB12,
0xB14,0xB19,0xB1B,0xB1B,0xB1C,0xB1A,
0xB1A,0xB1B,0xB1B,0xB1F,0xB1E,0xB1A,
0xB1A,0xB1D,0xB1E,0xB1D,0xB1F,0xB20,
0xB1E,0xB15,0xB0D,0xB0C,0xB10,0xB0F,
0xB0E,0xB0F,0xB0B,0xB0C,0xB0D,0xB05,
0xB01,0xB00,0xAFF,0xB03,0xB03,0xAFD,
0xAFF,0xB03,0xB04,0xB03,0xB01,0xB05,
0xB0B,0xB0C,0xB0B,0xB05,0xAFD,0xAFF,
0xB03,0xB06,0xB07,0xB07,0xB05,0xB04,
0xB03,0xB01,0xB02,0xB05,0xB09,0xB0B,
0xB0B,0xB07,0xB04,0xB04,0xB04,0xB07,
0xB07,0xB05,0xB07,0xB07,0xB06,0xB0B,
0xB0B,0xB06,0xB05,0xB07,0xB06,0xB04,
0xB02,0xB01,0xAFD,0xAFA,0xAF8,0xAF1,
0xAF6,0xAFA,0xAF9,0xAFC,0xAFB,0xAF9,
0xAFC,0xAFA,0xAF7,0xAF7,0xAF1,0xAF0,
0xAF5,0xAF9,0xB00,0xB03,0xAFE,0xAFF,
0xAFE,0xAF9,0xAFD,0xB04,0xB05,0xB09,
0xB12,0xB11,0xB0D,0xB07,0xB07,0xB0D,
0xB0E,0xB0A,0xB04,0xB00,0xB01,0xB05,
0xB00,0xAFD,0xAFE,0xAFE,0xB08,0xB0B,
0xB05,0xB03,0xB00,0xB06,0xB0D,0xB07,
0xB07,0xB0D,0xB0B,0xB0E,0xB12,0xB12,
0xB18,0xB1F,0xB22,0xB21,0xB1F,0xB22,
0xB24,0xB23,0xB26,0xB26,0xB29,0xB30,
0xB36,0xB34,0xB30,0xB2C,0xB2C,0xB2E,
0xB2F,0xB31,0xB32,0xB33,0xB30,0xB2F,
0xB2D,0xB28,0xB2A,0xB29,0xB26,0xB2A,
0xB2A,0xB24,0xB22,0xB20,0xB23,0xB25,
0xB21,0xB21,0xB22,0xB1E,0xB20,0xB20,
0xB21,0xB23,0xB20,0xB21,0xB21,0xB1F,
0xB22,0xB22,0xB1D,0xB1B,0xB1A,0xB19,
0xB1C,0xB1E,0xB1B,0xB1A,0xB1A,0xB1C,
0xB20,0xB21,0xB21,0xB1D,0xB1A,0xB1A,
0xB19,0xB1B,0xB1E,0xB21,0xB1E,0xB19,
0xB1E,0xB21,0xB19,0xB12,0xB16,0xB20,
0xB24,0xB21,0xB18,0xB0F,0xB0F,0xB13,
0xB14,0xB11,0xB0F,0xB0E,0xB10,0xB0E,
0xB09,0xB07,0xB07,0xB0A,0xB0B,0xB09,
0xB06,0xB0C,0xB0D,0xB0A,0xB0B,0xB0A,
0xB09,0xB0D,0xB0E,0xB0A,0xB08,0xB06,
0xB08,0xB0D,0xB10,0xB10,0xB11,0xB0D,
0xB0C,0xB0A,0xB05,0xB05,0xB0A,0xB10,
0xB17,0xB1A,0xB15,0xB0F,0xB0E,0xB14,
0xB19,0xB1C,0xB1D,0xB1D,0xB1C,0xB1D,
0xB1B,0xB1A,0xB16,0xB18,0xB19,0xB18,
0xB1A,0xB1E,0xB1D,0xB1B,0xB18,0xB13,
0xB10,0xB11,0xB12,0xB10,0xB0D,0xB0B,
0xB0A,0xB0A,0xB09,0xB06,0xB02,0xB01,
0xB04,0xB05,0xB06,0xB0A,0xB0C,0xB07,
0xB09,0xB0D,0xB04,0xAFB,0xAFB,0xAFE,
0xB02,0xB04,0xB03,0xB04,0xB05,0xB01,
0xAFE,0xAFA,0xAFE,0xB04,0xB05,0xB09,
0xB0A,0xB06,0xB04,0xB08,0xB0A,0xB0B,
0xB0D,0xB10,0xB10,0xB0C,0xB0C,0xB0E,
0xB0D,0xB11,0xB15,0xB10,0xB0D,0xB0A,
0xB09,0xB0C,0xB0C,0xB0F,0xB0D,0xB0C,
0xB0F,0xB0D,0xB0A,0xB0D,0xB0E,0xB0B,
0xB10,0xB13,0xB11,0xB10,0xB13,0xB15,
0xB16,0xB16,0xB15,0xB17,0xB18,0xB17,
0xB17,0xB17,0xB16,0xB18,0xB17,0xB15,
0xB18,0xB1B,0xB17,0xB14,0xB15,0xB13,
0xB12,0xB12,0xB11,0xB11,0xB10,0xB13,
0xB16,0xB15,0xB12,0xB0D,0xB0B,0xB0D,
0xB0C,0xB08,0xB05,0xB06,0xB08,0xB06,
0xB05,0xB05,0xB06,0xB08,0xB0D,0xB0F,
0xB0C,0xB0E,0xB12,0xB12,0xB10,0xB0B,
0xB0D,0xB11,0xB14,0xB18,0xB18,0xB17,
0xB16,0xB16,0xB14,0xB12,0xB16,0xB1A,
0xB1A,0xB19,0xB13,0xB0E,0xB11,0xB11,
0xB0E,0xB0F,0xB14,0xB13,0xB12,0xB15,
0xB16,0xB16,0xB1A,0xB1A,0xB1A,0xB1C,
0xB1C,0xB1C,0xB1F,0xB21,0xB1F,0xB1B,
0xB16,0xB13,0xB16,0xB15,0xB17,0xB17,
0xB15,0xB19,0xB1C,0xB18,0xB15,0xB15,
0xB19,0xB1A,0xB19,0xB18,0xB19,0xB1A,
0xB1B,0xB1A,0xB17,0xB12,0xB13,0xB12,
0xB0D,0xB10,0xB11,0xB11,0xB14,0xB14,
0xB0F,0xB0B,0xB07,0xB04,0xB0A,0xB11,
0xB11,0xB10,0xB0F,0xB11,0xB15,0xB0F,
0xB0C,0xB0D,0xB11,0xB17,0xB1D,0xB1B,
0xB19,0xB16,0xB15,0xB17,0xB14,0xB13,
0xB17,0xB17,0xB16,0xB15,0xB13,0xB17,
0xB1A,0xB1A,0xB1B,0xB1D,0xB1D,0xB1F,
0xB20,0xB22,0xB23,0xB20,0xB1F,0xB1A,
0xB16,0xB15,0xB14,0xB15,0xB15,0xB19,
0xB1A,0xB15,0xB10,0xB0F,0xB0F,0xB11,
0xB0E,0xB0A,0xB0D,0xB0E,0xB0E,0xB0F,
0xB11,0xB11,0xB10,0xB11,0xB12,0xB12,
0xB14,0xB14,0xB16,0xB17,0xB14,0xB16,
0xB14,0xB0F,0xB11,0xB11,0xB13,0xB17,
0xB12,0xB0E,0xB0E,0xB0E,0xB0B,0xB0F,
0xB12,0xB12,0xB10,0xB0C,0xB0E,0xB12,
0xB12,0xB13,0xB16,0xB15,0xB15,0xB16,
0xB13,0xB14,0xB14,0xB13,0xB15,0xB18,
0xB19,0xB19,0xB17,0xB13,0xB10,0xB13,
0xB17,0xB14,0xB13,0xB12,0xB10,0xB12,
0xB11,0xB11,0xB14,0xB15,0xB1A,0xB1C,
0xB18,0xB18,0xB16,0xB13,0xB13,0xB18,
0xB1A,0xB1A,0xB19,0xB15,0xB12,0xB13,
0xB15,0xB17,0xB1A,0xB1B,0xB19,0xB19,
0xB17,0xB16,0xB17,0xB1A,0xB1C,0xB18,
0xB14,0xB16,0xB18,0xB14,0xB14,0xB18,
0xB19,0xB19,0xB19,0xB14,0xB11,0xB12,
0xB14,0xB18,0xB18,0xB16,0xB18,0xB15,
0xB13,0xB15,0xB17,0xB12,0xB13,0xB17,
0xB18,0xB15,0xB11,0xB12,0xB12,0xB10,
0xB10,0xB0D,0xB08,0xB05,0xB03,0xB03,
0xB08,0xB0E,0xB0B,0xB08,0xB0B,0xB09,
0xB08,0xB0B,0xB0D,0xB0C,0xB0E,0xB0E,
0xB0B,0xB09,0xB0E,0xB10,0xB0A,0xB0A,
0xB09,0xB04,0xB05,0xB06,0xB05,0xB09,
0xB0C,0xB0B,0xB08,0xB04,0xB08,0xB0D,
0xB0C,0xB0F,0xB0F,0xB09,0xB0C,0xB0E,
0xB0B,0xB0E,0xB0F,0xB0E,0xB0D,0xB0D,
0xB0D,0xB0E,0xB0F,0xB0D,0xB0C,0xB0E,
0xB13,0xB13,0xB10,0xB10,0xB0E,0xB0B,
0xB0A,0xB07,0xB06,0xB08,0xB0C,0xB10,
0xB0F,0xB0B,0xB0B,0xB0D,0xB0A,0xB09,
0xB0B,0xB0C,0xB0E,0xB0D,0xB0A,0xB0B,
0xB0D,0xB0A,0xB0A,0xB05,0xB01,0xB06,
0xB0B,0xB0D,0xB10,0xB0E,0xB0A,0xB06,
0xB00,0xB03,0xB08,0xB09,0xB09,0xB04,
0xB00,0xB01,0xB02,0xB05,0xB07,0xB05,
0xB03,0xB04,0xB04,0xB02,0xB01,0xB04,
0xB05,0xB03,0xB02,0xB00,0xB00,0xAFF,
0xAFF,0xB06,0xB06,0xAFF,0xAFE,0xAFD,
0xAFC,0xAFA,0xAFA,0xB00,0xAFF,0xAF9,
0xAFB,0xAFD,0xAFB,0xAFA,0xAFA,0xB00,
0xB00,0xB00,0xB01,0xAFF,0xAFF,0xAFE,
0xAFE,0xB02,0xB01,0xAFF,0xB01,0xB06,
0xB09,0xB08,0xB07,0xB08,0xB08,0xB07,
0xB09,0xB0A,0xB0A,0xB07,0xB05,0xB07,
0xB05,0xB05,0xB08,0xB08,0xB08,0xB09,
0xB0A,0xB0F,0xB11,0xB13,0xB19,0xB1E,
0xB1E,0xB1B,0xB19,0xB19,0xB1B,0xB1E,
0xB1D,0xB1C,0xB1D,0xB1F,0xB1F,0xB1F,
0xB1E,0xB1F,0xB22,0xB21,0xB1F,0xB1D,
0xB1F,0xB20,0xB20,0xB23,0xB23,0xB1F,
0xB21,0xB20,0xB23,0xB26,0xB26,0xB26,
0xB25,0xB23,0xB25,0xB25,0xB26,0xB27,
0xB28,0xB27,0xB26,0xB24,0xB26,0xB29,
0xB29,0xB25,0xB23,0xB1F,0xB1B,0xB18,
0xB19,0xB1C,0xB1C,0xB1A,0xB1C,0xB1A,
0xB1A,0xB1B,0xB1B,0xB18,0xB16,0xB14,
0xB19,0xB19,0xB19,0xB17,0xB11,0xB12,
0xB18,0xB17,0xB18,0xB19,0xB18,0xB17,
0xB1B,0xB1B,0xB16,0xB10,0xB10,0xB12,
0xB15,0xB15,0xB0F,0xB0E,0xB10,0xB13,
0xB14,0xB17,0xB1B,0xB1C,0xB1B,0xB16,
0xB14,0xB18,0xB1B,0xB1D,0xB22,0xB21,
0xB1D,0xB1F,0xB1F,0xB1D,0xB1D,0xB1D,
0xB22,0xB24,0xB25,0xB22,0xB1F,0xB22,
0xB26,0xB27,0xB24,0xB23,0xB23,0xB26,
0xB28,0xB29,0xB25,0xB25,0xB27,0xB25,
0xB22,0xB24,0xB27,0xB27,0xB28,0xB27,
0xB23,0xB22,0xB26,0xB25,0xB1F,0xB1D,
0xB1F,0xB20,0xB1E,0xB1E,0xB21,0xB20,
0xB20,0xB20,0xB1D,0xB18,0xB14,0xB13,
0xB12,0xB12,0xB12,0xB11,0xB11,0xB10,
0xB0C,0xB0D,0xB0D,0xB0B,0xB0A,0xB07,
0xB08,0xB09,0xB06,0xB06,0xB0A,0xB0B,
0xB07,0xB05,0xB03,0xB02,0xB01,0xB00,
0xB01,0xB02,0xB00,0xB00,0xB01,0xB00,
0xB03,0xB06,0xB04,0xB01,0xAFE,0xAFE,
0xB02,0xB08,0xB0C,0xB0B,0xB0C,0xB0C,
0xB09,0xB0C,0xB0E,0xB09,0xB06,0xB05,
0xB06,0xB06,0xB08,0xB09,0xB07,0xB05,
0xB07,0xB07,0xB0A,0xB0C,0xB0E,0xB11,
0xB14,0xB17,0xB19,0xB16,0xB10,0xB0E,
0xB12,0xB13,0xB14,0xB14,0xB0F,0xB0E,
0xB12,0xB0E,0xB0A,0xB07,0xB06,0xB07,
0xB0A,0xB0A,0xB09,0xB0C,0xB0E,0xB0C,
0xB0B,0xB0C,0xB0D,0xB0D,0xB0C,0xB0A,
0xB0C,0xB0F,0xB0F,0xB0B,0xB0A,0xB0F,
0xB14,0xB12,0xB0F,0xB10,0xB11,0xB12,
0xB16,0xB18,0xB18,0xB18,0xB19,0xB14,
0xB11,0xB13,0xB16,0xB17,0xB17,0xB16,
0xB18,0xB1D,0xB1E,0xB19,0xB18,0xB19,
0xB18,0xB1A,0xB1F,0xB23,0xB22,0xB23,
0xB24,0xB26,0xB25,0xB22,0xB1F,0xB1C,
0xB1E,0xB22,0xB24,0xB1F,0xB18,0xB17,
0xB17,0xB18,0xB18,0xB18,0xB1A,0xB1C,
0xB1D,0xB1C,0xB1B,0xB19,0xB14,0xB15,
0xB18,0xB15,0xB12,0xB14,0xB16,0xB19,
0xB17,0xB16,0xB15,0xB10,0xB10,0xB13,
0xB11,0xB10,0xB12,0xB15,0xB14,0xB10,
0xB13,0xB13,0xB10,0xB0E,0xB0E,0xB0F,
0xB13,0xB14,0xB13,0xB12,0xB0F,0xB0A,
0xB08,0xB07,0xB04,0xB05,0xB07,0xB08,
0xB07,0xB06,0xB05,0xB07,0xB08,0xB09,
0xB0F,0xB0F,0xB0D,0xB0B,0xB0A,0xB07,
0xB02,0xB00,0xB05,0xB05,0xB04,0xB01,
0xB00,0xB03,0xB04,0xB03,0xB01,0xAFF,
0xAFA,0xAFA,0xAFC,0xAFF,0xB00,0xB01,
0xB01,0xAFF,0xAFC,0xAF9,0xAF7,0xAFA,
0xAFE,0xB01,0xB00,0xAFE,0xB00,0xB00,
0xB02,0xB05,0xB07,0xB06,0xB06,0xB08,
0xB0A,0xB0B,0xB0C,0xB09,0xB07,0xB08,
0xB05,0xB02,0xB03,0xB05,0xB07,0xB05,
0xB04,0xB08,0xB0B,0xB0C,0xB0A,0xB09,
0xB08,0xB09,0xB11,0xB18,0xB19,0xB1B,
0xB1E,0xB1D,0xB1A,0xB17,0xB15,0xB17,
0xB19,0xB18,0xB16,0xB14,0xB12,0xB10,
0xB10,0xB10,0xB0F,0xB0C,0xB0C,0xB12,
0xB12,0xB14,0xB1A,0xB16,0xB12,0xB10,
0xB12,0xB17,0xB16,0xB15,0xB14,0xB10,
0xB10,0xB10,0xB12,0xB13,0xB11,0xB13,
0xB13,0xB0E,0xB0D,0xB0D,0xB11,0xB15,
0xB16,0xB15,0xB13,0xB12,0xB14,0xB10,
0xB11,0xB13,0xB12,0xB14,0xB14,0xB15,
0xB17,0xB19,0xB18,0xB19,0xB1C,0xB1F,
0xB1C,0xB1A,0xB18,0xB15,0xB13,0xB15,
0xB19,0xB1E,0xB22,0xB23,0xB1F,0xB1B,
0xB13,0xB0D,0xB0B,0xB0E,0xB17,0xB1E,
0xB1F,0xB1E,0xB1B,0xB18,0xB15,0xB10,
0xB0F,0xB0F,0xB12,0xB14,0xB17,0xB17,
0xB15,0xB13,0xB17,0xB1B,0xB1B,0xB1D,
0xB21,0xB1A,0xB11,0xB0E,0xB0D,0xB10,
0xB15,0xB14,0xB12,0xB13,0xB10,0xB0C,
0xB0A,0xB0A,0xB09,0xB0C,0xB11,0xB11,
0xB12,0xB16,0xB16,0xB13,0xB13,0xB18,
0xB1D,0xB1F,0xB1E,0xB16,0xB0C,0xB09,
0xB12,0xB18,0xB17,0xB19,0xB1D,0xB20,
0xB20,0xB1D,0xB13,0xB0B,0xB0F,0xB17,
0xB1D,0xB22,0xB1D,0xB14,0xB07,0xAFF,
0xB00,0xB05,0xB01,0xB00,0xAFF,0xAFB,
0xAF9,0xAFE,0xB04,0xB0F,0xB1D,0xB1D,
0xB19,0xB13,0xB04,0xAF8,0xAF6,0xAF6,
0xAFF,0xB0B,0xB11,0xB11,0xB10,0xB12,
0xB0D,0xAFF,0xAF9,0xB01,0xB0E,0xB1E,
0xB27,0xB1E,0xB07,0xAF5,0xAE9,0xAEC,
0xAFB,0xB10,0xB29,0xB36,0xB2E,0xB21,
0xB11,0xB02,0xAF6,0xAE4,0xADF,0xAE9,
0xAF3,0xB04,0xB23,0xB45,0xB53,0xB48,
0xB34,0xB19,0xAFB,0xAED,0xAEA,0xAF3,
0xB11,0xB1F,0xB30,0xB3F,0xB2E,0xB14,
0xAFF,0xAF0,0xAF0,0xAF6,0xAFE,0xB0F,
0xB1C,0xB25,0xB27,0xB31,0xB30,0xB2F,
0xB2B,0xB20,0xB06,0xAEC,0xAF7,0xAF4,
0xAE2,0xAFB,0xB1A,0xB27,0xB46,0xB5C,
0xB59,0xB3E,0xB1F,0xAF6,0xAE3,0xB0A,
0xB28,0xB27,0xB21,0xB1E,0xB0A,0xAE8,
0xAE7,0xB11,0xB2C,0xB3A,0xB3C,0xB46,
0xB3F,0xB0E,0xAE9,0xAEE,0xB08,0xB2D,
0xB51,0xB53,0xB3B,0xB1F,0xB0A,0xAFE,
0xB26,0xB46,0xB37,0xB1D,0xB0C,0xAFC,
0xAEF,0xAFC,0xB10,0xB1E,0xB2F,0xB35,
0xB3D,0xB5B,0xB5C,0xB43,0xB28,0xB29,
0xB35,0xB2D,0xB25,0xB05,0xADC,0xAD1,
0xAD4,0xAFC,0xB49,0xB82,0xB9F,0xB95,
0xB68,0xB2A,0xAE6,0xAB1,0xA9F,0xACB,
0xB23,0xB71,0xBB4,0xBCC,0xB99,0xB57,
0xB08,0xAAE,0xA76,0xA5B,0xA68,0xA9F,
0xAE9,0xB3B,0xB6D,0xB8A,0xBB7,0xBD0,
0xBD1,0xBCA,0xB94,0xB34,0xAC9,0xA5D,
0xA23,0xA25,0xA4F,0xAA5,0xB12,0xB69,
0xB9C,0xBAC,0xB76,0xB0C,0xAC8,0xAA8,
0xA9E,0xAB9,0xAD4,0xAEC,0xAF8,0xAFF,
0xB09,0xB1E,0xB3C,0xB46,0xB4B,0xB4C,
0xB25,0xAE9,0xAB0,0xA8B,0xA9E,0xABB,
0xADF,0xB09,0xB36,0xB50,0xB2F,0xAF8,
0xACD,0xAB5,0xAAC,0xAD7,0xB11,0xB0B,
0xAF6,0xAEE,0xADF,0xAEA,0xAD6,0xA9C,
0xA6E,0xA57,0xA6A,0xA93,0xAE1,0xB4B,
0xB8B,0xBA2,0xB8C,0xB57,0xB20,0xAEB,
0xACC,0xAD4,0xB00,0xB22,0xB19,0xB14,
0xB0F,0xAFD,0xAF6,0xB08,0xB35,0xB56,
0xB74,0xB76,0xB5C,0xB41,0xB03,0xAB6,
0xA7C,0xA5C,0xA7A,0xAC4,0xAFA,0xB23,
0xB2D,0xB2D,0xB2C,0xB46,0xB70,0xB7C,
0xB5C,0xB2D,0xB00,0xAC9,0xA8D,0xA7A,
0xAAC,0xB09,0xB7A,0xBCB,0xBF7,0xC06,
0xBC0,0xB46,0xAF5,0xAB0,0xA6F,0xA51,
0xA7B,0xAB8,0xAD3,0xAF8,0xB2A,0xB78,
0xBD3,0xC0E,0xC10,0xBCD,0xB5A,0xAD0,
0xA56,0xA31,0xA34,0xA53,0xAB1,0xB27,
0xB98,0xBF1,0xC26,0xC2C,0xC17,0xBE4,
0xB8F,0xB28,0xACE,0xA8C,0xA75,0xA83,
0xABF,0xAF2,0xB0C,0xB3F,0xB59,0xB68,
0xB5C,0xB25,0xAE7,0xAAF,0xA6F,0xA69,
0xAAA,0xB0D,0xB44,0xB48,0xB36,0xB0D,
0xAD1,0xA8F,0xA87,0xA97,0xAC9,0xB25,
0xB70,0xB87,0xB7C,0xB5B,0xB3D,0xB1D,
0xAF7,0xACE,0xAB8,0xADB,0xADB,0xABF,
0xAC5,0xAC4,0xAB3,0xAD3,0xB1D,0xB84,
0xBEB,0xC0A,0xBD1,0xB57,0xAD0,0xA6F,
0xA36,0xA34,0xA68,0xAB5,0xB1A,0xB67,
0xBAD,0xBF1,0xC0F,0xC01,0xBD4,0xB86,
0xAFA,0xA7A,0xA3C,0xA26,0xA5B,0xAC7,
0xB30,0xBA4,0xBE3,0xBBE,0xB8B,0xB71,
0xB41,0xAFA,0xABB,0xAB1,0xAC7,0xAF1,
0xB2B,0xB4E,0xB80,0xB8E,0xB4E,0xB02,
0xA99,0xA59,0xA68,0xAA9,0xB19,0xB57,
0xB5F,0xB58,0xB40,0xB39,0xB06,0xACB,
0xACC,0xB04,0xB40,0xB74,0xBB4,0xBA3,
0xB4D,0xAE8,0xA95,0xA75,0xA6F,0xA92,
0xAE7,0xB52,0xBB4,0xBF9,0xC12,0xBEE,
0xB97,0xB11,0xA94,0xA33,0x9F0,0xA17,
0xA70,0xAFC,0xB97,0xBEA,0xC12,0xC05,
0xBBD,0xB23,0xA9F,0xA53,0xA41,0xA59,
0xA86,0xAD4,0xB05,0xB61,0xBB3,0xBD0,
0xBFB,0xBED,0xBA5,0xB63,0xB19,0xACC,
0xA96,0xA5F,0xA43,0xA7E,0xAB8,0xADF,
0xB06,0xB06,0xAF3,0xAC4,0xAB8,0xAC7,
0xACE,0xAFB,0xB10,0xAE9,0xAD4,0xACD,
0xAD3,0xAF3,0xB18,0xB19,0xB09,0xB0B,
0xB14,0xB29,0xB40,0xB35,0xAF5,0xADE,
0xAE3,0xADC,0xB01,0xB38,0xB29,0xB23,
0xB1B,0xB02,0xAFD,0xAD8,0xADE,0xAD8,
0xACC,0xAC5,0xAB1,0xAE1,0xB2C,0xB38,
0xB57,0xB6D,0xB51,0xB32,0xB27,0xB12,
0xAF3,0xB04,0xB1D,0xB4B,0xB7D,0xB7D,
0xB77,0xBA8,0xB9B,0xB6C,0xB1B,0xA9B,
0xA40,0xA03,0x9F4,0xA13,0xA63,0xAF6,
0xB9B,0xBFC,0xC4D,0xC22,0xBB1,0xB1F,
0xA89,0xA27,0x9E3,0x9E8,0xA25,0xAA1,
0xB30,0xB92,0xBB7,0xBBE,0xB84,0xB3F,
0xB1C,0xB2E,0xB45,0xB51,0xB32,0xB09,
0xAFA,0xAEA,0xAF7,0xB4A,0xB8F,0xB82,
0xBB5,0xBC8,0xBE3,0xC08,0xBF1,0xB9A,
0xB04,0xA8E,0xA5A,0xA47,0xA76,0xADF,
0xB36,0xB5C,0xB84,0xBBE,0xBE4,0xC15,
0xC0D,0xBEA,0xB81,0xACD,0xA30,0x9E3,
0x9D1,0x9FB,0xA77,0xAF7,0xB63,0xB99,
0xB87,0xB5C,0xB45,0xB30,0xB03,0xAD6,
0xAD6,0xAD1,0xADC,0xAEE,0xB06,0xB23,
0xB1D,0xB00,0xAFD,0xB18,0xB2C,0xB48,
0xB53,0xB67,0xB51,0xB13,0xAE3,0xAB5,
0xA98,0xA63,0xA09,0xA04,0xA2C,0xA54,
0xACC,0xB44,0xB6D,0xB71,0xB73,0xB5A,
0xB2A,0xAF7,0xACE,0xAB1,0xAAA,0xAA4,
0xABB,0xADF,0xB08,0xB03,0xAD8,0xADB,
0xAD2,0xAD1,0xADD,0xAD7,0xAD6,0xAD7,
0xAD9,0xB01,0xB33,0xB5B,0xB7C,0xB8C,
0xB9A,0xB9A,0xB78,0xB51,0xAF3,0xA7A,
0xA57,0xA42,0xA37,0xA74,0xAC0,0xB08,
0xB4C,0xB69,0xB86,0xB78,0xB1A,0xAD9,
0xAEB,0xAF8,0xB04,0xB09,0xAF9,0xAF6,
0xADE,0xAD2,0xAC1,0xAB9,0xAFD,0xB19,
0xB1A,0xB3D,0xB33,0xB2A,0xB12,0xAED,
0xAC6,0xAC7,0xB1E,0xB7B,0xBBF,0xBDB,
0xBAD,0xB4A,0xAF5,0xAC2,0xAC5,0xB17,
0xB4E,0xB34,0xB02,0xAB6,0xAAD,0xAC5,
0xADE,0xB27,0xB83,0xBDF,0xBFC,0xBDC,
0xBC2,0xBB4,0xB7C,0xB74,0xB84,0xB6A,
0xB5E,0xB74,0xB90,0xBB2,0xBF2,0xC20,
0xC24,0xBE5,0xB54,0xAF1,0xAC4,0xAA3,
0xAA4,0xA75,0xA63,0xA75,0xA66,0xA8B,
0xACA,0xB27,0xBB9,0xC0C,0xC3A,0xC3B,
0xBCD,0xB43,0xABF,0xA7D,0xA8E,0xAD0,
0xAFF,0xB0A,0xB1B,0xB1F,0xB25,0xB22,
0xAF3,0xAB8,0xAA6,0xAE0,0xB39,0xB73,
0xB95,0xB75,0xB4F,0xB4D,0xB16,0xB1D,
0xB51,0xB1E,0xAF2,0xAE8,0xAE7,0xB0C,
0xB1C,0xB29,0xB1D,0xAE4,0xADA,0xAD1,
0xABC,0xAD5,0xAF3,0xB14,0xB2C,0xB40,
0xB68,0xB9C,0xBB1,0xB8D,0xB4F,0xAEC,
0xA7B,0xA45,0xA1F,0xA2A,0xA8E,0xAEA,
0xB39,0xB7A,0xBA0,0xB8C,0xB61,0xB56,
0xB28,0xAF2,0xAEF,0xAF7,0xAF2,0xACF,
0xAAD,0xA92,0xA8B,0xAB7,0xAD8,0xB19,
0xB46,0xB34,0xB18,0xB0B,0xB07,0xAF8,
0xAE3,0xACF,0xAA4,0xA5E,0x9F9,0x999,
0x9CE,0xA17,0xA5C,0xAF3,0xB5C,0xB86,
0xB9A,0xB9E,0xB8E,0xB53,0xAEB,0xA86,
0xA58,0xA56,0xA51,0xA61,0xA80,0xA9F,
0xA94,0xA89,0xA8D,0xA8F,0xAB2,0xACF,
0xAC4,0xACD,0xAE1,0xAD8,0xB05,0xB1D,
0xB05,0xB0F,0xB2B,0xB46,0xB50,0xB38,
0xB10,0xACD,0xA91,0xA76,0xA60,0xA84,
0xAE0,0xB26,0xB4A,0xB5B,0xB69,0xB74,
0xB3D,0xAE7,0xADC,0xAFC,0xAF3,0xAC9,
0xAB0,0xAB3,0xAA7,0xA90,0xA8F,0xAA3,
0xAFF,0xB6C,0xBAE,0xBBC,0xB90,0xB42,
0xAF9,0xADF,0xAE2,0xAF0,0xB30,0xB87,
0xBC8,0xBFF,0xBF7,0xBCE,0xBBE,0xBA6,
0xB93,0xB8E,0xB9E,0xBA4,0xB7B,0xB69,
0xB6F,0xB83,0xBA0,0xB9F,0xBC4,0xBF8,
0xBFF,0xBC8,0xB85,0xB6C,0xB62,0xB5B,
0xB7C,0xBA6,0xB95,0xBA2,0xBC4,0xBAC,
0xBAF,0xBC3,0xBCD,0xBC0,0xB64,0xB03,
0xAEA,0xAEC,0xAFD,0xAFC,0xACD,0xAA9,
0xA83,0xA61,0xA66,0xA80,0xAC9,0xB50,
0xBD7,0xC3C,0xC6B,0xC31,0xBC0,0xB47,
0xAD9,0xAC2,0xACC,0xABA,0xAC1,0xAE1,
0xB18,0xB64,0xB86,0xB68,0xB1A,0xAD4,
0xAE7,0xB19,0xB30,0xB37,0xB24,0xB38,
0xB43,0xB28,0xB5B,0xB73,0xB40,0xB35,
0xB36,0xB4A,0xB7C,0xB85,0xB77,0xB3B,
0xAD3,0xAAB,0xA8B,0xA81,0xAAA,0xAD7,
0xB0E,0xB51,0xB9A,0xBD5,0xC25,0xC4E,
0xC12,0xB84,0xAA4,0x9DB,0x96F,0x94B,
0x9A0,0xA50,0xADF,0xB57,0xBBC,0xBE9,
0xBED,0xBDE,0xBA6,0xB29,0xA95,0xA33,
0x9F8,0x9C6,0x9BF,0x9CD,0x9FB,0xA7C,
0xB17,0xB8B,0xBC0,0xBBA,0xB9F,0xB7D,
0xB62,0xB2D,0xADC,0xA98,0xA32,0x9BF,
0x965,0x918,0x938,0x9EC,0xAB0,0xB54,
0xBD8,0xBE6,0xB9F,0xB3B,0xAEF,0xABD,
0xA78,0xA4C,0xA4C,0xA5E,0xA5C,0xA3B,
0xA1E,0xA26,0xA4B,0xA4F,0xA52,0xA46,
0xA0F,0x9E8,0x9F3,0xA28,0xA90,0xB1A,
0xB99,0xC0E,0xC21,0xBE6,0xBBC,0xB8E,
0xB55,0xB11,0xAD5,0xA9C,0xA4E,0xA31,
0xA37,0xA38,0xA80,0xB13,0xBB2,0xC18,
0xC2E,0xC02,0xBA3,0xB07,0xA66,0xA2E,
0xA53,0xA86,0xAA8,0xAC1,0xAC6,0xAB7,
0xAB7,0xACC,0xB0E,0xB6B,0xBA7,0xBA9,
0xB6C,0xB21,0xAD8,0xA9D,0xABC,0xAFC,
0xB48,0xBD2,0xC26,0xC38,0xC19,0xBC2,
0xB5B,0xB29,0xB23,0xB02,0xB03,0xB19,
0xB1B,0xB16,0xB19,0xB41,0xB8D,0xBCB,
0xBEB,0xBF0,0xBD3,0xB95,0xB39,0xB0F,
0xB3F,0xB6C,0xB89,0xBAC,0xB8F,0xB4E,
0xB3F,0xB3F,0xB53,0xB9E,0xBFC,0xC27,
0xC0D,0xBCA,0xB92,0xB66,0xB3D,0xB24,
0xAF2,0xAB4,0xA7C,0xA31,0x9FA,0xA06,
0xA45,0xAC6,0xB70,0xC08,0xC8F,0xCE7,
0xCDF,0xCA6,0xC5A,0xC00,0xBD6,0xB77,
0xAB2,0xA18,0x9C7,0x9D4,0xA0C,0xA40,
0xA8B,0xADF,0xB4F,0xBDE,0xC59,0xCB4,
0xCCB,0xC88,0xC46,0xBC4,0xB33,0xAFB,
0xAA2,0xA82,0xAB8,0xAEF,0xB4D,0xB7B,
0xB75,0xB55,0xAEB,0xA97,0xA83,0xA75,
0xA98,0xAF5,0xB4B,0xB7E,0xB9B,0xBAE,
0xBC7,0xBED,0xBF5,0xBB0,0xB1D,0xA5A,
0x9BE,0x990,0x991,0x9DB,0xA57,0xAC1,
0xB3B,0xBA0,0xBC5,0xBCF,0xBD2,0xBAB,
0xB40,0xAB9,0xA5A,0xA09,0x9DC,0x9D1,
0x9C4,0xA05,0xA83,0xB0E,0xB78,0xBA8,
0xBA0,0xB70,0xB53,0xB38,0xAE2,0xA83,
0xA39,0x9CA,0x972,0x90A,0x8A8,0x8EB,
0x991,0xA51,0xB14,0xBA4,0xBE1,0xBCE,
0xB8F,0xB69,0xB3C,0xAF7,0xACF,0xAB8,
0xAAF,0xA7E,0xA2E,0xA0D,0xA21,0xA34,
0xA1D,0xA0B,0x9FF,0x9C1,0x9BA,0xA05,
0xA68,0xAFB,0xB89,0xC17,0xC89,0xC9C,
0xC7B,0xC2B,0xBB1,0xB29,0xACF,0xAA6,
0xA6B,0xA3A,0xA3C,0xA4E,0xA72,0xABB,
0xB32,0xBBE,0xC1B,0xC32,0xBF2,0xB8B,
0xB14,0xAC6,0xAB9,0xABC,0xACE,0xAD5,
0xADB,0xADB,0xAEC,0xB03,0xB1D,0xB50,
0xB85,0xBA4,0xB89,0xB56,0xB14,0xAD3,
0xACD,0xAEE,0xB2A,0xB9A,0xC23,0xC92,
0xCAF,0xC9A,0xC65,0xBFB,0xBAA,0xB4F,
0xAD9,0xAA0,0xAA7,0xAC2,0xAF1,0xB26,
0xB73,0xBD5,0xC11,0xC3A,0xC66,0xC71,
0xC31,0xBB7,0xB43,0xB16,0xAFC,0xAE2,
0xAE7,0xAC6,0xAA3,0xAE6,0xB50,0xBC2,
0xC57,0xCB1,0xCAD,0xC6C,0xC0B,0xBAC,
0xB39,0xAC6,0xA95,0xA5E,0xA2C,0xA2B,
0xA1F,0xA3B,0xA92,0xB03,0xB97,0xC1E,
0xC7E,0xCC0,0xCA5,0xC44,0xBE1,0xB92,
0xB78,0xB67,0xB2C,0xAC5,0xA3A,0x9E5,
0x9D7,0xA04,0xA5A,0xA84,0xA98,0xACE,
0xB3C,0xBB9,0xC1E,0xC49,0xC46,0xC3D,
0xBEE,0xBAA,0xB7D,0xAF2,0xA9F,0xA95,
0xAAF,0xAF5,0xB0D,0xB0D,0xAE0,0xA61,
0x9FA,0x9E7,0x9F5,0xA52,0xAF4,0xB78,
0xBD7,0xC15,0xC3C,0xC48,0xC34,0xBD5,
0xB2F,0xA58,0x982,0x931,0x95A,0x9C5,
0xA60,0xAE7,0xB73,0xBEA,0xC0F,0xBFF,
0xBC7,0xB94,0xB3A,0xAAC,0xA52,0xA25,
0xA04,0xA05,0x9F0,0x9E9,0xA24,0xA86,
0xB0E,0xB5A,0xB68,0xB5A,0xB1D,0xAE4,
0xAA9,0xA55,0xA2E,0xA01,0x9B2,0x97D,
0x92E,0x91E,0x98C,0xA19,0xAB4,0xB5A,
0xBA7,0xB92,0xB40,0xAE6,0xACA,0xABA,
0xAAC,0xABB,0xACA,0xAC0,0xA91,0xA31,
0x9FD,0xA0D,0xA28,0xA1D,0xA06,0x9E9,
0x9B4,0x9CF,0xA45,0xADC,0xB81,0xBE1,
0xC0C,0xC03,0xBBD,0xB88,0xB54,0xB18,
0xAF0,0xADA,0xAC2,0xA88,0xA44,0xA2A,
0xA26,0xA58,0xAE1,0xB8F,0xC04,0xC07,
0xBC7,0xB58,0xADE,0xA7A,0xA6D,0xAA5,
0xAEA,0xB23,0xB43,0xB41,0xB30,0xB24,
0xB1B,0xB0F,0xB25,0xB3E,0xB27,0xAFD,
0xAD3,0xABE,0xADA,0xB26,0xB70,0xBC4,
0xC29,0xCA2,0xCEC,0xCD6,0xCA5,0xC4F,
0xBE0,0xB86,0xB0F,0xA9D,0xA80,0xA9D,
0xADE,0xB2D,0xB8B,0xBE9,0xC2E,0xC49,
0xC59,0xC67,0xC3C,0xBCE,0xB43,0xAEB,
0xAC9,0xAC2,0xAF6,0xB3A,0xB5C,0xB7C,
0xBD3,0xC0E,0xC1A,0xC36,0xC30,0xC00,
0xBA8,0xB5C,0xB2F,0xAF0,0xAC8,0xAC5,
0xAB8,0xABB,0xAD3,0xAD6,0xAE1,0xB0A,
0xB46,0xBAA,0xC0D,0xC56,0xC70,0xC37,
0xBF8,0xBBB,0xB87,0xB87,0xB93,0xB75,
0xB18,0xA9D,0xA48,0xA23,0xA30,0xA5D,
0xA7D,0xA92,0xAB5,0xB1A,0xB8E,0xBCB,
0xBB7,0xBA0,0xB9F,0xB82,0xB97,0xB8C,
0xB05,0xAB2,0xA94,0xA99,0xAC8,0xAB5,
0xAA5,0xA83,0xA2D,0xA25,0xA51,0xA95,
0xB3F,0xBE9,0xC62,0xC9B,0xC7F,0xC4E,
0xC27,0xBF3,0xB88,0xAF2,0xA45,0x9AA,
0x989,0x9CD,0xA4C,0xAF1,0xB4D,0xB99,
0xBD3,0xBC0,0xB84,0xB38,0xB04,0xAC5,
0xA6F,0xA63,0xA7B,0xA76,0xA65,0xA37,
0xA3F,0xA89,0xADD,0xB33,0xB64,0xB73,
0xB6D,0xB3C,0xB2D,0xB1B,0xAED,0xAC5,
0xA7B,0xA4D,0xA2E,0x9CD,0x9B2,0xA13,
0xA79,0xB09,0xB8E,0xBBF,0xB83,0xAE7,
0xA70,0xA42,0xA31,0xA46,0xA73,0xAA2,
0xAA5,0xA62,0xA04,0x9D4,0x9E3,0x9F8,
0xA01,0x9FE,0x9D8,0x9AB,0x9E1,0xA65,
0xB19,0xBCE,0xC26,0xC4C,0xC20,0xBBF,
0xB7C,0xB1C,0xAB9,0xA73,0xA50,0xA2F,
0x9E3,0x9D5,0x9F5,0xA13,0xA60,0xAEA,
0xBA5,0xC16,0xBFA,0xBA6,0xB2E,0xA9F,
0xA25,0x9D7,0x9C1,0x9CD,0x9F9,0xA54,
0xAA9,0xB06,0xB6A,0xB99,0xBBF,0xBD0,
0xBA7,0xB49,0xAD5,0xA64,0xA0F,0xA29,
0xA94,0xB13,0xBB3,0xC63,0xD03,0xD3D,
0xD0B,0xCA9,0xC18,0xB85,0xB09,0xA8D,
0xA4E,0xA5C,0xAA7,0xB23,0xB90,0xBEA,
0xC3B,0xC7A,0xC89,0xC6C,0xC22,0xBA4,
0xB0E,0xA9A,0xA75,0xA97,0xAF5,0xB7B,
0xBE8,0xC0B,0xC1A,0xC37,0xC17,0xBEE,
0xBE7,0xBC3,0xB84,0xB29,0xAF7,0xB10,
0xB33,0xB75,0xBAE,0xBAB,0xBB0,0xBB6,
0xB9B,0xB91,0xB8E,0xB90,0xBAE,0xBBA,
0xBBC,0xB9B,0xB69,0xB69,0xB87,0xBB7,
0xBEC,0xBF3,0xBA2,0xB10,0xA6F,0xA01,
0x9F6,0xA34,0xA77,0xA9E,0xAAC,0xAE4,
0xB5E,0xBCA,0xBFF,0xC00,0xC05,0xBF1,
0xBB0,0xB8B,0xB34,0xA9D,0xA55,0xA59,
0xABB,0xB3C,0xB75,0xB7E,0xB22,0xA8B,
0xA3F,0xA2F,0xA6B,0xB06,0xB9B,0xC14,
0xC3D,0xC23,0xC0D,0xC02,0xBDA,0xB7B,
0xAEF,0xA2B,0x97C,0x950,0x988,0xA0A,
0xAA1,0xB09,0xB87,0xBE1,0xBE0,0xBA6,
0xB72,0xB3E,0xAD0,0xA64,0xA56,0xA6E,
0xA6F,0xA50,0xA2D,0xA4C,0xA94,0xAF1,
0xB33,0xB41,0xB32,0xB19,0xB05,0xB0B,
0xAEE,0xADE,0xAC0,0xA64,0xA2C,0x9FA,
0x9AD,0x9B4,0xA05,0xA67,0xAF4,0xB5C,
0xB7D,0xB46,0xAE1,0xAAA,0xA9E,0xA90,
0xA9D,0xAA5,0xA9B,0xA6D,0x9FE,0x99E,
0x982,0x995,0x9B3,0x9DD,0x9E7,0x9BE,
0x9A3,0x9EE,0xA68,0xB0A,0xB8D,0xBCB,
0xBED,0xBB9,0xB59,0xB1E,0xAE5,0xAA2,
0xA73,0xA6A,0xA6B,0xA4A,0xA68,0xA99,
0xABD,0xB0C,0xB86,0xBE4,0xBE8,0xB95,
0xB21,0xAAB,0xA3A,0x9F6,0xA03,0xA57,
0xAA5,0xAF4,0xB3F,0xB68,0xB83,0xBA2,
0xB9A,0xB85,0xB5B,0xB1B,0xAB8,0xA53,
0xA29,0xA42,0xAA1,0xB1B,0xB94,0xC0B,
0xC90,0xCDD,0xCCF,0xC95,0xC47,0xBDC,
0xB92,0xB44,0xADF,0xABD,0xAE4,0xB30,
0xB8E,0xBE5,0xC25,0xC54,0xC60,0xC41,
0xBFA,0xBA5,0xB33,0xAA2,0xA4C,0xA74,
0xACF,0xB5F,0xC00,0xC4D,0xC3A,0xC22,
0xC13,0xBD9,0xBC4,0xBAB,0xB60,0xB08,
0xAAE,0xA9A,0xAE4,0xB3B,0xB99,0xBCC,
0xBBF,0xBB5,0xB9D,0xB76,0xB7E,0xB8E,
0xBBE,0xBFF,0xC07,0xC13,0xBFB,0xBC1,
0xBA6,0xBA3,0xBAE,0xBC2,0xBB0,0xB55,
0xAD8,0xA69,0xA36,0xA5C,0xA9D,0xAC7,
0xAE3,0xAF1,0xB28,0xB76,0xBBA,0xBE6,
0xBE2,0xBCB,0xBA9,0xB80,0xB7B,0xB3F,
0xAE0,0xAC2,0xAC8,0xB02,0xB2E,0xB20,
0xAF5,0xA9C,0xA3D,0xA23,0xA31,0xA72,
0xAED,0xB73,0xBE6,0xC1A,0xC31,0xC56,
0xC6C,0xC2A,0xB94,0xAD5,0x9F4,0x963,
0x957,0x98C,0xA11,0xA80,0xAAD,0xAEA,
0xAFE,0xAF9,0xAF1,0xAE8,0xAC2,0xA6E,
0xA3C,0xA4E,0xA71,0xA84,0xA78,0xA6B,
0xA8C,0xAC1,0xB08,0xB39,0xB46,0xB36,
0xB08,0xAEB,0xACD,0xA92,0xA85,0xA61,
0xA27,0xA22,0x9FA,0x9DA,0xA11,0xA60,
0xAB7,0xB34,0xB82,0xB7C,0xB21,0xAB2,
0xA79,0xA5A,0xA2D,0xA2A,0xA46,0xA58,
0xA38,0x9F6,0x9D5,0x9CF,0x9D9,0x9E1,
0x9E3,0x9C9,0x9BD,0x9FA,0xA7E,0xB1A,
0xBC2,0xC12,0xC24,0xC0A,0xBA2,0xB52,
0xB2B,0xAEE,0xACE,0xAD8,0xAEC,0xAEC,
0xACD,0xAE4,0xAF4,0xAF9,0xB23,0xB63,
0xB8A,0xB74,0xB1C,0xACA,0xA91,0xA61,
0xA4E,0xA6F,0xA9A,0xAA2,0xAB0,0xABC,
0xAD9,0xB1F,0xB5C,0xB6B,0xB8D,0xBA3,
0xB7C,0xB20,0xACB,0xA9A,0xA9C,0xAD6,
0xB2D,0xB9D,0xC15,0xC92,0xCDB,0xCCF,
0xC80,0xC12,0xB8E,0xB1D,0xAA1,0xA50,
0xA6A,0xAB8,0xB1E,0xB8A,0xBDC,0xC15,
0xC34,0xC30,0xC0F,0xBC8,0xB6A,0xAF7,
0xA80,0xA5A,0xAAB,0xB2D,0xBCA,0xC43,
0xC5C,0xC21,0xBE5,0xBB7,0xB91,0xBA7,
0xBA6,0xB71,0xB2A,0xAE1,0xAD5,0xB0C,
0xB5D,0xBC7,0xBE4,0xBCA,0xBD0,0xBB8,
0xB94,0xB9B,0xB9A,0xBB8,0xBCA,0xBB1,
0xBB5,0xB8C,0xB57,0xB3D,0xB37,0xB57,
0xB94,0xBAB,0xB74,0xB03,0xA9A,0xA6E,
0xA82,0xA9E,0xAB5,0xAD7,0xAFF,0xB4B,
0xB97,0xBC4,0xBCB,0xBAE,0xB86,0xB5E,
0xB57,0xB50,0xAE5,0xA8C,0xA93,0xAD9,
0xB43,0xB63,0xB40,0xB03,0xA99,0xA44,
0xA37,0xA4F,0xA98,0xAFF,0xB69,0xBBF,
0xBE3,0xBF9,0xC1C,0xC1D,0xBBB,0xB1D,
0xA72,0x9CC,0x98A,0x9A5,0xA09,0xA93,
0xAC7,0xAF4,0xB36,0xB43,0xB30,0xB17,
0xB0D,0xAEC,0xA84,0xA3B,0xA51,0xA74,
0xA74,0xA5C,0xA5C,0xA9D,0xB09,0xB69,
0xB92,0xB90,0xB62,0xB14,0xAE0,0xAAB,
0xA79,0xA63,0xA29,0xA05,0xA10,0xA04,
0xA14,0xA6C,0xAD1,0xB40,0xBBA,0xBE5,
0xB96,0xAFE,0xA88,0xA69,0xA5D,0xA54,
0xA81,0xAB3,0xAC1,0xAA5,0xA81,0xA72,
0xA65,0xA55,0xA3E,0xA1D,0x9EE,0x9D7,
0xA1C,0xAAC,0xB3F,0xBB1,0xBE3,0xBFE,
0xBE9,0xB96,0xB61,0xB43,0xB14,0xB05,
0xB12,0xB1F,0xB13,0xB04,0xB14,0xB05,
0xAF1,0xB1D,0xB6F,0xB98,0xB7F,0xB36,
0xAC9,0xA5B,0xA1D,0xA21,0xA5E,0xA8D,
0xAA0,0xACD,0xB0B,0xB54,0xBA6,0xBD4,
0xBCF,0xBC3,0xBA0,0xB5A,0xAFC,0xAA6,
0xA6F,0xA6F,0xA97,0xAD7,0xB2B,0xB9E,
0xC2D,0xC88,0xC9F,0xC89,0xC28,0xBA5,
0xB35,0xAB6,0xA74,0xA81,0xABA,0xB14,
0xB64,0xB9F,0xBDE,0xC12,0xC30,0xC25,
0xBDF,0xB83,0xB1C,0xAA9,0xA84,0xABA,
0xB11,0xB7A,0xBC3,0xBC3,0xB96,0xB8D,
0xB8B,0xBA2,0xBDF,0xBD7,0xB8E,0xB1B,
0xA92,0xA56,0xA6F,0xAB1,0xAF7,0xAF9,
0xB02,0xB47,0xB7A,0xBAE,0xBEA,0xC02,
0xC19,0xC02,0xBCD,0xBA1,0xB5A,0xB1D,
0xAFB,0xB06,0xB40,0xB84,0xB99,0xB5E,
0xAF9,0xAA1,0xA72,0xA8E,0xAB5,0xAC1,
0xAC3,0xAD4,0xB1B,0xB6F,0xB98,0xB8C,
0xB7F,0xB73,0xB5F,0xB68,0xB43,0xADA,
0xAA6,0xAA1,0xACB,0xAFC,0xAE2,0xAAD,
0xA69,0xA16,0xA01,0xA3B,0xAB2,0xB5C,
0xBF3,0xC59,0xC78,0xC55,0xC1D,0xBF3,
0xBB9,0xB3F,0xAB1,0xA29,0x9CE,0x9E9,
0xA31,0xA97,0xAFB,0xB0C,0xB30,0xB5F,
0xB49,0xB0D,0xACC,0xA8C,0xA31,0x9DD,
0x9DF,0xA2E,0xA8B,0xAC2,0xAD2,0xAE1,
0xB13,0xB68,0xB8F,0xB64,0xB1F,0xADD,
0xAB8,0xAB1,0xA80,0xA54,0xA44,0xA2B,
0xA39,0xA55,0xA56,0xA8E,0xAF9,0xB49,
0xB99,0xBE6,0xBDE,0xB76,0xADE,0xA69,
0xA4D,0xA3A,0xA2E,0xA4A,0xA7A,0xA90,
0xA70,0xA4D,0xA44,0xA42,0xA47,0xA26,
0x9EA,0x9AB,0x9A3,0xA1F,0xACF,0xB6B,
0xBDA,0xC07,0xC1E,0xBF9,0xB9B,0xB6C,
0xB46,0xB0B,0xAFE,0xAF7,0xADB,0xACA,
0xAD8,0xAF9,0xB0A,0xB1D,0xB58,0xB95,
0xB87,0xB42,0xAE6,0xA76,0xA2B,0x9FE,
0x9F7,0xA25,0xA3A,0xA48,0xA70,0xAA2,
0xAF8,0xB54,0xB97,0xBC1,0xBD3,0xBBB,
0xB71,0xB00,0xA8D,0xA4A,0xA60,0xAAF,
0xB0E,0xB73,0xBF1,0xC6C,0xCA0,0xC9F,
0xC7E,0xC1B,0xBB2,0xB36,0xAA7,0xA6A,
0xA7F,0xABE,0xAFC,0xB36,0xB7F,0xBCA,
0xC08,0xC33,0xC22,0xBD6,0xB77,0xAFF,
0xA8D,0xA89,0xAE2,0xB48,0xBAD,0xBE2,
0xBBB,0xB7C,0xB66,0xB5F,0xB80,0xBB6,
0xBB2,0xB7D,0xB2F,0xAE5,0xAE7,0xB2E,
0xB8E,0xBC9,0xBB2,0xB96,0xB90,0xB79,
0xB7A,0xB90,0xBB4,0xBD9,0xBCB,0xBBE,
0xBB1,0xB8A,0xB5E,0xB37,0xB2B,0xB43,
0xB65,0xB66,0xB1B,0xABF,0xA89,0xA8A,
0xACA,0xAEC,0xAD8,0xAC8,0xAE9,0xB33,
0xB76,0xB91,0xB96,0xBAB,0xBB3,0xBA8,
0xBA9,0xB5A,0xAC8,0xA6C,0xA63,0xABE,
0xB22,0xB35,0xB1F,0xAD0,0xA68,0xA44,
0xA54,0xAA1,0xB34,0xBB7,0xC0F,0xC36,
0xC33,0xC2A,0xC18,0xBD6,0xB4A,0xAA8,
0xA14,0x9BB,0x9CF,0x9FD,0xA4C,0xAA9,
0xAD7,0xB32,0xB8D,0xB8A,0xB5B,0xB29,
0xADF,0xA71,0xA1B,0xA23,0xA5C,0xA8F,
0xAB5,0xAB9,0xACA,0xB1C,0xB7C,0xBAA,
0xB95,0xB5D,0xB14,0xAD7,0xAB0,0xA6E,
0xA42,0xA2F,0xA1F,0xA3C,0xA54,0xA51,
0xA7E,0xAB9,0xAEF,0xB4F,0xBAC,0xBAF,
0xB55,0xACE,0xA6E,0xA52,0xA52,0xA74,
0xA9F,0xAAF,0xA9A,0xA53,0xA1F,0xA1F,
0xA2E,0xA27,0xA08,0x9DE,0x9C2,0x9FA,
0xA97,0xB47,0xBDC,0xC2A,0xC39,0xC2E,
0xBE7,0xB87,0xB53,0xB19,0xAE1,0xAE0,
0xADE,0xACC,0xACD,0xAF9,0xB1D,0xB1B,
0xB33,0xB6D,0xB86,0xB5B,0xB04,0xA9A,
0xA4D,0xA1A,0xA01,0xA39,0xA87,0xA9E,
0xAAD,0xABE,0xAE1,0xB32,0xB8A,0xBC2,
0xBE2,0xBE1,0xBB7,0xB69,0xAF8,0xA8E,
0xA52,0xA50,0xA8C,0xAF9,0xB7F,0xC1B,
0xC9C,0xCBE,0xCA4,0xC6A,0xBF9,0xB72,
0xADC,0xA70,0xA5D,0xA82,0xAD0,0xB25,
0xB70,0xBB8,0xBF0,0xC06,0xC03,0xBE2,
0xB8E,0xB19,0xAA2,0xA5E,0xA91,0xAF1,
0xB50,0xBBD,0xBD9,0xB87,0xB42,0xB3C,
0xB58,0xBA3,0xBE1,0xBBD,0xB49,0xAD7,
0xA96,0xA9D,0xADC,0xB2F,0xB57,0xB57,
0xB6C,0xB94,0xBA1,0xBB0,0xBD0,0xBE7,
0xBF6,0xBF5,0xBDC,0xB9E,0xB57,0xB1B,
0xB01,0xB19,0xB59,0xB84,0xB65,0xAED,
0xA78,0xA4C,0xA52,0xA8D,0xAB7,0xAB8,
0xAC3,0xAF1,0xB2B,0xB6A,0xB90,0xB93,
0xB90,0xB68,0xB42,0xB41,0xAF5,0xA8A,
0xA6B,0xA95,0xAF3,0xB33,0xB2C,0xAF1,
0xA8D,0xA36,0xA26,0xA40,0xAA0,0xB42,
0xBC3,0xC06,0xC1B,0xC24,0xC36,0xC26,
0xBCC,0xB38,0xA91,0x9F6,0x9B3,0x9E5,
0xA31,0xAA5,0xB02,0xB13,0xB39,0xB60,
0xB3D,0xB03,0xADF,0xAAD,0xA67,0xA4A,
0xA76,0xA97,0xAA7,0xAA5,0xA9C,0xAC2,
0xB1C,0xB69,0xB91,0xB7E,0xB44,0xAFF,
0xAD2,0xAC1,0xA90,0xA6D,0xA5B,0xA42,
0xA45,0xA3F,0xA32,0xA75,0xACE,0xB28,
0xB9B,0xBEA,0xBD4,0xB5F,0xAD6,0xA7F,
0xA47,0xA34,0xA60,0xA8C,0xA9F,0xA7A,
0xA49,0xA43,0xA60,0xA80,0xA86,0xA6C,
0xA29,0x9E9,0xA0A,0xA88,0xB24,0xB9E,
0xBCC,0xBF0,0xBFB,0xBCA,0xBA0,0xB89,
0xB5D,0xB42,0xB34,0xB14,0xAD6,0xAB5,
0xAD3,0xAD9,0xADE,0xB10,0xB51,0xB6A,
0xB44,0xAE0,0xA7F,0xA44,0xA18,0xA13,
0xA4B,0xA7B,0xA8C,0xA9F,0xABA,0xAFB,
0xB56,0xBA8,0xBD4,0xBD5,0xBB6,0xB76,
0xB13,0xAA5,0xA55,0xA47,0xA74,0xAC8,
0xB2F,0xBAA,0xC3D,0xCA7,0xCBF,0xCA6,
0xC57,0xBCD,0xB3C,0xAAE,0xA4C,0xA2E,
0xA50,0xAA5,0xB12,0xB7F,0xBDA,0xC12,
0xC1D,0xC15,0xBF4,0xBA7,0xB3C,0xAD3,
0xAA4,0xAD8,0xB1A,0xB72,0xBD4,0xBE0,
0xBA2,0xB7D,0xB8A,0xBB4,0xBED,0xBE9,
0xB86,0xAFF,0xA9B,0xA7E,0xAB6,0xB18,
0xB75,0xB93,0xB8D,0xBA1,0xBB9,0xBC3,
0xBDD,0xBEC,0xBDF,0xBCC,0xBA9,0xB7D,
0xB4D,0xB2D,0xB1D,0xB37,0xB79,0xBB2,
0xBB0,0xB54,0xABE,0xA54,0xA2E,0xA53,
0xAA6,0xACB,0xAD6,0xAF6,0xB34,0xB79,
0xBB0,0xBAF,0xB98,0xB7E,0xB4C,0xB3F,
0xB30,0xAD6,0xA93,0xA9B,0xAE1,0xB40,
0xB60,0xB4C,0xAFA,0xA7D,0xA2D,0xA21,
0xA4A,0xAC5,0xB5C,0xBD7,0xC27,0xC44,
0xC58,0xC64,0xC32,0xBB0,0xB16,0xA79,
0x9E1,0x9B0,0x9DC,0xA1E,0xA81,0xABF,
0xAE9,0xB20,0xB2D,0xB10,0xAF8,0xADF,
0xAB0,0xA75,0xA6C,0xA9C,0xAC2,0xADD,
0xADB,0xACB,0xADE,0xB1C,0xB4D,0xB5E,
0xB56,0xB2C,0xAE1,0xAB3,0xA88,0xA4A,
0xA2F,0xA18,0xA18,0xA44,0xA50,0xA69,
0xAC5,0xB13,0xB75,0xBDD,0xBFD,0xBAF,
0xAFA,0xA57,0xA03,0x9D7,0x9E0,0xA15,
0xA55,0xA82,0xA78,0xA5F,0xA58,0xA71,
0xA8A,0xA86,0xA56,0xA07,0x9D0,0xA04,
0xA8C,0xB13,0xB6B,0xB8D,0xBBA,0xBBD,
0xB81,0xB64,0xB53,0xB2B,0xB2A,0xB2D,
0xB0A,0xAC1,0xAA1,0xAA6,0xA91,0xA91,
0xAD3,0xB21,0xB44,0xB47,0xB12,0xACA,
0xA8E,0xA58,0xA4C,0xA6F,0xA7D,0xA7B,
0xA89,0xAB3,0xB0C,0xB6F,0xBB2,0xBD7,
0xBED,0xBD9,0xB84,0xB07,0xA91,0xA34,
0xA28,0xA6D,0xAD3,0xB41,0xBCD,0xC6D,
0xCC1,0xCCB,0xC9B,0xC20,0xB8D,0xB04,
0xA89,0xA4B,0xA4E,0xA84,0xADD,0xB41,
0xBA6,0xC01,0xC2D,0xC34,0xC21,0xBEC,
0xB97,0xB30,0xAD7,0xAD0,0xB1B,0xB6E,
0xBD6,0xC10,0xBE9,0xBB1,0xB9D,0xBB4,
0xBF2,0xC1C,0xBE5,0xB5E,0xAD7,0xA88,
0xA8E,0xAD6,0xB2C,0xB76,0xB7A,0xB78,
0xBAD,0xBD5,0xBF4,0xC20,0xC2D,0xC25,
0xC08,0xBE1,0xBB6,0xB78,0xB3D,0xB30,
0xB4D,0xB81,0xBBA,0xBA9,0xB53,0xAE5,
0xA8E,0xA8B,0xAC7,0xB0F,0xB32,0xB25,
0xB33,0xB4C,0xB77,0xBA0,0xB84,0xB6F,
0xB4A,0xB1B,0xB22,0xB01,0xAA8,0xA97,
0xACA,0xB20,0xB81,0xB9B,0xB6D,0xAFD,
0xA70,0xA36,0xA30,0xA5F,0xACF,0xB40,
0xBAC,0xBF3,0xC26,0xC46,0xC60,0xC56,
0xBDD,0xB51,0xAA3,0xA05,0x9E6,0x9E1,
0xA0A,0xA4F,0xA6F,0xAAE,0xAEE,0xB1A,
0xB1D,0xB12,0xAFD,0xAB1,0xA69,0xA60,
0xA66,0xA6A,0xA68,0xA58,0xA5E,0xAA1,
0xB10,0xB63,0xB7E,0xB7F,0xB4C,0xAE8,
0xAB6,0xA80,0xA53,0xA45,0xA19,0xA1A,
0xA34,0xA2F,0xA63,0xABD,0xB0F,0xB75,
0xBD7,0xBEE,0xB85,0xAE1,0xA5A,0xA17,
0x9ED,0x9DD,0x9FC,0xA23,0xA3A,0xA2C,
0xA0F,0xA0E,0xA31,0xA6A,0xA7E,0xA54,
0xA10,0x9ED,0xA35,0xAB0,0xB20,0xB5F,
0xB79,0xB91,0xB77,0xB3E,0xB28,0xB29,
0xB14,0xB16,0xB2B,0xB10,0xADF,0xADE,
0xAE4,0xAD7,0xAD4,0xB14,0xB51,0xB52,
0xB30,0xAD0,0xA69,0xA1D,0x9F1,0xA16,
0xA4E,0xA57,0xA6B,0xA82,0xAB4,0xB1F,
0xB88,0xBC3,0xBE3,0xBEC,0xBD7,0xB92,
0xB30,0xADB,0xA83,0xA54,0xA7E,0xADA,
0xB3D,0xBC2,0xC50,0xC8F,0xC96,0xC72,
0xBFE,0xB8D,0xB12,0xA89,0xA49,0xA43,
0xA79,0xAE2,0xB5C,0xBD7,0xC30,0xC4F,
0xC43,0xC21,0xBD9,0xB74,0xB06,0xAA0,
0xA98,0xADB,0xB2A,0xBAA,0xC06,0xC10,
0xC10,0xC17,0xC25,0xC3A,0xC37,0xBDC,
0xB3C,0xAB3,0xA68,0xA7D,0xAC6,0xB16,
0xB5E,0xB56,0xB64,0xBB3,0xBEB,0xC1A,
0xC27,0xC2A,0xC35,0xC27,0xC0C,0xBD0,
0xB6B,0xB05,0xAF4,0xB17,0xB50,0xB9F,
0xB97,0xB56,0xAF3,0xA95,0xA97,0xABA,
0xAEC,0xAFC,0xAF1,0xB08,0xB2C,0xB7B,
0xBAC,0xBA7,0xBB3,0xB92,0xB5D,0xB55,
0xB13,0xAA2,0xA88,0xAB0,0xAF4,0xB4E,
0xB54,0xB29,0xAC9,0xA5A,0xA65,0xA8F,
0xAD0,0xB37,0xB87,0xBC0,0xBE2,0xBFE,
0xC16,0xC35,0xC15,0xB89,0xAF0,0xA33,
0x9BE,0x9BC,0x9D0,0xA32,0xA8E,0xAC1,
0xAFD,0xB2F,0xB45,0xB30,0xB2C,0xB1C,
0xABB,0xA5F,0xA42,0xA4C,0xA5D,0xA6C,
0xA71,0xA8C,0xAD9,0xB2E,0xB65,0xB63,
0xB4C,0xB13,0xACE,0xAAE,0xA72,0xA3B,
0xA18,0x9F3,0xA05,0xA16,0xA1A,0xA57,
0xAAD,0xB05,0xB75,0xBE4,0xBDF,0xB65,
0xADC,0xA7B,0xA4A,0xA23,0xA0D,0xA0C,
0xA0A,0xA0A,0x9FA,0x9EF,0xA16,0xA4D,
0xA74,0xA76,0xA51,0xA12,0xA03,0xA57,
0xAE0,0xB5C,0xBA0,0xBBE,0xBC2,0xB93,
0xB5F,0xB52,0xB40,0xB15,0xAFA,0xAEF,
0xACD,0xABA,0xACE,0xAD0,0xAB4,0xAC5,
0xB1C,0xB6E,0xB8B,0xB64,0xB0B,0xAAB,
0xA60,0xA42,0xA61,0xA78,0xA71,0xA73,
0xA7C,0xAA4,0xB04,0xB69,0xBB6,0xBDD,
0xBE5,0xBD0,0xB7D,0xB18,0xAC2,0xA79,
0xA79,0xAC5,0xB1E,0xB83,0xC07,0xC72,
0xC8C,0xC82,0xC43,0xBCA,0xB5A,0xAE2,
0xA71,0xA50,0xA77,0xAC6,0xB2E,0xB8B,
0xBD4,0xC06,0xC1A,0xC19,0xBFC,0xBAD,
0xB3D,0xAC1,0xA7B,0xAA4,0xAFC,0xB5C,
0xBC5,0xBF2,0xBDA,0xBCF,0xBEB,0xC10,
0xC2A,0xC17,0xBA8,0xB0B,0xA83,0xA35,
0xA4D,0xA95,0xAEF,0xB3B,0xB53,0xB89,
0xBD2,0xBFC,0xC19,0xC18,0xC17,0xC05,
0xBE0,0xBBD,0xB7E,0xB33,0xAF8,0xAF3,
0xB10,0xB4D,0xB8C,0xB77,0xB24,0xAAC,
0xA5A,0xA72,0xAB4,0xAF0,0xAFE,0xAFF,
0xB19,0xB46,0xB77,0xB70,0xB56,0xB5E,
0xB46,0xB29,0xB2F,0xAEE,0xA9E,0xAB2,
0xAEB,0xB34,0xB64,0xB4D,0xB1F,0xAB6,
0xA62,0xA6C,0xA7D,0xABA,0xB1F,0xB79,
0xBC0,0xBFA,0xC1B,0xC31,0xC4B,0xC01,
0xB64,0xAAF,0x9EB,0x99B,0x9A1,0x9CA,
0xA3E,0xA91,0xABA,0xB02,0xB42,0xB54,
0xB55,0xB58,0xB20,0xA9F,0xA3B,0xA3C,
0xA57,0xA6B,0xA71,0xA5C,0xA6D,0xAC5,
0xB21,0xB51,0xB55,0xB42,0xB13,0xAF9,
0xAF1,0xACC,0xAA4,0xA61,0xA39,0xA4B,
0xA53,0xA5F,0xAA2,0xAED,0xB29,0xB83,
0xBC9,0xB9E,0xB29,0xAB8,0xA6A,0xA3E,
0xA2A,0xA3E,0xA52,0xA63,0xA58,0xA2D,
0xA20,0xA59,0xA90,0xA89,0xA65,0xA26,
0x9EE,0xA00,0xA66,0xAEB,0xB56,0xB98,
0xBD9,0xBE6,0xBA4,0xB67,0xB52,0xB32,
0xB1B,0xB11,0xAF5,0xAC8,0xAAE,0xACD,
0xAE1,0xAD2,0xAF3,0xB52,0xB90,0xB92,
0xB5C,0xAF2,0xA8D,0xA5B,0xA51,0xA6D,
0xA76,0xA71,0xA82,0xAA9,0xB02,0xB74,
0xBD3,0xC0D,0xC2C,0xC26,0xBE7,0xB80,
0xB16,0xAB0,0xA82,0xAA2,0xAE1,0xB28,
0xB9D,0xC2D,0xC7D,0xC8A,0xC74,0xC2A,
0xBC1,0xB73,0xB05,0xA88,0xA6F,0xAAA,
0xAF4,0xB51,0xB9C,0xBE1,0xC24,0xC2D,
0xC17,0xBF2,0xB9D,0xB0F,0xA8D,0xA67,
0xAA5,0xB0D,0xB99,0xC17,0xC3F,0xC20,
0xC1B,0xC24,0xC16,0xC13,0xBD9,0xB45,
0xAC0,0xA59,0xA24,0xA5A,0xAAC,0xB0D,
0xB4C,0xB68,0xBA3,0xBE0,0xBFC,0xC0C,
0xC1A,0xC1E,0xC0F,0xBFC,0xBC5,0xB75,
0xB2C,0xAE1,0xADC,0xB0C,0xB48,0xB6C,
0xB55,0xB06,0xAB9,0xAA1,0xAD5,0xB13,
0xB1B,0xB00,0xAFC,0xB22,0xB4D,0xB66,
0xB51,0xB45,0xB50,0xB43,0xB3F,0xB3F,
0xAED,0xABA,0xAC5,0xAE4,0xB26,0xB4E,
0xB3E,0xAF4,0xA7E,0xA3E,0xA3A,0xA5B,
0xAC3,0xB3C,0xB9E,0xBE9,0xC26,0xC3F,
0xC54,0xC4F,0xBDA,0xB34,0xA76,0x9BE,
0x980,0x998,0x9D3,0xA44,0xA8A,0xAC2,
0xB17,0xB4F,0xB49,0xB3E,0xB24,0xACA,
0xA4E,0xA1B,0xA36,0xA4F,0xA5E,0xA5C,
0xA61,0xA8E,0xAF9,0xB4D,0xB62,0xB52,
0xB2A,0xAEE,0xACB,0xAA4,0xA7B,0xA5B,
0xA2E,0xA2C,0xA46,0xA38,0xA35,0xA76,
0xAB5,0xB0B,0xB83,0xBCC,0xB98,0xB1C,
0xAB7,0xA7B,0xA4C,0xA32,0xA3C,0xA4D,
0xA4F,0xA24,0x9F5,0x9F9,0xA38,0xA6A,
0xA80,0xA74,0xA40,0xA1A,0xA40,0xAA7,
0xB1F,0xB80,0xBB9,0xBDC,0xBC3,0xB83,
0xB5E,0xB53,0xB39,0xB29,0xB1C,0xAF8,
0xABE,0xAA3,0xABA,0xAB8,0xAB8,0xB08,
0xB7F,0xBAE,0xBAF,0xB70,0xAEC,0xA83,
0xA52,0xA3D,0xA51,0xA59,0xA6B,0xA95,
0xABB,0xB0D,0xB7A,0xBC9,0xBF1,0xC0F,
0xC0F,0xBD3,0xB69,0xB07,0xAC4,0xAAE,
0xACD,0xB0D,0xB51,0xBBB,0xC36,0xC7D,
0xC7D,0xC42,0xBE3,0xB8F,0xB3C,0xACF,
0xA92,0xAA7,0xADC,0xB18,0xB61,0xB94,
0xBCC,0xC09,0xC17,0xC07,0xBE2,0xB82,
0xB03,0xA99,0xA82,0xACE,0xB45,0xBC7,
0xC20,0xC27,0xC06,0xC10,0xC14,0xC1B,
0xC23,0xBC9,0xB31,0xAB5,0xA3E,0xA20,
0xA69,0xAD5,0xB49,0xB6D,0xB77,0xB98,
0xBAB,0xBCA,0xBFE,0xC23,0xC37,0xC1F,
0xBEE,0xB98,0xB3E,0xB01,0xAD4,0xAE0,
0xB14,0xB56,0xB7B,0xB47,0xAF2,0xAC0,
0xAAF,0xAF2,0xB32,0xB2D,0xB0F,0xB0E,
0xB2A,0xB3F,0xB52,0xB4E,0xB4F,0xB4F,
0xB2D,0xB22,0xB0C,0xAAC,0xA90,0xAAA,
0xAE1,0xB34,0xB4C,0xB3A,0xAFF,0xA86,
0xA54,0xA69,0xA8F,0xAE8,0xB3C,0xB8C,
0xBD2,0xBF9,0xC19,0xC4B,0xC2F,0xBB9,
0xB21,0xA63,0x9BF,0x992,0x99E,0x9E3,
0xA47,0xA7D,0xACB,0xB26,0xB4C,0xB29,
0xB06,0xAE4,0xA8D,0xA2E,0xA13,0xA27,
0xA4B,0xA57,0xA46,0xA49,0xA87,0xB04,
0xB54,0xB5F,0xB5A,0xB2B,0xAE3,0xAB8,
0xA75,0xA44,0xA21,0x9EC,0x9F3,0xA1A,
0xA24,0xA5E,0xACE,0xB27,0xB8D,0xBF6,
0xC06,0xB9E,0xB07,0xA86,0xA3F,0xA04,
0x9FD,0xA1B,0xA2B,0xA3A,0xA31,0xA23,
0xA38,0xA65,0xA7A,0xA76,0xA44,0xA0C,
0xA0D,0xA5B,0xAD5,0xB5B,0xBBB,0xBF1,
0xC06,0xBE3,0xBAE,0xB89,0xB74,0xB5A,
0xB44,0xB2A,0xB01,0xAC1,0xABE,0xACB,
0xAC3,0xAD6,0xB21,0xB82,0xBA9,0xB8E,
0xB3B,0xAD3,0xA87,0xA52,0xA52,0xA92,
0xA9A,0xA9A,0xAB8,0xAE4,0xB3D,0xBA9,
0xBE8,0xC04,0xC0C,0xBF9,0xBB3,0xB56,
0xB0C,0xACE,0xABE,0xAE9,0xB23,0xB5A,
0xBC1,0xC29,0xC4E,0xC2C,0xBEB,0xB90,
0xB3F,0xAD6,0xA65,0xA52,0xA86,0xADA,
0xB3E,0xB84,0xBB3,0xBEA,0xBF5,0xBE0,
0xBB4,0xB65,0xB0A,0xA96,0xA43,0xA61,
0xAB3,0xB2E,0xBC1,0xC18,0xC10,0xBE7,
0xBD9,0xBC4,0xBBB,0xBBA,0xB7A,0xB05,
0xA92,0xA3D,0xA54,0xAAD,0xB1C,0xB6F,
0xB6A,0xB75,0xB99,0xBA1,0xBCC,0xBFB,
0xC23,0xC40,0xC12,0xBDA,0xBA1,0xB52,
0xB1D,0xB07,0xB11,0xB48,0xB85,0xB7C,
0xB2D,0xAD4,0xA97,0xA9F,0xAF3,0xB32,
0xB34,0xB23,0xB40,0xB71,0xB8C,0xB8C,
0xB69,0xB52,0xB38,0xB11,0xB19,0xAFA,
0xAA9,0xA9E,0xAC7,0xB1D,0xB68,0xB6E,
0xB5B,0xB11,0xAA6,0xA78,0xA6D,0xAA0,
0xB0A,0xB7D,0xBE3,0xC0A,0xC1E,0xC44,
0xC55,0xC2B,0xBD3,0xB41,0xA7B,0x9EF,
0x9D3,0x9DB,0xA17,0xA66,0xAA6,0xB00,
0xB4C,0xB68,0xB63,0xB5A,0xB31,0xACC,
0xA6D,0xA59,0xA62,0xA80,0xA80,0xA63,
0xA7B,0xAD5,0xB47,0xB8B,0xB99,0xB86,
0xB4E,0xB0E,0xAE1,0xA89,0xA4B,0xA39,
0xA1A,0xA2C,0xA4F,0xA36,0xA60,0xAC6,
0xB17,0xB79,0xBC5,0xBBC,0xB66,0xAEE,
0xA91,0xA58,0xA19,0xA14,0xA1C,0xA1E,
0xA19,0xA06,0xA0F,0xA33,0xA53,0xA59,
0xA47,0xA16,0x9C7,0x9C0,0xA35,0xAC1,
0xB55,0xBBC,0xBEA,0xBF2,0xBBB,0xB77,
0xB5D,0xB2B,0xB07,0xAE5,0xA9D,0xA67,
0xA59,0xA81,0xAA8,0xAC3,0xB05,0xB72,
0xBBC,0xBB8,0xB6C,0xAF8,0xA85,0xA46,
0xA2A,0xA4A,0xA8D,0xA9D,0xAAA,0xABB,
0xADB,0xB2F,0xB9F,0xBD3,0xBF4,0xC19,
0xBFA,0xBA1,0xB4B,0xB05,0xADD,0xACD,
0xAD8,0xB0B,0xB3C,0xB91,0xBF7,0xC27,
0xC40,0xC2A,0xBE3,0xBA9,0xB2A,0xAA9,
0xA83,0xA97,0xAF4,0xB55,0xB93,0xBEA,
0xC20,0xC0E,0xBEF,0xBBD,0xB66,0xB00,
0xA8F,0xA52,0xA81,0xAE9,0xB64,0xBD9,
0xC14,0xC00,0xBE2,0xBE2,0xBE4,0xBF9,
0xBF0,0xB9A,0xB24,0xAAB,0xA61,0xA65,
0xAA8,0xAF8,0xB12,0xB11,0xB3E,0xB69,
0xB86,0xBB4,0xBE1,0xC0F,0xC10,0xBD8,
0xB8C,0xB3D,0xAF6,0xAB9,0xAA8,0xADD,
0xB32,0xB79,0xB7D,0xB2C,0xAC6,0xA89,
0xAA4,0xAE9,0xB07,0xAFD,0xAF6,0xB0E,
0xB33,0xB4E,0xB4B,0xB42,0xB50,0xB36,
0xB27,0xB31,0xADB,0xA81,0xA95,0xACB,
0xB20,0xB5C,0xB4E,0xB3D,0xAF1,0xA96,
0xAAC,0xAC4,0xB01,0xB86,0xBE3,0xC2E,
0xC4A,0xC3B,0xC4A,0xC31,0xBC0,0xB1F,
0xA56,0x9B5,0x95D,0x950,0x9C0,0xA5D,
0xACA,0xB2D,0xB7B,0xB9F,0xB82,0xB31,
0xADF,0xA5F,0x9DD,0x9BC,0xA0E,0xA8E,
0xB05,0xB61,0xB94,0xB8F,0xBA2,0xBB8,
0xB7B,0xB13,0xAB8,0xA6B,0xA36,0xA06,
0x9BB,0x981,0x94E,0x93D,0x97E,0x9E4,
0xA52,0xAE6,0xB6B,0xBD9,0xC45,0xC70,
0xC30,0xBAB,0xAEC,0xA3D,0x9D6,0x98F,
0x990,0x9D0,0xA3A,0xAA1,0xAE9,0xB13,
0xAF9,0xA97,0xA1A,0x97A,0x90E,0x915,
0x98E,0xA64,0xB46,0xBEE,0xC45,0xC5A,
0xC24,0xBB1,0xB55,0xB5C,0xB6C,0xB85,
0xBA9,0xB9E,0xB79,0xB46,0xAF3,0xAA5,
0xA7C,0xA89,0xB04,0xB8A,0xBB4,0xBA2,
0xB52,0xAD3,0xA52,0x9BB,0x957,0x91F,
0x908,0x955,0x9F7,0xAFC,0xC35,0xD25,
0xD9C,0xD99,0xD39,0xC7A,0xBAC,0xB17,
0xA85,0xA30,0xA46,0xA91,0xAF2,0xB63,
0xBD2,0xC3B,0xC7D,0xC80,0xC43,0xBF6,
0xB8B,0xAD0,0xA3D,0xA1E,0xA44,0xAB1,
0xB35,0xBB5,0xC23,0xC58,0xC7A,0xC84,
0xC77,0xC52,0xC0D,0xBA5,0xB21,0xAB5,
0xA88,0xA90,0xABE,0xB03,0xB63,0xBC5,
0xC24,0xC7D,0xC97,0xC65,0xBE6,0xB1C,
0xA53,0x9D2,0x9AD,0x9F3,0xA63,0xADA,
0xB83,0xC56,0xCDF,0xCF5,0xCD6,0xC94,
0xC3A,0xBD2,0xB5C,0xADC,0xA41,0x9CD,
0x9C5,0xA00,0xA7B,0xB3A,0xBC7,0xBD3,
0xBA4,0xB3C,0xADE,0xACE,0xAD0,0xABB,
0xA64,0x9E4,0x9A0,0x9AA,0x9E6,0xA59,
0xAF2,0xB87,0xBF1,0xC3D,0xC23,0xB91,
0xB15,0xAC4,0xA62,0xA2B,0xA07,0x9DA,
0x9E8,0xA35,0xAC0,0xB6C,0xC25,0xCE9,
0xD51,0xD3D,0xCC1,0xBE2,0xAE9,0xA16,
0x97D,0x934,0x948,0x98F,0xA0D,0xAE2,
0xB8E,0xBE2,0xBEE,0xB6B,0xACD,0xA70,
0xA4B,0xA5C,0xA9E,0xAD2,0xAD2,0xAEB,
0xB3E,0xB97,0xBD7,0xC0F,0xC27,0xC09,
0xBC5,0xB93,0xB54,0xB04,0xADA,0xABA,
0xA8B,0xA7A,0xA8D,0xAD6,0xB2D,0xB47,
0xB7C,0xBB8,0xBB3,0xBA5,0xB71,0xAD3,
0xA24,0x9D0,0x9CE,0x9EB,0xA4F,0xACA,
0xB0B,0xB32,0xB2F,0xAE7,0xA9F,0xA6A,
0xA25,0x9FA,0x9EF,0x9F7,0xA18,0xA57,
0xAB0,0xAEE,0xB06,0xB62,0xBAD,0xB8C,
0xB21,0xA90,0xA3B,0xA1E,0xA2A,0xA8D,
0xB0A,0xB6A,0xBB3,0xBA1,0xB3F,0xACD,
0xA78,0xA43,0xA3A,0xA7B,0xADF,0xB54,
0xB7E,0xB29,0xAC0,0xA4B,0xA05,0xA21,
0xA2D,0xA2C,0xA17,0xA25,0xA88,0xAD3,
0xB24,0xBA5,0xBE7,0xC0A,0xC30,0xC1B,
0xBF3,0xBB2,0xB39,0xAD0,0xA77,0xA34,
0xA48,0xAB4,0xB3A,0xBAD,0xBE3,0xBE1,
0xBEB,0xC0B,0xC18,0xBCA,0xB2D,0xA9C,
0xA29,0xA0B,0xA70,0xACE,0xB11,0xB89,
0xBF5,0xC25,0xC38,0xBF6,0xB6F,0xB13,
0xABE,0xA60,0xA53,0xAAC,0xB3C,0xBD5,
0xC3E,0xC6D,0xC44,0xBF4,0xBC2,0xB5F,
0xAC1,0xA35,0x9C7,0x9BE,0xA2F,0xAA3,
0xB30,0xBE3,0xC54,0xC85,0xCA7,0xC97,
0xC59,0xBF3,0xB83,0xB3C,0xAFB,0xACA,
0xAD2,0xAE9,0xAFD,0xAFB,0xAEF,0xB07,
0xB45,0xB60,0xAFB,0xA83,0xA65,0xA45,
0xA33,0xA7D,0xAB5,0xAC5,0xAC7,0xAFE,
0xBB5,0xC55,0xC85,0xC72,0xC0B,0xB7D,
0xAF2,0xA52,0xA0A,0xA1D,0xA49,0xAA2,
0xB19,0xB73,0xB96,0xB99,0xB84,0xB64,
0xB26,0xACF,0xAA7,0xAB9,0xAC7,0xB1A,
0xB87,0xBE5,0xC71,0xCAB,0xC6C,0xC25,
0xBC9,0xB71,0xB30,0xB00,0xB23,0xB1D,
0xAC5,0xAAA,0xAC9,0xB13,0xB71,0xBA6,
0xB94,0xB34,0xAF9,0xAFB,0xB19,0xB6F,
0xB82,0xB40,0xB1F,0xB02,0xB15,0xB36,
0xB0F,0xB19,0xB48,0xB57,0xB6F,0xB84,
0xB86,0xB59,0xB19,0xB0B,0xB0D,0xB1D,
0xB50,0xB84,0xBBA,0xBF9,0xC2D,0xC3B,
0xC1E,0xBCA,0xB33,0xA89,0x9F4,0x995,
0x99F,0x9D8,0xA07,0xA4F,0xA88,0xA98,
0xA9C,0xA84,0xA39,0x9D0,0x97A,0x98B,
0x9F2,0xA6E,0xAEB,0xB4C,0xBB3,0xC08,
0xC01,0xBFB,0xC2A,0xC43,0xC2E,0xBD9,
0xB60,0xAD7,0xA46,0x9EB,0x9A5,0x96F,
0x979,0x9A0,0x9CE,0x9C9,0x978,0x934,
0x930,0x988,0xA11,0xA6F,0xA84,0xA78,
0xA9A,0xACB,0xAE3,0xB36,0xB92,0xBB6,
0xBE9,0xC1D,0xC1C,0xBE1,0xB75,0xAF7,
0xAA6,0xA79,0xA48,0xA78,0xB03,0xB60,
0xB8F,0xB8C,0xB4D,0xAF5,0xA9C,0xA8A,
0xA81,0xA58,0xA5A,0xA69,0xAD1,0xB7D,
0xBB8,0xBD5,0xC03,0xBBC,0xB5C,0xB16,
0xABC,0xA93,0xAAA,0xAB7,0xADD,0xB39,
0xB88,0xBCA,0xC02,0xC04,0xBBA,0xB43,
0xADB,0xA8E,0xA3C,0x9E1,0x9A6,0x9CB,
0xA69,0xB31,0xBDB,0xC61,0xC90,0xC39,
0xBB4,0xB4F,0xAE6,0xA98,0xA85,0xA91,
0xAD2,0xB38,0xB94,0xBD5,0xC03,0xC0B,
0xBBD,0xB68,0xB61,0xB66,0xB40,0xADF,
0xA7C,0xA52,0xA55,0xABA,0xB64,0xBD2,
0xBD6,0xB94,0xB77,0xB85,0xB83,0xB90,
0xB4D,0xAA1,0xA3C,0xA14,0x9F5,0xA39,
0xACE,0xB68,0xBFE,0xC61,0xC89,0xC9D,
0xC7F,0xC17,0xBB6,0xB61,0xAD8,0xA6B,
0xA47,0xA34,0xA5D,0xAE8,0xB85,0xC00,
0xC11,0xBAF,0xB31,0xAAF,0xA5C,0xA49,
0xA54,0xA90,0xAB1,0xA8B,0xA81,0xA9E,
0xAC8,0xAFF,0xB17,0xB29,0xB3E,0xB3D,
0xB46,0xB74,0xB85,0xB4D,0xB11,0xADD,
0xAD6,0xB2B,0xB53,0xB22,0xB19,0xB0D,
0xAE2,0xACE,0xAB8,0xA8E,0xA72,0xA8F,
0xACF,0xB09,0xB4B,0xB8A,0xB84,0xB5E,
0xB64,0xB8E,0xBC0,0xBDE,0xBAB,0xB3D,
0xAF0,0xAC3,0xAA7,0xAAC,0xABA,0xABE,
0xAC9,0xAF0,0xB2C,0xB57,0xB5A,0xB39,
0xAFA,0xACB,0xADE,0xB23,0xB6E,0xB85,
0xB75,0xB87,0xB86,0xB67,0xB97,0xBE4,
0xC04,0xC08,0xBE0,0xB9A,0xB2D,0xAB2,
0xA78,0xA82,0xAB5,0xAD2,0xAD9,0xAF0,
0xAC1,0xA83,0xA67,0xA2F,0xA50,0xACD,
0xB0C,0xB24,0xB28,0xB08,0xAE8,0xADE,
0xAFF,0xB26,0xB56,0xBBD,0xC2A,0xC72,
0xC7E,0xC3D,0xBCB,0xB5F,0xB07,0xAD4,
0xAE8,0xB12,0xAFB,0xAE3,0xAF0,0xB06,
0xB2A,0xB4D,0xB5E,0xB57,0xB2D,0xAF5,
0xACA,0xAD8,0xAF9,0xADE,0xADA,0xAFB,
0xAD7,0xABB,0xADE,0xADD,0xACC,0xAD8,
0xAEF,0xAFD,0xAD7,0xABD,0xAD0,0xAB8,
0xAA7,0xAC7,0xACC,0xAE2,0xAE7,0xAB6,
0xAA3,0xA98,0xAA2,0xB09,0xB62,0xB6E,
0xB50,0xAE4,0xA67,0xA38,0xA68,0xACD,
0xB51,0xBA8,0xB8B,0xB35,0xAD9,0xA76,
0xA15,0x99F,0x91E,0x906,0x96F,0xA29,
0xB02,0xB86,0xB7F,0xB48,0xB0B,0xB15,
0xB9E,0xC1B,0xC3B,0xC28,0xBFA,0xBF3,
0xC0C,0xC06,0xBE5,0xB8C,0xB1D,0xAD0,
0xA80,0xA27,0xA01,0xA1F,0xA49,0xA6A,
0xAA6,0xAD9,0xAF4,0xB02,0xAC7,0xA64,
0xA1D,0x9F1,0xA0A,0xA42,0xA7C,0xB02,
0xB82,0xBCA,0xC17,0xC0F,0xBA8,0xB66,
0xB3F,0xB39,0xB65,0xBA8,0xBC9,0xB78,
0xAFB,0xAB8,0xA92,0xAA6,0xB01,0xB34,
0xB1C,0xAF6,0xADC,0xAD6,0xB0C,0xB47,
0xB54,0xB63,0xB55,0xB18,0xAD1,0xA56,
0xA01,0xA04,0x9F6,0xA15,0xA88,0xADB,
0xB0B,0xB2B,0xB5D,0xBB5,0xBDE,0xBCF,
0xB94,0xB1F,0xACB,0xAAE,0xAA7,0xADB,
0xB06,0xAF7,0xAF8,0xB1F,0xB49,0xB6A,
0xB6A,0xB30,0xABF,0xA61,0xA3B,0xA4E,
0xA90,0xAB9,0xAD9,0xB12,0xB3E,0xB71,
0xBBA,0xBEC,0xBDD,0xB98,0xB48,0xAE4,
0xAA8,0xAE6,0xB46,0xB98,0xBE1,0xBDE,
0xB84,0xAD9,0xA3C,0xA26,0xA65,0xAAD,
0xAF9,0xB2F,0xB44,0xB2C,0xAF6,0xAE2,
0xAFD,0xB4A,0xBB1,0xBCE,0xB82,0xB14,
0xAA8,0xA65,0xA8B,0xADF,0xB3E,0xBA2,
0xBD8,0xBD7,0xBC6,0xBB0,0xB95,0xBA1,
0xBB6,0xB9C,0xB8B,0xB97,0xB83,0xB5C,
0xB4F,0xB46,0xB3A,0xB38,0xB36,0xB1F,
0xB13,0xB23,0xB14,0xB0E,0xB55,0xBB8,
0xC1B,0xC86,0xCAE,0xC7C,0xC36,0xBCD,
0xB56,0xB23,0xB41,0xB76,0xB8E,0xB8C,
0xB80,0xB75,0xB86,0xB97,0xB6D,0xB2E,
0xAEB,0xA99,0xA46,0x9F1,0x9C6,0x9F4,
0xA87,0xB48,0xBE6,0xC41,0xC2F,0xBDA,
0xBAC,0xB9E,0xB9D,0xB99,0xB70,0xB49,
0xB2B,0xB0D,0xB0D,0xB18,0xB07,0xADC,
0xAC0,0xAF6,0xB62,0xBB6,0xBD8,0xBCC,
0xB93,0xB45,0xB30,0xB69,0xB94,0xB84,
0xB7D,0xB76,0xB70,0xB5F,0xB18,0xAB2,
0xA49,0x9E0,0x9C6,0x9BE,0x9BD,0x9EE,
0xA37,0xA94,0xA3F,0x9E4,0x9F9,0xA4B,
0xADA,0xB69,0xC01,0xC70,0xCA1,0xC78,
0xC0B,0xB8F,0xAF6,0xA4C,0xA07,0xA14,
0xA47,0xAC2,0xB63,0xBE6,0xC62,0xCB5,
0xCCF,0xCD2,0xC91,0xC20,0xBAC,0xB11,
0xA71,0xA35,0xA40,0xA80,0xAC3,0xAF8,
0xB6D,0xC01,0xC6E,0xCB3,0xCB4,0xC69,
0xBC1,0xADF,0xA21,0x9BC,0x9C3,0xA0A,
0xA76,0xAF3,0xB8C,0xC43,0xCBF,0xCDF,
0xCD0,0xC89,0xC22,0xBC6,0xB4A,0xAA8,
0xA16,0x9C8,0x9E7,0xA5C,0xAFC,0xBB4,
0xC19,0xC02,0xBA9,0xB32,0xAE9,0xAE4,
0xAD4,0xA8D,0xA23,0x9BB,0x9A4,0x9EA,
0xA57,0xADA,0xB5E,0xBCF,0xC36,0xC73,
0xC21,0xB70,0xAD8,0xA51,0xA11,0xA11,
0x9F9,0xA0D,0xA6D,0xAF9,0xB9C,0xC3D,
0xCDE,0xD57,0xD7D,0xD3A,0xC96,0xBCD,
0xADF,0xA0E,0x98E,0x94A,0x95A,0x993,
0xA22,0xB01,0xB99,0xBEC,0xBDC,0xB34,
0xA80,0xA23,0xA18,0xA52,0xAA0,0xACF,
0xAD6,0xAF4,0xB3E,0xB8A,0xBCA,0xBDD,
0xBCC,0xBA8,0xB66,0xB30,0xAD5,0xA77,
0xA75,0xA79,0xA81,0xAA8,0xACF,0xB08,
0xB35,0xB58,0xB71,0xB71,0xB46,0xB0A,
0xACE,0xA5F,0xA08,0xA23,0xA61,0xAAA,
0xAFD,0xB2C,0xB1B,0xACE,0xA8B,0xA52,
0xA16,0x9FB,0x9DE,0x9D0,0x9EC,0xA0E,
0xA3D,0xA7A,0xABC,0xAE7,0xB09,0xB4E,
0xB65,0xB2A,0xACF,0xA8C,0xA71,0xA5D,
0xA93,0xB12,0xB63,0xB83,0xB7D,0xB46,
0xAF3,0xA99,0xA64,0xA4A,0xA67,0xAB3,
0xAF3,0xB41,0xB4D,0xAEE,0xA80,0xA2A,
0xA3B,0xA8E,0xAAD,0xAAC,0xA8F,0xA75,
0xA73,0xA6E,0xACB,0xB75,0xBF4,0xC5C,
0xC8E,0xC6F,0xC34,0xBC7,0xB37,0xACA,
0xA88,0xA46,0xA67,0xAF1,0xB70,0xBF2,
0xC3C,0xC51,0xC72,0xC87,0xC5E,0xBD7,
0xB13,0xA63,0x9E0,0x9CD,0xA32,0xA91,
0xB08,0xBB2,0xC2C,0xC7E,0xCA4,0xC53,
0xBB7,0xB23,0xA74,0x9D7,0x9D9,0xA49,
0xAF8,0xBC0,0xC31,0xC55,0xC42,0xC03,
0xBC8,0xB7B,0xB02,0xA55,0x9C9,0x9C8,
0xA0A,0xA7C,0xB3E,0xBE8,0xC54,0xC93,
0xCA1,0xC84,0xC2B,0xBAE,0xB4D,0xB09,
0xAE0,0xAD0,0xAD0,0xAD5,0xACB,0xABF,
0xAF2,0xB3C,0xB78,0xB8A,0xB3F,0xADE,
0xA9A,0xA4D,0xA48,0xA88,0xA7F,0xA67,
0xA6B,0xAC3,0xB93,0xC29,0xC73,0xC8B,
0xC3A,0xBC2,0xAFF,0xA1D,0x9C0,0x9CA,
0xA0F,0xAA0,0xB3C,0xBB3,0xC0A,0xC18,
0xBF6,0xBCD,0xB81,0xB03,0xAA2,0xA66,
0xA4C,0xAB2,0xB48,0xBCD,0xC65,0xCA3,
0xC83,0xC45,0xBFF,0xBC2,0xB6B,0xB3C,
0xB38,0xAFE,0xAC2,0xAA9,0xACA,0xB29,
0xB64,0xB6B,0xB2A,0xACA,0xAA9,0xAB9,
0xB17,0xB69,0xB46,0xB13,0xAF7,0xAF8,
0xB2E,0xB27,0xB19,0xB5A,0xB7C,0xB77,
0xB90,0xBA1,0xB72,0xB0F,0xAD6,0xADC,
0xAFA,0xB06,0xB19,0xB3B,0xB61,0xBB2,
0xBF2,0xC28,0xC3F,0xBC9,0xB0A,0xA44,
0x973,0x910,0x939,0x98D,0xA00,0xA5A,
0xA77,0xA84,0xA88,0xA69,0xA16,0x9B8,
0x99C,0x9C7,0xA2F,0xABE,0xB3E,0xB85,
0xBCE,0xBED,0xBBC,0xBC3,0xBE3,0xBE3,
0xBDD,0xB9F,0xB2C,0xABD,0xA55,0x9FD,
0x9CA,0x9A6,0x98A,0x99B,0x9CA,0x9CC,
0x9B0,0x990,0x98C,0x9ED,0xA64,0xA81,
0xA6D,0xA5D,0xA72,0xAAE,0xAE5,0xB28,
0xB81,0xBC6,0xC11,0xC40,0xC20,0xBDD,
0xB84,0xB1D,0xAD8,0xA9E,0xA79,0xAC8,
0xB1E,0xB38,0xB64,0xB64,0xB31,0xAFF,
0xAC3,0xA90,0xA5E,0xA40,0xA40,0xA67,
0xB0B,0xBB2,0xBF8,0xC40,0xC48,0xBD6,
0xB69,0xB0E,0xAA2,0xA6F,0xA85,0xA9C,
0xAE5,0xB54,0xB93,0xBC9,0xBF9,0xBDD,
0xB8C,0xB22,0xAC3,0xA8D,0xA36,0x9D5,
0x9B9,0x9F0,0xA8B,0xB4D,0xBF3,0xC8A,
0xCB5,0xC76,0xC23,0xBC8,0xB60,0xAF9,
0xABC,0xAC2,0xB17,0xB8C,0xBCC,0xBD8,
0xBCA,0xB87,0xB41,0xB35,0xB4D,0xB51,
0xB21,0xAAA,0xA40,0xA1D,0xA2D,0xAB2,
0xB4B,0xB73,0xB74,0xB75,0xB95,0xBD3,
0xBD1,0xB9D,0xB1A,0xA7A,0xA31,0x9F7,
0x9E9,0xA44,0xAC5,0xB4B,0xBBD,0xBF9,
0xC14,0xC0A,0xBE9,0xBB0,0xB79,0xB2E,
0xAD7,0xADC,0xAE7,0xADD,0xB07,0xB3C,
0xB86,0xBA2,0xB4E,0xAE6,0xA6C,0xA39,
0xA5A,0xA7F,0xAE1,0xB39,0xB1E,0xAC4,
0xA87,0xA76,0xA82,0xAA7,0xAC9,0xAE2,
0xB05,0xB12,0xB5B,0xBD3,0xBFC,0xBC5,
0xB6D,0xB1F,0xB06,0xB0D,0xADD,0xAC0,
0xAD0,0xAC9,0xAD5,0xAE3,0xACA,0xABE,
0xAA0,0xABA,0xB14,0xB4F,0xB76,0xB85,
0xB5C,0xB29,0xB2E,0xB4B,0xB73,0xB8C,
0xB65,0xB1C,0xAE9,0xAC1,0xABA,0xACC,
0xAE0,0xAF0,0xAF7,0xB10,0xB37,0xB6C,
0xB97,0xB97,0xB83,0xB85,0xB9C,0xBD9,
0xC0B,0xBFD,0xBC3,0xB8E,0xB5F,0xB59,
0xBA2,0xBDE,0xC00,0xC19,0xBF8,0xBA4,
0xB2F,0xAAB,0xA7B,0xA80,0xA73,0xA6E,
0xA80,0xA85,0xA5F,0xA46,0xA34,0xA46,
0xA9D,0xAF2,0xB2F,0xB36,0xB0A,0xAF2,
0xAC3,0xAA4,0xAC4,0xB00,0xB7D,0xC08,
0xC66,0xC82,0xC5A,0xC01,0xB88,0xB1A,
0xAC2,0xAAA,0xAF4,0xB18,0xB0F,0xB28,
0xB29,0xB2D,0xB49,0xB45,0xB10,0xACE,
0xA8B,0xA66,0xA79,0xAD3,0xB15,0xB29,
0xB5E,0xB5A,0xB07,0xAE1,0xACF,0xA9E,
0xAAD,0xAD7,0xAE7,0xAF2,0xAF1,0xADE,
0xAE2,0xACA,0xAB3,0xAD8,0xAF2,0xB16,
0xB2E,0xB04,0xADC,0xACF,0xAE4,0xB2A,
0xB53,0xB48,0xB0D,0xA96,0xA37,0xA3F,
0xA9B,0xB22,0xBA6,0xBC8,0xB96,0xB32,
0xABD,0xA77,0xA48,0x9FB,0x9CC,0x9F1,
0xA6E,0xB13,0xBAD,0xBE0,0xB9E,0xB70,
0xB5C,0xB6D,0xBCE,0xC10,0xBE7,0xBB8,
0xBA8,0xBD1,0xC00,0xBF2,0xBB4,0xB40,
0xAD3,0xA79,0xA1A,0x9E6,0x9FE,0xA2B,
0xA6D,0xAA1,0xAB7,0xAD0,0xAE7,0xAC3,
0xA72,0xA2B,0x9E6,0x9DF,0xA0E,0xA3E,
0xA8F,0xAFD,0xB41,0xB77,0xB7E,0xB34,
0xAF1,0xADF,0xAE6,0xAF1,0xB1F,0xB93,
0xBCE,0xB88,0xB2B,0xACC,0xAAF,0xADC,
0xAFF,0xB11,0xB06,0xAEB,0xACF,0xABD,
0xAF5,0xB3F,0xB72,0xB94,0xB72,0xB48,
0xAEC,0xA4F,0xA0C,0xA1D,0xA17,0xA3A,
0xAA2,0xAF8,0xB2C,0xB66,0xBCA,0xC34,
0xC4D,0xC22,0xBC9,0xB46,0xAEC,0xAAF,
0xAA9,0xAF6,0xB31,0xB4B,0xB67,0xB83,
0xB92,0xB8F,0xB5F,0xB08,0xAC2,0xA92,
0xA67,0xA74,0xA97,0xAAF,0xABE,0xADE,
0xB2A,0xB86,0xBE0,0xBFF,0xBBC,0xB58,
0xAE5,0xA6F,0xA6E,0xAC9,0xB1E,0xB67,
0xB7F,0xB57,0xB00,0xA67,0x9F1,0x9F7,
0xA2B,0xA5D,0xA9E,0xB00,0xB53,0xB42,
0xB05,0xADC,0xAD3,0xB0B,0xB36,0xB1E,
0xADF,0xA80,0xA49,0xA56,0xA92,0xAFB,
0xB59,0xBA9,0xBD7,0xBCA,0xBB8,0xBA4,
0xB96,0xB93,0xB76,0xB55,0xB59,0xB6E,
0xB5E,0xB5D,0xB81,0xB73,0xB6A,0xB76,
0xB67,0xB4D,0xB49,0xB5C,0xB6B,0xB95,
0xBF6,0xC44,0xC93,0xCC7,0xC98,0xC4A,
0xC07,0xBB0,0xB4E,0xB1E,0xB1A,0xB29,
0xB31,0xB17,0xB11,0xB3B,0xB68,0xB96,
0xBA3,0xB88,0xB54,0xAD4,0xA3C,0x9D2,
0x9A4,0x9EA,0xA84,0xB26,0xBBE,0xC08,
0xBF6,0xBDE,0xBE2,0xBE5,0xBFD,0xC09,
0xBBE,0xB48,0xAF3,0xAEA,0xAF5,0xAFC,
0xAFD,0xADA,0xADF,0xB1F,0xB6B,0xBBA,
0xBBC,0xB8D,0xB76,0xB56,0xB70,0xB9C,
0xB7A,0xB43,0xB18,0xAFC,0xB0C,0xB16,
0xB06,0xAC6,0xA6B,0xA3A,0xA28,0x9F9,
0x9F0,0xA40,0xA9C,0xAF3,0xB47,0xB9B,
0xBD9,0xC00,0xC03,0xBCA,0xB4C,0xAAB,
0xA43,0xA04,0x9F0,0xA55,0xAE4,0xB8B,
0xC1A,0xC0B,0xBCA,0xB79,0xB2F,0xAFB,
0xAB1,0xA92,0xA83,0xA32,0x9C8,0x969,
0x958,0x9AE,0xA5F,0xB33,0xB9E,0xB9B,
0xB60,0xB14,0xAE8,0xACB,0xA9D,0xA7C,
0xA38,0x9D6,0x995,0x986,0x9AE,0xA5C,
0xB2A,0xB88,0xBB9,0xBAA,0xB4A,0xAE2,
0xA80,0xA69,0xAA0,0xABB,0xADD,0xAE0,
0xAA1,0xA50,0x9FF,0x9DB,0x9E4,0x9DD,
0x9D7,0x9DD,0x9D6,0x9CE,0x9E0,0xA13,
0xA60,0xAE3,0xB7A,0xC00,0xC42,0xC25,
0xBE2,0xBA1,0xB65,0xB4A,0xB5B,0xB71,
0xB4B,0xAF0,0xAB8,0xA93,0xA91,0xB23,
0xC27,0xCFE,0xD6B,0xD40,0xC8B,0xB8C,
0xA6A,0x994,0x96D,0x9A7,0x9F6,0xA4A,
0xA98,0xAE2,0xB08,0xB28,0xB61,0xBBB,
0xBE6,0xB98,0xB0C,0xA73,0x9F0,0x9DA,
0xA12,0xA9C,0xB6D,0xC2C,0xCEC,0xD68,
0xD72,0xD3A,0xCCE,0xC3D,0xBA4,0xB04,
0xA77,0xA39,0xA4C,0xA63,0xA95,0xAD9,
0xB11,0xB5D,0xB80,0xB6F,0xB4D,0xB15,
0xAD3,0xABB,0xAE9,0xB4B,0xBA9,0xBFF,
0xC0F,0xBC5,0xB5B,0xB08,0xACB,0xAA9,
0xAFC,0xB66,0xB9F,0xBBB,0xBA1,0xB7D,
0xB5C,0xB34,0xB37,0xB13,0xAF8,0xAE7,
0xA87,0xA20,0x9CD,0x9BE,0xA23,0xABD,
0xB5F,0xBF6,0xC2C,0xC18,0xC30,0xC8C,
0xCC1,0xCCD,0xC81,0xBB0,0xAD6,0xA25,
0x9A9,0x997,0x9CC,0xA06,0xA52,0xADF,
0xB9E,0xC64,0xCFB,0xD07,0xCE0,0xC8C,
0xBE4,0xB69,0xB0D,0xA91,0xA38,0xA12,
0xA29,0xA6A,0xA96,0xAC7,0xABD,0xA69,
0xA37,0xA41,0xA50,0xAA5,0xB3E,0xBB1,
0xBE8,0xBD9,0xBA0,0xB8B,0xB9A,0xB90,
0xB55,0xAC6,0xA2A,0x9E7,0x9D9,0xA0C,
0xAB8,0xB7B,0xC38,0xC9C,0xC60,0xBFB,
0xB99,0xB68,0xB3A,0xAC0,0xA63,0xA43,
0xA0C,0x9E8,0x9CA,0x9E1,0xA5A,0xB02,
0xB97,0xBCC,0xBB8,0xB72,0xB14,0xAEF,
0xADC,0xAB0,0xA7D,0xA1F,0x9CE,0x9A5,
0x97E,0x99C,0xA2F,0xAD2,0xB64,0xBE3,
0xBFA,0xBBE,0xB59,0xAFE,0xB02,0xB1C,
0xAFC,0xAE1,0xABE,0xAA0,0xA72,0xA29,
0x9F9,0x9EE,0x9EB,0x9E2,0xA00,0xA29,
0xA30,0xA5C,0xAB9,0xB2C,0xBC8,0xC65,
0xCF1,0xD38,0xD13,0xCAD,0xC28,0xB7E,
0xAFC,0xAC8,0xAAC,0xA7D,0xA59,0xA67,
0xA5D,0xA66,0xAE2,0xB8C,0xBFA,0xC3F,
0xC2F,0xBB5,0xAF5,0xA3F,0x9EF,0x9F5,
0xA11,0xA40,0xA63,0xA93,0xAF0,0xB2C,
0xB56,0xB7C,0xBA5,0xB9D,0xB4C,0xAC6,
0xA2C,0x9C2,0x9B9,0x9EB,0xA63,0xAF5,
0xB9E,0xC76,0xCE6,0xCF9,0xD01,0xCBE,
0xC45,0xBD5,0xB44,0xABB,0xA5F,0xA1A,
0x9F3,0xA0F,0xA5F,0xAED,0xB91,0xBFB,
0xC36,0xC35,0xBFF,0xB9B,0xB11,0xAA3,
0xA57,0xA19,0xA15,0xA15,0xA2E,0xA7C,
0xAE1,0xB26,0xB6A,0xBEC,0xC35,0xC20,
0xBD4,0xB4E,0xAE0,0xA72,0xA3B,0xA75,
0xAA1,0xAF3,0xB34,0xB2E,0xB35,0xB44,
0xB9F,0xC29,0xC5F,0xC7F,0xC7C,0xC1A,
0xBCB,0xBB3,0xBBD,0xBDA,0xBE2,0xB97,
0xB13,0xA70,0x9E7,0x9C1,0x9F7,0xA4D,
0xA8D,0xAAE,0xB00,0xB82,0xC03,0xC71,
0xC92,0xCA9,0xCB3,0xC84,0xC7C,0xC4E,
0xB88,0xADF,0xA79,0xA47,0xA65,0xA68,
0xA48,0xA0E,0x9B6,0x9A5,0x9DA,0xA29,
0xAC9,0xB9B,0xC41,0xC73,0xC5A,0xC27,
0xBFE,0xBF2,0xBB2,0xB22,0xA74,0x9D7,
0x99A,0x9B4,0x9FB,0xA89,0xB16,0xB7D,
0xBBE,0xB8A,0xB0A,0xAD9,0xACC,0xA85,
0xA31,0xA1B,0xA2F,0xA24,0xA10,0xA13,
0xA4F,0xABA,0xB4A,0xBA7,0xBA0,0xB66,
0xAE8,0xA61,0xA1A,0x9C9,0x9A0,0x989,
0x93D,0x922,0x913,0x8F6,0x938,0x9C3,
0xA3F,0xAD5,0xB53,0xB62,0xB2A,0xAF9,
0xAFA,0xB3F,0xB63,0xB64,0xB65,0xB33,
0xAE7,0xA6C,0xA14,0xA2D,0xA5C,0xA75,
0xA65,0xA3E,0xA2C,0xA1E,0xA43,0xA8E,
0xB18,0xBD7,0xC84,0xD10,0xD36,0xCF6,
0xC77,0xBD8,0xB3E,0xAC8,0xA8F,0xA60,
0xA0C,0x9F8,0xA20,0xA53,0xAD4,0xBA0,
0xC54,0xCAB,0xC94,0xC2D,0xB86,0xACD,
0xA69,0xA50,0xA7C,0xAA7,0xAC0,0xB03,
0xB59,0xB9F,0xBD7,0xBE6,0xBE7,0xBF6,
0xBD8,0xB69,0xAC5,0xA3E,0xA08,0xA2A,
0xA6F,0xAEB,0xB92,0xC66,0xD32,0xD80,
0xD81,0xD64,0xCF9,0xC76,0xBD8,0xB1A,
0xA93,0xA5F,0xA6C,0xA9C,0xB0C,0xB84,
0xBE3,0xC34,0xC40,0xC09,0xBA6,0xB07,
0xA66,0x9FF,0x9EE,0xA20,0xA8D,0xB16,
0xB63,0xB9E,0xBD4,0xC0B,0xC1B,0xC18,
0xC3C,0xC10,0xBAF,0xB61,0xB03,0xACB,
0xA84,0xA5D,0xA88,0xAAB,0xAE0,0xAE8,
0xABE,0xAB1,0xAC4,0xB24,0xB94,0xBD0,
0xC1D,0xC37,0xC0D,0xBE6,0xBD7,0xBFF,
0xC47,0xC6D,0xC2E,0xB94,0xAFA,0xA8B,
0xA52,0xA69,0xA8B,0xA7F,0xA5E,0xA4E,
0xA71,0xACB,0xB27,0xB87,0xBE8,0xBF9,
0xBED,0xBF0,0xB92,0xAF3,0xA80,0xA27,
0xA0E,0xA15,0x9FF,0x9F0,0x9C7,0x9BC,
0xA09,0xA4C,0xAC1,0xB85,0xC20,0xC60,
0xC45,0xBF2,0xBA8,0xB92,0xB69,0xB05,
0xA91,0xA02,0x9B2,0x9DD,0xA1E,0xA89,
0xB04,0xB46,0xB93,0xBB8,0xB68,0xAF0,
0xAA2,0xA73,0xA3E,0xA12,0xA2C,0xA52,
0xA41,0xA0F,0x9EC,0x9FE,0xA43,0xAB0,
0xB06,0xB07,0xAFE,0xAF6,0xAF0,0xB12,
0xB1C,0xB10,0xAE1,0xA7F,0xA26,0x9BE,
0x958,0x968,0x9CB,0xA3D,0xAE4,0xB9A,
0xBDF,0xBA9,0xB4D,0xB11,0xB02,0xAF6,
0xAFE,0xAF1,0xAB5,0xA66,0x9F3,0x9C3,
0x9E7,0xA28,0xA75,0xA7C,0xA6C,0xA4A,
0xA1A,0xA4F,0xAB5,0xB48,0xBD4,0xC23,
0xC59,0xC45,0xC19,0xBEA,0xBA4,0xB7F,
0xB6A,0xB55,0xB13,0xA8D,0xA48,0xA48,
0xA4B,0xA9C,0xB4A,0xBD1,0xC07,0xC01,
0xBA8,0xB15,0xA6B,0x9E7,0x9B9,0x9A8,
0x982,0x97D,0x9B3,0xA0F,0xA91,0xB11,
0xB4F,0xB83,0xB9C,0xB5F,0xAF5,0xA67,
0xA0B,0xA02,0xA31,0xACE,0xBA6,0xC8B,
0xD87,0xE1C,0xE1C,0xDD2,0xD41,0xC5E,
0xB74,0xA99,0x9F2,0x9A6,0x99B,0x9FF,
0xAAE,0xB67,0xC05,0xC63,0xC7E,0xC5C,
0xC07,0xB77,0xAB7,0xA11,0x9BC,0x9DB,
0xA3D,0xAE4,0xBDA,0xC77,0xCA1,0xCA5,
0xC8D,0xC5A,0xC44,0xC27,0xBC4,0xB53,
0xAE7,0xABD,0xAEB,0xB1C,0xB75,0xBB7,
0xBCF,0xC02,0xBE9,0xBB5,0xB93,0xB58,
0xB3F,0xB3B,0xB45,0xB72,0xB80,0xB86,
0xBC4,0xC25,0xC7B,0xCB4,0xC9F,0xC02,
0xB1C,0xA3B,0x9B7,0x99E,0x9C7,0xA03,
0xA3C,0xA8C,0xAF4,0xB5F,0xBCA,0xC17,
0xC57,0xC63,0xC0C,0xBB5,0xB86,0xB15,
0xA8C,0xA59,0xA68,0xAC5,0xB14,0xB0A,
0xAC3,0xA40,0x9C6,0x9CD,0xA17,0xAB6,
0xB8F,0xC13,0xC48,0xC56,0xC2B,0xBF7,
0xBDA,0xB83,0xB14,0xA7C,0x9D4,0x98A,
0x99C,0x9DD,0xA68,0xAD4,0xB13,0xB6B,
0xB8C,0xB72,0xB4C,0xB2E,0xAF9,0xA9D,
0xA50,0xA34,0xA23,0xA05,0x9DF,0x9EF,
0xA41,0xAAE,0xB1F,0xB5E,0xB7E,0xB98,
0xB85,0xB64,0xB44,0xAFE,0xAAD,0xA47,
0x9F1,0x9D0,0x9AC,0x99F,0x9F1,0xA38,
0xA73,0xAEE,0xB6C,0xB86,0xB36,0xAEB,
0xAD3,0xABD,0xA9F,0xAA2,0xA92,0xA6A,
0xA26,0x9EB,0x9FD,0xA37,0xA62,0xA67,
0xA4F,0xA1C,0x9DF,0x9CC,0xA0D,0xA86,
0xB25,0xB98,0xBE8,0xC0D,0xBF7,0xBE7,
0xBC4,0xB8A,0xB44,0xB01,0xAC5,0xA62,
0xA13,0xA28,0xA46,0xA83,0xB0D,0xBA5,
0xBDD,0xBA7,0xB34,0xAA7,0xA2F,0x9EE,
0xA01,0xA63,0xAB8,0xADE,0xAFE,0xB0D,
0xB17,0xB25,0xB36,0xB28,0xB1D,0xB12,
0xAEA,0xAC1,0xA92,0xA63,0xA80,0xAEC,
0xB74,0xBE7,0xC50,0xCC0,0xCDE,0xCB3,
0xC65,0xC07,0xBA8,0xB55,0xAEB,0xAB5,
0xAA9,0xAC3,0xB0B,0xB61,0xBC7,0xC08,
0xC1F,0xC0A,0xBCE,0xB82,0xB3D,0xAC6,
0xA57,0xA13,0xA2A,0xA8A,0xB20,0xBCE,
0xC30,0xC4D,0xC46,0xC28,0xBED,0xBCA,
0xB99,0xB52,0xB18,0xAFD,0xB08,0xB56,
0xBBB,0xC0D,0xC22,0xC09,0xBE5,0xBB2,
0xB64,0xB20,0xB25,0xB48,0xB7C,0xBAF,
0xBC3,0xBA5,0xB8E,0xB90,0xBA1,0xBAC,
0xBB7,0xB88,0xB0F,0xA73,0x9F1,0x9CF,
0x9F2,0xA5E,0xAB5,0xAE7,0xB2F,0xB76,
0xBB2,0xBE3,0xBF0,0xC0C,0xC1D,0xC0A,
0xBEE,0xBAA,0xB15,0xA8D,0xA59,0xA4D,
0xA89,0xAC6,0xACD,0xAAB,0xA60,0xA41,
0xA65,0xA76,0xAC3,0xB3C,0xB93,0xBD2,
0xBFB,0xC0A,0xC20,0xC20,0xBD7,0xB79,
0xADC,0xA1D,0x9AC,0x996,0x9D0,0xA4D,
0xAB7,0xB2A,0xB8F,0xB9D,0xB7B,0xB54,
0xB2B,0xAE6,0xA84,0xA42,0xA3F,0xA44,
0xA3C,0xA3C,0xA63,0xAAE,0xB18,0xB60,
0xB65,0xB52,0xB2A,0xAE4,0xAC0,0xAA8,
0xA87,0xA78,0xA3B,0xA0B,0x9FB,0x9D4,
0x9D4,0xA33,0xA85,0xAEA,0xB88,0xBF1,
0xBDF,0xB86,0xB33,0xB0D,0xAE0,0xA9A,
0xA75,0xA56,0xA4D,0xA3D,0xA35,0xA4B,
0xA67,0xA63,0xA3B,0xA02,0x9CE,0x9B3,
0x9F4,0xA6A,0xAEF,0xB74,0xBA8,0xBB4,
0xB87,0xB49,0xB28,0xB12,0xAF7,0xAF1,
0xAF0,0xAD0,0xA8B,0xA80,0xAA0,0xAAB,
0xAC6,0xB0A,0xB70,0xB84,0xB59,0xB08,
0xABB,0xA8F,0xA79,0xA85,0xAA8,0xA9D,
0xA86,0xA86,0xA94,0xAC3,0xB0E,0xB68,
0xB92,0xBB9,0xBCC,0xBB1,0xB81,0xB32,
0xAE3,0xAD5,0xAEE,0xB32,0xB73,0xBB2,
0xC11,0xC3D,0xC2F,0xBFC,0xBAD,0xB5C,
0xB08,0xAA3,0xA77,0xA82,0xAC4,0xB19,
0xB73,0xBB9,0xBE4,0xBF8,0xBE7,0xBC7,
0xBA6,0xB6D,0xB16,0xAEF,0xAF5,0xB28,
0xB74,0xBDD,0xC1C,0xC0F,0xBCE,0xB97,
0xB68,0xB4E,0xB4A,0xB3C,0xB24,0xB0D,
0xB0C,0xB31,0xB82,0xBCF,0xC16,0xC0F,
0xBE4,0xBB3,0xB69,0xB17,0xAF0,0xB02,
0xB3C,0xB77,0xB9B,0xBAF,0xB95,0xB85,
0xB83,0xB8E,0xBA7,0xBCB,0xBB6,0xB73,
0xB16,0xABC,0xA9F,0xAB5,0xAD5,0xADF,
0xAEE,0xB05,0xB2B,0xB5E,0xB7F,0xB80,
0xB9B,0xB99,0xB84,0xB80,0xB54,0xAE4,
0xAA3,0xAA5,0xADA,0xB13,0xB14,0xAE3,
0xA82,0xA23,0xA08,0xA29,0xA6B,0xAFF,
0xB96,0xC07,0xC42,0xC54,0xC3E,0xC1D,
0xBCE,0xB45,0xAC0,0xA2D,0x9C1,0x9B9,
0x9F0,0xA4D,0xACE,0xB1D,0xB62,0xB90,
0xB73,0xB21,0xAD3,0xA95,0xA4B,0xA16,
0xA2C,0xA60,0xA7E,0xA84,0xA6F,0xA89,
0xACD,0xB29,0xB63,0xB5F,0xB44,0xB15,
0xADC,0xABF,0xA88,0xA65,0xA53,0xA26,
0xA2A,0xA45,0xA4B,0xA75,0xAD2,0xB0F,
0xB54,0xBA1,0xB9A,0xB3A,0xAC6,0xA84,
0xA8F,0xA9C,0xA99,0xAA6,0xAA4,0xA8E,
0xA69,0xA5E,0xA5E,0xA69,0xA61,0xA43,
0xA26,0xA0B,0xA0E,0xA56,0xAAF,0xB16,
0xB6A,0xB89,0xB96,0xB78,0xB48,0xB3A,
0xB37,0xB2D,0xB37,0xB44,0xB38,0xB05,
0xB02,0xB17,0xB06,0xB0B,0xB50,0xB99,
0xB99,0xB6B,0xB16,0xAC0,0xA83,0xA61,
0xA61,0xA71,0xA66,0xA70,0xA97,0xAD2,
0xB22,0xB6F,0xB9E,0xB9E,0xB8F,0xB64,
0xB2F,0xAFE,0xAC0,0xA97,0xA9B,0xABC,
0xAF8,0xB3D,0xB99,0xBFF,0xC35,0xC46,
0xC31,0xBFD,0xBBD,0xB56,0xAE8,0xAB4,
0xAA4,0xAB8,0xAD8,0xAFC,0xB1F,0xB47,
0xB63,0xB82,0xB98,0xB87,0xB56,0xB1E,
0xAFE,0xB13,0xB43,0xB7D,0xBCD,0xBE1,
0xBAA,0xB62,0xB3B,0xB29,0xB3B,0xB53,
0xB3E,0xB0F,0xADB,0xAB9,0xACD,0xB03,
0xB53,0xB90,0xB90,0xBAB,0xBC2,0xBC6,
0xBB9,0xBA0,0xB8C,0xB6F,0xB4F,0xB40,
0xB1A,0xAF3,0xAEC,0xAF1,0xB19,0xB56,
0xB87,0xB7A,0xB35,0xAD7,0xA8F,0xA84,
0xAA6,0xAB4,0xAB3,0xAC5,0xAE3,0xB11,
0xB4C,0xB70,0xB78,0xB83,0xB79,0xB6F,
0xB78,0xB4C,0xAF0,0xAC1,0xABD,0xAE9,
0xB0D,0xAFB,0xAB7,0xA61,0xA26,0xA30,
0xA7A,0xAEE,0xB7D,0xBF2,0xC2A,0xC1B,
0xC02,0xBEC,0xBD4,0xB8A,0xB21,0xAB6,
0xA5D,0xA2D,0xA34,0xA5E,0xAA8,0xAF3,
0xB1B,0xB51,0xB74,0xB6F,0xB4D,0xB29,
0xAF4,0xAAE,0xA88,0xA9E,0xAC4,0xAD5,
0xADC,0xAF3,0xB1C,0xB5C,0xBA6,0xBB8,
0xB9F,0xB6D,0xB28,0xAED,0xABF,0xA8C,
0xA77,0xA66,0xA54,0xA78,0xAA8,0xABF,
0xAFF,0xB4B,0xB74,0xBA4,0xBBC,0xB88,
0xB1B,0xAAD,0xA6A,0xA5A,0xA5B,0xA6B,
0xA7C,0xA84,0xA7A,0xA69,0xA76,0xA97,
0xABA,0xAC1,0xAA9,0xA7E,0xA56,0xA5F,
0xAA1,0xAF7,0xB49,0xB74,0xB8E,0xB96,
0xB6C,0xB4A,0xB39,0xB2B,0xB20,0xB12,
0xB00,0xAD9,0xAB1,0xABF,0xAD7,0xAD9,
0xAFC,0xB3E,0xB60,0xB41,0xB0D,0xACE,
0xA8E,0xA6C,0xA5E,0xA67,0xA71,0xA64,
0xA6B,0xA8C,0xAC5,0xB1F,0xB71,0xB9F,
0xBB1,0xBB8,0xBA6,0xB6C,0xB25,0xAE1,
0xAB9,0xAAE,0xAC5,0xAEF,0xB2E,0xB8A,
0xBD5,0xBFA,0xC0C,0xBFF,0xBCF,0xB87,
0xB1D,0xAC0,0xA94,0xA97,0xAA5,0xAC9,
0xB00,0xB3B,0xB78,0xB9A,0xBB0,0xBBA,
0xBA6,0xB77,0xB45,0xB22,0xB26,0xB42,
0xB7B,0xBB1,0xBA7,0xB76,0xB50,0xB3D,
0xB3D,0xB4F,0xB5D,0xB50,0xB34,0xB23,
0xB24,0xB40,0xB74,0xBAD,0xBB9,0xBA2,
0xB96,0xB8D,0xB7A,0xB5E,0xB48,0xB3B,
0xB2A,0xB1E,0xB13,0xAFC,0xAE5,0xADC,
0xAF0,0xB1C,0xB55,0xB78,0xB62,0xB30,
0xB03,0xAF6,0xB08,0xB1C,0xB11,0xAE7,
0xAD1,0xAE7,0xB0F,0xB3C,0xB5F,0xB6B,
0xB71,0xB6E,0xB71,0xB6E,0xB33,0xAE9,
0xAC5,0xABF,0xAD6,0xADC,0xACB,0xAAF,
0xA84,0xA67,0xA73,0xAA1,0xAEE,0xB48,
0xB8D,0xBA4,0xB9C,0xB87,0xB77,0xB6C,
0xB37,0xAF1,0xAB2,0xA72,0xA53,0xA5D,
0xA83,0xAC7,0xB00,0xB25,0xB4C,0xB5D,
0xB49,0xB2A,0xB0E,0xAE5,0xAAB,0xA85,
0xA88,0xA95,0xA9D,0xAA6,0xAC1,0xAEA,
0xB1F,0xB51,0xB5A,0xB3E,0xB13,0xADC,
0xABA,0xAAC,0xA9C,0xA90,0xA7E,0xA74,
0xA8F,0xAA6,0xAAE,0xACA,0xAE4,0xB08,
0xB4E,0xB77,0xB63,0xB2C,0xAF6,0xAD7,
0xACC,0xAC7,0xAC9,0xACD,0xACC,0xAB9,
0xAA3,0xAA3,0xAB6,0xACC,0xAD2,0xABC,
0xA9B,0xA84,0xA97,0xAC9,0xB01,0xB2F,
0xB45,0xB55,0xB57,0xB3B,0xB2A,0xB2E,
0xB30,0xB2C,0xB2C,0xB27,0xB14,0xB09,
0xB16,0xB20,0xB23,0xB3A,0xB5C,0xB65,
0xB49,0xB22,0xAEC,0xAC0,0xAA6,0xA99,
0xAA2,0xAB5,0xAB1,0xAB4,0xAC7,0xAF0,
0xB35,0xB64,0xB74,0xB7B,0xB73,0xB50,
0xB22,0xAEC,0xABB,0xA9B,0xA9F,0xAC0,
0xAF0,0xB37,0xB89,0xBC2,0xBE1,0xBE5,
0xBC8,0xB9A,0xB58,0xB03,0xAC3,0xAAE,
0xAB5,0xAD4,0xAFD,0xB25,0xB59,0xB84,
0xB95,0xB9B,0xB8C,0xB67,0xB3E,0xB11,
0xAF7,0xAF9,0xB08,0xB2D,0xB4C,0xB3B,
0xB1B,0xB14,0xB1E,0xB2E,0xB3F,0xB38,
0xB19,0xAFF,0xAE9,0xAE3,0xAFE,0xB2E,
0xB5F,0xB73,0xB75,0xB79,0xB74,0xB6A,
0xB5D,0xB50,0xB4A,0xB41,0xB34,0xB29,
0xB19,0xB0C,0xB12,0xB22,0xB39,0xB5C,
0xB64,0xB44,0xB14,0xAE2,0xACB,0xAE1,
0xAF6,0xAEB,0xAD4,0xAD0,0xAE9,0xB16,
0xB41,0xB5C,0xB6B,0xB70,0xB63,0xB64,
0xB53,0xB13,0xAE2,0xAD5,0xAE1,0xAFD,
0xB06,0xB02,0xAF3,0xAD2,0xAC0,0xAC6,
0xAE7,0xB22,0xB65,0xB91,0xB9E,0xB9D,
0xB94,0xB91,0xB80,0xB42,0xAFB,0xABA,
0xA83,0xA74,0xA7F,0xA9F,0xAD2,0xAF9,
0xB17,0xB32,0xB37,0xB2B,0xB19,0xB00,
0xAE0,0xAC2,0xAC5,0xADB,0xAE8,0xAF0,
0xAF6,0xB02,0xB18,0xB39,0xB4C,0xB47,
0xB35,0xB1C,0xAFF,0xAEF,0xAE5,0xADC,
0xACF,0xABD,0xAB9,0xAC2,0xAC3,0xACC,
0xAE8,0xAFE,0xB1C,0xB52,0xB69,0xB4A,
0xB12,0xAE5,0xACE,0xAC9,0xACF,0xADA,
0xAE8,0xAE8,0xAD7,0xACB,0xACE,0xADA,
0xAEA,0xAF2,0xAE7,0xACA,0xAB1,0xAC3,
0xAED,0xB1B,0xB3D,0xB4C,0xB5A,0xB59,
0xB3F,0xB33,0xB2C,0xB1F,0xB18,0xB15,
0xB11,0xB06,0xB02,0xB0A,0xB09,0xB01,
0xB0D,0xB25,0xB2B,0xB1C,0xAFC,0xAD2,
0xAB1,0xAA1,0xA9A,0xAA6,0xAB1,0xABF,
0xAD9,0xAF7,0xB24,0xB5C,0xB77,0xB7B,
0xB72,0xB56,0xB2C,0xB01,0xADD,0xAC7,
0xAC5,0xAD4,0xAF6,0xB21,0xB58,0xB87,
0xB9F,0xBA3,0xB94,0xB71,0xB44,0xB13,
0xAE0,0xABE,0xAB7,0xAC5,0xADE,0xB01,
0xB29,0xB50,0xB64,0xB67,0xB62,0xB53,
0xB39,0xB18,0xAF5,0xAEA,0xAF9,0xB11,
0xB37,0xB4F,0xB45,0xB35,0xB31,0xB33,
0xB43,0xB55,0xB4B,0xB2C,0xB0D,0xAF7,
0xAF7,0xB0F,0xB2F,0xB45,0xB43,0xB3D,
0xB3A,0xB38,0xB35,0xB35,0xB3A,0xB3A,
0xB36,0xB37,0xB2D,0xB1C,0xB15,0xB18,
0xB23,0xB39,0xB4B,0xB47,0xB2E,0xB0C,
0xAEF,0xAE7,0xAFC,0xB0A,0xB00,0xAF6,
0xAF7,0xB08,0xB2A,0xB40,0xB44,0xB40,
0xB36,0xB26,0xB29,0xB1F,0xAFF,0xAF3,
0xAF1,0xAFF,0xB0F,0xB0A,0xB02,0xAEB,
0xACF,0xAC7,0xACD,0xAE7,0xB1B,0xB4A,
0xB60,0xB64,0xB62,0xB5C,0xB5C,0xB50,
0xB2B,0xB04,0xADD,0xAC0,0xABA,0xAC4,
0xADE,0xAFE,0xB10,0xB1D,0xB26,0xB20,
0xB13,0xB07,0xAF9,0xAE6,0xAD8,0xAE1,
0xAF0,0xAF9,0xAFC,0xAFB,0xB03,0xB16,
0xB28,0xB2F,0xB2F,0xB24,0xB0F,0xAF8,
0xAED,0xAE2,0xAD9,0xACE,0xAC6,0xAC9,
0xAD2,0xAD9,0xAE8,0xB00,0xB0F,0xB27,
0xB45,0xB47,0xB24,0xAF8,0xADA,0xACB,
0xAC6,0xAC9,0xAD4,0xAE4,0xAEC,0xAED,
0xAEB,0xAEE,0xAF6,0xAFC,0xAF7,0xAEA,
0xAD5,0xACA,0xADC,0xAF5,0xB0C,0xB20,
0xB29,0xB30,0xB2E,0xB28,0xB28,0xB23,
0xB18,0xB13,0xB0F,0xB05,0xAFB,0xAF9,
0xB01,0xB05,0xB0C,0xB22,0xB35,0xB37,
0xB2B,0xB10,0xAF1,0xADE,0xAD6,0xADA,
0xAE8,0xAED,0xAF7,0xB0B,0xB1C,0xB39,
0xB54,0xB5A,0xB55,0xB4E,0xB3A,0xB1D,
0xB01,0xAE9,0xAD9,0xAD7,0xAE5,0xAFD,
0xB1A,0xB3E,0xB5E,0xB6C,0xB6E,0xB64,
0xB4F,0xB35,0xB19,0xAFA,0xAE7,0xAE5,
0xAEE,0xAFE,0xB12,0xB24,0xB39,0xB48,
0xB4B,0xB47,0xB3C,0xB2D,0xB19,0xB04,
0xB03,0xB0F,0xB1F,0xB37,0xB43,0xB3F,
0xB38,0xB39,0xB39,0xB39,0xB35,0xB26,
0xB0F,0xAFD,0xAF8,0xAFF,0xB0C,0xB1F,
0xB2A,0xB2A,0xB2E,0xB35,0xB38,0xB35,
0xB31,0xB30,0xB30,0xB2D,0xB2C,0xB25,
0xB1E,0xB1D,0xB1F,0xB26,0xB2E,0xB32,
0xB28,0xB17,0xB05,0xAF7,0xAFC,0xB0B,
0xB11,0xB0F,0xB0B,0xB08,0xB10,0xB1B,
0xB21,0xB1B,0xB16,0xB10,0xB0C,0xB0F,
0xB0B,0xAFF,0xB01,0xB08,0xB1A,0xB27,
0xB25,0xB1D,0xB0B,0xAF8,0xAF0,0xAF0,
0xAFA,0xB0F,0xB21,0xB2D,0xB33,0xB36,
0xB3A,0xB41,0xB3C,0xB2B,0xB15,0xAFE,
0xAEB,0xAE7,0xAED,0xAFB,0xB05,0xB04,
0xB08,0xB0E,0xB0D,0xB0C,0xB0C,0xB08,
0xAFA,0xAEF,0xAEE,0xAF1,0xAF2,0xAF1,
0xAF4,0xAFC,0xB0A,0xB19,0xB20,0xB21,
0xB19,0xB0A,0xB01,0xAFF,0xAF9,0xAF5,
0xAEE,0xAE8,0xAE9,0xAEE,0xAF3,0xB00,
0xB0D,0xB15,0xB24,0xB2F,0xB2D,0xB1B,
0xB08,0xAF6,0xAEE,0xAE9,0xAEB,0xAF0,
0xAF3,0xAF5,0xAF3,0xAF3,0xAF9,0xB01,
0xB04,0xB02,0xAFC,0xAF4,0xAF3,0xAFE,
0xB0F,0xB1C,0xB24,0xB27,0xB26,0xB1F,
0xB1A,0xB1A,0xB18,0xB14,0xB15,0xB16,
0xB13,0xB10,0xB10,0xB11,0xB10,0xB12,
0xB1B,0xB21,0xB1F,0xB17,0xB09,0xAFE,
0xAF6,0xAF4,0xAF7,0xAFC,0xAFE,0xAFF,
0xB04,0xB0B,0xB16,0xB21,0xB23,0xB26,
0xB26,0xB1F,0xB17,0xB0E,0xB05,0xB00,
0xB03,0xB09,0xB12,0xB1E,0xB2C,0xB36,
0xB38,0xB35,0xB2F,0xB25,0xB1A,0xB0E,
0xB01,0xAFA,0xAFB,0xB01,0xB0B,0xB15,
0xB1F,0xB25,0xB29,0xB27,0xB23,0xB1A,
0xB11,0xB08,0xB02,0xB03,0xB09,0xB13,
0xB1C,0xB22,0xB21,0xB22,0xB24,0xB24,
0xB25,0xB23,0xB19,0xB0E,0xB05,0xB02,
0xB03,0xB0A,0xB13,0xB17,0xB17,0xB1B,
0xB1F,0xB20,0xB21,0xB22,0xB23,0xB21,
0xB1F,0xB1D,0xB18,0xB13,0xB11,0xB10,
0xB11,0xB16,0xB18,0xB17,0xB11,0xB0C,
0xB09,0xB0D,0xB12,0xB13,0xB12,0xB11,
0xB12,0xB17,0xB1B,0xB1D,0xB1D,0xB1B,
0xB19,0xB16,0xB16,0xB11,0xB0E,0xB0E,
0xB10,0xB13,0xB15,0xB14,0xB12,0xB0E,
0xB0C,0xB0C,0xB0E,0xB10,0xB14,0xB17,
0xB18,0xB19,0xB1A,0xB1C,0xB1C,0xB1A,
0xB15,0xB0F,0xB0A,0xB07,0xB08,0xB0A,
0xB0E,0xB11,0xB11,0xB12,0xB13,0xB13,
0xB13,0xB13,0xB12,0xB0F,0xB0D,0xB0D,
0xB0E,0xB0D,0xB0D,0xB0D,0xB0F,0xB11,
0xB14,0xB14,0xB14,0xB13,0xB11,0xB10,
0xB0F,0xB0E,0xB0E,0xB0C,0xB0D,0xB0D,
0xB0E,0xB0E,0xB10,0xB11,0xB12,0xB13,
0xB14,0xB14,0xB12,0xB11,0xB10,0xB0F,
0xB0F,0xB0F,0xB10,0xB10,0xB10,0xB10,
0xB10,0xB10,0xB10,0xB11,0xB10,0xB10,
0xB10,0xB11,0xB11,0xB11,0xB12,0xB12,
0xB12,

0xB0C,0xB07,0xB02,0xAFD,0xAF8,
0xAF3,0xAEE,0xAE9,0xAE4,0xADF,0xADA,
0xAD5,0xAD0,0xACB,0xAC6,0xAC1,0xABC,
0xAB7,0xAB2,0xAAD,0xAA8,0xAA3,0xA9E,
0xA99,0xA94,0xA8F,0xA8A,0xA85,0xA80,
0xA7B,0xA76,0xA71,0xA6C,0xA67,0xA62,
0xA5D,0xA58,0xA53,0xA4E,0xA49,0xA44,
0xA3F,0xA3A,0xA35,0xA30,0xA2B,0xA26,
0xA21,0xA1C,0xA17,0xA12,0xA0D,0xA08,
0xA03,0x9FE,0x9F9,0x9F4,0x9EF,0x9EA,
0x9E5,0x9E0,0x9DB,0x9D6,0x9D1,0x9CC,
0x9C7,0x9C2,0x9BD,0x9B8,0x9B3,0x9AE,
0x9A9,0x9A4,0x99F,0x99A,0x995,0x990,
0x98B,0x986,0x981,0x97C,0x977,0x972,
0x96D,0x968,0x963,0x95E,0x959,0x954,
0x94F,0x94A,0x945,0x940,0x93B,0x936,
0x931,0x92C,0x927,0x922,0x91D,0x918,
0x913,0x90E,0x909,0x904,0x8FF,0x8FA,
0x8F5,0x8F0,0x8EB,0x8E6,0x8E1,0x8DC,
0x8D7,0x8D2,0x8CD,0x8C8,0x8C3,0x8BE,
0x8B9,0x8B4,0x8AF,0x8AA,0x8A5,0x8A0,
0x89B,0x896,0x891,0x88C,0x887,0x882,
0x87D,0x878,0x873,0x86E,0x869,0x864,
0x85F,0x85A,0x855,0x850,0x84A,0x845,
0x840,0x83B,0x836,0x831,0x82C,0x827,
0x822,0x81D,0x818,0x813,0x80E,0x809,
0x804,0x7FF,0x7FA,0x7F5,0x7F0,0x7EB,
0x7E6,0x7E1,0x7DC,0x7D7,0x7D2,0x7CD,
0x7C8,0x7C3,0x7BE,0x7B9,0x7B4,0x7AF,
0x7AA,0x7A5,0x7A0,0x79B,0x796,0x791,
0x78C,0x787,0x782,0x77D,0x778,0x773,
0x76E,0x769,0x764,0x75F,0x75A,0x755,
0x750,0x74B,0x746,0x741,0x73C,0x737,
0x732,0x72D,0x728,0x723,0x71E,0x719,
0x714,0x70F,0x70A,0x705,0x700,0x6FB,
0x6F6,0x6F1,0x6EC,0x6E7,0x6E2,0x6DD,
0x6D8,0x6D3,0x6CE,0x6C9,0x6C4,0x6BF,
0x6BA,0x6B5,0x6B0,0x6AB,0x6A6,0x6A1,
0x69C,0x697,0x692,0x68D,0x688,0x683,
0x67E,0x679,0x674,0x66F,0x66A,0x665,
0x660,0x65B,0x656,0x651,0x64C,0x647,
0x642,0x63D,0x638,0x633,0x62E,0x629,
0x624,0x61F,0x61A,0x615,0x610,0x60B,
0x606,0x601,0x5FC,0x5F7,0x5F2,0x5ED,
0x5E8,0x5E3,0x5DE,0x5D9,0x5D4,0x5CF,
0x5CA,0x5C5,0x5C0,0x5BB,0x5B6,0x5B1,
0x5AC,0x5A7,0x5A2,0x59D,0x598,0x593,
0x58E,0x588,0x583,0x57E,0x579,0x574,
0x56F,0x56A,0x565,0x560,0x55B,0x556,
0x551,0x54C,0x547,0x542,0x53D,0x538,
0x533,0x52E,0x529,0x524,0x51F,0x51A,
0x515,0x510,0x50B,0x506,0x501,0x4FC,
0x4F7,0x4F2,0x4ED,0x4E8,0x4E3,0x4DE,
0x4D9,0x4D4,0x4CF,0x4CA,0x4C5,0x4C0,
0x4BB,0x4B6,0x4B1,0x4AC,0x4A7,0x4A2,
0x49D,0x498,0x493,0x48E,0x489,0x484,
0x47F,0x47A,0x475,0x470,0x46B,0x466,
0x461,0x45C,0x457,0x452,0x44D,0x448,
0x443,0x43E,0x439,0x434,0x42F,0x42A,
0x425,0x420,0x41B,0x416,0x411,0x40C,
0x407,0x402,0x3FD,0x3F8,0x3F3,0x3EE,
0x3E9,0x3E4,0x3DF,0x3DA,0x3D5,0x3D0,
0x3CB,0x3C6,0x3C1,0x3BC,0x3B7,0x3B2,
0x3AD,0x3A8,0x3A3,0x39E,0x399,0x394,
0x38F,0x38A,0x385,0x380,0x37B,0x376,
0x371,0x36C,0x367,0x362,0x35D,0x358,
0x353,0x34E,0x349,0x344,0x33F,0x33A,
0x335,0x330,0x32B,0x326,0x321,0x31C,
0x317,0x312,0x30D,0x308,0x303,0x2FE,
0x2F9,0x2F4,0x2EF,0x2EA,0x2E5,0x2E0,
0x2DB,0x2D6,0x2D1,0x2CC,0x2C6,0x2C1,
0x2BC,0x2B7,0x2B2,0x2AD,0x2A8,0x2A3,
0x29E,0x299,0x294,0x28F,0x28A,0x285,
0x280,0x27B,0x276,0x271,0x26C,0x267,
0x262,0x25D,0x258,0x253,0x24E,0x249,
0x244,0x23F,0x23A,0x235,0x230,0x22B,
0x226,0x221,0x21C,0x217,0x212,0x20D,
0x208,0x203,0x1FE,0x1F9,0x1F4,0x1EF,
0x1EA,0x1E5,0x1E0,0x1DB,0x1D6,0x1D1,
0x1CC,0x1C7,0x1C2,0x1BD,0x1B8,0x1B3,
0x1AE,0x1A9,0x1A4,0x19F,0x19A,0x195,
0x190,0x18B,0x186,0x181,0x17C,0x177,
0x172,0x16D,0x168,0x163,0x15E,0x159,
0x154,0x14F,0x14A,0x145,0x140,0x13B,
0x136,0x131,0x12C,0x127,0x122,0x11D,
0x118,0x113,0x10E,0x109,0x104,0xFF,
0xFA,0xF5,0xF0,0xEB,0xE6,0xE1,
0xDC,0xD7,0xD2,0xCD,0xC8,0xC3,
0xBE,0xB9,0xB4,0xAF,0xAA,0xA5,
0xA0,0x9B,0x96,0x91,0x8C,0x87,
0x82,0x7D,0x78,0x73,0x6E,0x69,
0x64,0x5F,0x5A,0x55,0x50,0x4B,
0x46,0x41,0x3C,0x37,0x32,0x2D,
0x28,0x23,0x1E,0x19,0x14,0xF,
0xA,0x5,0x0,

0x00
};
#endif